estimador,fecha,NVDA,AMZN,TSLA,META,NFLX,GOOGL
muestral,2016-01-04,0.1980565896,0.1691160178,0.1478868041,0.1889312021,0.1211476136,0.1748617728
muestral,2016-01-11,0.193753428,0.1688965401,0.1519818031,0.1874638585,0.1219120041,0.1759923662
muestral,2016-01-19,0.1817769339,0.1598606555,0.1509747866,0.1814097535,0.1246833515,0.201294519
muestral,2016-01-26,0.1812039779,0.1610654715,0.1516594604,0.1814028084,0.1264320356,0.1982362462
muestral,2016-02-02,0.1928449537,0.1556703814,0.156720924,0.1619409089,0.1285740721,0.2042487599
muestral,2016-02-09,0.1947239684,0.1539166047,0.153023957,0.1605537926,0.1317243718,0.2060573055
muestral,2016-02-17,0.1931803233,0.1548266438,0.1487547336,0.1623058677,0.1311800488,0.2097523827
muestral,2016-02-24,0.1913615785,0.1520441815,0.1449307523,0.1634889187,0.1348644539,0.213310115
muestral,2016-03-02,0.1939702813,0.1504819755,0.1435596522,0.1588434887,0.1361493407,0.2169952617
muestral,2016-03-09,0.1991391249,0.1500520954,0.1445226084,0.1556524686,0.1334528116,0.2171808911
muestral,2016-03-16,0.198224162,0.1505178305,0.1430105095,0.1554836203,0.1347469715,0.2180169062
muestral,2016-03-23,0.1982247426,0.150675417,0.1418068377,0.1554127996,0.1348969489,0.2189832542
muestral,2016-03-31,0.1955832109,0.1506282857,0.1422418113,0.1563329502,0.1347536187,0.2204601232
muestral,2016-04-07,0.1979926245,0.1498373278,0.1378470386,0.1558942977,0.1363027437,0.2221259677
muestral,2016-04-14,0.1982229624,0.1498534943,0.1378596208,0.1560246606,0.1357538291,0.2222854328
muestral,2016-04-21,0.1961381705,0.1507101386,0.1407565191,0.1598826618,0.1270879122,0.2254245978
muestral,2016-04-28,0.1946926483,0.1531142218,0.1392632383,0.1597299805,0.1266948802,0.2265050309
muestral,2016-05-05,0.1958365016,0.1487842138,0.1387338622,0.1614543137,0.1259544243,0.2292366844
muestral,2016-05-12,0.2057418813,0.1461472944,0.1434385348,0.1576612325,0.1241184633,0.2228925937
muestral,2016-05-19,0.185776483,0.148907165,0.1464083593,0.1607504889,0.130426126,0.2277313778
muestral,2016-05-26,0.1850470613,0.1501201245,0.1454628102,0.1613637328,0.1294429953,0.2285632758
muestral,2016-06-03,0.1842204485,0.1492131552,0.146990024,0.1614014042,0.127857167,0.2303178009
muestral,2016-06-10,0.1872044126,0.1493117698,0.1408372958,0.1619913075,0.1292720568,0.2313831575
muestral,2016-06-17,0.1828812193,0.1503919616,0.1447461274,0.1627550139,0.129861653,0.2293640249
muestral,2016-06-24,0.1797288408,0.1511348592,0.1428422514,0.16594145,0.131986103,0.2283664956
muestral,2016-07-01,0.1811669288,0.1527476909,0.1422501883,0.1646095348,0.1286278282,0.230597829
muestral,2016-07-11,0.1795428512,0.1558328881,0.1431211299,0.1650458429,0.1277117239,0.2287455641
muestral,2016-07-18,0.180371234,0.1590813109,0.1375243753,0.1639347778,0.1299040001,0.2291843018
muestral,2016-07-25,0.1786395074,0.161776848,0.1362336099,0.1665622421,0.1221113765,0.2346764161
muestral,2016-08-01,0.1562897886,0.1659793743,0.1245891509,0.2070159364,0.1176231563,0.2285025935
muestral,2016-08-08,0.1592377122,0.1741668337,0.135496424,0.2164343655,0.104817386,0.2098472785
muestral,2016-08-15,0.1584205695,0.1777703708,0.1366600063,0.2124637815,0.1035411461,0.2111441259
muestral,2016-08-22,0.1472906833,0.1799015985,0.149557251,0.2189818314,0.1031347235,0.2011339123
muestral,2016-08-29,0.1457692334,0.1819134711,0.1396992911,0.2211093557,0.1052770451,0.2062316037
muestral,2016-09-06,0.1472972729,0.1825351459,0.1317363527,0.2205284168,0.1083464216,0.20955639
muestral,2016-09-13,0.1399871909,0.1785256959,0.1380249038,0.2214404104,0.108159698,0.213862101
muestral,2016-09-20,0.1406348355,0.1761275385,0.1377655103,0.2238381072,0.1081909929,0.2134430156
muestral,2016-09-27,0.1373701224,0.1743667996,0.141651726,0.2263246857,0.1093379349,0.2109487314
muestral,2016-10-04,0.1361433116,0.1754861592,0.1380478046,0.2313002658,0.1070629407,0.2119595181
muestral,2016-10-11,0.1337621751,0.1753810048,0.1385690207,0.2332879619,0.1072638188,0.2117360187
muestral,2016-10-18,0.1373130431,0.1824502675,0.1400308452,0.2265849171,0.09943143004,0.2141894971
muestral,2016-10-25,0.1332524226,0.1809112864,0.1313392022,0.2275593929,0.09735464503,0.229583051
muestral,2016-11-01,0.1278405546,0.194555205,0.1296081469,0.2257517542,0.09731458446,0.224929755
muestral,2016-11-08,0.1264019766,0.1978973536,0.1375348837,0.214371851,0.1032843312,0.2205096039
muestral,2016-11-15,0.104921516,0.1933270068,0.1437800802,0.2225915183,0.1120869035,0.2232929752
muestral,2016-11-22,0.1057659424,0.1907637705,0.1441835784,0.217659219,0.1140498445,0.2275776452
muestral,2016-11-30,0.1056571437,0.1899689537,0.1462719989,0.2171986309,0.1155202216,0.2253830512
muestral,2016-12-07,0.1046681892,0.1916417421,0.1434403615,0.2141250903,0.1206120983,0.2255125186
muestral,2016-12-14,0.103801836,0.189524281,0.1454691606,0.2131464371,0.1222705198,0.2257877655
muestral,2016-12-21,0.1019343108,0.1882361903,0.1536996645,0.2106166504,0.1208645683,0.2246486157
muestral,2016-12-29,0.09629346138,0.1887630911,0.1447688231,0.2167409714,0.1197057974,0.2337278556
muestral,2017-01-06,0.09830267687,0.1872205956,0.1443821666,0.2115973007,0.1228543205,0.2356429398
muestral,2017-01-13,0.09865624284,0.1886624544,0.143864156,0.2094625008,0.1203476883,0.2390069578
muestral,2017-01-23,0.09690044905,0.1824830649,0.1452521858,0.2085285538,0.1281243458,0.2387114006
muestral,2017-01-30,0.09681213939,0.1827235915,0.1472393421,0.207180107,0.1285315815,0.2375132386
muestral,2017-02-06,0.09564942905,0.1809449893,0.1468080584,0.2062468323,0.1307556738,0.2395950171
muestral,2017-02-13,0.09691126902,0.1802902983,0.1468866615,0.2052588744,0.1317283912,0.2389245056
muestral,2017-02-21,0.09608720086,0.1803885907,0.1442531328,0.2067359249,0.132134265,0.2404008857
muestral,2017-02-28,0.09245694788,0.1832571507,0.1385849817,0.2083685235,0.1331996535,0.2441327427
muestral,2017-03-07,0.09156646135,0.1832928307,0.1425586923,0.207840432,0.1326701263,0.2420714574
muestral,2017-03-14,0.08971819222,0.1862262087,0.1390005409,0.2107803213,0.1324466883,0.2418280485
muestral,2017-03-21,0.08942231668,0.1879308449,0.1363512474,0.2125930897,0.1339117324,0.239790769
muestral,2017-03-28,0.08953527163,0.189132507,0.1326323922,0.2122465389,0.1335216577,0.2429316325
muestral,2017-04-04,0.08892339914,0.1905493935,0.131213453,0.2131624476,0.1371981423,0.2389531644
muestral,2017-04-11,0.0892794312,0.1902112287,0.1321091685,0.2124860106,0.1372676019,0.2386465592
muestral,2017-04-19,0.08887686428,0.1903684293,0.1341422827,0.2134091755,0.1364044928,0.2367987555
muestral,2017-04-26,0.08283592087,0.1808223096,0.1293658141,0.2004091614,0.180780443,0.2257863511
muestral,2017-05-03,0.08360283985,0.1853598726,0.1290775771,0.1974406495,0.1809460985,0.2235729625
muestral,2017-05-10,0.07665906386,0.189538195,0.1220379929,0.2072926291,0.1743733549,0.2300987642
muestral,2017-05-17,0.08342999001,0.1986294849,0.1193315178,0.1945139827,0.1709241166,0.2331709079
muestral,2017-05-24,0.07946031338,0.204393478,0.1132229997,0.1974848538,0.1657405451,0.2396978101
muestral,2017-06-01,0.08068395914,0.2087927063,0.1143382228,0.1971557692,0.1627631146,0.2362662279
muestral,2017-06-08,0.07905399848,0.2100814081,0.113298774,0.2050507193,0.1526745481,0.2398405521
muestral,2017-06-15,0.0835345376,0.208717139,0.1195660653,0.2081539529,0.145694511,0.2343337943
muestral,2017-06-22,0.08410842588,0.2095809117,0.1227675844,0.2058287531,0.1452716403,0.2324426847
muestral,2017-06-29,0.09086888802,0.2130950828,0.1216623254,0.207774452,0.1468178178,0.2197814341
muestral,2017-07-07,0.08866323777,0.2167471814,0.1204933046,0.2081075604,0.1469836365,0.2190050793
muestral,2017-07-14,0.0872112366,0.218944899,0.1211662631,0.2094920686,0.1427718309,0.2204137019
muestral,2017-07-21,0.09125225118,0.2242185071,0.1241965312,0.2118908877,0.1244089182,0.2240329046
muestral,2017-07-28,0.09079208183,0.2244807806,0.1217865883,0.2210021743,0.1214688726,0.2204695024
muestral,2017-08-04,0.09268764589,0.2231948905,0.1182980426,0.221405736,0.121497453,0.222916232
muestral,2017-08-11,0.09317455327,0.2192219957,0.1213782729,0.220509999,0.1211445718,0.2245706073
muestral,2017-08-18,0.09181663324,0.2174955715,0.1229024304,0.2186803452,0.1243671919,0.2247378277
muestral,2017-08-25,0.09678126723,0.2160992568,0.1277448538,0.2177156813,0.1237024657,0.2179564751
muestral,2017-09-01,0.09896515419,0.2142475534,0.1264010251,0.2181956556,0.1234878838,0.2187027279
muestral,2017-09-11,0.09942520185,0.2123181509,0.1235102659,0.217484938,0.1250771308,0.2221843125
muestral,2017-09-18,0.0992541192,0.2115242728,0.1253374233,0.2166875857,0.1253600527,0.2218365464
muestral,2017-09-25,0.09903529016,0.2125330859,0.1280824851,0.204123635,0.1246992892,0.2315262147
muestral,2017-10-02,0.09797801442,0.214793196,0.1338997273,0.2007843853,0.1237330222,0.2288116548
muestral,2017-10-09,0.1010009804,0.2132353043,0.1346099919,0.2016827918,0.1211409199,0.2283300117
muestral,2017-10-16,0.1012506118,0.2150921459,0.1335557695,0.2013455973,0.1217351575,0.2270207181
muestral,2017-10-23,0.1025158815,0.211322271,0.1325586304,0.1996632233,0.1255644831,0.2283755106
muestral,2017-10-30,0.1079560993,0.1706479937,0.1500117056,0.2028989765,0.1349721583,0.2335130666
muestral,2017-11-06,0.1082477217,0.1714355767,0.1482579247,0.2018222781,0.1368740307,0.2333624681
muestral,2017-11-13,0.1195905843,0.1695436823,0.1467135806,0.198438243,0.1367754408,0.2289384689
muestral,2017-11-20,0.1249086155,0.1659122535,0.1467529197,0.2017509515,0.1349623209,0.2257129389
muestral,2017-11-28,0.1249972742,0.1647523716,0.1478377718,0.2004344969,0.1366637082,0.2253143774
muestral,2017-12-05,0.1193776941,0.167003133,0.1539677808,0.1941390984,0.1361835951,0.2293286986
muestral,2017-12-12,0.1235194905,0.1643689308,0.1524338368,0.1922148357,0.1377713876,0.2296915186
muestral,2017-12-19,0.122746351,0.1651509337,0.1508378853,0.1930352567,0.1378618646,0.2303677088
muestral,2017-12-27,0.1231522978,0.161614496,0.1512698613,0.191774997,0.1381567505,0.2340315974
muestral,2018-01-04,0.1209327101,0.1617400895,0.1570346999,0.1885046453,0.1345326332,0.237255222
muestral,2018-01-11,0.1244085283,0.1587501061,0.1515173223,0.1916359078,0.1348022672,0.2388858683
muestral,2018-01-19,0.1191986722,0.1531817925,0.1507821727,0.1869147544,0.1580721915,0.2318504167
muestral,2018-01-26,0.1215220483,0.1517450786,0.1602177424,0.1785436424,0.144460645,0.2435108434
muestral,2018-02-02,0.1185244975,0.1580111008,0.1637433745,0.1868553079,0.1437161646,0.2291495547
muestral,2018-02-09,0.1191284244,0.169934567,0.1685293351,0.1842649823,0.1495768392,0.208565852
muestral,2018-02-16,0.124042293,0.1690065332,0.169741876,0.1847884936,0.1437997081,0.2086210961
muestral,2018-02-26,0.1257110985,0.1697527903,0.1700836077,0.1824295877,0.1424502186,0.2095726972
muestral,2018-03-05,0.1260887327,0.1734785526,0.1692866142,0.1828672247,0.1438657895,0.2044130864
muestral,2018-03-12,0.126713202,0.1749047927,0.1705040243,0.1824954975,0.1427589436,0.2026235399
muestral,2018-03-19,0.1299597752,0.1767228305,0.1764740483,0.1742007741,0.14589432,0.1967482519
muestral,2018-03-26,0.1302123647,0.1738750854,0.1841431999,0.1771094782,0.1430586301,0.1916012416
muestral,2018-04-03,0.1324073356,0.1738127745,0.1615723794,0.1898025733,0.1429766549,0.1994282824
muestral,2018-04-10,0.1327920182,0.1735705358,0.1526306312,0.1881555783,0.1485790319,0.2042722046
muestral,2018-04-17,0.1337469477,0.1719345422,0.158043406,0.1897584304,0.1431422723,0.2033744015
muestral,2018-04-24,0.1370302712,0.1706900828,0.1605590046,0.1892617861,0.1427342128,0.1997246425
muestral,2018-05-01,0.1344052701,0.1882301104,0.1543212249,0.1790315587,0.1408789409,0.2031328951
muestral,2018-05-08,0.13398993,0.1901963567,0.155140548,0.1801628533,0.139368976,0.2011413361
muestral,2018-05-15,0.1335517706,0.190783013,0.1546330449,0.180433044,0.1410822407,0.1995168868
muestral,2018-05-22,0.1342135289,0.1914555828,0.152664198,0.1807110806,0.1417486186,0.1992069911
muestral,2018-05-30,0.133509221,0.1925122401,0.1531208505,0.1809616155,0.1402330829,0.1996629899
muestral,2018-06-06,0.1385009555,0.1947569411,0.1465468587,0.1840034315,0.1415903927,0.1946014205
muestral,2018-06-13,0.1391103108,0.1951797128,0.1463117395,0.1843901679,0.1399957525,0.1950123166
muestral,2018-06-20,0.1412140706,0.1969890281,0.1430359626,0.1829626208,0.1400295817,0.1957687363
muestral,2018-06-27,0.1390123471,0.1949923215,0.1459668447,0.1849412199,0.1368928186,0.1981944483
muestral,2018-07-05,0.1412823868,0.195718609,0.14283429,0.1845655128,0.1384794546,0.1971197468
muestral,2018-07-12,0.1416802524,0.1953807476,0.1452218415,0.1832740897,0.1388754872,0.1955675817
muestral,2018-07-19,0.1419964671,0.19537114,0.1447380139,0.1837091053,0.1390700476,0.195115226
muestral,2018-07-26,0.1477283599,0.1953953904,0.1447040812,0.1613717545,0.1493533776,0.2014470363
muestral,2018-08-02,0.1514051805,0.2010018483,0.1343358245,0.1601697715,0.1494912327,0.2035961425
muestral,2018-08-09,0.1574278235,0.1990072198,0.1259666181,0.1571029562,0.1481566323,0.21233875
muestral,2018-08-16,0.1617403323,0.1971072342,0.1238340361,0.1561665103,0.1482382861,0.2129136011
muestral,2018-08-23,0.1574297882,0.2001458801,0.1201057166,0.1589489503,0.147107833,0.2162618319
muestral,2018-08-30,0.1577093267,0.1982692468,0.1214577706,0.1582865298,0.1446898226,0.2195873036
muestral,2018-09-07,0.1583082159,0.1985244741,0.1184432609,0.1575233763,0.1461324286,0.2210682444
muestral,2018-09-14,0.1582857756,0.1987816456,0.1176782299,0.1568594515,0.1453647501,0.2230301473
muestral,2018-09-21,0.1616723128,0.1964431592,0.1150740145,0.1596934679,0.139774118,0.2273429276
muestral,2018-09-28,0.1795642071,0.2016997376,0.1082870148,0.1448388983,0.1419057709,0.2237043713
muestral,2018-10-05,0.1732949126,0.210358072,0.102481753,0.1478180575,0.1394953425,0.2265518624
muestral,2018-10-12,0.1696013948,0.1977262684,0.1106139448,0.1622861125,0.134518867,0.2252534125
muestral,2018-10-19,0.1632510585,0.1999138932,0.1086952956,0.1622689039,0.1382164597,0.2276543891
muestral,2018-10-26,0.155840161,0.1852035687,0.1150662276,0.1785039331,0.1368561426,0.228529967
muestral,2018-11-02,0.1501142922,0.1788045516,0.1252090868,0.1822025985,0.1359942275,0.2276752434
muestral,2018-11-09,0.1539709621,0.1724859364,0.1277646036,0.185058669,0.1341220227,0.2265978064
muestral,2018-11-16,0.1350550767,0.1736528006,0.1311069522,0.1873944187,0.1379469799,0.2348437719
muestral,2018-11-26,0.1296691843,0.1714840466,0.1350462352,0.1851840372,0.1434434978,0.2351729989
muestral,2018-12-03,0.1291095835,0.1657253826,0.1370409504,0.1881206798,0.1428425122,0.2371608914
muestral,2018-12-11,0.1264130832,0.1632612365,0.1453614862,0.1917695249,0.14097295,0.2322217192
muestral,2018-12-18,0.12768612,0.1598909263,0.1472885501,0.192571226,0.1413152689,0.2312479087
muestral,2018-12-26,0.1355375928,0.1559109963,0.1476685794,0.184664189,0.1451033864,0.2311152561
muestral,2019-01-03,0.1341892051,0.1548059286,0.148324877,0.1845653511,0.146620628,0.2314940103
muestral,2019-01-10,0.1341844188,0.1554944894,0.1476361456,0.1872874638,0.1420187056,0.2333787768
muestral,2019-01-17,0.1362686786,0.1557488217,0.1478004909,0.1884561429,0.1385382698,0.2331875962
muestral,2019-01-25,0.1352482221,0.1566013427,0.1459836247,0.189320352,0.1367576138,0.2360888447
muestral,2019-02-01,0.127354537,0.1545692795,0.1489893786,0.19802427,0.1400176754,0.2310448595
muestral,2019-02-08,0.1261185389,0.1539047247,0.1588205176,0.1971283275,0.1375514416,0.2264764498
muestral,2019-02-15,0.1254984908,0.1533082156,0.1598903188,0.1982424842,0.1369938514,0.2260666391
muestral,2019-02-25,0.1267932829,0.152243817,0.1627929236,0.1966961298,0.1376790476,0.2237947991
muestral,2019-03-04,0.1269500503,0.1518802748,0.1611235233,0.1965055179,0.1387475825,0.2247930512
muestral,2019-03-11,0.1243349203,0.150525109,0.1623406753,0.1987916608,0.1400431979,0.2239644368
muestral,2019-03-18,0.1239808144,0.1509572311,0.1641646864,0.1968778052,0.1399413869,0.224078076
muestral,2019-03-25,0.1234135182,0.1511343885,0.1642870683,0.1982305866,0.1394933278,0.2234411106
muestral,2019-04-01,0.1230837097,0.1513654704,0.1633557286,0.1989213435,0.1396329455,0.2236408023
muestral,2019-04-08,0.1195045918,0.1479936546,0.177883294,0.1965073646,0.1380975587,0.2200135364
muestral,2019-04-15,0.1193838166,0.1473364409,0.1794198245,0.1939791799,0.1400382762,0.2198424619
muestral,2019-04-23,0.1184468698,0.1465611421,0.1817702879,0.1915083889,0.1407541633,0.2209591481
muestral,2019-04-30,0.1174782872,0.1475433465,0.1863406563,0.1894082843,0.1429974155,0.2162320102
muestral,2019-05-07,0.1201823252,0.1533616549,0.1706822262,0.189124336,0.1475735343,0.2190759234
muestral,2019-05-14,0.1182553616,0.1564684029,0.1667004796,0.1869103837,0.1485975109,0.2230678612
muestral,2019-05-21,0.1215094695,0.1586659316,0.1657113673,0.1853528571,0.1491819485,0.2195784261
muestral,2019-05-29,0.1344161474,0.1565789475,0.1563047506,0.1886385474,0.1484301427,0.2156314645
muestral,2019-06-05,0.1382234204,0.1631888241,0.1555265608,0.1803657046,0.1483596322,0.214335858
muestral,2019-06-12,0.1430600831,0.1668996594,0.1450911256,0.1735715326,0.1541931088,0.2171844905
muestral,2019-06-19,0.1405810344,0.1717281113,0.1439822376,0.1712678785,0.1540221805,0.2184185578
muestral,2019-06-26,0.1409880682,0.1767041316,0.1381972124,0.1784986609,0.1563168235,0.2092951035
muestral,2019-07-03,0.1304011487,0.1871545346,0.1396734447,0.1801643023,0.1546055429,0.2080010269
muestral,2019-07-11,0.1308992144,0.1885192308,0.1383113703,0.1739784513,0.1636074968,0.2046842364
muestral,2019-07-18,0.1278700468,0.190427512,0.1395910499,0.171416912,0.1620302022,0.2086642769
muestral,2019-07-25,0.1272831562,0.1916076743,0.1354001459,0.1668521045,0.1710993083,0.2077576107
muestral,2019-08-01,0.1400690046,0.2005458066,0.125280261,0.1868522421,0.1597228006,0.1875298851
muestral,2019-08-08,0.1359470947,0.202532437,0.1289109776,0.1844519594,0.1612297716,0.1869277597
muestral,2019-08-15,0.1370891101,0.2027418319,0.1259721532,0.1781857589,0.1663158603,0.1896952855
muestral,2019-08-22,0.1294717127,0.2047830064,0.1277948969,0.1814818587,0.1646414696,0.1918270557
muestral,2019-08-29,0.1271239384,0.2042291964,0.1279990071,0.1828711288,0.1672920994,0.19048463
muestral,2019-09-06,0.1241397389,0.2080443005,0.1272337058,0.1823705777,0.1690215666,0.1891901105
muestral,2019-09-13,0.1282323661,0.2098912161,0.1250721259,0.1804720269,0.1683485934,0.1879836716
muestral,2019-09-20,0.127963781,0.2109003563,0.1237801286,0.1801396255,0.1678982277,0.189317881
muestral,2019-09-27,0.1303139825,0.2115870784,0.1216022672,0.1808851914,0.1642707015,0.1913407791
muestral,2019-10-04,0.129234502,0.2115013327,0.1261588233,0.1787198389,0.1652409066,0.1891445965
muestral,2019-10-11,0.1281142084,0.2121081329,0.1275498284,0.1782385716,0.1648778928,0.1891113658
muestral,2019-10-18,0.1279577587,0.2125174738,0.1275688002,0.1760431755,0.1656424942,0.1902702976
muestral,2019-10-25,0.12900991,0.2172392285,0.117150794,0.1764239294,0.1641917857,0.1959843523
muestral,2019-11-01,0.1255081661,0.2181992664,0.1178554519,0.1755520726,0.1609309193,0.2019541238
muestral,2019-11-08,0.1268531928,0.2205768657,0.1182565379,0.1757494856,0.1598878357,0.1986760824
muestral,2019-11-15,0.1250635358,0.2212278456,0.1195075487,0.1740393913,0.1576256482,0.2025360303
muestral,2019-11-22,0.1260996546,0.2223595166,0.1179151353,0.1746172456,0.1563872569,0.202621191
muestral,2019-12-02,0.1174849917,0.2252376482,0.1163513476,0.1834889876,0.1495245411,0.2079124839
muestral,2019-12-09,0.115991059,0.2318077977,0.1159224843,0.1841474927,0.144482416,0.2076487503
muestral,2019-12-16,0.1172875848,0.2302208598,0.115508824,0.1873821926,0.1442450404,0.2053554984
muestral,2019-12-23,0.1152232065,0.232116069,0.1142550721,0.1857735244,0.1414290227,0.2112031053
muestral,2019-12-31,0.1177317605,0.2271524096,0.1140523079,0.1853190145,0.1446819212,0.2110625863
muestral,2020-01-08,0.1201079759,0.2249446252,0.1159984646,0.1861452011,0.1433366374,0.2094670958
muestral,2020-01-15,0.1193100537,0.227437276,0.1123161004,0.1868296316,0.1419715454,0.2121353929
muestral,2020-01-23,0.1185657554,0.2251628889,0.1099100724,0.1880245605,0.148635568,0.2097011548
muestral,2020-01-30,0.1168304726,0.2171006926,0.1141247184,0.1861664965,0.1434548752,0.2223227446
muestral,2020-02-06,0.1235593827,0.226880026,0.08821144616,0.1894184361,0.1395091443,0.2324215647
muestral,2020-02-13,0.1186214776,0.2296321808,0.0860034106,0.1950881813,0.1360654424,0.2345893073
muestral,2020-02-21,0.1196600805,0.2250189522,0.08421702014,0.1920671729,0.1418751988,0.2371615754
muestral,2020-02-28,0.1207820638,0.2220105057,0.08354899499,0.194677915,0.1576689699,0.2213115505
muestral,2020-03-06,0.1282078457,0.2181937394,0.08866856163,0.1937730901,0.1599834955,0.2111732677
muestral,2020-03-13,0.1309378861,0.2127755771,0.1111954798,0.1814771187,0.1691358476,0.1944780908
muestral,2020-03-20,0.1224598743,0.2328564989,0.1069986079,0.1754064394,0.170458056,0.1918205234
muestral,2020-03-27,0.1172672499,0.236847072,0.1093425865,0.1702940561,0.1808025548,0.1854464806
muestral,2020-04-03,0.1165924667,0.2384867347,0.1109665656,0.1690941528,0.1806025893,0.1842574908
muestral,2020-04-13,0.1183616207,0.2341339616,0.1103594587,0.1710226532,0.1816086892,0.1845136167
muestral,2020-04-20,0.1190792786,0.2296828991,0.1099605913,0.1751265292,0.1806536067,0.1854970951
muestral,2020-04-27,0.1170890652,0.229599812,0.1097020837,0.1727546942,0.1887880479,0.182066297
muestral,2020-05-04,0.1212127578,0.2225667303,0.1101862176,0.1727588377,0.1921614582,0.1811139983
muestral,2020-05-11,0.1211876174,0.2223386066,0.1101172352,0.1727425381,0.1926775677,0.180936435
muestral,2020-05-18,0.1202966852,0.2225941474,0.1106392287,0.1725001595,0.193446754,0.1805230251
muestral,2020-05-26,0.1203037922,0.222132208,0.1112665995,0.1718746471,0.1933694737,0.1810532795
muestral,2020-06-02,0.1207033532,0.2219217603,0.1109381056,0.1713318385,0.1935935914,0.1815113511
muestral,2020-06-09,0.1215534038,0.2218787496,0.1109897628,0.1706634264,0.1933297047,0.1815849528
muestral,2020-06-16,0.1213517029,0.2210988847,0.1101873878,0.1706504468,0.1952408318,0.1814707459
muestral,2020-06-23,0.1211091319,0.2201114972,0.1107929054,0.1712882225,0.1959500134,0.1807482297
muestral,2020-06-30,0.1224579962,0.2232222932,0.1112256808,0.1677881115,0.1952573011,0.1800486173
muestral,2020-07-08,0.1247240589,0.2196750426,0.1100942976,0.1684437182,0.1941630404,0.1828998423
muestral,2020-07-15,0.1255080278,0.2185955088,0.1104245009,0.1701826175,0.1915369463,0.1837523986
muestral,2020-07-22,0.1268436889,0.214243449,0.1099747937,0.1723192404,0.191456592,0.1851622359
muestral,2020-07-29,0.1278030707,0.2132481314,0.1083996567,0.1721843442,0.1929955454,0.1853692516
muestral,2020-08-05,0.1264629566,0.2103501426,0.1151108524,0.1702101819,0.1936588443,0.1842070221
muestral,2020-08-12,0.1270046151,0.2106442983,0.1135352712,0.1699622092,0.1926397689,0.1862138373
muestral,2020-08-19,0.1276767744,0.2094789274,0.1134663436,0.1710576221,0.1926942914,0.1856260411
muestral,2020-08-26,0.131926935,0.214348122,0.1154153725,0.1669806075,0.1833510173,0.1879779458
muestral,2020-09-02,0.1317208923,0.2148752879,0.11448972,0.166658004,0.181985966,0.1902701298
muestral,2020-09-10,0.1291582231,0.2138215014,0.1076133378,0.1687646579,0.1883024261,0.1923398537
muestral,2020-09-17,0.139589492,0.1942155781,0.1018467802,0.1734262032,0.1917670664,0.1991548801
muestral,2020-09-24,0.1504094705,0.184128703,0.09836632215,0.1782615196,0.18451945,0.2043145348
muestral,2020-10-01,0.1530786695,0.1799241229,0.09559879714,0.1814456939,0.1796520006,0.2103007161
muestral,2020-10-08,0.1585468505,0.1737489976,0.09077742573,0.1851337816,0.1717753957,0.2200175488
muestral,2020-10-15,0.1593008498,0.1773021543,0.0936818476,0.1751869187,0.1787829848,0.2157452448
muestral,2020-10-22,0.1630537513,0.1732363012,0.09436055313,0.1807862936,0.1685303452,0.2200327556
muestral,2020-10-29,0.1549963725,0.179604275,0.09673443828,0.1758528114,0.1694262986,0.2233858042
muestral,2020-11-05,0.1546549797,0.1741289536,0.101444974,0.1677306312,0.1715686554,0.2304718061
muestral,2020-11-12,0.1516904542,0.1699490774,0.1023138387,0.166654743,0.1686170091,0.2407748776
muestral,2020-11-19,0.1520631553,0.1700801845,0.1011501234,0.1680960404,0.1672429314,0.2413675651
muestral,2020-11-27,0.1539746163,0.1701682702,0.1011247391,0.1680171229,0.1686724632,0.2380427883
muestral,2020-12-04,0.1546593545,0.1698243534,0.1016704466,0.1675585781,0.1685315253,0.2377557421
muestral,2020-12-11,0.1572288804,0.1702585025,0.1000361317,0.1681798432,0.1644934273,0.2398032148
muestral,2020-12-18,0.1568115147,0.1701592169,0.09867311201,0.1675455705,0.1646398224,0.2421707634
muestral,2020-12-28,0.1551963049,0.1633184839,0.0965226936,0.1717969091,0.1634222294,0.2497433791
muestral,2021-01-05,0.1513706867,0.1670221859,0.09987369412,0.1718204006,0.1637477291,0.2461653036
muestral,2021-01-12,0.150997853,0.1693053854,0.0997054402,0.1679108137,0.1694693131,0.2426111946
muestral,2021-01-20,0.1544861348,0.1791607223,0.1070337194,0.1696219201,0.1537111416,0.2359863618
muestral,2021-01-27,0.1536328124,0.1809157681,0.1114351579,0.1694209837,0.1504447465,0.2341505315
muestral,2021-02-03,0.1561527399,0.1812153162,0.1101887003,0.1719513611,0.1523608589,0.2281310236
muestral,2021-02-10,0.1546224304,0.1805248338,0.1100962495,0.1743233147,0.1535435015,0.2268896702
muestral,2021-02-18,0.1567983188,0.1817707505,0.1153122881,0.169964237,0.150683988,0.2254704176
muestral,2021-02-25,0.1513948272,0.1830767642,0.11257721,0.1729252618,0.1549040582,0.2251218787
muestral,2021-03-04,0.1449217161,0.18010188,0.1099435715,0.1806927568,0.1642098936,0.220130182
muestral,2021-03-11,0.1454258597,0.1856171561,0.1129257361,0.1746458496,0.1550946402,0.2262907584
muestral,2021-03-18,0.1465477394,0.1856491017,0.1135323162,0.1756229052,0.1561241448,0.2225237926
muestral,2021-03-25,0.1434506416,0.1891313161,0.1141839598,0.1711467261,0.1539606163,0.2281267402
muestral,2021-04-01,0.1434741594,0.1904601309,0.116203487,0.1702758527,0.153349529,0.226236841
muestral,2021-04-09,0.1414554376,0.1926148453,0.1177339773,0.1656122345,0.1611002405,0.2214832649
muestral,2021-04-16,0.1369196181,0.1978444321,0.1141549256,0.1671945788,0.1590187303,0.2248677151
muestral,2021-04-23,0.1355918393,0.1991895295,0.1142912107,0.1667535889,0.1593863079,0.2247875235
muestral,2021-04-30,0.1369976588,0.1986875895,0.1126626239,0.1671078708,0.1522441881,0.2323000689
muestral,2021-05-07,0.1359577962,0.2056862905,0.105597174,0.1808520658,0.1481948235,0.2237118499
muestral,2021-05-14,0.1406944282,0.216476558,0.101182131,0.1819001155,0.1532275364,0.2065192309
muestral,2021-05-21,0.1400747678,0.2176472532,0.101955055,0.1813044397,0.1529397432,0.2060787411
muestral,2021-05-28,0.137962204,0.218464003,0.1031962212,0.1818779729,0.1530986712,0.2054009277
muestral,2021-06-07,0.1360848431,0.2188708764,0.1017881527,0.1835655575,0.1534785664,0.2062120039
muestral,2021-06-14,0.1358327161,0.2169870692,0.1041173594,0.1832217772,0.155255894,0.2045851841
muestral,2021-06-21,0.1347229033,0.2171708698,0.1055423473,0.1826493091,0.1573748245,0.202539746
muestral,2021-06-28,0.1329934851,0.2163951737,0.1063226191,0.1807570154,0.1581299019,0.2054018048
muestral,2021-07-06,0.1303896634,0.2165984941,0.1049588686,0.1831587408,0.1590443231,0.2058499099
muestral,2021-07-13,0.1283060043,0.2169210854,0.1058305319,0.1844677354,0.1581318387,0.2063428043
muestral,2021-07-20,0.1261591505,0.2146766762,0.1055866348,0.1865494334,0.1581748602,0.2088532449
muestral,2021-07-27,0.1194625874,0.2130894648,0.09810927685,0.1719641288,0.1923309155,0.2050436265
muestral,2021-08-03,0.1150566843,0.2049022591,0.0976766162,0.1677641847,0.2032444227,0.2113558331
muestral,2021-08-10,0.1146842668,0.2041111808,0.09757031613,0.1670594497,0.2017274504,0.2148473362
muestral,2021-08-17,0.1147033601,0.2029324976,0.09700167786,0.1666423888,0.2041910007,0.2145290749
muestral,2021-08-24,0.1109230262,0.2029817175,0.1003772099,0.1678200779,0.2033270476,0.214570921
muestral,2021-08-31,0.1130301723,0.2029742772,0.1028218765,0.1637582326,0.200911626,0.2165038154
muestral,2021-09-08,0.1175605491,0.1950775158,0.1205303205,0.1575260844,0.1993267859,0.2099787443
muestral,2021-09-15,0.116745442,0.1902443227,0.1210708979,0.1602139117,0.1992043959,0.2125210298
muestral,2021-09-22,0.1147019074,0.1882238797,0.1256087389,0.1604672085,0.2060510787,0.2049471869
muestral,2021-09-29,0.1140634487,0.1876147783,0.1281005275,0.1606400788,0.2142497183,0.1953314483
muestral,2021-10-06,0.110474526,0.1893132702,0.1331495977,0.157011754,0.2055174161,0.2045334359
muestral,2021-10-13,0.1137921458,0.1878616496,0.140533154,0.1543286721,0.2054373527,0.1980470257
muestral,2021-10-20,0.1153099033,0.1863422843,0.1398804945,0.1541789375,0.2091832204,0.19510516
muestral,2021-10-27,0.1159144937,0.1886641281,0.1296205599,0.159571635,0.2085501635,0.1976790198
muestral,2021-11-03,0.1168939972,0.1945341462,0.1260592714,0.1569858847,0.2057062385,0.199820462
muestral,2021-11-10,0.1075461319,0.1930716798,0.1280440071,0.1523459087,0.217814332,0.2011779405
muestral,2021-11-17,0.1097367941,0.1904435672,0.1324301701,0.1522197372,0.2136933901,0.2014763413
muestral,2021-11-24,0.1046290742,0.184986251,0.1358611996,0.1550436529,0.2123670753,0.207112747
muestral,2021-12-02,0.1012978457,0.1876177675,0.1402409387,0.1488667282,0.214344217,0.2076325029
muestral,2021-12-09,0.0984426139,0.189982463,0.1328402137,0.1569057652,0.2096572181,0.2121717261
muestral,2021-12-16,0.09298509742,0.1885113432,0.129531722,0.1640894837,0.2119950203,0.2128873334
muestral,2021-12-23,0.0937254749,0.1898813808,0.1247286277,0.1654516464,0.2160213091,0.2101915611
muestral,2021-12-31,0.0936674298,0.1922005938,0.123608036,0.1666083361,0.2156890206,0.2082265838
muestral,2022-01-07,0.09513069779,0.1976115279,0.1141303162,0.1717143103,0.2150833342,0.2063298137
muestral,2022-01-14,0.09707316051,0.198352676,0.1118650345,0.1729133955,0.2137361105,0.206059623
muestral,2022-01-24,0.1076096366,0.1979855333,0.1206924627,0.1903029457,0.1501555046,0.2332539171
muestral,2022-01-31,0.107078072,0.2033699468,0.116576731,0.1921410044,0.1400778536,0.2407563921
muestral,2022-02-07,0.1231320622,0.1861555692,0.1350450888,0.142409883,0.154552461,0.2587049358
muestral,2022-02-14,0.1205592068,0.1885646427,0.1360353686,0.1431221873,0.155688473,0.2560301217
muestral,2022-02-22,0.1186262151,0.1917951379,0.1335346745,0.1441271188,0.1559641854,0.2559526683
muestral,2022-03-01,0.1189485213,0.1910507771,0.1322700893,0.1469371908,0.1556018688,0.2551915528
muestral,2022-03-08,0.1181206927,0.1885473261,0.1332152659,0.146973688,0.1595545511,0.2535884761
muestral,2022-03-15,0.1176680006,0.1921301002,0.1343396194,0.1498999223,0.1585954674,0.2473668901
muestral,2022-03-22,0.1192099005,0.1927247473,0.1335181079,0.1478555527,0.1582394794,0.2484522122
muestral,2022-03-29,0.1174797911,0.194158399,0.1323558393,0.1467589469,0.1574296676,0.2518173562
muestral,2022-04-05,0.1185069467,0.1930567079,0.1292885995,0.1486634189,0.1571420052,0.2533423218
muestral,2022-04-12,0.1174148717,0.193820693,0.1288380557,0.1504532099,0.1589705876,0.2505025823
muestral,2022-04-20,0.123084324,0.2007548406,0.1327614754,0.1527710061,0.1284448011,0.2621835528
muestral,2022-04-27,0.1241401663,0.1997025111,0.1361012742,0.1539360721,0.1307731542,0.2553468221
muestral,2022-05-04,0.1256511063,0.1912167356,0.1475240394,0.1456269081,0.1343067664,0.2556744443
muestral,2022-05-11,0.1270944503,0.1891353922,0.1446419811,0.1473646707,0.1340624606,0.2577010452
muestral,2022-05-18,0.1262300437,0.1849143213,0.1426164216,0.1516154122,0.1345056172,0.260118184
muestral,2022-05-25,0.128260956,0.1874900007,0.1409518582,0.1505227985,0.1347453133,0.2580290732
muestral,2022-06-02,0.1291250135,0.186563308,0.1398607865,0.1522715846,0.1348146561,0.2573646513
muestral,2022-06-09,0.1309589605,0.1861662455,0.1396195492,0.1505751628,0.1351376321,0.2575424498
muestral,2022-06-16,0.1336047814,0.1845380427,0.1398788368,0.1508338643,0.1351819073,0.2559625676
muestral,2022-06-24,0.1353961224,0.1843816628,0.1417325223,0.1511510967,0.135923477,0.2514151187
muestral,2022-07-01,0.1364580618,0.1822737235,0.1428852789,0.1520679853,0.1361274436,0.2501875068
muestral,2022-07-11,0.1372582383,0.1824329373,0.146040241,0.1516882143,0.1355985813,0.2469817878
muestral,2022-07-18,0.1378336431,0.1817737916,0.1482756932,0.1504449796,0.1337312808,0.2479406116
muestral,2022-07-25,0.1363442094,0.1830977801,0.148976007,0.1478669754,0.1398965162,0.2438185119
muestral,2022-08-01,0.138663974,0.1798662237,0.1496928279,0.1493139019,0.1415020867,0.2409609857
muestral,2022-08-08,0.1355643975,0.1839489944,0.1456145811,0.1609775542,0.1408247436,0.2330697291
muestral,2022-08-15,0.1359070747,0.1830220209,0.1451473987,0.1617559973,0.1397538924,0.2344136159
muestral,2022-08-22,0.1380683439,0.1810390098,0.147227484,0.1609126406,0.1386723636,0.234080158
muestral,2022-08-29,0.136323449,0.1809945331,0.151629788,0.1603599421,0.1395066699,0.231185618
muestral,2022-09-06,0.1371692356,0.1823247515,0.1510146279,0.1612436201,0.137699689,0.2305480759
muestral,2022-09-13,0.1375611334,0.1792780355,0.154003644,0.1592188161,0.1380455564,0.2318928146
muestral,2022-09-20,0.1403291379,0.1787834364,0.1538634198,0.1599389274,0.1370220207,0.2300630578
muestral,2022-09-27,0.1418845708,0.1771733781,0.1551257754,0.1596974058,0.1354777059,0.230641164
muestral,2022-10-04,0.1414424049,0.1764110685,0.1571598164,0.1604449592,0.1357543992,0.2287873518
muestral,2022-10-11,0.1425206969,0.1759949167,0.1573864812,0.1591188044,0.133733615,0.2312454859
muestral,2022-10-18,0.1423620805,0.1757233183,0.1558119151,0.1593001921,0.1340663785,0.2327361155
muestral,2022-10-25,0.1381520937,0.1719128605,0.1522870448,0.1581554018,0.1508605091,0.2286320902
muestral,2022-11-01,0.1435108662,0.1769048465,0.1488991096,0.1538486942,0.155858703,0.2209777805
muestral,2022-11-08,0.1463267076,0.17579996,0.1531476695,0.1517227449,0.1563023057,0.2167006123
muestral,2022-11-15,0.1450880331,0.1710523147,0.1594995284,0.1529795945,0.1606096423,0.2107708871
muestral,2022-11-22,0.1438145841,0.1705776086,0.1599268413,0.1528617471,0.1603972866,0.2124219324
muestral,2022-11-30,0.1445448096,0.1743817478,0.1624525963,0.1517635892,0.1572781847,0.2095790723
muestral,2022-12-07,0.1454221195,0.1723832924,0.1648124912,0.1512615534,0.1568170154,0.2093035281
muestral,2022-12-14,0.1447767189,0.1736744104,0.1642479174,0.1500724976,0.160765618,0.2064628377
muestral,2022-12-21,0.1446877829,0.1734294173,0.1722734337,0.1482641901,0.154977375,0.206367801
muestral,2022-12-29,0.1426128753,0.1756292943,0.1617874918,0.1520954708,0.1570364356,0.2108384323
muestral,2023-01-06,0.1408838271,0.1757851875,0.1596388892,0.1524123394,0.1558484613,0.2154312955
muestral,2023-01-13,0.13970017,0.1728283307,0.1585597457,0.1540403949,0.1610335369,0.2138378218
muestral,2023-01-23,0.1374352131,0.1753384631,0.1540021373,0.1587688609,0.160486266,0.2139690596
muestral,2023-01-30,0.1357364301,0.1817932285,0.1460192844,0.1561878356,0.1622908184,0.217972403
muestral,2023-02-06,0.1389888843,0.1791786744,0.1509495174,0.1434627262,0.1727220165,0.2146981812
muestral,2023-02-13,0.1397372037,0.1806594838,0.1537315386,0.1425161672,0.1742636278,0.209091979
muestral,2023-02-21,0.1402337924,0.1807466297,0.1502118337,0.1446776526,0.1743423172,0.2097877744
muestral,2023-02-28,0.1410871762,0.1807477776,0.1455299367,0.1437506777,0.1771946623,0.2116897695
muestral,2023-03-07,0.1417172754,0.1794479751,0.1450881697,0.143313753,0.1776161988,0.2128166279
muestral,2023-03-14,0.1403799901,0.1808787294,0.1446151202,0.1419803192,0.1798088702,0.2123369708
muestral,2023-03-21,0.1427868697,0.1803942451,0.1403377167,0.1429128077,0.183655937,0.2099124239
muestral,2023-03-28,0.1435605852,0.1826188135,0.1415858743,0.1433408543,0.1805872382,0.2083066347
muestral,2023-04-04,0.1431969874,0.181474007,0.1385359275,0.1436985493,0.1845279182,0.2085666105
muestral,2023-04-12,0.1455461819,0.1815470654,0.1383452607,0.1421720669,0.1855839245,0.2068055006
muestral,2023-04-19,0.14754004,0.1820548418,0.1397076667,0.1408505658,0.1878606854,0.2019862003
muestral,2023-04-26,0.1444350365,0.1797745142,0.1385254009,0.1382329751,0.199184705,0.1998473682
muestral,2023-05-03,0.1435715932,0.1764248572,0.1337552456,0.1501250951,0.1921601514,0.2039630574
muestral,2023-05-10,0.1399971063,0.1792051661,0.130984979,0.150691228,0.192266071,0.2068554496
muestral,2023-05-17,0.1462749827,0.1912940405,0.1243483455,0.1424710359,0.1924993487,0.2031122467
muestral,2023-05-24,0.1461097299,0.1923611331,0.1271317618,0.1445214294,0.1873691393,0.2025068066
muestral,2023-06-01,0.1349545865,0.1935368804,0.1294489603,0.1461269182,0.1886047886,0.2073278659
muestral,2023-06-08,0.1334016832,0.1880148483,0.1289952686,0.14756357,0.1959354984,0.2060891315
muestral,2023-06-15,0.1333251403,0.1880747653,0.1281167952,0.1487662225,0.1948704539,0.2068466228
muestral,2023-06-23,0.1332505096,0.1872744509,0.1228103197,0.148564954,0.2014533213,0.2066464445
muestral,2023-06-30,0.1371827879,0.1887015979,0.1274901402,0.1437067502,0.2001949067,0.2027238171
muestral,2023-07-10,0.1378712728,0.1854056195,0.1319451136,0.1419611299,0.2039167454,0.1989001188
muestral,2023-07-17,0.1369250509,0.190478128,0.1328867809,0.1403045194,0.2032381569,0.1961673639
muestral,2023-07-24,0.1398966281,0.1928422594,0.1275138451,0.1362492175,0.2001997222,0.2032983277
muestral,2023-07-31,0.1423488224,0.1895105463,0.137179107,0.1357561852,0.1930262261,0.2021791131
muestral,2023-08-07,0.1358796467,0.1935923755,0.1310237283,0.1645450465,0.1722987921,0.202660411
muestral,2023-08-14,0.1308316328,0.1893322515,0.1266496861,0.166439359,0.168665633,0.2180814376
muestral,2023-08-21,0.1309780852,0.1908389309,0.1247953936,0.1634700013,0.1704231025,0.2194944864
muestral,2023-08-28,0.135421082,0.1922468713,0.1275420532,0.1590748561,0.1658610598,0.2198540776
muestral,2023-09-05,0.1348929473,0.1972319778,0.1238982826,0.1626534004,0.1659797499,0.215343642
muestral,2023-09-12,0.1363507948,0.1943491062,0.1205246465,0.1599913884,0.1696139603,0.2191701038
muestral,2023-09-19,0.1347416237,0.1920830125,0.118381895,0.1654380517,0.1654309507,0.2239244664
muestral,2023-09-26,0.1318158812,0.183065257,0.1201864531,0.1672827767,0.172940436,0.224709196
muestral,2023-10-03,0.1298999994,0.1818148755,0.1233053579,0.1662496986,0.175865604,0.2228644647
muestral,2023-10-10,0.1306005817,0.1835464327,0.1227241333,0.1656381418,0.1744081859,0.2230825246
muestral,2023-10-17,0.1259972498,0.1855463119,0.1223195182,0.1628351706,0.1782045886,0.225097161
muestral,2023-10-24,0.1261185389,0.1859024821,0.1269359932,0.1660742867,0.1706409917,0.2243277074
muestral,2023-10-31,0.1227381534,0.1786748248,0.1327697272,0.186322755,0.1752106775,0.204283862
muestral,2023-11-07,0.1231542159,0.1777660996,0.1334055143,0.1846844504,0.175629462,0.2053602578
muestral,2023-11-14,0.122002247,0.1791710765,0.1296178098,0.1822589213,0.1762111224,0.2107388231
muestral,2023-11-21,0.1219139377,0.1766541562,0.1287316681,0.1786783904,0.1846806404,0.2093412072
muestral,2023-11-29,0.1402634359,0.1731224125,0.1268757732,0.174098762,0.1841054073,0.2015342092
muestral,2023-12-06,0.140240063,0.1763270697,0.1250986131,0.1765077952,0.1802580602,0.2015683988
muestral,2023-12-13,0.1427304196,0.1772715724,0.1290189477,0.1728142806,0.1841051289,0.1940596508
muestral,2023-12-20,0.140862382,0.1768326284,0.1319382113,0.1715506467,0.1828373619,0.1959787696
muestral,2023-12-28,0.1411149564,0.1743514342,0.1337678031,0.1730068522,0.1810241096,0.1967348445
muestral,2024-01-05,0.1405182748,0.173283509,0.1355990957,0.172625933,0.1810728084,0.1969003792
muestral,2024-01-12,0.1390061547,0.1727066274,0.1356387406,0.1715651976,0.1789688384,0.2021144413
muestral,2024-01-22,0.1342761592,0.167120874,0.1433821501,0.1696904895,0.1959835469,0.1895467802
muestral,2024-01-29,0.1327894859,0.1695867048,0.1432840635,0.1738967857,0.1841723035,0.1962706567
muestral,2024-02-05,0.1399100302,0.1667682469,0.1548376653,0.1380760747,0.2018273119,0.1985806709
muestral,2024-02-12,0.1422681331,0.1646405794,0.153017235,0.1389608699,0.2046384009,0.1964747816
muestral,2024-02-20,0.1430688247,0.1660144417,0.1511318978,0.139547877,0.2020019046,0.1982350542
muestral,2024-02-27,0.1283705228,0.1640132752,0.1597867038,0.1387447494,0.2080834775,0.2010012711
muestral,2024-03-05,0.1322672471,0.1608585944,0.1634424943,0.1371275297,0.2045659772,0.2017381571
muestral,2024-03-12,0.1235520933,0.1611647329,0.175741101,0.1345690275,0.2036979589,0.2012750864
muestral,2024-03-19,0.1261121736,0.1666010481,0.1698541737,0.1359589568,0.2053163062,0.1961573416
muestral,2024-03-26,0.125989517,0.1696172779,0.1692288277,0.1328900658,0.205047854,0.1972264576
muestral,2024-04-03,0.1258002023,0.1739586609,0.1670792968,0.1323475419,0.2016404646,0.1991738335
muestral,2024-04-10,0.1238948865,0.1753897,0.1725088248,0.132748833,0.1981495286,0.197308227
muestral,2024-04-17,0.1222513624,0.1769392619,0.1695508496,0.134939802,0.1973844897,0.1989342345
muestral,2024-04-24,0.1181045273,0.1835359841,0.1698772994,0.1340835618,0.1902055184,0.204193109
ewma,2016-01-04,0.206236671,0.1335223841,0.1282584037,0.1945523222,0.1322690739,0.2051611451
ewma,2016-01-11,0.18243041,0.1411555689,0.1524922027,0.175571311,0.1381771336,0.2101733738
ewma,2016-01-19,0.1805613054,0.1402090122,0.177632776,0.171728871,0.124734135,0.2051339005
ewma,2016-01-26,0.186202784,0.1422281906,0.1719243854,0.1625126978,0.1396042532,0.197527689
ewma,2016-02-02,0.2336769419,0.1292402496,0.1635815512,0.1093600154,0.1388301052,0.2253111368
ewma,2016-02-09,0.2038849472,0.1404045529,0.1364466441,0.1243882753,0.1558807495,0.2389948309
ewma,2016-02-17,0.198122847,0.1478281525,0.1193428126,0.1395109661,0.1441294114,0.2510658105
ewma,2016-02-24,0.1990780011,0.1431326809,0.1147626189,0.1436264328,0.1410550739,0.2583451924
ewma,2016-03-02,0.1914210828,0.1431675925,0.1393635111,0.1523946951,0.1332335618,0.2404195568
ewma,2016-03-09,0.197986759,0.1481720541,0.1482134821,0.1530635256,0.1237435893,0.2288205898
ewma,2016-03-16,0.1926784309,0.1549923908,0.1432875943,0.1539577697,0.1286103045,0.2264735099
ewma,2016-03-23,0.1885548851,0.1610378929,0.1357791173,0.1557279108,0.1289544282,0.2299457658
ewma,2016-03-31,0.1913749219,0.1581673848,0.1439659996,0.1527317401,0.1234632164,0.2302967373
ewma,2016-04-07,0.1991529652,0.152446524,0.1321772124,0.1568443381,0.1316254707,0.2277534896
ewma,2016-04-14,0.2019086057,0.1547613232,0.1318368114,0.1596605834,0.1200778177,0.2317548586
ewma,2016-04-21,0.1938511688,0.1588297839,0.1290218889,0.2176364935,0.07397626333,0.2266844015
ewma,2016-04-28,0.2193935161,0.1610076422,0.1600352144,0.2103764333,0.08593760732,0.1632495867
ewma,2016-05-05,0.2243823616,0.1228731173,0.1281918854,0.2267125113,0.09501832136,0.202821803
ewma,2016-05-12,0.2141088465,0.1232582818,0.1415861087,0.2285645019,0.09329200061,0.1991902605
ewma,2016-05-19,0.1140966529,0.1435900429,0.1518502211,0.2515842482,0.108738299,0.2301405359
ewma,2016-05-26,0.1241052771,0.1609781464,0.1463991153,0.2441858105,0.1025438398,0.2217878109
ewma,2016-06-03,0.1218890105,0.1613986987,0.148682643,0.2494342942,0.1019701353,0.2166252183
ewma,2016-06-10,0.1278450378,0.1791962291,0.1173541908,0.2429807817,0.1094064439,0.2232173167
ewma,2016-06-17,0.1336782102,0.1835462085,0.1300625721,0.2315612017,0.1254445605,0.1957072471
ewma,2016-06-24,0.119213378,0.1817211088,0.1256513899,0.2362999408,0.1469614087,0.1901527737
ewma,2016-07-01,0.1487259145,0.1872301035,0.1342588804,0.2070025049,0.1144091713,0.2083734253
ewma,2016-07-11,0.1353293019,0.190055611,0.1347428944,0.208723701,0.1300048161,0.2011436755
ewma,2016-07-18,0.1424080435,0.2053815938,0.1317467831,0.1939165649,0.1392351633,0.1873118513
ewma,2016-07-25,0.1368838472,0.2405193925,0.1166500001,0.2016810188,0.09572061428,0.2085451271
ewma,2016-08-01,0.1496197557,0.2287774248,0.1230975935,0.2175142229,0.09988811022,0.1811028928
ewma,2016-08-08,0.1466211688,0.2177474984,0.121933425,0.2114043988,0.09656525416,0.2057282549
ewma,2016-08-15,0.1238264622,0.2203430258,0.1269582551,0.2121720617,0.09597273739,0.2207274577
ewma,2016-08-22,0.1242150332,0.2113080267,0.1311498566,0.2177517167,0.1003943581,0.2151810087
ewma,2016-08-29,0.1184414731,0.2025355303,0.1338758312,0.2152281559,0.1047603539,0.2251586556
ewma,2016-09-06,0.1568502901,0.1920587722,0.1146235384,0.1837927112,0.1139290642,0.2387456239
ewma,2016-09-13,0.1252477052,0.171342123,0.1547708678,0.1948314549,0.1187508563,0.2350569927
ewma,2016-09-20,0.1212954122,0.1727541531,0.1427827178,0.2053401899,0.1201872577,0.2376402692
ewma,2016-09-27,0.1163421746,0.1575330584,0.1859806769,0.204732677,0.1219937698,0.2134176434
ewma,2016-10-04,0.1318553457,0.1714494581,0.1354159765,0.2113857621,0.1078453474,0.2420481102
ewma,2016-10-11,0.1287847165,0.1710823532,0.1262003203,0.2189344756,0.1096922606,0.2453058738
ewma,2016-10-18,0.143637438,0.2089467738,0.1257060664,0.2491373207,0.04737358833,0.2251988127
ewma,2016-10-25,0.1466457031,0.1953138682,0.1299151625,0.2439192518,0.0592024193,0.2250035952
ewma,2016-11-01,0.1312561763,0.1690330102,0.1260721374,0.2566061998,0.07013466913,0.2468978072
ewma,2016-11-08,0.1384678856,0.1677475697,0.1744211226,0.1966609012,0.10507098,0.2176315408
ewma,2016-11-15,0.07587135571,0.1698418554,0.1730421665,0.2265970488,0.1388339693,0.2158136042
ewma,2016-11-22,0.08265862653,0.1694847628,0.1710050429,0.2067741865,0.1464327571,0.2236446241
ewma,2016-11-30,0.08366050254,0.1658898884,0.1731291658,0.2031639411,0.1528256675,0.2213308347
ewma,2016-12-07,0.08578955793,0.1784453203,0.1430283018,0.1982992178,0.1804266139,0.2140109883
ewma,2016-12-14,0.08619130797,0.1748652135,0.1403930171,0.1871344475,0.1881143075,0.2233017064
ewma,2016-12-21,0.08500471045,0.1719868625,0.1359926098,0.1920216779,0.1914480023,0.2235461371
ewma,2016-12-29,0.07206921783,0.1829640036,0.1329114677,0.1958881464,0.1704390526,0.2457281119
ewma,2017-01-06,0.09309706817,0.1709635844,0.1366803549,0.1774808024,0.1773694021,0.2444087879
ewma,2017-01-13,0.09750696551,0.1858570329,0.1244743981,0.1707855576,0.1582748257,0.2631012202
ewma,2017-01-23,0.09662306083,0.1872828957,0.1202219732,0.1773818358,0.1638495184,0.2546407161
ewma,2017-01-30,0.1020339208,0.2001967809,0.1289267335,0.1890180895,0.1711380784,0.2086863969
ewma,2017-02-06,0.0943193695,0.1751803155,0.1354668368,0.1765907915,0.1818429297,0.236599757
ewma,2017-02-13,0.0987292085,0.1742524427,0.1371219071,0.1752894617,0.1773761513,0.2372308286
ewma,2017-02-21,0.08847674043,0.170905963,0.1149257227,0.1909292496,0.1765239444,0.2582383799
ewma,2017-02-28,0.05738555635,0.1917032434,0.08893747901,0.1970667357,0.1776846694,0.2872223161
ewma,2017-03-07,0.05915221115,0.2044822081,0.1056458288,0.2050576873,0.1635311762,0.2621308884
ewma,2017-03-14,0.05893772266,0.2163312926,0.09950234685,0.2076221267,0.1550431834,0.2625633278
ewma,2017-03-21,0.07108354112,0.2190865612,0.09285039795,0.2528895348,0.1476983706,0.2163915944
ewma,2017-03-28,0.07864232663,0.2192286639,0.08498595151,0.2450063355,0.1500076306,0.2221290918
ewma,2017-04-04,0.07663610807,0.2250416845,0.08015228646,0.2539328751,0.1638972082,0.2003398376
ewma,2017-04-11,0.08727515504,0.215157315,0.0789928341,0.2490783483,0.1602808337,0.2092155138
ewma,2017-04-19,0.08988854901,0.1952737386,0.112375754,0.253222829,0.1271623173,0.2220768121
ewma,2017-04-26,0.1046540019,0.2397568629,0.1240953677,0.2440138315,0.09979447235,0.1876854636
ewma,2017-05-03,0.1236148194,0.2065405452,0.1235622409,0.2230086346,0.1241484587,0.1991253011
ewma,2017-05-10,0.05998083704,0.2230483307,0.1053311203,0.2495540001,0.1326621193,0.2294235926
ewma,2017-05-17,0.07127939601,0.2307358556,0.1216726302,0.1972874243,0.1351252124,0.2438994815
ewma,2017-05-24,0.07021304284,0.22270686,0.1212110724,0.1876911231,0.1471958626,0.2509820391
ewma,2017-06-01,0.07723543728,0.2289816531,0.1204950899,0.1929806039,0.1388842154,0.2414230004
ewma,2017-06-08,0.06969327654,0.2304952399,0.1196657889,0.1890217995,0.1512652444,0.2398586507
ewma,2017-06-15,0.09385718011,0.2049955662,0.1358971142,0.2024242404,0.1423013124,0.2205245867
ewma,2017-06-22,0.09344322898,0.2049173497,0.151273399,0.1969172848,0.1421608455,0.2112878921
ewma,2017-06-29,0.102974979,0.2214050906,0.1338537505,0.20630229,0.1442813399,0.19118255
ewma,2017-07-07,0.1066530779,0.2177243821,0.1282111912,0.2005479227,0.1444437387,0.2024196874
ewma,2017-07-14,0.09660950376,0.2253815561,0.1329120168,0.1959093403,0.1385380251,0.2106495579
ewma,2017-07-21,0.1109015663,0.2400087016,0.1328937655,0.2005151376,0.08539821997,0.230282609
ewma,2017-07-28,0.1123025745,0.2327220528,0.121487467,0.2442812106,0.08671952815,0.2024871669
ewma,2017-08-04,0.1263377989,0.2054675281,0.1149476953,0.2371276162,0.1003492268,0.2157701347
ewma,2017-08-11,0.1156072764,0.1967297429,0.1317094342,0.2205357084,0.1042427544,0.2311750836
ewma,2017-08-18,0.1011457593,0.1965724384,0.1315321042,0.2138864226,0.1224940351,0.2343692404
ewma,2017-08-25,0.103545985,0.1988682297,0.1293517876,0.2213490978,0.1293662311,0.2175186688
ewma,2017-09-01,0.1114842012,0.1908823677,0.1349279492,0.2203913257,0.1276249122,0.214689244
ewma,2017-09-11,0.1096144727,0.1889941416,0.108492775,0.2129425896,0.1324043385,0.2475516825
ewma,2017-09-18,0.1036614875,0.1875521994,0.117977499,0.2096946,0.1354088888,0.2457053254
ewma,2017-09-25,0.09859737372,0.2035458613,0.1209830293,0.1538871068,0.1259207047,0.2970659241
ewma,2017-10-02,0.103269128,0.213782533,0.146386265,0.1516680877,0.1292912855,0.2556027009
ewma,2017-10-09,0.1293693734,0.2114765362,0.1457793157,0.1645403851,0.1056809909,0.2431533986
ewma,2017-10-16,0.1265889268,0.2137614974,0.1493386523,0.1671754212,0.1078760478,0.2352594545
ewma,2017-10-23,0.153247967,0.1974067382,0.1396907048,0.1663460258,0.1279136276,0.2153949366
ewma,2017-10-30,0.1577925174,0.08265512201,0.2310275286,0.1637194116,0.1676591817,0.1971462387
ewma,2017-11-06,0.1686575705,0.08842307451,0.1577144893,0.1648493406,0.2036283534,0.2167271716
ewma,2017-11-13,0.1579906393,0.09378106875,0.154204393,0.175977527,0.196745142,0.2213012299
ewma,2017-11-20,0.1588658041,0.1004966454,0.1654662867,0.184048388,0.1787189871,0.2124038887
ewma,2017-11-28,0.1650147589,0.1057147605,0.1519416912,0.1748823289,0.1988836538,0.2035628068
ewma,2017-12-05,0.1057267894,0.1427906233,0.1957449047,0.1620547715,0.1616106261,0.232072285
ewma,2017-12-12,0.1110576491,0.1516606397,0.1687559379,0.1621457804,0.179163632,0.2272163609
ewma,2017-12-19,0.1065806097,0.1625134253,0.1640298357,0.1694706678,0.1793109132,0.2180945483
ewma,2017-12-27,0.112357415,0.1688263794,0.151889662,0.1717840266,0.1803237512,0.2148187658
ewma,2018-01-04,0.1013920831,0.1932814368,0.1700532514,0.1692800574,0.1395166787,0.2264764927
ewma,2018-01-11,0.1060134574,0.1859173684,0.1356991771,0.1858960278,0.1395381149,0.2469358545
ewma,2018-01-19,0.1020214856,0.1922767419,0.1346667381,0.1830269131,0.1419111846,0.2460969367
ewma,2018-01-26,0.1174596538,0.169780765,0.1748718714,0.1684728624,0.09754890441,0.271865943
ewma,2018-02-02,0.107104237,0.2076372847,0.1656508521,0.2288989666,0.1073398401,0.1833688194
ewma,2018-02-09,0.1164089016,0.2034404324,0.1756288612,0.1882823207,0.1409675006,0.1752719835
ewma,2018-02-16,0.1216117842,0.1976264897,0.1767727532,0.1905925657,0.13151627,0.1818801372
ewma,2018-02-26,0.1273743531,0.2026215491,0.171089282,0.1864002494,0.1306134086,0.1819011577
ewma,2018-03-05,0.1308689229,0.2144000168,0.164123919,0.1858156233,0.133945269,0.1708462491
ewma,2018-03-12,0.1318194028,0.2145655083,0.1643849175,0.1869644358,0.1349811445,0.1672845911
ewma,2018-03-19,0.1386427247,0.2220533886,0.174417412,0.1464895927,0.1523653551,0.1660315269
ewma,2018-03-26,0.1325116523,0.1827262647,0.2005312742,0.1757425534,0.141712467,0.1667757884
ewma,2018-04-03,0.1338950409,0.1831039081,0.1366938318,0.2010096141,0.1380706705,0.2072269346
ewma,2018-04-10,0.1367430015,0.1826450578,0.1214258513,0.1902967726,0.1481409279,0.2207483888
ewma,2018-04-17,0.1424713285,0.1752040739,0.1424699896,0.1985793305,0.1270374274,0.2142378501
ewma,2018-04-24,0.1612977626,0.1661614407,0.1560142026,0.1946778621,0.127241133,0.194607599
ewma,2018-05-01,0.1617350399,0.1654532772,0.16605213,0.1531879056,0.145520636,0.2080510114
ewma,2018-05-08,0.1572780235,0.1790070995,0.1505305804,0.1610157029,0.1466014739,0.2055671198
ewma,2018-05-15,0.1444890695,0.1853790059,0.147696193,0.1681097488,0.1595472409,0.1947787419
ewma,2018-05-22,0.1531944415,0.1901600967,0.1345771873,0.1728493317,0.1583329755,0.1908859674
ewma,2018-05-30,0.1506899775,0.1975318693,0.1327588321,0.1734163884,0.1513782951,0.1942246375
ewma,2018-06-06,0.14847692,0.2109313099,0.1135642363,0.1923661194,0.1588058604,0.175855554
ewma,2018-06-13,0.1576825115,0.219962826,0.1079311747,0.1868614984,0.1489658174,0.178596172
ewma,2018-06-20,0.1642087221,0.2396325106,0.09595618257,0.1655253723,0.1504549682,0.1842222442
ewma,2018-06-27,0.1372286578,0.2001077618,0.1303905999,0.1944515523,0.1177981165,0.2200233118
ewma,2018-07-05,0.1372813961,0.2214656653,0.1214421977,0.1816603156,0.1294665162,0.2086839092
ewma,2018-07-12,0.1395057166,0.2151421693,0.1290129067,0.1745167076,0.1419441985,0.1998783012
ewma,2018-07-19,0.1453965889,0.208533297,0.1271282032,0.1802012168,0.1412401708,0.1975005232
ewma,2018-07-26,0.1967578434,0.1791434215,0.1330669128,0.08180976729,0.1731817101,0.2360403449
ewma,2018-08-02,0.204464401,0.2042082988,0.08132058984,0.1017615178,0.1536489833,0.2545962093
ewma,2018-08-09,0.2037304033,0.2086534789,0.07310511742,0.1027583965,0.1549810638,0.2567715401
ewma,2018-08-16,0.214986533,0.2052629289,0.08215383997,0.1117325767,0.1509090824,0.234955039
ewma,2018-08-23,0.1498596474,0.2341902682,0.07532609131,0.1280322656,0.138457326,0.2741344014
ewma,2018-08-30,0.152068601,0.2314738552,0.09097371025,0.1407298901,0.1333723855,0.251381558
ewma,2018-09-07,0.168673875,0.2219466509,0.0948181608,0.1424844597,0.1269688902,0.2451079634
ewma,2018-09-14,0.1742318779,0.22078462,0.09232206229,0.1416490883,0.1304587175,0.240553634
ewma,2018-09-21,0.199545192,0.1950728131,0.1083628446,0.1489386939,0.1258996574,0.222180799
ewma,2018-09-28,0.2568694015,0.1762505564,0.08752213612,0.1395546854,0.1218797105,0.21792351
ewma,2018-10-05,0.1856023988,0.1996363155,0.06558260192,0.1879135897,0.1229929793,0.2382721146
ewma,2018-10-12,0.1408360544,0.1644241636,0.1053716202,0.2513041504,0.1136136302,0.2244503812
ewma,2018-10-19,0.1402487209,0.1695894242,0.1119247278,0.2353506375,0.1135993641,0.2292871255
ewma,2018-10-26,0.1410134579,0.1465347118,0.1450510669,0.2203951883,0.1281037676,0.2189018076
ewma,2018-11-02,0.128865114,0.1443647573,0.1725453658,0.2193721858,0.1251538235,0.2096987536
ewma,2018-11-09,0.1384964575,0.1358579969,0.1826681101,0.2215980303,0.1213071183,0.2000722869
ewma,2018-11-16,0.09580939587,0.1426485011,0.1831179826,0.2249242134,0.1351566498,0.2183432572
ewma,2018-11-26,0.09529461827,0.1435449727,0.1840446935,0.1982986257,0.1559442498,0.22287284
ewma,2018-12-03,0.09557736275,0.1322668716,0.1919631672,0.2121277764,0.1515416977,0.2165231243
ewma,2018-12-11,0.09438558589,0.131752202,0.2175337347,0.2173923319,0.1377122461,0.2012238995
ewma,2018-12-18,0.1062684275,0.1289327965,0.2091018596,0.2145173887,0.1402739262,0.2009056016
ewma,2018-12-26,0.1493177517,0.1365946029,0.1709543826,0.1744139459,0.1464884587,0.2222308581
ewma,2019-01-03,0.1413019982,0.136866488,0.166928419,0.1763998709,0.1568641403,0.2216390837
ewma,2019-01-10,0.1384113731,0.1480023565,0.1627575432,0.1863069499,0.1343752044,0.2301465728
ewma,2019-01-17,0.1491360653,0.1488237086,0.162458226,0.1900069833,0.1275375281,0.2220374888
ewma,2019-01-25,0.145208448,0.155999812,0.1489171704,0.1956460022,0.123292377,0.2309361903
ewma,2019-02-01,0.1207749214,0.154382098,0.1782937797,0.1565398805,0.1529920458,0.2370172746
ewma,2019-02-08,0.1236407033,0.1617359395,0.1757478844,0.1573614728,0.152444865,0.229069135
ewma,2019-02-15,0.1231162383,0.158425005,0.1832508368,0.1662499372,0.1457543,0.2232036828
ewma,2019-02-25,0.1245591443,0.1665718125,0.1741629355,0.1659587877,0.1485610251,0.220186295
ewma,2019-03-04,0.1263841362,0.1678217923,0.1625018573,0.1674059871,0.1516964764,0.2241897507
ewma,2019-03-11,0.1082111033,0.1608794851,0.1713216813,0.1841028849,0.1586223424,0.216862503
ewma,2019-03-18,0.1075666815,0.1758946589,0.1590258199,0.1667820683,0.1640191147,0.2267116567
ewma,2019-03-25,0.1157063111,0.1735441324,0.1614286186,0.1916124774,0.1424648364,0.2152436241
ewma,2019-04-01,0.1201179804,0.1729274549,0.1542181217,0.1973364988,0.1415276966,0.2138722476
ewma,2019-04-08,0.1169520903,0.178236861,0.1322050428,0.2030967639,0.1445133719,0.2249958702
ewma,2019-04-15,0.1131662,0.1798047817,0.1267144824,0.2087975257,0.1364876654,0.2350293448
ewma,2019-04-23,0.114766508,0.1704425705,0.1465448092,0.2144739942,0.1166753125,0.2370968055
ewma,2019-04-30,0.1424040789,0.226116945,0.1352999542,0.21277832,0.1460557685,0.1373449333
ewma,2019-05-07,0.151487338,0.1964629655,0.119463883,0.2052521132,0.1629059465,0.1644277537
ewma,2019-05-14,0.1308040712,0.189530893,0.1253789865,0.1968830214,0.1596531285,0.1977498994
ewma,2019-05-21,0.1456756474,0.1993678609,0.1197925173,0.1966659625,0.1588027977,0.1796952142
ewma,2019-05-29,0.1334403464,0.1947525544,0.1369641392,0.1878964757,0.161540369,0.1854061153
ewma,2019-06-05,0.1508762987,0.1959859935,0.1310683198,0.157570608,0.1755284204,0.1889703595
ewma,2019-06-12,0.1432725198,0.1851146651,0.121753944,0.1550201222,0.1990910117,0.1957477371
ewma,2019-06-19,0.1395771852,0.1982566844,0.1177253956,0.1537464769,0.1865644034,0.2041298544
ewma,2019-06-26,0.1442261167,0.1962744085,0.1271075335,0.1592544953,0.1752487481,0.1978886978
ewma,2019-07-03,0.1458411987,0.2049065297,0.1146607568,0.1683032566,0.16710858,0.1991796783
ewma,2019-07-11,0.1435832595,0.2069120025,0.1100692459,0.16718208,0.1761976422,0.1960557698
ewma,2019-07-18,0.1633915514,0.2112216185,0.1167710687,0.1732083637,0.1140955858,0.221311812
ewma,2019-07-25,0.1452280935,0.2137310281,0.07948273526,0.1628860585,0.1434384272,0.2552336574
ewma,2019-08-01,0.1362148138,0.255003504,0.1018410336,0.1899858191,0.1525709376,0.1643838918
ewma,2019-08-08,0.1261762268,0.2225469854,0.1395682139,0.1758382068,0.163824488,0.1720458791
ewma,2019-08-15,0.1353247254,0.207210175,0.1291494129,0.1677506816,0.1745380906,0.1860269146
ewma,2019-08-22,0.1072591964,0.2186052028,0.1342015564,0.1826349691,0.1634172888,0.1938817864
ewma,2019-08-29,0.1050742847,0.2136249883,0.1291974058,0.1876333937,0.1760306311,0.1884392963
ewma,2019-09-06,0.09644262668,0.2205694258,0.1332173236,0.1770305999,0.1901446197,0.1825954043
ewma,2019-09-13,0.1009347327,0.2275520047,0.1253601486,0.1767155152,0.186354928,0.1830826709
ewma,2019-09-20,0.1055232037,0.2175093676,0.126115234,0.1986391803,0.1501535325,0.2020594819
ewma,2019-09-27,0.121775078,0.2167655825,0.1146551024,0.1952794072,0.1383865884,0.2131382416
ewma,2019-10-04,0.119340222,0.2153946511,0.13652542,0.1893962852,0.1417614487,0.197581973
ewma,2019-10-11,0.1119378366,0.2197356069,0.1446721709,0.1847187513,0.137850361,0.2010852732
ewma,2019-10-18,0.1143340125,0.215864281,0.1551574404,0.1718200758,0.1231588053,0.2196653851
ewma,2019-10-25,0.1196484611,0.2488637842,0.08162142736,0.1603517849,0.1262280362,0.2632865062
ewma,2019-11-01,0.1251212941,0.2449887512,0.08717569902,0.1790522729,0.1294499659,0.2342120168
ewma,2019-11-08,0.1169212782,0.251576321,0.09116709229,0.1862956163,0.1261844267,0.2278552656
ewma,2019-11-15,0.1285612608,0.2451634206,0.09485598841,0.1817194929,0.1186246402,0.2310751971
ewma,2019-11-22,0.1234948618,0.2510233462,0.0885513759,0.1791955632,0.1169685974,0.2407662555
ewma,2019-12-02,0.0999492762,0.2278023368,0.107428291,0.1961092837,0.1255606292,0.243150183
ewma,2019-12-09,0.1007320587,0.220987589,0.1091862518,0.1995518528,0.1207991675,0.2487430802
ewma,2019-12-16,0.1177844812,0.2379430483,0.09066434125,0.1790549651,0.1140223815,0.2605307827
ewma,2019-12-23,0.1116772909,0.2441989744,0.08727483587,0.1575470975,0.09162745595,0.3076743454
ewma,2019-12-31,0.1372666679,0.1820402781,0.09655742303,0.1726003064,0.124924676,0.2866106487
ewma,2020-01-08,0.1779879857,0.187857868,0.1111157213,0.1748770617,0.1239432313,0.2242181321
ewma,2020-01-15,0.1521423893,0.206154345,0.08537529429,0.1763358786,0.1259403598,0.2540517331
ewma,2020-01-23,0.1558730688,0.2012999297,0.0845712401,0.194012347,0.1074960291,0.2567473853
ewma,2020-01-30,0.1303294906,0.210923599,0.1066105265,0.2035902541,0.1307105928,0.2178355371
ewma,2020-02-06,0.1490379702,0.2529579674,0.043310605,0.1847256293,0.1282821305,0.2416856975
ewma,2020-02-13,0.135126318,0.240146439,0.05008449985,0.197317483,0.1403934537,0.2369318064
ewma,2020-02-21,0.1006325291,0.2217166657,0.05987910564,0.2001446637,0.1724463085,0.2451807273
ewma,2020-02-28,0.1097313675,0.2039729492,0.07241938573,0.2046582771,0.2214090778,0.1878089427
ewma,2020-03-06,0.1229351639,0.2064704679,0.09468054469,0.191634015,0.2068442748,0.1774355338
ewma,2020-03-13,0.1285248914,0.2029923236,0.1407426044,0.1686967217,0.1844763544,0.1745671045
ewma,2020-03-20,0.1174425461,0.2380356235,0.1170835117,0.1668027625,0.1797009605,0.1809345956
ewma,2020-03-27,0.111209579,0.2427288854,0.1205083809,0.1608114478,0.1911099065,0.1736318004
ewma,2020-04-03,0.1092617842,0.2458127833,0.1252460312,0.1583748885,0.1905123553,0.1707921576
ewma,2020-04-13,0.1159666818,0.2296771687,0.1203773344,0.1689984421,0.1884973341,0.1764830391
ewma,2020-04-20,0.1172495355,0.2158879778,0.1195756427,0.1808429609,0.1865163992,0.1799274839
ewma,2020-04-27,0.1136041814,0.2176686784,0.1122509295,0.169055665,0.2109683535,0.1764521922
ewma,2020-05-04,0.1321525228,0.1936971684,0.1082746083,0.1730561513,0.2198430301,0.1729765192
ewma,2020-05-11,0.130124168,0.1937001367,0.1090853422,0.1740951839,0.2207200003,0.172275169
ewma,2020-05-18,0.123246781,0.1966499314,0.1145525088,0.1730553769,0.2198156212,0.1726797806
ewma,2020-05-26,0.1218743766,0.1956385754,0.122272397,0.1678557797,0.2111610825,0.1811977887
ewma,2020-06-02,0.1236474355,0.1968566414,0.1129473904,0.1656127805,0.2095850697,0.1913506825
ewma,2020-06-09,0.1329251563,0.1948773748,0.1180268061,0.1600071464,0.1961502627,0.1980132537
ewma,2020-06-16,0.1285974723,0.194778981,0.1077925325,0.1623547255,0.21139274,0.1950835487
ewma,2020-06-23,0.12817301,0.1953566498,0.1147967608,0.1693644534,0.2000228919,0.1922862342
ewma,2020-06-30,0.1482217236,0.2294713676,0.1171822374,0.1349551299,0.1905740103,0.1795955312
ewma,2020-07-08,0.1827757144,0.1834132181,0.1048294134,0.1482452777,0.1749472023,0.2057891741
ewma,2020-07-15,0.1774128669,0.1832023257,0.1014220817,0.1691723268,0.1482550128,0.2205353861
ewma,2020-07-22,0.1849098282,0.1497816702,0.09246837132,0.1934704679,0.1508727679,0.2284968944
ewma,2020-07-29,0.1801672576,0.1561406718,0.08525344254,0.1968225767,0.1615508482,0.2200652032
ewma,2020-08-05,0.1773508054,0.155865939,0.08782870721,0.1826496025,0.1599877789,0.236317167
ewma,2020-08-12,0.159679974,0.1684506063,0.07833233493,0.1764618241,0.1600434962,0.2570317645
ewma,2020-08-19,0.1522451012,0.1620252667,0.07371127959,0.1967214051,0.1682093652,0.2470875823
ewma,2020-08-26,0.2161360289,0.1896464803,0.07990930125,0.1483923234,0.1138466446,0.2520692215
ewma,2020-09-02,0.1943222878,0.1973673071,0.09766385154,0.1514228447,0.1140041766,0.2452195323
ewma,2020-09-10,0.1391718654,0.1868242408,0.08232463274,0.1863964528,0.1775951478,0.2276876604
ewma,2020-09-17,0.143218036,0.1881342384,0.08111182917,0.1772544421,0.1751405447,0.2351409095
ewma,2020-09-24,0.1475283795,0.1743032724,0.08472580407,0.1915970143,0.1783680217,0.223477508
ewma,2020-10-01,0.151920452,0.1730347694,0.08578052922,0.1957546418,0.1659559465,0.2275536611
ewma,2020-10-08,0.1568332064,0.1682628305,0.08899763704,0.2063953821,0.147087488,0.232423456
ewma,2020-10-15,0.1615260119,0.1580696629,0.09947210561,0.1927954968,0.1626752049,0.2254615178
ewma,2020-10-22,0.1558447458,0.1549318217,0.1003745557,0.1969688179,0.162744909,0.2291351499
ewma,2020-10-29,0.1436869314,0.1786411225,0.1254190478,0.1623753234,0.2017340088,0.1881435662
ewma,2020-11-05,0.140747641,0.155060183,0.1460449815,0.1336269276,0.1962478641,0.2282724028
ewma,2020-11-12,0.1210532744,0.1444378347,0.1547733439,0.1357721135,0.1748261044,0.269137329
ewma,2020-11-19,0.1233538314,0.1467885555,0.1414630265,0.1390029245,0.1753494543,0.2740422078
ewma,2020-11-27,0.1320559831,0.1534044092,0.1307315667,0.1392405845,0.1828573158,0.2617101407
ewma,2020-12-04,0.1485699165,0.1569403816,0.1308053317,0.1371566663,0.1796125756,0.2469151283
ewma,2020-12-11,0.1508749101,0.1758124029,0.1058537718,0.1469107087,0.1626717872,0.2578764193
ewma,2020-12-18,0.1467787865,0.1749245537,0.1006854207,0.1493334471,0.1525921863,0.2756856057
ewma,2020-12-28,0.1678304031,0.16802813,0.1015212351,0.1382591677,0.1553797578,0.2689813063
ewma,2021-01-05,0.1835689485,0.1645982204,0.1174310584,0.139607677,0.1410273566,0.2537667392
ewma,2021-01-12,0.1696918181,0.2008326625,0.1030996141,0.147372504,0.1572281715,0.2217752297
ewma,2021-01-20,0.1976244931,0.199679752,0.1509511265,0.1819943185,0.08828502033,0.1814652896
ewma,2021-01-27,0.1840118425,0.2074419131,0.1632785574,0.1813637058,0.09238962699,0.1715143542
ewma,2021-02-03,0.1966973871,0.1956236191,0.1391087598,0.186523614,0.109886523,0.172160097
ewma,2021-02-10,0.1831867986,0.1991060534,0.1369556525,0.1930100288,0.1132638554,0.1744776113
ewma,2021-02-18,0.1721435134,0.2137862276,0.1374670191,0.1887876476,0.1135929702,0.1742226221
ewma,2021-02-25,0.1293823331,0.2144513727,0.0997942326,0.2034321674,0.164701609,0.1882382852
ewma,2021-03-04,0.1277685566,0.2077831724,0.09275294266,0.2126390973,0.1579691242,0.2010871069
ewma,2021-03-11,0.1147812471,0.2321763255,0.07683131752,0.1926641723,0.1714242735,0.2121226641
ewma,2021-03-18,0.1186588523,0.2232589276,0.0799262925,0.1971225017,0.1736409246,0.2073925013
ewma,2021-03-25,0.120706108,0.2199228994,0.08444987759,0.1815825743,0.1624476273,0.2308909134
ewma,2021-04-01,0.1177806712,0.2179583518,0.09594231439,0.1809165223,0.1601620017,0.2272401386
ewma,2021-04-09,0.1246201015,0.2109218583,0.1018474504,0.1756591372,0.1780753273,0.2088761253
ewma,2021-04-16,0.1102025887,0.2108647115,0.09766572818,0.1805005532,0.1783939215,0.222372497
ewma,2021-04-23,0.1066131373,0.2138540428,0.1010893029,0.1788681508,0.1812064703,0.2183688958
ewma,2021-04-30,0.1145261094,0.2203997513,0.1120350066,0.153879034,0.1904222827,0.208737816
ewma,2021-05-07,0.1183062466,0.1953439419,0.1153929177,0.1609000792,0.1962718444,0.2137849702
ewma,2021-05-14,0.123546584,0.1999562658,0.1098175497,0.1622841865,0.203666718,0.2007286961
ewma,2021-05-21,0.123515431,0.2112606541,0.1091070376,0.163256472,0.1916550306,0.2012053747
ewma,2021-05-28,0.1189327013,0.2175743687,0.1062761937,0.1632006528,0.2036307074,0.1903853761
ewma,2021-06-07,0.1260332381,0.2249062539,0.09305648083,0.1677853981,0.1996768682,0.1885417609
ewma,2021-06-14,0.1331996558,0.2182598498,0.09548928858,0.1673234054,0.1875933174,0.198134483
ewma,2021-06-21,0.1186679944,0.212642331,0.1006696839,0.1685204895,0.1914640672,0.2080354341
ewma,2021-06-28,0.1036262898,0.2112736795,0.09675638197,0.1367482053,0.1886010284,0.262994415
ewma,2021-07-06,0.1130880391,0.1756382916,0.1167829548,0.1517624544,0.1924782779,0.2502499822
ewma,2021-07-13,0.1020781649,0.199530047,0.1054436511,0.151213571,0.1998580611,0.2418765048
ewma,2021-07-20,0.09296251932,0.1907860803,0.1208558144,0.1544264411,0.2013536929,0.2396154521
ewma,2021-07-27,0.1188383469,0.1867788817,0.1358213468,0.1272421488,0.2415477252,0.1897715507
ewma,2021-08-03,0.1217428645,0.1363104834,0.1573651877,0.1320632079,0.2764357384,0.1760825181
ewma,2021-08-10,0.1151238776,0.1471660843,0.1572301136,0.1419277831,0.2456934941,0.1928586475
ewma,2021-08-17,0.1053786297,0.1480152524,0.1302609431,0.1340808946,0.2911413984,0.1911228818
ewma,2021-08-24,0.08095218369,0.1634472066,0.1407517109,0.1733643103,0.2449961765,0.196488412
ewma,2021-08-31,0.09566851746,0.1654095082,0.135715354,0.15639325,0.2365368582,0.2102765122
ewma,2021-09-08,0.1104327762,0.1787673447,0.1358922045,0.1458051696,0.2137020009,0.2154005041
ewma,2021-09-15,0.121291168,0.1787041668,0.1380660049,0.1685985663,0.1881487657,0.2051913282
ewma,2021-09-22,0.1126464534,0.1675584975,0.1359774097,0.1882331828,0.1903948981,0.2051895586
ewma,2021-09-29,0.1116150641,0.1732949802,0.1610343836,0.1673372644,0.216478286,0.1702400217
ewma,2021-10-06,0.1045513048,0.1759649942,0.2402552623,0.1411601857,0.168054178,0.1700140749
ewma,2021-10-13,0.1036693515,0.1678395902,0.2423318291,0.1470605447,0.1708744456,0.1682242389
ewma,2021-10-20,0.1101465438,0.1728692573,0.2076861746,0.1516369719,0.1833664209,0.1742946314
ewma,2021-10-27,0.1242125704,0.204431262,0.1195054237,0.1627753489,0.2084914928,0.1805839023
ewma,2021-11-03,0.133195115,0.2098548946,0.1099120855,0.1575457052,0.1928789644,0.1966132353
ewma,2021-11-10,0.09377152674,0.2086438308,0.1086434239,0.1552948286,0.2374584721,0.1961879179
ewma,2021-11-17,0.1030446717,0.2182089075,0.1250943351,0.1465549319,0.207345851,0.1997513028
ewma,2021-11-24,0.08849522721,0.1880623136,0.1332265659,0.1658735075,0.2098892473,0.2144531384
ewma,2021-12-02,0.09388526438,0.2061406292,0.1324044509,0.1437516576,0.2110374411,0.2127805567
ewma,2021-12-09,0.08853039159,0.2077986185,0.1100971316,0.1731767734,0.1920709322,0.2283261528
ewma,2021-12-16,0.07571297134,0.1953292091,0.1062416801,0.1951808651,0.1979861903,0.229549084
ewma,2021-12-23,0.08018473983,0.2006040234,0.09200308999,0.1915709991,0.2095624326,0.2260747151
ewma,2021-12-31,0.08056380132,0.2122167198,0.09314242449,0.1752241423,0.2125740941,0.226278818
ewma,2022-01-07,0.087886695,0.2321921571,0.0798926019,0.19216946,0.20152623,0.206332856
ewma,2022-01-14,0.09195721188,0.2215618052,0.08061446513,0.1955179554,0.1949958294,0.215352733
ewma,2022-01-24,0.1272998234,0.1925136956,0.1126068136,0.2074521006,0.08756685701,0.2725607098
ewma,2022-01-31,0.1214084909,0.1913016976,0.1063367189,0.2082403663,0.09458535997,0.2781273663
ewma,2022-02-07,0.163134654,0.1546169318,0.1572830074,0.1042335992,0.1319149839,0.2888168237
ewma,2022-02-14,0.1426003955,0.1666006677,0.158405351,0.1136348902,0.1404259583,0.2783327372
ewma,2022-02-22,0.1242721115,0.1820291253,0.1466027509,0.1240343539,0.1494364198,0.2736252386
ewma,2022-03-01,0.126580946,0.1831065142,0.1389092034,0.13461916,0.1513192467,0.2654649297
ewma,2022-03-08,0.1236677758,0.175504596,0.142767066,0.1362773334,0.166737852,0.2550453769
ewma,2022-03-15,0.1197426736,0.1912337535,0.1440509528,0.1519457982,0.1609492698,0.2320775522
ewma,2022-03-22,0.1271875104,0.1926266845,0.1355566336,0.1453364442,0.1617486255,0.2375441018
ewma,2022-03-29,0.1177937534,0.1998882792,0.1328493697,0.1448919363,0.1618673556,0.2427093059
ewma,2022-04-05,0.1210425809,0.1957207075,0.1282508115,0.1534339545,0.15538302,0.2461689256
ewma,2022-04-12,0.1141924145,0.197324241,0.1266629664,0.1651693403,0.1684941521,0.2281568857
ewma,2022-04-20,0.1391013444,0.2145609644,0.1403343791,0.1599598319,0.07365069397,0.2723927862
ewma,2022-04-27,0.1434951266,0.2115246747,0.1444463744,0.169304493,0.09065595221,0.2405733791
ewma,2022-05-04,0.1439063955,0.181584642,0.1931018069,0.131690981,0.1107555313,0.2389606433
ewma,2022-05-11,0.1360857851,0.1815311724,0.1544582535,0.1443907676,0.1228862092,0.2606478123
ewma,2022-05-18,0.1294452887,0.1675260155,0.1484356156,0.162353377,0.1259749585,0.2662647446
ewma,2022-05-25,0.1321443485,0.1776663009,0.1407287815,0.1588971445,0.1321159613,0.2584474633
ewma,2022-06-02,0.1305805391,0.1809442258,0.1348393088,0.1641738977,0.1392056417,0.2502563868
ewma,2022-06-09,0.1354679667,0.1816299582,0.13383158,0.1558294723,0.1436015992,0.2496394236
ewma,2022-06-16,0.1374733193,0.1770900504,0.1328328458,0.1623330551,0.1438044578,0.2464662717
ewma,2022-06-24,0.1415803923,0.1809281774,0.1356235244,0.1644954928,0.1509429484,0.2264294645
ewma,2022-07-01,0.1456672858,0.1732121543,0.1383053819,0.1662091758,0.152565381,0.2240406213
ewma,2022-07-11,0.1479175633,0.1828905663,0.1363086076,0.1661625087,0.1556794715,0.2110412825
ewma,2022-07-18,0.1499882685,0.1824926305,0.1444868945,0.161232581,0.1394566807,0.2223429449
ewma,2022-07-25,0.1472019345,0.1894574886,0.159251578,0.1500653609,0.137614273,0.2164093651
ewma,2022-08-01,0.1554004819,0.1628564425,0.1597101611,0.1625003092,0.1601905962,0.1993420091
ewma,2022-08-08,0.1590204903,0.1604443455,0.1543723317,0.1582692902,0.1637000592,0.2041934831
ewma,2022-08-15,0.1460711335,0.1709567534,0.1504940611,0.159619087,0.1583396748,0.21451929
ewma,2022-08-22,0.1381016279,0.1705274996,0.1622954836,0.1608426431,0.1536798374,0.2145529084
ewma,2022-08-29,0.122278006,0.1704031212,0.1856254727,0.1638179066,0.161049704,0.1968257895
ewma,2022-09-06,0.1259985518,0.1759842508,0.18329061,0.159743104,0.1577460573,0.197237426
ewma,2022-09-13,0.1297958735,0.1704696062,0.1988197464,0.1464749935,0.1524649548,0.2019748255
ewma,2022-09-20,0.1323590719,0.1694465961,0.1926691663,0.1509359188,0.1512435026,0.2033457442
ewma,2022-09-27,0.1417794191,0.1684663821,0.1704121969,0.1570802199,0.1468368061,0.2154249758
ewma,2022-10-04,0.1418000007,0.1659560128,0.1804642172,0.1612222356,0.1436313943,0.2069261394
ewma,2022-10-11,0.1376720352,0.1714933999,0.1651152124,0.164346803,0.130673812,0.2306987375
ewma,2022-10-18,0.1362505076,0.1651832054,0.1454271055,0.1710796557,0.1411312846,0.2409282414
ewma,2022-10-25,0.134877667,0.1815794903,0.1332746527,0.1682825306,0.1240360619,0.2579495975
ewma,2022-11-01,0.1724635722,0.1849393426,0.178427633,0.110087393,0.1558054953,0.1982765639
ewma,2022-11-08,0.1800263719,0.1762739462,0.1848596601,0.1139105691,0.1596157928,0.1853136599
ewma,2022-11-15,0.1409391141,0.1526335355,0.1877034358,0.1460209261,0.1736513644,0.1990516241
ewma,2022-11-22,0.13983495,0.1570465589,0.1713673676,0.1494268561,0.1742309535,0.2080933139
ewma,2022-11-30,0.1397645387,0.1831880886,0.1582892835,0.1510520822,0.1647183849,0.2029876221
ewma,2022-12-07,0.1425783399,0.1832774403,0.1557151093,0.146753498,0.1643042205,0.207371392
ewma,2022-12-14,0.1376504203,0.1816772141,0.1608988354,0.1444967241,0.1642280419,0.2110487642
ewma,2022-12-21,0.1384532736,0.1809819806,0.1812303044,0.1487082299,0.1431316061,0.2074946054
ewma,2022-12-29,0.129526379,0.192792617,0.1266340143,0.1699322339,0.1572490455,0.2238657103
ewma,2023-01-06,0.123906344,0.1899958937,0.1204293067,0.171739681,0.1584265869,0.2355021878
ewma,2023-01-13,0.1252401294,0.1661460657,0.1201772182,0.1836350996,0.1746312611,0.230170226
ewma,2023-01-23,0.1161531519,0.1948279716,0.1168531515,0.2078393215,0.1478203237,0.2165060798
ewma,2023-01-30,0.1194839464,0.1975331892,0.09231012862,0.1885889938,0.1909906062,0.2110931359
ewma,2023-02-06,0.1412841466,0.1643008297,0.1246558482,0.1074610588,0.2680959025,0.1942022141
ewma,2023-02-13,0.1396717861,0.1796412062,0.1390649577,0.1099328534,0.2513827148,0.1803064818
ewma,2023-02-21,0.1379578248,0.1832287728,0.1274697031,0.1257344891,0.2374185476,0.1881906625
ewma,2023-02-28,0.1294913498,0.1833015532,0.1245434704,0.1316182725,0.2410831379,0.1899622162
ewma,2023-03-07,0.1320900567,0.1792444799,0.1223249597,0.1275009607,0.2351909834,0.2036485598
ewma,2023-03-14,0.1311067209,0.1870107765,0.1229542068,0.1240526393,0.2344180774,0.2004575792
ewma,2023-03-21,0.1446128124,0.1760014631,0.1214207773,0.1310107383,0.2424566562,0.1844975526
ewma,2023-03-28,0.1588523697,0.2010422425,0.1353405934,0.1407873824,0.179396224,0.1845811879
ewma,2023-04-04,0.1673213318,0.194290609,0.1201892554,0.1474331082,0.1781607934,0.1926049021
ewma,2023-04-12,0.1590472223,0.1815836028,0.1230513886,0.1567238264,0.1821552993,0.1974386606
ewma,2023-04-19,0.1929734904,0.1744458619,0.1269215222,0.1565929639,0.1602940148,0.1887721468
ewma,2023-04-26,0.1700074864,0.1652814324,0.1194022958,0.1566826163,0.1776930238,0.2109331452
ewma,2023-05-03,0.2013278668,0.1712639287,0.1264679729,0.09922149052,0.2008228477,0.2008958935
ewma,2023-05-10,0.1872517076,0.1734706529,0.1253812721,0.1211984573,0.2095282432,0.1831696669
ewma,2023-05-17,0.195195877,0.1687819509,0.1181021366,0.1370656551,0.2004832789,0.1803711015
ewma,2023-05-24,0.1731924134,0.1925802746,0.1393143076,0.1600840933,0.1391521159,0.1956767952
ewma,2023-06-01,0.09096503163,0.19961289,0.1427390794,0.1768478625,0.149641222,0.2401939143
ewma,2023-06-08,0.09543661352,0.1719785786,0.1601592263,0.1809394082,0.1691150527,0.2223711206
ewma,2023-06-15,0.09651727619,0.1756771331,0.1537758956,0.1820348367,0.1636062769,0.2283885816
ewma,2023-06-23,0.106917981,0.1779189999,0.1288480074,0.2028785513,0.1722200468,0.2112164136
ewma,2023-06-30,0.1119842414,0.1977812311,0.1196628221,0.1747468811,0.1851777362,0.2106470882
ewma,2023-07-10,0.1198354491,0.1923645924,0.1141485264,0.1851542873,0.1952747901,0.1932223547
ewma,2023-07-17,0.1145563127,0.1961165369,0.1304284292,0.1849864946,0.1989413939,0.1749708328
ewma,2023-07-24,0.137124651,0.2093055091,0.1065537432,0.1745866846,0.134174761,0.2382546511
ewma,2023-07-31,0.1549031493,0.2084873443,0.1112254555,0.1668994262,0.1403825787,0.218102046
ewma,2023-08-07,0.146410357,0.1770866077,0.1305328834,0.1810251788,0.153867432,0.2110775411
ewma,2023-08-14,0.1130917542,0.1848591049,0.1438089781,0.1751683613,0.1570380816,0.22603372
ewma,2023-08-21,0.108709274,0.190333876,0.11355521,0.1602565287,0.1721315761,0.2550135352
ewma,2023-08-28,0.1273850838,0.1965131441,0.1237802136,0.1622434779,0.1492832483,0.2407948322
ewma,2023-09-05,0.126886178,0.2143238923,0.1003932629,0.1682124299,0.1561379933,0.2340462436
ewma,2023-09-12,0.1409061337,0.1944278809,0.08779361246,0.1607333721,0.1654868766,0.2506521243
ewma,2023-09-19,0.1326459187,0.1743955335,0.09488316949,0.1512486008,0.1766223886,0.2702043889
ewma,2023-09-26,0.1441472739,0.1487693791,0.113083518,0.1834183228,0.1942086687,0.2163728374
ewma,2023-10-03,0.1380435243,0.1440199976,0.1213457699,0.1745258587,0.2164234582,0.2056413913
ewma,2023-10-10,0.1490980713,0.1505036225,0.1233111019,0.1676290783,0.2093177775,0.2001403485
ewma,2023-10-17,0.1333619595,0.1556372244,0.1295455253,0.1604308188,0.2106294057,0.2103950663
ewma,2023-10-24,0.1295208065,0.158629252,0.137377756,0.1850322771,0.1628715063,0.2265684021
ewma,2023-10-31,0.141917293,0.1411412426,0.1916839096,0.1675627507,0.209941504,0.1477533001
ewma,2023-11-07,0.1346646134,0.1482901768,0.175105737,0.173349243,0.2102882257,0.1583020041
ewma,2023-11-14,0.1459436095,0.1538447938,0.1429701485,0.1783070646,0.2093809246,0.169553459
ewma,2023-11-21,0.1434155254,0.1563937117,0.1457806247,0.1765639819,0.2054371251,0.1724090311
ewma,2023-11-29,0.149425321,0.1659029688,0.1419645646,0.165823111,0.2090160641,0.1678679705
ewma,2023-12-06,0.1324526117,0.1755294853,0.151929727,0.1807762752,0.1923102222,0.1670016786
ewma,2023-12-13,0.1326652343,0.1848533282,0.1650474678,0.1634173303,0.1996824991,0.1543341403
ewma,2023-12-20,0.1332706102,0.1780498234,0.1646743338,0.1631476907,0.1842784664,0.1765790755
ewma,2023-12-28,0.1353770379,0.1833321336,0.1464852692,0.1662485554,0.1865499194,0.1820070846
ewma,2024-01-05,0.1356948425,0.1758456899,0.1507301624,0.1628230523,0.1751670769,0.1997391759
ewma,2024-01-12,0.1082610559,0.1686497674,0.1670912603,0.1657267431,0.1894612939,0.2008098795
ewma,2024-01-22,0.1088209631,0.1656298615,0.1783029051,0.1557993979,0.2036323435,0.1878145289
ewma,2024-01-29,0.1217418415,0.2042476922,0.140823516,0.1748263968,0.1281262872,0.2302342663
ewma,2024-02-05,0.1524227171,0.1389618628,0.2017170752,0.07592847727,0.2327991981,0.1981706695
ewma,2024-02-12,0.1465331055,0.1380721302,0.1912820276,0.08556552639,0.2439145599,0.1946326504
ewma,2024-02-20,0.1458528014,0.1541300988,0.1670047752,0.09474469856,0.2016445144,0.2366231116
ewma,2024-02-27,0.08615232181,0.1640787446,0.1861884824,0.1045108801,0.2037104093,0.2553591618
ewma,2024-03-05,0.1117163303,0.1741919715,0.1574639575,0.1160840956,0.1927027613,0.2478408837
ewma,2024-03-12,0.0935851893,0.1710391808,0.168677034,0.1113262972,0.1935016886,0.2618706101
ewma,2024-03-19,0.1096033945,0.205687774,0.1422006481,0.1176159219,0.2033607436,0.221531518
ewma,2024-03-26,0.110784045,0.2073336683,0.144745493,0.1192559045,0.2032990935,0.2145817956
ewma,2024-04-03,0.1164645565,0.2253591226,0.1376749082,0.1238953315,0.1834845942,0.2131214869
ewma,2024-04-10,0.1171729752,0.2087946696,0.1708012691,0.138858851,0.1690348695,0.1953373656
ewma,2024-04-17,0.1088313337,0.2072625629,0.1474220289,0.1497755465,0.1727055048,0.2140030232
ewma,2024-04-24,0.09125907128,0.2263251707,0.1511942696,0.1541151368,0.1166649696,0.260441382
ledoit_wolf,2016-01-04,0.1957434852,0.1693445369,0.1494495624,0.187151872,0.1236483554,0.174662188
ledoit_wolf,2016-01-11,0.1917975727,0.1691072033,0.1533227746,0.1857692732,0.1243727024,0.1756304739
ledoit_wolf,2016-01-19,0.1813388938,0.160524526,0.1518599877,0.1808131104,0.1262592943,0.1992041878
ledoit_wolf,2016-01-26,0.1807987687,0.1616242124,0.1524326567,0.1808361053,0.1278072704,0.1965009865
ledoit_wolf,2016-02-02,0.1916817874,0.1565452317,0.1574389399,0.1624933854,0.1301772635,0.2016633922
ledoit_wolf,2016-02-09,0.1936048116,0.1547025114,0.1537601068,0.1610768974,0.1329881615,0.2038675114
ledoit_wolf,2016-02-17,0.1922486656,0.1555566781,0.1495867486,0.1627536858,0.1323915936,0.2074626283
ledoit_wolf,2016-02-24,0.1903693377,0.1531073175,0.1461193916,0.1640216938,0.1363128804,0.210069379
ledoit_wolf,2016-03-02,0.1927310065,0.151802708,0.1450011322,0.1597581878,0.1377939749,0.2129129906
ledoit_wolf,2016-03-09,0.197363913,0.1515946488,0.1461181498,0.156911151,0.1354489102,0.2125632272
ledoit_wolf,2016-03-16,0.1965418003,0.1520163082,0.144642522,0.1567458488,0.1366898123,0.2133637084
ledoit_wolf,2016-03-23,0.1964603628,0.1522710449,0.1435929828,0.1567643438,0.1369726011,0.2139386645
ledoit_wolf,2016-03-31,0.1939467382,0.152346319,0.1441134939,0.1577338783,0.1369847223,0.2148748484
ledoit_wolf,2016-04-07,0.1960584205,0.1517744576,0.1400575933,0.1574803461,0.1386633495,0.215965833
ledoit_wolf,2016-04-14,0.1963614712,0.1517061938,0.1399854465,0.1575337071,0.1380605444,0.2163526371
ledoit_wolf,2016-04-21,0.1944839401,0.1526329854,0.1428520582,0.1612788808,0.1298236886,0.2189284469
ledoit_wolf,2016-04-28,0.1930567577,0.1550435849,0.1416286444,0.1612359306,0.1296963401,0.2193387423
ledoit_wolf,2016-05-05,0.194180712,0.1510234015,0.1411454074,0.162898599,0.1290339387,0.2217179413
ledoit_wolf,2016-05-12,0.2030926144,0.1482074547,0.1454257159,0.1591441707,0.1268364074,0.217293637
ledoit_wolf,2016-05-19,0.1847979881,0.151300268,0.1486240014,0.1623164251,0.1337107631,0.2192505542
ledoit_wolf,2016-05-26,0.1841527769,0.1524783531,0.147772879,0.1629238317,0.1328110061,0.2198611533
ledoit_wolf,2016-06-03,0.1834191808,0.1517741471,0.1493106911,0.1630536472,0.131487611,0.2209547229
ledoit_wolf,2016-06-10,0.186073953,0.1519720852,0.14366336,0.1636730898,0.1329345085,0.2216830036
ledoit_wolf,2016-06-17,0.182043743,0.1531947398,0.1475443144,0.1644521466,0.1338716384,0.2188934178
ledoit_wolf,2016-06-24,0.1792826809,0.1537049557,0.1455077786,0.1671802012,0.1356215786,0.218702805
ledoit_wolf,2016-07-01,0.1806796786,0.1551612313,0.1449319825,0.1660420982,0.1323601634,0.220824846
ledoit_wolf,2016-07-11,0.1790442481,0.1582147488,0.1460382981,0.1665593961,0.1320359252,0.2181073836
ledoit_wolf,2016-07-18,0.1795155309,0.1616341402,0.1417462162,0.1660094843,0.13527759,0.2158170385
ledoit_wolf,2016-07-25,0.1782791053,0.16434994,0.1409065462,0.1686707152,0.1283583508,0.2194353425
ledoit_wolf,2016-08-01,0.1589312987,0.1683574854,0.1294251091,0.2020709769,0.1232005753,0.2180145546
ledoit_wolf,2016-08-08,0.1621291044,0.1757675715,0.1408393067,0.2069894733,0.112835173,0.2014393711
ledoit_wolf,2016-08-15,0.1614493931,0.178587853,0.1418937458,0.2040991752,0.1116708973,0.2022989357
ledoit_wolf,2016-08-22,0.1527054049,0.1800860587,0.1538585565,0.2065846475,0.113072767,0.1936925654
ledoit_wolf,2016-08-29,0.1519941983,0.1818385517,0.1462172611,0.2073216477,0.1161142757,0.1965140654
ledoit_wolf,2016-09-06,0.1533215358,0.1823561458,0.1398235835,0.2068223853,0.1191743484,0.1985020012
ledoit_wolf,2016-09-13,0.146498153,0.1796004672,0.144319717,0.2092871066,0.1175416816,0.2027528746
ledoit_wolf,2016-09-20,0.1470493692,0.1776932386,0.1441208202,0.2109874463,0.1175151353,0.2026339904
ledoit_wolf,2016-09-27,0.1442677942,0.1762630395,0.1475027591,0.2125272647,0.1185529622,0.2008861803
ledoit_wolf,2016-10-04,0.1432687051,0.177415307,0.1445944607,0.2162457019,0.1163695681,0.2021062572
ledoit_wolf,2016-10-11,0.1413829961,0.177497281,0.1452058124,0.2172259688,0.1167031914,0.2019847503
ledoit_wolf,2016-10-18,0.1468134258,0.1826606185,0.1484197117,0.2089437959,0.112341927,0.2008205211
ledoit_wolf,2016-10-25,0.1437935613,0.1827240521,0.1418931539,0.2110746879,0.1104563405,0.2100582043
ledoit_wolf,2016-11-01,0.1383467524,0.1918299595,0.1395597121,0.2112402666,0.1088181252,0.2102051842
ledoit_wolf,2016-11-08,0.1364432771,0.1930508851,0.1459062765,0.2039393288,0.1139333844,0.2067268481
ledoit_wolf,2016-11-15,0.1311398377,0.1836905927,0.1598121998,0.1938668605,0.1383385411,0.1931519682
ledoit_wolf,2016-11-22,0.1314793392,0.1825730135,0.1598821387,0.1923340957,0.1397738527,0.1939575602
ledoit_wolf,2016-11-30,0.131466002,0.1819857335,0.1608514005,0.1918642882,0.1408668525,0.1929657233
ledoit_wolf,2016-12-07,0.1276209634,0.1837584451,0.1580265832,0.1931486579,0.1416800359,0.1957653145
ledoit_wolf,2016-12-14,0.1265002416,0.1828490937,0.1592267015,0.1928025455,0.1426702852,0.1959511324
ledoit_wolf,2016-12-21,0.1248604722,0.1822039715,0.1642156934,0.1917173608,0.1416869605,0.1953155416
ledoit_wolf,2016-12-29,0.1206297532,0.1835517229,0.1602098258,0.1948864269,0.1418488605,0.1988734107
ledoit_wolf,2017-01-06,0.1211568589,0.1828733057,0.1593477007,0.1931078427,0.1436876863,0.1998266057
ledoit_wolf,2017-01-13,0.1210641004,0.1839508517,0.1588969461,0.192883601,0.1416686244,0.2015358763
ledoit_wolf,2017-01-23,0.1189584775,0.1808338131,0.1592337031,0.1920981326,0.1476503187,0.2012255549
ledoit_wolf,2017-01-30,0.1183213634,0.1808609927,0.1601086574,0.1918598031,0.1475337565,0.2013154268
ledoit_wolf,2017-02-06,0.1173724024,0.1800534665,0.1599729779,0.1915266307,0.1491553661,0.2019191563
ledoit_wolf,2017-02-13,0.1190012204,0.1794466966,0.1603736355,0.1904135114,0.150141009,0.2006239272
ledoit_wolf,2017-02-21,0.1182134609,0.1797432023,0.1587117635,0.1913521297,0.1504144097,0.201565034
ledoit_wolf,2017-02-28,0.11247889,0.1824166408,0.1537702079,0.1945353709,0.1500996831,0.2066992072
ledoit_wolf,2017-03-07,0.1109713028,0.1824417225,0.1561909517,0.1945626013,0.1491526858,0.206680736
ledoit_wolf,2017-03-14,0.1117397377,0.183724058,0.1551026616,0.1945705529,0.1507333005,0.2041296893
ledoit_wolf,2017-03-21,0.1110549118,0.1846453273,0.1531886671,0.1955930891,0.1515520092,0.2039659955
ledoit_wolf,2017-03-28,0.1112266155,0.1854052813,0.1508473423,0.1957493279,0.151553863,0.2052175699
ledoit_wolf,2017-04-04,0.1101531564,0.1861106546,0.1498496807,0.1960230412,0.15397418,0.2038892871
ledoit_wolf,2017-04-11,0.1104000539,0.1859562665,0.1504456305,0.1956148038,0.1540265999,0.2035566454
ledoit_wolf,2017-04-19,0.1098962845,0.1860580778,0.1515871372,0.1960495968,0.1533025192,0.2031063844
ledoit_wolf,2017-04-26,0.1003058717,0.1811448077,0.1449768583,0.1915875728,0.1802077539,0.2017771355
ledoit_wolf,2017-05-03,0.100268102,0.1836037502,0.1441351919,0.1902283198,0.1801362388,0.2016283972
ledoit_wolf,2017-05-10,0.09143673944,0.1880180279,0.1377344143,0.1975318557,0.1773524087,0.2079265539
ledoit_wolf,2017-05-17,0.08989276506,0.1965525654,0.1258517028,0.1932953413,0.1727783835,0.221629242
ledoit_wolf,2017-05-24,0.08633052669,0.2015031315,0.1205351982,0.1960094524,0.1689163092,0.226705382
ledoit_wolf,2017-06-01,0.08732813994,0.2048570837,0.1214460658,0.1956587789,0.1662579624,0.2244519693
ledoit_wolf,2017-06-08,0.08587634238,0.2062413232,0.1207388125,0.2019687703,0.1581288859,0.2270458657
ledoit_wolf,2017-06-15,0.08962163281,0.2052263954,0.1258790122,0.2041917388,0.151291136,0.2237900848
ledoit_wolf,2017-06-22,0.09031747477,0.205650024,0.1289124282,0.2021741983,0.1508309553,0.2221149195
ledoit_wolf,2017-06-29,0.09652106543,0.2081524511,0.1272696814,0.2035005029,0.151588405,0.2129678941
ledoit_wolf,2017-07-07,0.09448117141,0.2111667256,0.1260065819,0.2039702284,0.1517282454,0.2126470472
ledoit_wolf,2017-07-14,0.09265457206,0.2134344642,0.126301743,0.205518171,0.1476656979,0.2144253518
ledoit_wolf,2017-07-21,0.09817355389,0.2165525805,0.1306027454,0.2067818342,0.1317272065,0.2161620795
ledoit_wolf,2017-07-28,0.09784263951,0.2169542269,0.1284845378,0.2138875641,0.1291846347,0.213646397
ledoit_wolf,2017-08-04,0.09960817155,0.2162077877,0.1249479925,0.2144001639,0.1291692453,0.215666639
ledoit_wolf,2017-08-11,0.09948495118,0.2135659467,0.1273478618,0.2141030516,0.1281815476,0.2173166411
ledoit_wolf,2017-08-18,0.09748534811,0.2126058385,0.128202981,0.2131947928,0.1305335936,0.217977446
ledoit_wolf,2017-08-25,0.1023856017,0.2110637792,0.1327696002,0.2119491118,0.1296321552,0.2121997518
ledoit_wolf,2017-09-01,0.1046145816,0.209506831,0.1315272126,0.2121932299,0.1294922472,0.2126658976
ledoit_wolf,2017-09-11,0.1046203226,0.2083788903,0.1283338472,0.2121594035,0.1305337931,0.2159737432
ledoit_wolf,2017-09-18,0.1042773587,0.2078049917,0.1299706617,0.211546575,0.1306656597,0.2157347532
ledoit_wolf,2017-09-25,0.1039520781,0.208658832,0.1325098898,0.2014820195,0.1299279384,0.2234692423
ledoit_wolf,2017-10-02,0.1027214435,0.2104578869,0.1378557899,0.1987172753,0.1287629646,0.2214846398
ledoit_wolf,2017-10-09,0.1057275528,0.2090371338,0.1384289879,0.1994620093,0.1261927636,0.2211515526
ledoit_wolf,2017-10-16,0.1061533856,0.210342167,0.1375745455,0.1990808557,0.1269883882,0.2198606579
ledoit_wolf,2017-10-23,0.1072260962,0.207227572,0.136496535,0.1976099371,0.1305323179,0.2209075418
ledoit_wolf,2017-10-30,0.1132355738,0.172715838,0.1528468172,0.1989852315,0.1398151593,0.2224013803
ledoit_wolf,2017-11-06,0.1133833986,0.1733125527,0.1512069729,0.1981885593,0.1414783818,0.2224301347
ledoit_wolf,2017-11-13,0.1230694816,0.1708053005,0.1487043886,0.1960352763,0.1398428748,0.2215426781
ledoit_wolf,2017-11-20,0.1287535175,0.1676516144,0.1490181532,0.198303693,0.138579069,0.2176939529
ledoit_wolf,2017-11-28,0.1288975466,0.1665930813,0.1500873987,0.197056279,0.140204097,0.2171615973
ledoit_wolf,2017-12-05,0.1228189793,0.1683771679,0.1555726447,0.1922287329,0.1391802548,0.2218222204
ledoit_wolf,2017-12-12,0.1274769045,0.1661724906,0.1543717364,0.1901718019,0.1411773041,0.2206297625
ledoit_wolf,2017-12-19,0.1267537651,0.166927054,0.1529083168,0.1909131784,0.1413005484,0.2211971372
ledoit_wolf,2017-12-27,0.1279103472,0.1641622931,0.1536802242,0.1895571038,0.1421990637,0.222490968
ledoit_wolf,2018-01-04,0.1257803095,0.1643251571,0.1590691938,0.1869551079,0.1388100914,0.2250601403
ledoit_wolf,2018-01-11,0.129603455,0.1619863328,0.1542266424,0.1894217194,0.1395088766,0.2252529737
ledoit_wolf,2018-01-19,0.1237177485,0.1562745228,0.1530313383,0.1854447279,0.1603367909,0.2211948716
ledoit_wolf,2018-01-26,0.1260214964,0.1551303279,0.1619107996,0.1785545286,0.1479081169,0.2304747306
ledoit_wolf,2018-02-02,0.1234156627,0.1604161614,0.1650167224,0.1853211735,0.1471025176,0.2187277623
ledoit_wolf,2018-02-09,0.1226157428,0.1703299631,0.1688194677,0.1830015543,0.1515570482,0.2036762238
ledoit_wolf,2018-02-16,0.1273990168,0.1694473899,0.1698997681,0.1834506112,0.1461005527,0.2037026613
ledoit_wolf,2018-02-26,0.1290171288,0.1701114799,0.1702197652,0.1813701139,0.1448608734,0.2044206388
ledoit_wolf,2018-03-05,0.129035948,0.1733987272,0.1694338876,0.1817792833,0.1459456171,0.2004065368
ledoit_wolf,2018-03-12,0.1297996554,0.1746436702,0.1705623877,0.1813672049,0.1449905022,0.1986365796
ledoit_wolf,2018-03-19,0.1325645108,0.1761646917,0.1760000034,0.1738884971,0.1476416197,0.1937406773
ledoit_wolf,2018-03-26,0.1322964881,0.1735884856,0.183250335,0.1766177166,0.1445696782,0.1896772965
ledoit_wolf,2018-04-03,0.1340318775,0.1736615268,0.1620241833,0.1886570084,0.1442362281,0.1973891758
ledoit_wolf,2018-04-10,0.1342962791,0.1734757651,0.1533978401,0.1872348542,0.1495844794,0.2020107821
ledoit_wolf,2018-04-17,0.1352059863,0.1719191632,0.1586169688,0.1887442161,0.1442989539,0.2012147116
ledoit_wolf,2018-04-24,0.138277878,0.1707078036,0.1609740391,0.1882981193,0.1438011139,0.1979410461
ledoit_wolf,2018-05-01,0.1356301845,0.1873595339,0.1549588419,0.1787608104,0.1419576442,0.201332985
ledoit_wolf,2018-05-08,0.1351898241,0.1892402973,0.1557497924,0.1798415615,0.1404560627,0.199522462
ledoit_wolf,2018-05-15,0.1346873231,0.18984183,0.1552121104,0.1801112179,0.1420588603,0.1980886583
ledoit_wolf,2018-05-22,0.1353164537,0.1904946111,0.1532874998,0.1803827402,0.1426953641,0.1978233311
ledoit_wolf,2018-05-30,0.1346212906,0.1915142729,0.1537321715,0.1806385128,0.141211551,0.1982822012
ledoit_wolf,2018-06-06,0.1396868976,0.1934244462,0.1474081758,0.1834565366,0.1427010235,0.1933229203
ledoit_wolf,2018-06-13,0.140274116,0.1938451871,0.1471772425,0.1838349612,0.1411348242,0.193733669
ledoit_wolf,2018-06-20,0.142296861,0.1955973125,0.1439621853,0.1825052081,0.1411403085,0.1944981245
ledoit_wolf,2018-06-27,0.140046658,0.1938567537,0.1467486017,0.1844567051,0.1379637737,0.1969275076
ledoit_wolf,2018-07-05,0.1422447849,0.1945610122,0.1436562122,0.1841012414,0.1394989445,0.1959378049
ledoit_wolf,2018-07-12,0.1426255119,0.194221128,0.1459873066,0.1828462302,0.1398731376,0.1944466857
ledoit_wolf,2018-07-19,0.1429257503,0.1942238715,0.1455113485,0.1832686098,0.1400386574,0.1940317625
ledoit_wolf,2018-07-26,0.1489706705,0.1935385181,0.1458971123,0.1619982215,0.150511828,0.1990836496
ledoit_wolf,2018-08-02,0.1525990217,0.1986874427,0.1358917129,0.1609467394,0.1507613983,0.2011136849
ledoit_wolf,2018-08-09,0.1587408056,0.1964398454,0.1282460509,0.1583833787,0.1499687584,0.2082211609
ledoit_wolf,2018-08-16,0.162765765,0.1947967967,0.1261492662,0.1574773468,0.1500423583,0.2087684669
ledoit_wolf,2018-08-23,0.1587384976,0.1977134282,0.1224478487,0.1601695652,0.1489531562,0.211977504
ledoit_wolf,2018-08-30,0.1591194506,0.1959513023,0.1239264289,0.1596427944,0.146786638,0.2145733857
ledoit_wolf,2018-09-07,0.1596679317,0.1963424925,0.1208813477,0.1589018596,0.1480854079,0.2161209606
ledoit_wolf,2018-09-14,0.1596979953,0.1966289258,0.1201280298,0.1583306421,0.1473823952,0.2178320117
ledoit_wolf,2018-09-21,0.1630721434,0.1944208064,0.1179272793,0.1612522017,0.1424156411,0.220911928
ledoit_wolf,2018-09-28,0.1797754319,0.1978977809,0.1126223766,0.1484474255,0.1458177683,0.2154392169
ledoit_wolf,2018-10-05,0.1744258439,0.2052520102,0.1069675694,0.1515414843,0.1437914449,0.2180216473
ledoit_wolf,2018-10-12,0.1707210745,0.1949529864,0.1143661481,0.1642111636,0.1384490536,0.2172995739
ledoit_wolf,2018-10-19,0.1649552269,0.1971469079,0.1121738484,0.1640884997,0.1415679163,0.2200676007
ledoit_wolf,2018-10-26,0.1578613337,0.1845386126,0.1179895797,0.1786334987,0.1398010905,0.2211758848
ledoit_wolf,2018-11-02,0.1522938395,0.1787139938,0.1276975735,0.1818798495,0.1387514393,0.2206633044
ledoit_wolf,2018-11-09,0.1557645204,0.172976279,0.1300734735,0.1844127949,0.1368041944,0.2199687379
ledoit_wolf,2018-11-16,0.1382059043,0.1742962138,0.133810974,0.1866193197,0.1409876921,0.226079896
ledoit_wolf,2018-11-26,0.132648703,0.1722360074,0.1373377892,0.1846906178,0.1458700528,0.2272168298
ledoit_wolf,2018-12-03,0.1320241394,0.166956791,0.1392332386,0.1874003297,0.1452484345,0.2291370668
ledoit_wolf,2018-12-11,0.1290333568,0.164441551,0.1470285241,0.190704974,0.1431402301,0.2256513639
ledoit_wolf,2018-12-18,0.1301411755,0.1612074621,0.1487938186,0.1914521117,0.1433698582,0.2250355739
ledoit_wolf,2018-12-26,0.1374174303,0.1571833074,0.1489319046,0.1841756289,0.1467059482,0.2255857806
ledoit_wolf,2019-01-03,0.1361800857,0.1561821057,0.1495944004,0.1840881079,0.1482115275,0.2257437727
ledoit_wolf,2019-01-10,0.1360007582,0.1567477258,0.148837802,0.1867414148,0.1436366336,0.2280356656
ledoit_wolf,2019-01-17,0.1379535887,0.1569470434,0.1489531432,0.1878560734,0.1402164084,0.228073743
ledoit_wolf,2019-01-25,0.137003883,0.1578148698,0.1472102948,0.1887289975,0.1385218698,0.2307200852
ledoit_wolf,2019-02-01,0.1289673253,0.1556575403,0.1499488687,0.196970804,0.1414165752,0.2270388866
ledoit_wolf,2019-02-08,0.1276290883,0.1549078044,0.1594670019,0.196099528,0.1389067407,0.2229898366
ledoit_wolf,2019-02-15,0.1270204176,0.1543350473,0.1605122562,0.1971493521,0.1383642749,0.2226186519
ledoit_wolf,2019-02-25,0.1282920702,0.1532771107,0.1633234704,0.1956300983,0.1390286816,0.2204485688
ledoit_wolf,2019-03-04,0.1284878689,0.1529606205,0.1617085715,0.1954428368,0.1401073664,0.2212927358
ledoit_wolf,2019-03-11,0.1258921912,0.151642277,0.1628795163,0.1976113714,0.1413614129,0.2206132313
ledoit_wolf,2019-03-18,0.1255216857,0.1520400581,0.1646590095,0.1958156155,0.1412555296,0.2207081017
ledoit_wolf,2019-03-25,0.1249008697,0.1521704057,0.1647595719,0.1971306113,0.140771979,0.2202665624
ledoit_wolf,2019-04-01,0.124576064,0.152396733,0.1638578257,0.197789701,0.1409114844,0.2204681918
ledoit_wolf,2019-04-08,0.1208634362,0.1489881948,0.1778884897,0.1955868588,0.1392714958,0.2174015248
ledoit_wolf,2019-04-15,0.1208944925,0.1484595602,0.1793655371,0.1930778427,0.1412950858,0.2169074818
ledoit_wolf,2019-04-23,0.1201582665,0.1478576404,0.1816157152,0.1906534725,0.142158915,0.2175559904
ledoit_wolf,2019-04-30,0.1194144665,0.148933365,0.1858145431,0.1885162424,0.1444974613,0.2128239218
ledoit_wolf,2019-05-07,0.1222544867,0.1546468606,0.1709043516,0.1881735808,0.1490115088,0.2150092116
ledoit_wolf,2019-05-14,0.1203150973,0.1576011779,0.1671358542,0.1862163717,0.1499921035,0.2187393954
ledoit_wolf,2019-05-21,0.1235444894,0.1596605498,0.1661493905,0.1846682228,0.1505506718,0.2154266757
ledoit_wolf,2019-05-29,0.1359245188,0.1574653095,0.1569473819,0.1877819925,0.1495694443,0.212311353
ledoit_wolf,2019-06-05,0.1395648171,0.1637135477,0.1561507418,0.1800099074,0.1494451642,0.2111158218
ledoit_wolf,2019-06-12,0.1443969325,0.1673045793,0.1461894689,0.1736511558,0.155157767,0.2133000965
ledoit_wolf,2019-06-19,0.1420988118,0.1718640246,0.1451892891,0.1715354019,0.1550706498,0.2142418226
ledoit_wolf,2019-06-26,0.1426462872,0.1763896599,0.1397746248,0.17820083,0.1573310667,0.2056575313
ledoit_wolf,2019-07-03,0.1324341587,0.1860130292,0.1411758331,0.1798462124,0.1557586909,0.2047720757
ledoit_wolf,2019-07-11,0.1332021451,0.1870214721,0.1400712139,0.1740803483,0.1643069354,0.2013178852
ledoit_wolf,2019-07-18,0.130632619,0.1885850355,0.1415120744,0.1718519426,0.1630033252,0.2044150033
ledoit_wolf,2019-07-25,0.1301609687,0.1895635545,0.13757433,0.1677224676,0.1714536535,0.2035250258
ledoit_wolf,2019-08-01,0.1423070725,0.1971765064,0.1277976262,0.1855380228,0.1610079617,0.1861728104
ledoit_wolf,2019-08-08,0.1382452582,0.1990858749,0.1310885311,0.1835267092,0.1623079753,0.1857456514
ledoit_wolf,2019-08-15,0.1389491875,0.1998535714,0.1278726411,0.1779518634,0.1669096934,0.1884630433
ledoit_wolf,2019-08-22,0.1315353373,0.2018705309,0.1296040295,0.1810948189,0.165356354,0.1905389295
ledoit_wolf,2019-08-29,0.1289033369,0.2018228402,0.129567409,0.1824512884,0.1677647372,0.1894903884
ledoit_wolf,2019-09-06,0.1258976693,0.2054818799,0.128765341,0.1820326709,0.1694335727,0.1883888663
ledoit_wolf,2019-09-13,0.129984727,0.2070034446,0.1267306429,0.1802434907,0.1688231027,0.1872145921
ledoit_wolf,2019-09-20,0.1298274723,0.2077855959,0.125554817,0.1799715576,0.1684181559,0.1884424012
ledoit_wolf,2019-09-27,0.1319725973,0.2087194784,0.1232672013,0.1807106693,0.1649146513,0.1904154025
ledoit_wolf,2019-10-04,0.1309897314,0.2084590454,0.1278113757,0.1786177828,0.1658301272,0.1882919375
ledoit_wolf,2019-10-11,0.1298425185,0.2091110294,0.1291192252,0.1781736604,0.1654651306,0.188288436
ledoit_wolf,2019-10-18,0.1296138099,0.2096281294,0.1290762042,0.1761083204,0.1661633914,0.1894101446
ledoit_wolf,2019-10-25,0.1312207858,0.2132202352,0.1192875674,0.1766423485,0.1650508966,0.1945781665
ledoit_wolf,2019-11-01,0.1278843736,0.2141329728,0.120012097,0.1759275596,0.1620540474,0.1999889497
ledoit_wolf,2019-11-08,0.1295588499,0.2155603781,0.1207145177,0.1761769471,0.1612259071,0.1967634002
ledoit_wolf,2019-11-15,0.1281541282,0.2156869993,0.1222181334,0.1746963451,0.159247055,0.199997339
ledoit_wolf,2019-11-22,0.1292959591,0.2164819088,0.1207980202,0.1752595299,0.1581233965,0.2000411856
ledoit_wolf,2019-12-02,0.1218881273,0.2180342752,0.1199927166,0.1834350359,0.1523916052,0.2042582398
ledoit_wolf,2019-12-09,0.120723868,0.223169036,0.1198135108,0.1842119081,0.1479505163,0.2041311608
ledoit_wolf,2019-12-16,0.122158977,0.2215449581,0.1195000138,0.1869535832,0.1478330094,0.2020094585
ledoit_wolf,2019-12-23,0.1203031933,0.2232090498,0.1184002285,0.1857050169,0.1452998286,0.2070826829
ledoit_wolf,2019-12-31,0.1224079502,0.2196340796,0.1179139015,0.1851042193,0.1480241945,0.2069156549
ledoit_wolf,2020-01-08,0.1245482999,0.2179105655,0.1196525943,0.1857030665,0.1466080575,0.2055774163
ledoit_wolf,2020-01-15,0.1235401156,0.2206854774,0.1157457993,0.1865222245,0.1451373928,0.2083689904
ledoit_wolf,2020-01-23,0.122642967,0.2189085477,0.1132480319,0.1875258536,0.1513623049,0.2063122949
ledoit_wolf,2020-01-30,0.1204107197,0.2130030796,0.1169755803,0.1861935976,0.1459556819,0.2174613409
ledoit_wolf,2020-02-06,0.1296149559,0.2198204474,0.09310581987,0.1895363637,0.1442641054,0.2236583076
ledoit_wolf,2020-02-13,0.1263011623,0.2210895909,0.09185380861,0.1945164359,0.1421435503,0.224095452
ledoit_wolf,2020-02-21,0.1268618545,0.2178041048,0.08975787574,0.1919409748,0.1472811003,0.2263540898
ledoit_wolf,2020-02-28,0.1263861067,0.2159768637,0.08812853443,0.1936927316,0.160712468,0.2151032955
ledoit_wolf,2020-03-06,0.1322278867,0.2134074331,0.09223572251,0.1927059635,0.1620404664,0.2073825278
ledoit_wolf,2020-03-13,0.1335530977,0.2090182017,0.1136611064,0.1811966508,0.1697192022,0.1928517413
ledoit_wolf,2020-03-20,0.1255967413,0.2266343716,0.1097969729,0.1758947502,0.1713045571,0.1907726069
ledoit_wolf,2020-03-27,0.120465174,0.2301438345,0.1121080234,0.1711914929,0.1810152218,0.1850762535
ledoit_wolf,2020-04-03,0.1196050511,0.2319569757,0.1135312432,0.1700415926,0.1808387177,0.1840264196
ledoit_wolf,2020-04-13,0.1210173065,0.2286977609,0.1126814781,0.1717008726,0.1816839072,0.1842186747
ledoit_wolf,2020-04-20,0.1215871728,0.2249544722,0.1121721643,0.1754593389,0.1807446457,0.1850822061
ledoit_wolf,2020-04-27,0.119518021,0.2251278576,0.1118402601,0.1732220308,0.188357623,0.1819342074
ledoit_wolf,2020-05-04,0.1233309939,0.2190586278,0.1121234626,0.1731220564,0.1914059707,0.1809588886
ledoit_wolf,2020-05-11,0.1233072506,0.2188521138,0.1120551151,0.1731044505,0.1918889948,0.1807920753
ledoit_wolf,2020-05-18,0.1224049443,0.2191354454,0.1125508211,0.1728743764,0.1926228871,0.1804115257
ledoit_wolf,2020-05-26,0.122386786,0.2187460135,0.113149037,0.1722722425,0.1925490085,0.1808969125
ledoit_wolf,2020-06-02,0.1227775361,0.2185542397,0.1128251973,0.1717561599,0.1927612998,0.1813255672
ledoit_wolf,2020-06-09,0.1235988816,0.2185242735,0.1128596338,0.1711176326,0.1925148295,0.181384749
ledoit_wolf,2020-06-16,0.1232804459,0.2180196103,0.1119554255,0.1710892284,0.1943522489,0.1813030409
ledoit_wolf,2020-06-23,0.1230431078,0.217097139,0.1125589986,0.1716885628,0.1949980428,0.1806141489
ledoit_wolf,2020-06-30,0.1242623825,0.2201115273,0.1128919101,0.1683372243,0.1944273678,0.1799695881
ledoit_wolf,2020-07-08,0.1264165511,0.2169321166,0.1116979853,0.1689300286,0.1933938384,0.18262948
ledoit_wolf,2020-07-15,0.1271486051,0.2159584287,0.1119937487,0.1705676652,0.1909110586,0.1834204938
ledoit_wolf,2020-07-22,0.1283770548,0.2120209548,0.1114741685,0.1725678551,0.1908209762,0.1847389906
ledoit_wolf,2020-07-29,0.1292514452,0.2112123198,0.1098362249,0.1724335855,0.1923053755,0.1849610491
ledoit_wolf,2020-08-05,0.1278725031,0.2084562225,0.1164887552,0.170496222,0.1928902748,0.1837960224
ledoit_wolf,2020-08-12,0.128346654,0.2088258264,0.11486337,0.1702592766,0.1919696655,0.1857352076
ledoit_wolf,2020-08-19,0.1289961377,0.2077376754,0.1147791949,0.1713021629,0.192013626,0.1851712032
ledoit_wolf,2020-08-26,0.1333564474,0.2119376331,0.1169041486,0.1674323854,0.1830730531,0.1872963324
ledoit_wolf,2020-09-02,0.1333209381,0.2121884857,0.116130234,0.1671932321,0.1817787427,0.1893883674
ledoit_wolf,2020-09-10,0.1311495115,0.2108941117,0.1096099727,0.169371009,0.1877532124,0.1912221827
ledoit_wolf,2020-09-17,0.1408774011,0.1931930195,0.1034162482,0.1736856101,0.1910842796,0.1977434414
ledoit_wolf,2020-09-24,0.1512690353,0.1837501177,0.09970617535,0.1782990378,0.184177906,0.2027977279
ledoit_wolf,2020-10-01,0.1539441117,0.1797601851,0.09706204838,0.1813866952,0.1795373905,0.2083095692
ledoit_wolf,2020-10-08,0.1592559003,0.173947935,0.09221278834,0.1850109539,0.1720412768,0.2175311456
ledoit_wolf,2020-10-15,0.1599611443,0.1773249134,0.09516458286,0.1754344709,0.1787413909,0.2133734977
ledoit_wolf,2020-10-22,0.1636377334,0.1734645591,0.09594631119,0.1808213358,0.1689204393,0.2172096212
ledoit_wolf,2020-10-29,0.1559578616,0.1795384903,0.09838375486,0.1761478848,0.1698031851,0.2201688233
ledoit_wolf,2020-11-05,0.1556234017,0.174344978,0.1030450337,0.1683705312,0.1718260707,0.2267899848
ledoit_wolf,2020-11-12,0.15278855,0.1704284546,0.1039126361,0.167406806,0.1690501382,0.2364134151
ledoit_wolf,2020-11-19,0.1531607443,0.1705722123,0.1027345678,0.1688090508,0.1677392199,0.2369842049
ledoit_wolf,2020-11-27,0.1549910441,0.1706232669,0.1027107973,0.1687117647,0.1690995529,0.2338635741
ledoit_wolf,2020-12-04,0.1556522802,0.1702904728,0.1032648375,0.168270705,0.1689589559,0.2335627487
ledoit_wolf,2020-12-11,0.1581957668,0.1707557518,0.1016980796,0.1689058933,0.1651087096,0.2353357989
ledoit_wolf,2020-12-18,0.1578151803,0.1706956887,0.1003335231,0.1683348704,0.1652496014,0.2375711361
ledoit_wolf,2020-12-28,0.1564246718,0.1643311208,0.09834350542,0.1725539504,0.1641917678,0.2441549839
ledoit_wolf,2021-01-05,0.1527969505,0.1679058129,0.1018386348,0.1725980044,0.1645324667,0.2403281307
ledoit_wolf,2021-01-12,0.1523696989,0.1700061518,0.101619192,0.1688232439,0.1699624676,0.2372192458
ledoit_wolf,2021-01-20,0.1557713856,0.1791586075,0.1090764491,0.1703993535,0.1550069236,0.2305872808
ledoit_wolf,2021-01-27,0.1550161936,0.180713113,0.1135620424,0.1702172639,0.1519555281,0.228535859
ledoit_wolf,2021-02-03,0.1572518561,0.18090959,0.1121090384,0.1724449495,0.1536169149,0.223667651
ledoit_wolf,2021-02-10,0.1558419049,0.1802387869,0.112124541,0.1746733843,0.1548225012,0.2222988817
ledoit_wolf,2021-02-18,0.15799709,0.1812752723,0.1174235448,0.1705730072,0.1521365836,0.2205945021
ledoit_wolf,2021-02-25,0.1527199136,0.1825746337,0.1145119112,0.1733186387,0.1560578933,0.2208170094
ledoit_wolf,2021-03-04,0.14631668,0.1798511642,0.1117318512,0.18055885,0.1648313566,0.2167100981
ledoit_wolf,2021-03-11,0.1467459255,0.1850675938,0.1146042307,0.1749357907,0.1560950555,0.2225514039
ledoit_wolf,2021-03-18,0.1478154744,0.1850391149,0.1152060939,0.1758043393,0.1570364072,0.2190985702
ledoit_wolf,2021-03-25,0.1449302432,0.1882732354,0.1159754325,0.1716556519,0.1550780371,0.2240873999
ledoit_wolf,2021-04-01,0.1449712284,0.1894565872,0.1179799142,0.1708129865,0.1545007301,0.2222785536
ledoit_wolf,2021-04-09,0.1431969629,0.191222166,0.1196886617,0.1664409232,0.1619981685,0.2174531175
ledoit_wolf,2021-04-16,0.1388139406,0.1961250179,0.1161457434,0.1680360588,0.1601127773,0.2207664619
ledoit_wolf,2021-04-23,0.1375067184,0.1973890533,0.1162587258,0.1675981739,0.1605026839,0.2207446446
ledoit_wolf,2021-04-30,0.1390965741,0.1968842727,0.1148458413,0.1681262952,0.1538954903,0.2271515263
ledoit_wolf,2021-05-07,0.1382530297,0.203079615,0.1080701816,0.181006861,0.1502454233,0.2193448894
ledoit_wolf,2021-05-14,0.1426643161,0.2127135368,0.1035439515,0.1819054435,0.1549390698,0.2042336822
ledoit_wolf,2021-05-21,0.1420289381,0.213810906,0.1043366801,0.1813351931,0.1546468876,0.2038413951
ledoit_wolf,2021-05-28,0.1400122931,0.2144877595,0.1056145921,0.1818649104,0.1548144522,0.2032059926
ledoit_wolf,2021-06-07,0.1382071288,0.2149339358,0.1042163205,0.1834547162,0.1551950755,0.2039928231
ledoit_wolf,2021-06-14,0.1380641627,0.2129266359,0.1067028389,0.1830522593,0.156979314,0.2022747892
ledoit_wolf,2021-06-21,0.1369748067,0.2130373854,0.1081195754,0.1824973589,0.1589776953,0.2003931783
ledoit_wolf,2021-06-28,0.1352337256,0.2124849183,0.1088381006,0.180770276,0.1596587076,0.2030142719
ledoit_wolf,2021-07-06,0.1327859709,0.2127056633,0.107547279,0.1829575534,0.1605722114,0.203431322
ledoit_wolf,2021-07-13,0.1309644811,0.2127026557,0.1086329396,0.1841316814,0.1598415468,0.2037266954
ledoit_wolf,2021-07-20,0.1288963899,0.2107671324,0.1084372442,0.1860195892,0.1599144111,0.2059652332
ledoit_wolf,2021-07-27,0.1219446662,0.2100840259,0.1005739081,0.1727131971,0.1915644089,0.2031197938
ledoit_wolf,2021-08-03,0.1181448655,0.2025696657,0.1006186681,0.1691408127,0.201171236,0.208354752
ledoit_wolf,2021-08-10,0.1176402015,0.2020793317,0.1003513035,0.16843087,0.1999741888,0.2115241045
ledoit_wolf,2021-08-17,0.1175164842,0.2011273905,0.09963665531,0.1679773673,0.202314578,0.2114275247
ledoit_wolf,2021-08-24,0.1139403043,0.201058955,0.10313365,0.1690929524,0.2014367975,0.2113373408
ledoit_wolf,2021-08-31,0.1167377693,0.2005640596,0.1061809527,0.165631876,0.1987564279,0.2121289145
ledoit_wolf,2021-09-08,0.1194143016,0.1940882251,0.1221357237,0.1586215136,0.1980392352,0.2077010008
ledoit_wolf,2021-09-15,0.1188189898,0.1895025709,0.1228677821,0.1613149469,0.1977780126,0.2097176977
ledoit_wolf,2021-09-22,0.1170437781,0.1874841699,0.1274734196,0.161621002,0.2038558301,0.2025218003
ledoit_wolf,2021-09-29,0.1163858835,0.1868725762,0.12991532,0.1617060492,0.2113237561,0.193796415
ledoit_wolf,2021-10-06,0.1128889271,0.1884462704,0.1348739658,0.1583162363,0.2033581234,0.2021164771
ledoit_wolf,2021-10-13,0.1163491757,0.1868815494,0.1421525919,0.1557344868,0.2029719665,0.1959102298
ledoit_wolf,2021-10-20,0.1176597905,0.185604924,0.1414693556,0.1554765814,0.2063686745,0.193420674
ledoit_wolf,2021-10-27,0.1190701034,0.1875456299,0.1320691785,0.1610167779,0.2049774487,0.1953208616
ledoit_wolf,2021-11-03,0.1203185995,0.1927930876,0.1287137751,0.1586831058,0.2022803058,0.1972111261
ledoit_wolf,2021-11-10,0.1135443458,0.1908010505,0.1321931572,0.1558280381,0.2106822476,0.1969511607
ledoit_wolf,2021-11-17,0.1164490022,0.1880712128,0.1367076247,0.1561830237,0.2063229398,0.1962661969
ledoit_wolf,2021-11-24,0.1112371151,0.1837529499,0.1397323184,0.158638602,0.2057487179,0.2008902967
ledoit_wolf,2021-12-02,0.1069965493,0.1862593884,0.1432363846,0.1526337834,0.208543257,0.2023306373
ledoit_wolf,2021-12-09,0.1030198542,0.1887565232,0.1356679868,0.1594848234,0.2057252768,0.2073455357
ledoit_wolf,2021-12-16,0.09696175778,0.1877475246,0.1321988607,0.1659356082,0.20840715,0.2087490987
ledoit_wolf,2021-12-23,0.09741868263,0.1890608666,0.1273984953,0.1670708147,0.2122577918,0.206793349
ledoit_wolf,2021-12-31,0.09733195235,0.1911467187,0.1262898045,0.1681360694,0.2120102325,0.2050852225
ledoit_wolf,2022-01-07,0.09852416047,0.1960526241,0.1168469542,0.1728370546,0.2118824209,0.2038567858
ledoit_wolf,2022-01-14,0.1002940183,0.1968119272,0.1144883739,0.1739019124,0.2108076047,0.2036961635
ledoit_wolf,2022-01-24,0.1133028155,0.1954672379,0.1250817436,0.189368347,0.1535844439,0.2231954121
ledoit_wolf,2022-01-31,0.1123545929,0.2006151495,0.1208031177,0.1914222926,0.1440803654,0.2307244819
ledoit_wolf,2022-02-07,0.1314382083,0.1849245026,0.1409210676,0.1489419747,0.1588375899,0.2349366569
ledoit_wolf,2022-02-14,0.1277959753,0.1871178677,0.1410797589,0.1486575597,0.1593055198,0.2360433187
ledoit_wolf,2022-02-22,0.1251535206,0.1900974652,0.1382587788,0.1490714138,0.159264596,0.2381542256
ledoit_wolf,2022-03-01,0.1243873992,0.1897831088,0.1363182473,0.1509054501,0.1584517033,0.2401540913
ledoit_wolf,2022-03-08,0.122840135,0.1877571005,0.1366882952,0.1504025442,0.161725531,0.2405863941
ledoit_wolf,2022-03-15,0.1214250544,0.1910232121,0.1370677463,0.1524461782,0.1603896252,0.2376481838
ledoit_wolf,2022-03-22,0.1225292948,0.1917186401,0.1360256715,0.1502464656,0.1598953779,0.2395845501
ledoit_wolf,2022-03-29,0.1208617614,0.193132752,0.1349387058,0.1492697537,0.1592091587,0.2425878684
ledoit_wolf,2022-04-05,0.1216631099,0.1922410196,0.1318197861,0.1509631851,0.1588560443,0.2444568551
ledoit_wolf,2022-04-12,0.1202197476,0.1929953321,0.1311046359,0.1524136697,0.1604020537,0.242864561
ledoit_wolf,2022-04-20,0.1282401501,0.1986973917,0.1369019852,0.1562894227,0.1327471187,0.2471239316
ledoit_wolf,2022-04-27,0.1285080364,0.1977302404,0.1395236888,0.1567750596,0.1343811042,0.2430818705
ledoit_wolf,2022-05-04,0.1294001533,0.1904244772,0.1500479113,0.1485005701,0.1373012471,0.2443256411
ledoit_wolf,2022-05-11,0.1300119856,0.1887484002,0.14677813,0.1495849667,0.1364385866,0.248437931
ledoit_wolf,2022-05-18,0.1287230043,0.1849174912,0.1445342884,0.1533740009,0.1365313344,0.2519198809
ledoit_wolf,2022-05-25,0.1305471558,0.1872840674,0.1427966438,0.152204598,0.1366162503,0.2505512847
ledoit_wolf,2022-06-02,0.1312188584,0.186426454,0.1415950118,0.1537611899,0.1365524093,0.2504460767
ledoit_wolf,2022-06-09,0.1329783324,0.1860566037,0.1413287041,0.1520827351,0.136827195,0.2507264297
ledoit_wolf,2022-06-16,0.1352506077,0.1844993294,0.141305361,0.1520758572,0.1365972897,0.2502715551
ledoit_wolf,2022-06-24,0.1369318263,0.1842798345,0.1430551551,0.152295443,0.1372493889,0.2461883522
ledoit_wolf,2022-07-01,0.1379010459,0.1822472012,0.1441195255,0.1531271427,0.1373848017,0.245220283
ledoit_wolf,2022-07-11,0.1385749723,0.1823619459,0.1471221411,0.1526608053,0.1367663294,0.242513806
ledoit_wolf,2022-07-18,0.1391672917,0.1817374833,0.1493328866,0.1514647536,0.1349477042,0.2433498805
ledoit_wolf,2022-07-25,0.1375925587,0.1829563131,0.1499168697,0.1488592395,0.1409285651,0.2397464541
ledoit_wolf,2022-08-01,0.1397363074,0.1798231971,0.1505148765,0.1501554046,0.1423929148,0.2373772996
ledoit_wolf,2022-08-08,0.1365071843,0.1837309957,0.1463758134,0.1614397564,0.1416064119,0.2303398383
ledoit_wolf,2022-08-15,0.1368516565,0.1828486957,0.1459199674,0.1622052557,0.1405553747,0.2316190499
ledoit_wolf,2022-08-22,0.1389736812,0.1809211823,0.1479524832,0.1613688408,0.139476003,0.2313078095
ledoit_wolf,2022-08-29,0.1372574178,0.1808503056,0.1522699773,0.1608151741,0.1402990337,0.2285080914
ledoit_wolf,2022-09-06,0.1381596995,0.1821187359,0.1517188259,0.1617102751,0.1385850275,0.2277074361
ledoit_wolf,2022-09-13,0.1385047684,0.1791896373,0.1546180829,0.1597200757,0.1388910165,0.2290764192
ledoit_wolf,2022-09-20,0.141316029,0.1786866639,0.1545300286,0.160458302,0.1379553621,0.2270536144
ledoit_wolf,2022-09-27,0.142849221,0.1771417514,0.1557644739,0.1602285393,0.1364417032,0.2275743113
ledoit_wolf,2022-10-04,0.1423950188,0.1763937531,0.1577142855,0.1609312514,0.136693034,0.2258726573
ledoit_wolf,2022-10-11,0.1434847053,0.1760173484,0.1579602261,0.1596671248,0.1347264971,0.2281440983
ledoit_wolf,2022-10-18,0.1432930384,0.1757682903,0.1564082036,0.1598309288,0.1350174452,0.2296820937
ledoit_wolf,2022-10-25,0.1385730136,0.1719678749,0.1525672116,0.1583908462,0.151151297,0.2273497567
ledoit_wolf,2022-11-01,0.143984109,0.1768347904,0.149281618,0.1541954812,0.1561357292,0.2195682723
ledoit_wolf,2022-11-08,0.1468153316,0.1757247139,0.153498164,0.1521315989,0.1565898228,0.2152403689
ledoit_wolf,2022-11-15,0.1456361019,0.1710603211,0.1597517825,0.1533869384,0.1608276823,0.2093371738
ledoit_wolf,2022-11-22,0.1444345583,0.1706103573,0.1601938611,0.1533106239,0.1606448226,0.2108057768
ledoit_wolf,2022-11-30,0.1451466653,0.1742925014,0.1626580835,0.1522224283,0.1575913413,0.2080889802
ledoit_wolf,2022-12-07,0.1460415307,0.1723468212,0.1649692215,0.1517501916,0.1571553368,0.2077368981
ledoit_wolf,2022-12-14,0.1455413512,0.1735669856,0.1644478332,0.1506928411,0.1610562507,0.2046947382
ledoit_wolf,2022-12-21,0.145470571,0.1733396769,0.172206761,0.1489371862,0.1554575717,0.2045882332
ledoit_wolf,2022-12-29,0.143489742,0.1754696892,0.1620755076,0.152737903,0.157488141,0.2087390172
ledoit_wolf,2023-01-06,0.1418805229,0.1756535593,0.1600175351,0.1531228781,0.1563869165,0.2129385881
ledoit_wolf,2023-01-13,0.1407448452,0.1728119278,0.1589787177,0.1547176237,0.1614060022,0.2113408834
ledoit_wolf,2023-01-23,0.1385522188,0.1752271824,0.1545674194,0.1593338656,0.1609015457,0.2114177681
ledoit_wolf,2023-01-30,0.1370099032,0.1814051587,0.1468866556,0.1569536864,0.1627189241,0.2150256721
ledoit_wolf,2023-02-06,0.1403345893,0.1788655154,0.1517835884,0.1447058061,0.1727000873,0.2116104135
ledoit_wolf,2023-02-13,0.1410978804,0.1801778113,0.1544589575,0.1438110544,0.1741049421,0.2063493543
ledoit_wolf,2023-02-21,0.1415480696,0.180277555,0.1510462162,0.1458914452,0.174183975,0.207052739
ledoit_wolf,2023-02-28,0.1425365779,0.1802561329,0.146681022,0.1451999143,0.1768806126,0.2084457402
ledoit_wolf,2023-03-07,0.1431238868,0.1790632493,0.1462179988,0.1447392832,0.1772849837,0.2095705983
ledoit_wolf,2023-03-14,0.1418245581,0.1804189556,0.1457588357,0.1434384535,0.1793617837,0.2091974135
ledoit_wolf,2023-03-21,0.1441741426,0.1799481462,0.14164549,0.1443649291,0.182933701,0.2069335911
ledoit_wolf,2023-03-28,0.1449321149,0.18197138,0.1428547799,0.1447798777,0.1800459332,0.2054159143
ledoit_wolf,2023-04-04,0.1446422585,0.1809050902,0.1399859171,0.1451939762,0.1837062196,0.2055665384
ledoit_wolf,2023-04-12,0.1469911481,0.1809100107,0.1399009011,0.1438199468,0.1846094299,0.2037685634
ledoit_wolf,2023-04-19,0.1490969804,0.1812111768,0.1414540125,0.1427908398,0.1864784422,0.1989685482
ledoit_wolf,2023-04-26,0.1461309841,0.1792473802,0.1402832057,0.1402415806,0.1968084815,0.1972883679
ledoit_wolf,2023-05-03,0.1448228205,0.1762327555,0.1351562774,0.151283142,0.1908644309,0.2016405737
ledoit_wolf,2023-05-10,0.141435204,0.1788707801,0.1325156842,0.1519104585,0.1909961375,0.2042717357
ledoit_wolf,2023-05-17,0.1475692549,0.1900819268,0.1261425836,0.1441224946,0.1912105945,0.2008731457
ledoit_wolf,2023-05-24,0.1474672473,0.1909363145,0.1289358572,0.1461687089,0.1863771813,0.2001146909
ledoit_wolf,2023-06-01,0.1372593163,0.1916311324,0.131891466,0.1483766926,0.1872625398,0.2035788529
ledoit_wolf,2023-06-08,0.1362628099,0.186483091,0.1319652192,0.150198434,0.1933377271,0.2017527187
ledoit_wolf,2023-06-15,0.1361142848,0.1865820574,0.1310729512,0.1512702433,0.1924741493,0.202486314
ledoit_wolf,2023-06-23,0.1362147932,0.1859616398,0.1262353033,0.1512581506,0.1980918662,0.2022382469
ledoit_wolf,2023-06-30,0.1401468424,0.1868871699,0.1310449421,0.1468798524,0.1966008878,0.1984403055
ledoit_wolf,2023-07-10,0.1409780537,0.1838435683,0.135548774,0.1453700377,0.1993815936,0.1948779727
ledoit_wolf,2023-07-17,0.1401494748,0.1880572921,0.1364847581,0.1438780605,0.1987917578,0.1926386568
ledoit_wolf,2023-07-24,0.1429670305,0.1902177182,0.1315023689,0.1401858773,0.1964160551,0.1987109502
ledoit_wolf,2023-07-31,0.1454130854,0.1868680427,0.1409272356,0.1399806834,0.1897823878,0.1970285652
ledoit_wolf,2023-08-07,0.1388203312,0.1906725925,0.1344089791,0.1656649178,0.1722301458,0.1982030337
ledoit_wolf,2023-08-14,0.1341849218,0.1874921178,0.1304264791,0.1675389925,0.169322588,0.2110349007
ledoit_wolf,2023-08-21,0.1342007349,0.1889210047,0.1285589549,0.1648809996,0.1709082647,0.2125300411
ledoit_wolf,2023-08-28,0.1384688186,0.1900518409,0.1311220056,0.1608578397,0.1667362146,0.2127632806
ledoit_wolf,2023-09-05,0.1378986211,0.1944044748,0.1275722419,0.1640614217,0.1668592889,0.2092039516
ledoit_wolf,2023-09-12,0.1394604051,0.1919025248,0.1245404693,0.1617841071,0.170194854,0.2121176396
ledoit_wolf,2023-09-19,0.1384672869,0.1897991645,0.1231575713,0.1669614281,0.1666501693,0.21496438
ledoit_wolf,2023-09-26,0.1356020296,0.1822871928,0.1247039029,0.1684774227,0.173147015,0.215782437
ledoit_wolf,2023-10-03,0.1338587439,0.1811495573,0.1277813038,0.1675392002,0.1756187776,0.2140524172
ledoit_wolf,2023-10-10,0.1345179188,0.1826311118,0.1272171811,0.166998604,0.174434461,0.2142007234
ledoit_wolf,2023-10-17,0.1302584386,0.184477417,0.1269230487,0.1646434105,0.1778094022,0.215888283
ledoit_wolf,2023-10-24,0.1315490862,0.1841810902,0.1324924972,0.1676573256,0.1714643543,0.2126556465
ledoit_wolf,2023-10-31,0.1275620493,0.1780618443,0.1369604533,0.1839470304,0.175023416,0.1984452068
ledoit_wolf,2023-11-07,0.1277495547,0.1773199857,0.1373627381,0.1826897015,0.1753712071,0.1995068128
ledoit_wolf,2023-11-14,0.1264874555,0.1786837616,0.1336414998,0.1809813429,0.1760319622,0.2041739781
ledoit_wolf,2023-11-21,0.1268503616,0.176465728,0.1331866098,0.1778406593,0.1832481296,0.2024085117
ledoit_wolf,2023-11-29,0.1421746771,0.1730859219,0.1289825697,0.1738878285,0.183235348,0.1986336547
ledoit_wolf,2023-12-06,0.1421213465,0.1760492014,0.127229402,0.1761252904,0.1797250611,0.1987496987
ledoit_wolf,2023-12-13,0.1444744623,0.1767847537,0.1310195228,0.1726189975,0.1832000974,0.1919021663
ledoit_wolf,2023-12-20,0.1427352797,0.1763601671,0.1338715164,0.1714590976,0.1820102535,0.1935636858
ledoit_wolf,2023-12-28,0.1431641404,0.1740542895,0.1358068281,0.1727578269,0.1802404142,0.1939765009
ledoit_wolf,2024-01-05,0.1426037402,0.1730746466,0.1375779426,0.1723819028,0.1802708207,0.1940909472
ledoit_wolf,2024-01-12,0.1412630033,0.1725986416,0.1376879387,0.1714781442,0.1783720396,0.1986002326
ledoit_wolf,2024-01-22,0.1368922793,0.1674328786,0.145054801,0.1696702264,0.193632873,0.1873169418
ledoit_wolf,2024-01-29,0.1356860693,0.1697294776,0.1450168596,0.1734654031,0.1830921904,0.19301
ledoit_wolf,2024-02-05,0.1441967243,0.1672612743,0.1565692774,0.1423354054,0.1968560976,0.192781221
ledoit_wolf,2024-02-12,0.146470076,0.1654944768,0.1550120669,0.1432756055,0.198881871,0.1908659037
ledoit_wolf,2024-02-20,0.1472328011,0.166641756,0.1533617563,0.143867855,0.1967289578,0.1921668738
ledoit_wolf,2024-02-27,0.1352297785,0.1653251663,0.1613239378,0.144150484,0.200514998,0.1934556353
ledoit_wolf,2024-03-05,0.1388131205,0.1628173601,0.1644976863,0.1429218738,0.1973807282,0.1935692311
ledoit_wolf,2024-03-12,0.130501168,0.1630243061,0.1749188543,0.1403014357,0.1972252848,0.194028951
ledoit_wolf,2024-03-19,0.1328114001,0.1672877523,0.1699041479,0.1415771089,0.1981471853,0.1902724055
ledoit_wolf,2024-03-26,0.1333856545,0.1696542698,0.1694458234,0.1395328669,0.1973881346,0.1905932508
ledoit_wolf,2024-04-03,0.1334337372,0.1728814815,0.1677628034,0.1393273768,0.1947280472,0.191866554
ledoit_wolf,2024-04-10,0.1322588247,0.1737472515,0.1722127276,0.1400972017,0.191572034,0.1901119606
ledoit_wolf,2024-04-17,0.1302515397,0.1751036882,0.1698934662,0.1415478,0.1914091194,0.1917943864
ledoit_wolf,2024-04-24,0.1245773785,0.1809945521,0.1706373137,0.1394362194,0.1866335879,0.1977209483
