date,RP,EW,RP naïve,Buy & Hold,estrategia NVDA,estrategia AMZN,estrategia TSLA,estrategia META,estrategia NFLX,estrategia GOOGL,regimen
2016-01-04,1000000,1000000,1000000,1000000,1000000,1000000,1000000,1000000,1000000,1000000,Tendencia
2016-01-05,993206.1906,993206.1906,993206.1906,987755.806,1000000,978571.5564,1000000,1000000,973522.7724,1000000,Tendencia
2016-01-06,1004094.409,1004094.409,1004094.409,992379.9726,1000000,959167.3277,1000000,1000000,1051788.233,1000000,Tendencia
2016-01-07,1004094.409,1004094.409,1004094.409,960353.8983,1000000,959167.3277,1000000,1000000,1051788.233,1000000,Tendencia
2016-01-08,995113.9313,995113.9313,995113.9313,945494.6169,964884.5835,938475.3382,1000000,1000000,1051788.233,976193.5667,Tendencia
2016-01-11,997539.6872,997539.6872,997539.6872,952338.5955,966512.8687,955001.6005,1000000,1000000,1051788.233,979078.2597,Tendencia
2016-01-12,1001211.481,1001211.481,1001211.481,964568.3891,982794.8438,955233.5441,1000000,1000000,1051788.233,995465.8629,Tendencia
2016-01-13,990325.6812,990325.6812,990325.6812,916463.4743,952835.4323,923393.6969,1000000,1000000,1051788.233,961047.8741,Tendencia
2016-01-14,989767.3419,990768.0276,989787.6872,928750.608,932130.3836,942505.5231,1000000,1000000,1064494.806,953440.7016,Tendencia
2016-01-15,980276.2095,980676.7023,981323.4863,899524.3519,917096.8528,906235.7854,1000000,1000000,1034467.021,953440.7016,Tendencia
2016-01-19,984972.6048,986495.1229,985086.2428,909685.5376,924539.3789,913070.1475,1000000,1000000,1072747.398,950835.5036,Tendencia
2016-01-20,977408.4067,973352.29,978013.4217,903506.745,929613.5535,883405.2287,1000000,1000000,972936.8451,950148.0631,Tendencia
2016-01-21,981894.0516,976487.7744,982086.2268,900228.3111,940438.9179,883405.2287,1000000,1000000,972936.8451,960872.034,Tendencia
2016-01-22,989902.5331,981059.9416,989665.4451,918655.0609,962427.45,883405.2287,1000000,1000000,934605.1728,985717.7655,Crisis
2016-01-25,988075.6322,979352.1602,987852.7334,907509.7014,960886.3779,883405.2287,1000000,1000000,919758.4004,970061.6376,Crisis
2016-01-26,987674.0062,978864.8426,987561.6602,906690.6168,960886.3779,883405.2287,1000000,1000000,891677.408,970286.6089,Crisis
2016-01-27,986850.1119,978153.8098,986574.1829,878056.8079,960886.3779,883405.2287,1000000,1000000,891677.408,948852.2121,Crisis
2016-01-28,988411.4967,979501.3075,988445.5782,926395.0712,960886.3779,883405.2287,1000000,1000000,891677.408,989473.126,Crisis
2016-01-29,989074.7773,980073.7283,989240.5521,925299.5739,960886.3779,883405.2287,1000000,1000000,891677.408,1006729.004,Crisis
2016-02-01,989553.565,980486.929,989814.4023,936536.6562,960886.3779,883405.2287,1000000,1000000,891677.408,1019185.122,Crisis
2016-02-02,990068.9428,980931.7075,990432.1076,911535.127,960886.3779,883405.2287,1000000,1000000,891677.408,1032593.166,Crisis
2016-02-03,988466.3838,979548.6759,988511.3631,888885.7727,960886.3779,883405.2287,1000000,1000000,891677.408,990901.0673,Crisis
2016-02-04,988252.7891,979687.6965,988154.2167,882305.3515,960886.3779,901225.6262,1000000,1000000,891677.408,965314.8351,Crisis
2016-02-05,985498.4325,976269.87,985178.5323,828638.6434,960886.3779,843867.6008,1000000,1000000,891677.408,958125.5803,Crisis
2016-02-08,984317.2822,974754.4325,983918.0383,802074.2126,960886.3779,816527.8131,1000000,1000000,891677.408,958125.5803,Crisis
2016-02-09,984317.2822,974754.4325,983918.0383,805287.5311,960886.3779,816527.8131,1000000,1000000,891677.408,958125.5803,Crisis
2016-02-10,984317.2822,974754.4325,983918.0383,810909.463,960886.3779,816527.8131,1000000,1000000,891677.408,958125.5803,Crisis
2016-02-11,984317.2822,974754.4325,983918.0383,816887.2633,960886.3779,816527.8131,1000000,1000000,891677.408,958125.5803,Crisis
2016-02-12,984317.2822,974754.4325,983918.0383,822175.3127,960886.3779,816527.8131,1000000,1000000,891677.408,958125.5803,Crisis
2016-02-16,984317.2822,974754.4325,983918.0383,839361.251,960886.3779,816527.8131,1000000,1000000,891677.408,958125.5803,Crisis
2016-02-17,984317.2822,974754.4325,983918.0383,873558.421,960886.3779,816527.8131,1000000,1000000,891677.408,958125.5803,Crisis
2016-02-18,984317.2822,974754.4325,983918.0383,869440.3149,960886.3779,816527.8131,1000000,1000000,891677.408,958125.5803,Crisis
2016-02-19,984317.2822,974754.4325,983918.0383,874749.905,960886.3779,816527.8131,1000000,1000000,891677.408,958125.5803,Crisis
2016-02-22,984317.2822,974754.4325,983918.0383,904509.2254,960886.3779,816527.8131,1000000,1000000,891677.408,958125.5803,Tendencia
2016-02-23,981321.2797,972059.3205,981329.0021,893288.0494,949558.9616,816527.8131,992798.5376,1000000,891677.408,958125.5803,Tendencia
2016-02-24,979028.2532,969818.6271,979261.1706,902834.2562,942928.4651,816527.8131,982650.0122,1000000,891677.408,958125.5803,Tendencia
2016-02-25,974438.6174,964279.0175,974610.9003,917789.0025,940727.4083,816527.8131,936209.6064,1000000,891677.408,958125.5803,Tendencia
2016-02-26,974359.276,963581.7639,974238.8815,918110.7377,946829.1388,816527.8131,920996.9478,1000000,891677.408,958125.5803,Tendencia
2016-02-29,974900.8765,963673.0327,974514.9443,912182.1698,952841.7623,816527.8131,913033.8117,1000000,891677.408,958125.5803,Tendencia
2016-03-01,968674.5338,959860.5734,970001.5432,939441.3249,912073.4638,816527.8131,938713.9868,1000000,891677.408,958125.5803,Tendencia
2016-03-02,969991.0749,961598.3201,971572.8572,940752.6013,908119.4277,817667.22,949813.8611,1000000,894198.7845,961296.3116,Tendencia
2016-03-03,968083.9516,958595.7691,970021.1888,942190.2275,908119.4277,821480.1598,911041.7439,1000000,891291.0671,971459.8292,Tendencia
2016-03-04,959992.7816,948999.2509,962417.1337,948253.6424,908119.4277,824774.444,873936.3596,1000000,858498.1132,973224.4384,Tendencia
2016-03-07,971424.7129,960658.7265,974114.5829,929863.0146,908119.4277,842072.9117,839243.7976,1000000,910753.2529,995664.3218,Tendencia
2016-03-08,972049.7021,961480.0074,974790.0777,925840.4611,908119.4277,845633.5022,850829.3959,1000000,904425.5784,994723.779,Tendencia
2016-03-09,964537.2069,953829.4615,967309.4339,937848.0894,908119.4277,846740.9729,825518.4398,1000000,889290.5345,979420.6115,Tendencia
2016-03-10,962218.1374,951758.2757,964893.105,935053.4088,908119.4277,847497.9139,808405.4143,1000000,894763.1024,970712.5541,Tendencia
2016-03-11,956760.5474,946587.6149,958973.3466,948843.2209,908119.4277,832526.525,809065.9128,1000000,892197.8642,954353.1609,Tendencia
2016-03-14,950789.8608,940154.3696,953040.2303,958496.3952,908119.4277,827255.6382,779746.4043,1000000,888178.9612,947467.2562,Tendencia
2016-03-15,948859.8889,937934.4788,951082.1954,961897.8965,908119.4277,822139.0274,768123.7386,1000000,890487.6511,947057.5864,Tendencia
2016-03-16,946477.6963,935837.3817,948714.3642,974860.93,908119.4277,825994.0521,752608.6371,1000000,892266.9796,938461.3085,Tendencia
2016-03-17,946576.6136,936106.369,949287.0252,971823.5727,908119.4277,846783.0044,735004.5076,1000000,892266.9796,937039.1474,Tendencia
2016-03-18,945089.3485,934094.5768,948237.9436,981758.3491,908119.4277,857100.396,714177.7828,1000000,892266.9796,940747.293,Tendencia
2016-03-21,941475.4084,930525.3379,944549.899,988884.5152,908119.4277,854436.9584,705010.064,1000000,891945.942,932477.0733,Reversión
2016-03-22,941672.7162,930597.8421,944599.4183,985601.6783,905644.0341,845325.1109,712945.9941,1000000,902694.3792,935062.4193,Reversión
2016-03-23,940734.3185,929515.2165,943550.2589,981869.9133,890202.7025,832498.4505,740998.2084,1000000,904896.9829,938075.8786,Reversión
2016-03-24,939182.3718,927444.2519,941728.0463,987731.5416,888936.3082,813826.2593,740998.2084,1000000,915733.4738,941393.069,Reversión
2016-03-28,937119.4066,925071.661,939975.7755,995548.5107,876237.8691,818076.8825,740998.2084,1000000,890624.3798,943295.8529,Reversión
2016-03-29,928736.4608,916417.6671,931159.9707,1013001.198,876237.8691,798643.4813,740998.2084,1000000,864898.5736,927916.1435,Reversión
2016-03-30,928680.3248,916886.1721,930861.5114,1009016.145,876237.8691,792005.0233,740998.2084,1016120.463,880461.6976,921488.807,Reversión
2016-03-31,929980.3936,918418.3037,932285.5898,1007080.434,876237.8691,798657.0805,740998.2084,1021254.039,880132.9149,921488.807,Reversión
2016-04-01,925344.5103,912931.1444,927639.1496,1026591.183,876237.8691,792240.5731,740998.2084,1004484.244,851608.9392,921488.807,Reversión
2016-04-04,929386.3123,917431.7711,931717.1506,1021659.932,890750.0863,799251.1773,740998.2084,1034515.951,862379.2186,921488.807,Reversión
2016-04-05,931824.1481,920290.5073,934274.4333,1024756.783,891950.7582,808559.0967,740998.2084,1037339.365,868403.9586,921488.807,Reversión
2016-04-06,927657.0397,915399.4506,929739.5529,1040743.255,890750.0863,787513.9881,740998.2084,1024590.968,868403.9586,921488.807,Reversión
2016-04-07,931614.9451,919904.4306,933770.6793,1027665.776,899633.605,801574.8331,765765.2053,1025189.828,868403.9586,921488.807,Reversión
2016-04-08,932192.8664,920676.5507,934321.2635,1018427.574,894111.405,797389.6135,785569.0367,1050943.644,868403.9586,921488.807,Reversión
2016-04-11,929061.5439,917084.1774,930965.3869,1014997.24,888829.4332,784258.8687,785985.6759,1031664.734,868403.9586,921488.807,Reversión
2016-04-12,929794.6952,917926.5081,931708.9203,1025691.891,889789.8184,784258.8687,791818.4657,1046999.269,868403.9586,921488.807,Reversión
2016-04-13,926718.8524,914692.9176,928816.1864,1043698.829,868181.4162,784258.8687,773181.2718,1021426.459,854069.0928,921488.807,Reversión
2016-04-14,926690.2736,914698.0558,928786.9055,1046220.399,865818.9256,784258.8687,780597.2588,1021426.459,847965.5136,921488.807,Reversión
2016-04-15,925341.5095,913376.3171,927588.0431,1051666.544,851123.3377,784258.8687,773236.8184,1021426.459,839596.8153,921488.807,Reversión
2016-04-18,926267.5274,914487.4538,928472.2811,1051123.539,851123.3377,784258.8687,774986.6553,1021426.459,863384.234,921488.807,Reversión
2016-04-19,930684.4476,919328.4393,932852.1758,1020372.881,851123.3377,794639.13,793068.3833,1021426.459,930582.8435,936928.959,Crisis
2016-04-20,931172.4775,920061.5394,933269.2205,1027886.641,851123.3377,788381.6589,785846.7697,1021426.459,953361.0022,938477.476,Crisis
2016-04-21,930489.4124,919243.5158,932605.2696,1025995.716,851123.3377,790828.1181,790513.0016,1021426.459,935726.2472,932563.0003,Crisis
2016-04-22,931960.711,920436.2564,934238.4094,1014127.054,851123.3377,803736.4766,775347.6685,1021426.459,944789.9259,981729.0633,Crisis
2016-04-25,930936.543,919191.9472,933232.7067,1011782.809,851123.3377,796729.0806,780708.352,1021426.459,921736.6377,976560.0171,Crisis
2016-04-26,930982.658,919007.6978,933372.3176,1003408.873,851123.3377,808186.7841,775375.4815,1021426.459,910604.085,991886.4913,Crisis
2016-04-27,931187.3329,919221.4412,933594.0692,1000554.658,851123.3377,820861.5501,781680.4572,1021426.459,907005.9902,991886.4913,Crisis
2016-04-28,931483.4947,919566.0649,933882.6514,998956.3935,851123.3377,826479.7726,792124.0117,1021426.459,907005.9902,991886.4913,Crisis
2016-04-29,930381.4596,918345.9764,932628.8899,1006884.159,851123.3377,743204.3331,811427.8443,1021426.459,907005.9902,991886.4913,Crisis
2016-05-02,930671.9261,918689.445,932896.1124,1023938.751,851123.3377,743204.3331,826781.4486,1021426.459,907005.9902,991886.4913,Crisis
2016-05-03,930671.9261,918689.445,932896.1124,1006053.768,851123.3377,743204.3331,826781.4486,1021426.459,907005.9902,991886.4913,Crisis
2016-05-04,930671.9261,918689.445,932896.1124,995192.5346,851123.3377,743204.3331,826781.4486,1021426.459,907005.9902,991886.4913,Crisis
2016-05-05,930671.9261,918689.445,932896.1124,983289.1284,851123.3377,743204.3331,826781.4486,1021426.459,907005.9902,991886.4913,Crisis
2016-05-06,930671.9261,918689.445,932896.1124,998651.2548,851123.3377,743204.3331,826781.4486,1021426.459,907005.9902,991886.4913,Crisis
2016-05-09,930671.9261,918689.445,932896.1124,995474.8925,851123.3377,743204.3331,826781.4486,1021426.459,907005.9902,991886.4913,Crisis
2016-05-10,930671.9261,918689.445,932896.1124,1012564.497,851123.3377,743204.3331,826781.4486,1021426.459,907005.9902,991886.4913,Tendencia
2016-05-11,931889.3422,919333.5471,934257.3165,1008049.654,851123.3377,734451.9154,826781.4486,1021426.459,907005.9902,1003985.807,Tendencia
2016-05-12,932550.3357,919678.2361,934996.7683,1002794.634,851123.3377,729497.1346,826781.4486,1021426.459,907005.9902,1010633.649,Tendencia
2016-05-13,933046.958,920256.7477,935527.6149,1027125.966,851123.3377,737648.7052,826781.4486,1021426.459,907005.9902,1010633.649,Tendencia
2016-05-16,930760.5371,918213.9866,933614.6997,1035161.887,818005.1893,736895.5765,826781.4486,1021426.459,907005.9902,1010633.649,Tendencia
2016-05-17,931262.4341,918922.1381,934258.083,1023911.8,811537.3304,752557.549,826781.4486,1021426.459,907005.9902,1010633.649,Tendencia
2016-05-18,929282.6214,917119.5466,932577.8193,1038380.891,785158.0899,750339.0025,826781.4486,1021426.459,907005.9902,1010633.649,Tendencia
2016-05-19,928669.7328,916554.2846,932051.2661,1038389.402,777641.4929,749250.1491,826781.4486,1021426.459,907005.9902,1010633.649,Tendencia
2016-05-20,927816.2898,915634.6641,931401.171,1053869.037,763717.4023,744894.5027,826781.4486,1021426.459,907005.9902,1016768.217,Tendencia
2016-05-23,927646.5598,915672.6758,931221.0843,1050094.052,762385.3434,751051.3692,826781.4486,1021426.459,907005.9902,1010484.728,Tendencia
2016-05-24,926238.6295,913387.2881,930050.223,1069471.32,754296.9469,743469.7694,826781.4486,1021426.459,887846.782,1029551.678,Tendencia
2016-05-25,924259.0419,910901.8032,928061.3918,1075695.639,754296.9469,739246.4252,826781.4486,1021426.459,868838.8365,1029551.678,Tendencia
2016-05-26,923699.9763,910439.3373,927431.3726,1090130.377,754296.9469,732570.5211,826781.4486,1021426.459,871117.2029,1026967.009,Tendencia
2016-05-27,921408.6705,908686.7881,924908.2776,1092100.74,754296.9469,735287.6854,826781.4486,1021426.459,866997.4696,1012112.305,Tendencia
2016-05-31,921072.0712,908468.127,924496.4342,1097369.842,754296.9469,724551.2526,826781.4486,1021426.459,873135.0543,1010337.737,Tendencia
2016-06-01,921766.8996,909331.4545,925184.4199,1092535.171,754296.9469,721373.8873,826781.4486,1021426.459,882047.1648,1010864.189,Tendencia
2016-06-02,922783.6157,910161.5676,926296.4912,1094972.442,754296.9469,721373.8873,826781.4486,1021426.459,884233.1572,1016518.585,Tendencia
2016-06-03,924420.979,912041.8913,927972.7326,1085869.59,754296.9469,721373.8873,826781.4486,1021426.459,898189.8963,1019019.207,Tendencia
2016-06-06,923536.9165,910915.5604,927091.1205,1087187.062,754296.9469,721373.8873,826781.4486,1021426.459,888521.0314,1019019.207,Tendencia
2016-06-07,924190.3502,911748.061,927742.7431,1092726.172,754296.9469,721373.8873,826781.4486,1021426.459,895667.5419,1019019.207,Tendencia
2016-06-08,925369.4787,913300.9223,928943.5686,1095588.237,754296.9469,721373.8873,819674.4962,1021426.459,912735.0885,1019019.207,Tendencia
2016-06-09,927129.0589,915387.784,930621.8463,1096438.139,754296.9469,721373.8873,841220.7219,1021426.459,919209.0353,1019019.207,Tendencia
2016-06-10,932383.8065,921556.65,935622.8131,1069961.044,763331.3808,721373.8873,878177.0681,1021426.459,947290.5742,1019019.207,Tendencia
2016-06-13,930722.4721,919956.0011,934025.2928,1067139.513,753838.292,721373.8873,881393.7231,1010836.818,946449.7894,1019019.207,Tendencia
2016-06-14,931394.8563,920617.0965,934740.4667,1068808.493,752390.1207,721373.8873,883727.817,1019619.109,944179.7667,1019019.207,Tendencia
2016-06-15,930383.4196,919626.5279,933811.9964,1071439.467,744676.2303,721373.8873,883727.817,1016602.99,942750.4486,1019019.207,Tendencia
2016-06-16,929085.0145,918107.0684,932546.2043,1073073.513,741677.6601,721373.8873,883727.817,1014740.036,933081.6638,1019019.207,Tendencia
2016-06-17,929662.3592,918763.2399,932912.9078,1056122.19,754563.6185,721373.8873,883727.817,1002587.072,941405.241,1019019.207,Tendencia
2016-06-20,929394.7381,918742.2532,932816.7756,1065456.071,741494.7358,720988.3054,883727.817,1005691.813,946870.1818,1019019.207,Tendencia
2016-06-21,933023.9754,922965.0279,936433.2112,1062381.021,745952.6792,722815.9928,883727.817,1014651.346,970495.7057,1019019.207,Tendencia
2016-06-22,932736.861,922805.8911,936073.9846,1042066.791,746571.3328,717544.9437,883727.817,1010482.129,978735.1722,1019019.207,Tendencia
2016-06-23,932448.6929,922496.7673,936177.458,1056567.233,727091.3462,729137.1686,883727.817,1020860.965,964862.5437,1019019.207,Tendencia
2016-06-24,931605.9075,921615.6585,934440.4289,1018040.282,769761.4347,705791.2437,883727.817,983525.5783,991935.2371,1019019.207,Tendencia
2016-06-27,928654.1454,918010.2817,931394.1904,1006964.074,771915.5827,697899.7781,883727.817,983525.5783,965620.238,1019019.207,Tendencia
2016-06-28,935538.0956,925537.0815,938316.1229,1029185.636,783176.6312,704944.7265,883727.817,1000677.495,995495.2742,1019019.207,Tendencia
2016-06-29,942375.3033,933118.8813,945156.651,1049015.546,795973.6849,712562.2461,883727.817,1013640.903,1030462.656,1019019.207,Tendencia
2016-06-30,943716.0042,934524.5397,946451.5069,1055029.886,802116.0448,712582.1502,883727.817,1016896.579,1035215.483,1019019.207,Tendencia
2016-07-01,949461.4493,941637.4562,952334.4708,1068084.526,796144.1306,722599.4886,883727.817,1016896.579,1093947.108,1019019.207,Tendencia
2016-07-05,949157.0422,940920.105,951940.6049,1071075.802,807917.2639,725009.1834,883727.817,1016896.579,1075965.573,1019019.207,Tendencia
2016-07-06,950542.1769,942362.0462,953347.1785,1075329.966,813036.4509,732533.3655,883727.817,1016896.579,1075965.573,1019019.207,Tendencia
2016-07-07,952061.1168,943759.7921,954651.9073,1081469,834194.2342,732533.3655,883727.817,1016896.579,1075965.573,1019019.207,Tendencia
2016-07-08,954025.9649,945567.868,956339.6593,1101913.342,861563.2118,732533.3655,883727.817,1016896.579,1075965.573,1019019.207,Tendencia
2016-07-11,953156.7507,944724.7165,955529.9394,1115258.882,853147.2412,727931.499,883727.817,1016896.579,1075965.573,1019019.207,Tendencia
2016-07-12,952665.9941,944320.9652,955180.4423,1120904.486,840221.7912,733195.0795,883727.817,1016896.579,1075965.573,1019019.207,Tendencia
2016-07-13,953058.1333,944731.6528,955590.8795,1115980.66,840508.5656,738539.5152,883727.817,1016896.579,1075965.573,1019019.207,Tendencia
2016-07-14,951961.8611,943733.0464,954666.1481,1122218.033,823456.5295,739909.1282,883727.817,1016896.579,1075965.573,1019019.207,Tendencia
2016-07-15,952209.7455,944010.8962,954954.8409,1116580.929,821491.0688,745426.0169,883727.817,1016896.579,1075965.573,1019019.207,Tendencia
2016-07-18,951880.0743,943698.3623,954662.9877,1130937.528,817086.9942,744822.5775,883727.817,1016896.579,1075965.573,1019019.207,Tendencia
2016-07-19,950168.7163,942254.5548,952926.569,1116506.155,808722.9783,741106.3613,883727.817,1016896.579,1075965.573,1012942.371,Tendencia
2016-07-20,948846.3274,941324.4436,951603.9656,1129864.286,798167.8072,735579.9731,883727.817,1016896.579,1089997.137,1007992.887,Tendencia
2016-07-21,949637.0095,941624.4965,952317.2183,1113078.997,812965.6588,736815.4966,883727.817,1016896.579,1066190.987,1011539.499,Tendencia
2016-07-22,947072.9501,939411.9653,949867.9513,1123396.657,791525.2013,736403.6554,883727.817,1016896.579,1064951.058,1005055.239,Tendencia
2016-07-25,948146.8683,940695.6956,951046.8518,1136170.342,785629.1815,741432.049,883727.817,1016896.579,1086897.314,1007395.608,Tendencia
2016-07-26,949571.1281,942725.8999,952534.5598,1144609.618,778222.5516,745282.3548,883727.817,1016896.579,1133393.606,1007222.786,Tendencia
2016-07-27,949523.7465,942957.3697,952311.2274,1146562.926,785658.5222,744247.929,883727.817,1016896.579,1141205.068,1001489.638,Tendencia
2016-07-28,946650.06,940401.4316,949234.3176,1155774.221,784037.9288,728980.7956,883727.817,1016896.579,1136369.39,991115.0939,Tendencia
2016-07-29,944941.6972,938601.7414,947614.902,1168353.438,771614.4088,716197.953,883727.817,1021411.997,1131409.79,991115.0939,Tendencia
2016-08-01,944069.8237,938714.0108,946506.2924,1172649.383,776539.8916,707895.3724,883727.817,1018397.273,1170094.74,965370.9479,Tendencia
2016-08-02,945177.0128,939621.3227,947553.7152,1161862.938,785785.9841,714594.7813,883727.817,1028337.762,1160051.5,960791.9609,Tendencia
2016-08-03,945635.3242,939932.1946,948077.6231,1158166.235,783776.1994,720128.6595,883727.817,1033063.343,1154348.013,962243.1101,Tendencia
2016-08-04,943518.6278,938084.6529,946053.2846,1171711.769,769839.8699,714417.7273,883727.817,1017989.908,1158563.608,964257.0873,Tendencia
2016-08-05,942545.7041,938026.3922,945103.3,1186349.744,756902.3144,709564.5113,883727.817,1011553.687,1203076.084,952611.082,Tendencia
2016-08-08,940845.0526,936080.7073,943540.5411,1183309.568,745416.8383,709019.7302,883727.817,1010657.171,1179269.934,954621.2492,Tendencia
2016-08-09,939714.8715,934952.7233,942365.825,1185147.692,746251.9025,707402.0625,883727.817,1012266.013,1165383.102,946021.9475,Tendencia
2016-08-10,939905.6251,935164.2314,942510.7587,1180598.175,750887.0274,707158.572,883727.817,1010925.673,1164639.097,946021.9475,Tendencia
2016-08-11,939441.1421,934948.5928,942144.9009,1189710.465,736071.1241,702471.2881,883727.817,1010925.673,1188941.172,946021.9475,Reversión
2016-08-12,937837.2393,933366.8601,940789.2404,1208300.153,707716.7319,702471.2881,883727.817,1010925.673,1197620.56,946021.9475,Reversión
2016-08-15,937279.1348,932624.5388,940235.2362,1203181.43,708289.1942,702471.2881,883727.817,1010925.673,1181749.793,946021.9475,Reversión
2016-08-16,937397.2054,932728.3121,940327.039,1196354.132,712545.2668,702471.2881,883727.817,1010925.673,1179393.975,946021.9475,Reversión
2016-08-17,938751.4098,934314.9636,941568.9944,1193406.072,728785.297,702471.2881,883727.817,1010925.673,1194892.739,946021.9475,Reversión
2016-08-18,938142.8091,933642.5636,941030.2308,1196743.424,718145.2245,702471.2881,883727.817,1010925.673,1192288.958,946021.9475,Reversión
2016-08-19,937951.2233,933411.9393,940851.5915,1195133.104,716353.2686,702471.2881,883727.817,1010925.673,1189436.332,946021.9475,Reversión
2016-08-22,937530.4357,933030.2997,940399.6115,1194936.836,713441.1902,702471.2881,883727.817,1010925.673,1189436.332,942995.0396,Reversión
2016-08-23,937218.0204,932706.9527,940116.6749,1200977.435,707771.5585,702471.2881,883727.817,1010925.673,1189436.332,942568.9871,Reversión
2016-08-24,937414.4078,932993.7898,940184.541,1189834.616,718599.0498,702471.2881,883727.817,1010925.673,1189436.332,939031.0659,Reversión
2016-08-25,937109.52,932728.8703,939841.7824,1190422.109,717510.3158,702471.2881,883727.817,1010925.673,1189436.332,936309.5249,Reversión
2016-08-26,937320.0664,932903.1967,940089.8241,1197310.86,717510.3158,702471.2881,883727.817,1010925.673,1189436.332,938581.4097,Reversión
2016-08-29,936036.8169,931419.2684,939144.9504,1196874.761,717510.3158,702471.2881,862779.0206,1010925.673,1189436.332,941657.8273,Reversión
2016-08-30,935291.6249,930637.4986,938415.091,1189493.822,717510.3158,702471.2881,855475.5939,1015724.782,1189436.332,937043.2464,Reversión
2016-08-31,935147.7842,930595.7086,938210.1595,1188919.615,717510.3158,702471.2881,860822.7896,1013491.657,1189436.332,934593.7411,Reversión
2016-09-01,934075.841,929265.1645,937328.6322,1190552.374,717510.3158,702471.2881,826377.7333,1013092.983,1189436.332,936427.9082,Reversión
2016-09-02,933832.7607,928807.7203,937289.575,1187408.898,717510.3158,702471.2881,806785.6596,1010365.696,1189436.332,942900.26,Reversión
2016-09-06,934578.8538,929800.9232,938203.3807,1210075.228,717510.3158,702471.2881,827385.6818,984786.9318,1189436.332,956093.6688,Reversión
2016-09-07,933805.2795,929177.7632,937486.9665,1204102.175,717510.3158,706081.8832,822816.9504,968570.4777,1189436.332,956058.0353,Reversión
2016-09-08,932795.2407,928087.259,936452.2584,1201469.725,717510.3158,706455.1031,805072.3999,972164.0483,1189436.332,949964.2551,Reversión
2016-09-09,932399.26,927602.2436,935755.2699,1164294.821,717510.3158,710298.8609,799300.9606,995586.9384,1189436.332,932972.828,Reversión
2016-09-12,935434.2893,931055.8771,938828.8462,1184958.557,741262.2395,710298.8609,811812.8426,983838.5283,1189436.332,945207.8694,Reversión
2016-09-13,933617.0706,929051.2305,936890.1882,1167073.826,730524.606,710298.8609,802601.6181,994774.1617,1189436.332,933256.8022,Reversión
2016-09-14,934207.1295,929771.6921,937479.9062,1172727.501,736991.697,710298.8609,804075.4187,990636.2914,1189436.332,935315.6152,Reversión
2016-09-15,938164.659,934107.159,941428.4971,1193323.164,764030.7059,710298.8609,820491.7865,987902.4456,1189436.332,948059.3677,Reversión
2016-09-16,938560.6101,934731.2196,941676.1365,1203700.595,764030.7059,710298.8609,840879.2055,987902.4456,1189436.332,944201.7477,Reversión
2016-09-19,938937.3587,935099.0708,942078.6741,1204353.266,764030.7059,710298.8609,844727.4496,987902.4456,1189436.332,946732.4208,Reversión
2016-09-20,938680.1563,934784.9942,941850.3666,1202696.19,764030.7059,710298.8609,837767.9202,987902.4456,1189436.332,946732.4208,Reversión
2016-09-21,938767.9061,934892.1478,941928.2584,1212746.498,764030.7059,710298.8609,840142.3052,987902.4456,1189436.332,946732.4208,Reversión
2016-09-22,939036.1819,935245.3919,942173.7316,1222337.308,764030.7059,710298.8609,845095.9291,987902.4456,1191557.309,946732.4208,Reversión
2016-09-23,939072.1365,935353.5898,942178.4202,1219521.659,764030.7059,707097.8841,849271.6584,987902.4456,1192925.017,946732.4208,Reversión
2016-09-26,938930.9787,934886.9006,942051.884,1210041.413,764030.7059,712918.8611,855576.2174,987902.4456,1175766.053,946732.4208,Reversión
2016-09-27,938892.9854,935441.238,941976.6331,1231034.23,764030.7059,697946.774,842557.7429,987902.4456,1206975.51,946732.4208,Reversión
2016-09-28,939028.0892,935706.2403,942088.5079,1237184.321,764030.7059,695374.1097,844440.9001,987902.4456,1212073.526,946732.4208,Reversión
2016-09-29,937696.7374,933981.2468,940855.7555,1231646.263,764030.7059,693843.5327,821638.1019,987902.4456,1202001.885,946732.4208,Reversión
2016-09-30,938759.3963,935663.5075,941806.8886,1245353.321,764030.7059,686949.4909,835270.6697,987902.4456,1225377.91,946732.4208,Reversión
2016-10-03,941805.841,939884.7928,944661.5104,1258117.665,764030.7059,687420.3811,871303.1222,987902.4456,1267410.411,946732.4208,Reversión
2016-10-04,942329.6051,940491.3341,945164.3591,1254122.711,764030.7059,689574.4248,877116.6639,987902.4456,1267410.411,946732.4208,Reversión
2016-10-05,942713.2241,941079.5018,945448.754,1260306.614,764030.7059,681743.3426,889163.2895,987902.4456,1267410.411,946732.4208,Reversión
2016-10-06,944798.2392,943596.9965,947376.4701,1248613.673,764030.7059,682538.5902,919626.9635,987902.4456,1264622.203,946732.4208,Reversión
2016-10-07,946186.8204,945284.8384,948676.2636,1241829.726,764030.7059,684308.6459,937553.9569,987902.4456,1267636.895,946732.4208,Reversión
2016-10-10,945195.6893,944219.1648,947764.7338,1249589.034,764030.7059,682477.7454,919831.1287,987902.4456,1285604.753,946732.4208,Reversión
2016-10-11,946453.2371,945854.667,949021.3746,1233940.488,764030.7059,689656.849,923302.1715,987902.4456,1318646.301,946732.4208,Reversión
2016-10-12,946299.6881,945752.0581,948893.4099,1236410.6,764030.7059,689656.849,917544.3027,987902.4456,1331790.583,946732.4208,Reversión
2016-10-13,946493.8099,945932.345,949063.3393,1226178.678,764030.7059,689656.849,922730.5088,987902.4456,1322987.554,946732.4208,Reversión
2016-10-14,947264.3462,946777.3112,949758.7003,1227144.954,764030.7059,689656.849,937962.2874,987902.4456,1308034.387,946732.4208,Reversión
2016-10-17,948349.2785,948233.5926,950780.7571,1218181.352,764030.7059,689656.849,948375.4742,987902.4456,1328172.929,946732.4208,Reversión
2016-10-18,943145.2964,940548.8182,945765.5774,1261736.537,764030.7059,689656.849,927385.8268,987902.4456,1123462.66,946732.4208,Reversión
2016-10-19,941084.4639,937665.8131,943838.2722,1272612.915,764030.7059,689656.849,909172.8852,987902.4456,1081826.626,946732.4208,Reversión
2016-10-20,942338.5854,938951.309,945040.5954,1274765.255,764030.7059,689656.849,927385.8268,987902.4456,1068251.203,952325.9,Reversión
2016-10-21,941404.8157,937637.8534,944134.5432,1286890.343,764030.7059,689656.849,923343.0629,987902.4456,1042808.857,949549.6397,Reversión
2016-10-24,939982.3922,936189.1768,942691.9117,1314144.199,764030.7059,689656.849,912439.8212,987902.4456,1042242.602,936236.4296,Reversión
2016-10-25,940467.5361,936463.1424,943251.6084,1314584.975,749240.1022,689656.849,914154.926,995612.0024,1048945.109,944150.4383,Reversión
2016-10-26,940703.7938,936356.084,943563.1419,1310013.101,737728.7774,689656.849,914563.2565,1002950.386,1045185.194,951328.0006,Reversión
2016-10-27,940559.7454,936101.7425,943485.9465,1298723.322,737728.7774,689656.849,907335.2812,1002950.386,1049270.599,956613.8302,Reversión
2016-10-28,941550.1792,937359.7624,944374.6593,1287544.157,737728.7774,689656.849,923833.0595,1002950.386,1048453.406,954154.5434,Reversión
2016-10-31,943845.1052,939765.6274,946734.0798,1287271.922,737728.7774,696547.8653,932980.305,1002950.386,1062346.628,964904.2168,Reversión
2016-11-01,947178.0192,943547.8299,949998.1065,1264558.047,737728.7774,703762.961,961320.5436,1002950.386,1075177.538,969822.7046,Reversión
2016-11-02,945728.8783,942089.6084,948582.146,1247004.524,737728.7774,686413.5332,951892.2454,1002950.386,1083023.14,988806.8833,Reversión
2016-11-03,945721.7348,942035.325,948595.2787,1229612.649,737728.7774,687731.5875,948854.6176,1002950.386,1084657.683,987921.8647,Reversión
2016-11-04,946818.1593,943347.4264,949572.7008,1227664.612,737728.7774,682944.3595,964751.5583,1011414.575,1085556.635,986544.9956,Reversión
2016-11-07,950259.6596,946028.6009,953184.4201,1266796.224,737728.7774,693839.4035,978167.7299,1023141.252,1064716.684,1012980.026,Reversión
2016-11-08,953206.3559,948632.4781,956194.5763,1273389.218,737728.7774,696332.1915,986926.2488,1040479.652,1066678.104,1025547.143,Reversión
2016-11-09,949997.9901,945701.6859,952990.9968,1253296.006,737728.7774,682303.9114,962220.1656,1031768.484,1084249.047,1017476.495,Reversión
2016-11-10,944073.4707,940981.5425,946898.6602,1211533.032,737728.7774,662171.5429,920550.1983,1011833.481,1143831.888,985522.0229,Reversión
2016-11-11,942465.8305,939946.8422,945081.8923,1310102.524,737728.7774,664293.2676,940958.7706,996923.7459,1141210.764,966418.266,Reversión
2016-11-14,936582.0679,935167.6347,938979.0211,1265190.096,774028.7044,646369.2483,905478.2009,951876.3035,1127291.195,966418.266,Reversión
2016-11-15,938567.9643,936520.1314,941200.5963,1294616.735,752699.6284,668095.5671,917055.4924,954515.7276,1129379.13,977430.2828,Reversión
2016-11-16,937578.7268,935167.9274,940435.3322,1325320.239,707198.3096,671017.0208,917853.9436,947511.6357,1145287.263,983508.0916,Reversión
2016-11-17,939950.1235,936875.9451,942916.9147,1338666.851,691619.267,679925.0577,941457.7579,959320.9567,1143696.469,991300.6075,Reversión
2016-11-18,938320.7632,935491.5397,941293.0909,1338698.766,691619.267,683304.9024,923293.3339,953049.7563,1145486.101,978451.5706,Reversión
2016-11-21,944954.0787,941504.4445,947989.8442,1355255.74,691619.267,701139.0128,920798.183,991735.3636,1172828.193,989585.9005,Reversión
2016-11-22,946152.8439,942960.2148,949057.1911,1364605.452,691619.267,705930.1036,953983.2682,989292.1617,1173623.637,989838.2118,Reversión
2016-11-23,945138.5798,942191.9133,947947.3645,1364203.821,691619.267,701246.8897,963814.0326,984161.1055,1170143.745,982272.3683,Reversión
2016-11-25,945323.6399,942493.7465,948074.1924,1366919.633,691619.267,701471.6275,981329.7017,980414.7833,1167359.831,983823.3351,Reversión
2016-11-28,944675.3385,941691.6225,947446.0651,1363311.372,691619.267,689246.634,978684.9261,980659.1223,1162587.353,990834.152,Reversión
2016-11-29,944447.7966,941235.6908,947362.9535,1355432.1,691619.267,689489.3459,945998.8283,984405.57,1168354.113,995436.4543,Reversión
2016-11-30,941297.1631,938706.772,944118.8303,1339195.317,691619.267,689489.3459,945150.5498,964451.8875,1163283.332,978338.3316,Reversión
2016-12-01,936614.9798,934738.5532,939466.8749,1301091.848,691619.267,689489.3459,907623.9179,937412.6877,1165470.733,963774.4907,Reversión
2016-12-02,938215.2596,937131.9967,940879.0377,1309990.221,691619.267,689489.3459,905577.927,939855.9522,1201164.662,963938.1337,Reversión
2016-12-05,941039.7543,939058.5076,943800.486,1340077.797,691619.267,689489.3459,932175.8796,956388.9514,1184759.388,981288.762,Reversión
2016-12-06,941978.7126,940849.7922,944554.2703,1355968.015,691619.267,689489.3459,927435.2143,955411.6581,1218414.602,978716.4101,Reversión
2016-12-07,944720.6102,943421.8179,947249.1108,1376965.989,691619.267,689489.3459,963863.9313,960624.0771,1218414.602,997996.1809,Reversión
2016-12-08,945617.5795,944025.4582,948203.263,1366555.172,691619.267,689489.3459,959572.2833,968442.7369,1218414.602,1002661.707,Reversión
2016-12-09,947168.2312,945162.0209,949865.2143,1362171.434,691619.267,689489.3459,959023.3972,974713.7491,1218414.602,1020667.781,Reversión
2016-12-12,946601.7552,944758.3794,949274.5039,1345291.162,691619.267,689489.3459,960270.9369,969753.5903,1218414.602,1018713.388,Reversión
2016-12-13,948037.4676,946245.4506,950635.3572,1368369.938,691619.267,689489.3459,988815.0829,969753.5903,1218414.602,1028094.747,Reversión
2016-12-14,948293.0116,946473.6368,950896.6136,1394133.54,691619.267,689489.3459,991509.8287,969753.5903,1218414.602,1031310.308,Reversión
2016-12-15,947962.6923,946147.2287,950575.3145,1405266.678,691619.267,689489.3459,985970.6409,969753.5903,1218414.602,1028485.839,Reversión
2016-12-16,947627.3813,945921.1756,950194.2455,1413135.449,691619.267,689489.3459,987230.1382,969753.5903,1218414.602,1021159.681,Reversión
2016-12-19,947800.1447,946047.5732,950385.4072,1423060.655,691619.267,689489.3459,987230.1382,969753.5903,1218414.602,1024513.926,Reversión
2016-12-20,947975.4942,946175.8628,950579.4303,1446747.526,691619.267,689489.3459,987230.1382,969753.5903,1218414.602,1027918.381,Reversión
2016-12-21,947712.0844,945921.2744,950308.269,1450494.954,689513.4522,689489.3459,987230.1382,969753.5903,1218414.602,1024135.459,Reversión
2016-12-22,947507.6146,945675.1289,950096.6483,1451884.003,681166.5788,689489.3459,987230.1382,969753.5903,1228981.87,1020958.065,Reversión
2016-12-23,946814.9419,944654.0379,949499.1111,1467001.265,664094.1613,689489.3459,987230.1382,969753.5903,1228885.892,1018587.427,Reversión
2016-12-27,945857.4328,943114.3045,948757.7071,1518577.953,648619.8929,689489.3459,987230.1382,969753.5903,1202406.656,1021273.309,Reversión
2016-12-28,946732.1764,944756.7504,949362.81,1471158.67,669576.682,689489.3459,987230.1382,969753.5903,1224898.646,1014514.415,Reversión
2016-12-29,946740.2362,944838.583,949338.143,1474616.24,669576.682,689489.3459,987230.1382,969753.5903,1230085.34,1012383.754,Reversión
2016-12-30,946384.685,944785.9221,948852.9682,1439375.548,669576.682,689489.3459,987230.1382,969753.5903,1244256.18,999231.8071,Reversión
2017-01-03,946619.0196,944457.0019,949333.5605,1430556.433,669576.682,689489.3459,987230.1382,969753.5903,1210079.47,1018852.169,Reversión
2017-01-04,946199.5396,943889.7478,948984.5583,1456743.219,669576.682,689489.3459,987230.1382,969753.5903,1192296.406,1018549.551,Reversión
2017-01-05,945938.481,943329.7031,948853.6452,1457015.124,669576.682,689489.3459,984560.6227,969753.5903,1169627.323,1025169.567,Reversión
2017-01-06,945035.9135,942409.0432,947889.984,1475579.468,669576.682,676631.5254,974754.1687,969753.5903,1177099.934,1040540.357,Reversión
2017-01-09,943636.6747,941190.0645,946461.3482,1501447.295,669576.682,675741.1566,965069.9191,957959.8973,1178161.268,1043024.429,Reversión
2017-01-10,944496.0124,942078.1929,947293.1802,1493278.229,669576.682,676603.7608,970803.9082,962171.467,1187536.317,1041548.923,Reversión
2017-01-11,942721.5681,940588.5407,945468.1676,1491875.747,669576.682,673965.3016,971384.4257,948809.0811,1182141.25,1041015.322,Reversión
2017-01-12,941059.0441,939293.9913,943623.665,1485566.341,669576.682,661662.1958,971964.9433,944821.3657,1193815.843,1041015.322,Reversión
2017-01-13,937551.4708,935626.446,940222.9448,1502318.678,669576.682,658771.7437,944644.9,931933.6543,1153839.228,1041015.322,Reversión
2017-01-17,938856.565,936824.5958,941572.5811,1484252.071,669576.682,664775.9865,944644.9,935371.3752,1160103.025,1041015.322,Reversión
2017-01-18,938659.9759,936618.1641,941381.3192,1496074.54,669576.682,664135.3498,944644.9,934979.29,1156974.184,1041015.322,Reversión
2017-01-19,936496.9477,933862.8951,939523.9122,1517858.646,669576.682,664135.3498,944644.9,931568.0142,1081481.551,1041015.322,Reversión
2017-01-20,936666.55,934077.8984,939677.3092,1512818.183,669576.682,664135.3498,946271.5137,931568.0142,1086021.901,1041015.322,Reversión
2017-01-23,936372.0821,933773.6674,939363.2013,1528636.574,669576.682,664135.3498,930200.1991,931568.0142,1095400.143,1041015.322,Reversión
2017-01-24,935102.9241,932216.3577,938179.6204,1551331.134,669576.682,664135.3498,908731.979,931568.0142,1074318.409,1041015.322,Reversión
2017-01-25,935530.4729,932724.223,938586.1655,1561663.082,669576.682,664135.3498,917614.8615,931568.0142,1078660.179,1041015.322,Reversión
2017-01-26,935722.9829,932985.5314,938745.5425,1571315.496,669576.682,660432.3941,924528.2813,931568.0142,1082911.637,1042221.025,Reversión
2017-01-27,935859.0885,932665.6238,939056.2384,1583258.125,669576.682,663087.5381,922976.3015,931568.0142,1056415.833,1056684.155,Reversión
2017-01-30,937920.8619,934439.6232,941227.2912,1562834.086,669576.682,667331.0958,931159.4403,931568.0142,1065678.263,1082342.569,Reversión
2017-01-31,938406.2248,934842.0452,941753.2819,1555104.705,669576.682,672763.4839,926574.0408,931568.0142,1069497.066,1086748.234,Reversión
2017-02-01,938604.2051,935026.4771,941937.5716,1583450.823,669576.682,665780.1262,936062.421,931568.0142,1068972.916,1092739.162,Reversión
2017-02-02,938368.8082,934850.3063,941644.0161,1588853.237,669576.682,659796.6306,927914.4008,931568.0142,1080803.8,1094795.573,Reversión
2017-02-03,939712.7759,935980.9223,943153.7195,1578105.461,669576.682,683218.8488,928690.4411,931568.0142,1072941.537,1097297.713,Reversión
2017-02-06,938841.735,934927.34,942322.9134,1600270.054,669576.682,682736.7715,905974.8614,931568.0142,1067550.21,1099291.407,Reversión
2017-02-07,939227.0744,935125.855,942773.5405,1616450.419,669576.682,682736.7715,906972.9786,931568.0142,1062332.168,1109473.191,Reversión
2017-02-08,938898.726,934645.5351,942479.5188,1624113.223,669576.682,682736.7715,890858.3236,931568.0142,1062332.168,1114483.212,Reversión
2017-02-09,938342.6594,934012.0403,941933.9059,1617448.256,669576.682,682736.7715,875084.1749,931568.0142,1062332.168,1114483.212,Tendencia
2017-02-10,938342.6594,934012.0403,941933.9059,1607124.733,669576.682,682736.7715,875084.1749,931568.0142,1062332.168,1114483.212,Tendencia
2017-02-13,938342.6594,934012.0403,941933.9059,1589345.448,669576.682,682736.7715,875084.1749,931568.0142,1062332.168,1114483.212,Tendencia
2017-02-14,938709.9173,934640.7304,942219.6887,1587949.816,673632.9533,682736.7715,875084.1749,931568.0142,1062332.168,1114483.212,Tendencia
2017-02-15,938833.2706,934851.8926,942315.6765,1590729.138,674995.3592,682736.7715,875084.1749,931568.0142,1062332.168,1114483.212,Tendencia
2017-02-16,937852.0701,933172.2254,941552.1523,1575544.602,664158.2466,682736.7715,875084.1749,931568.0142,1062332.168,1114483.212,Tendencia
2017-02-17,937840.8458,933153.0111,941543.4181,1578863.037,664034.2768,682736.7715,875084.1749,931568.0142,1062332.168,1114483.212,Tendencia
2017-02-21,939993.8916,936838.7005,943218.8173,1606624.038,687814.1259,682736.7715,875084.1749,931568.0142,1062332.168,1114483.212,Tendencia
2017-02-22,939916.1642,936691.6338,943163.6288,1608926.758,686759.9919,682950.6899,875084.1749,931568.0142,1062332.168,1114483.212,Tendencia
2017-02-23,934376.0184,927029.5257,938919.9097,1539827.662,623081.5144,685664.55,875084.1749,931568.0142,1062332.168,1114483.212,Tendencia
2017-02-24,932845.9041,924048.0352,937866.1401,1543873.934,601123.7458,691186.7312,875084.1749,931568.0142,1062332.168,1114483.212,Reversión
2017-02-27,932621.869,923841.6936,937624.8377,1554096.053,601123.7458,688485.2604,875084.1749,931568.0142,1062332.168,1114483.212,Reversión
2017-02-28,934882.5444,926482.0042,939822.661,1536616.016,601123.7458,691345.6769,894750.7643,931568.0142,1062332.168,1114483.212,Reversión
2017-03-01,934363.8024,926007.2765,939262.6437,1551790.969,601123.7458,684957.4174,894858.0797,931568.0142,1062332.168,1114483.212,Reversión
2017-03-02,934807.9823,926463.1073,939721.209,1524445.636,601123.7458,688270.7261,896504.5724,931568.0142,1062332.168,1114483.212,Reversión
2017-03-03,934738.3816,926319.0219,939689.7938,1522496.413,599520.5665,687500.0031,900405.815,931568.0142,1056828.4,1114483.212,Reversión
2017-03-06,935671.7645,927246.6988,940559.0876,1521742.7,594891.6854,690098.1774,899117.3134,931568.0142,1078095.662,1114483.212,Reversión
2017-03-07,934969.6528,926646.3132,939839.4853,1525005.878,601408.6938,690567.0127,889739.9133,931568.0142,1074221.947,1114483.212,Reversión
2017-03-08,933508.2344,924912.886,938453.4733,1523524.66,600312.4513,687007.3442,883583.8185,931568.0142,1065791.013,1114483.212,Reversión
2017-03-09,932696.889,923986.516,937649.0949,1524690.126,600190.7319,685020.9472,876532.9509,931568.0142,1067386.119,1114483.212,Reversión
2017-03-10,932671.7686,924095.0594,937579.0778,1528830.69,603723.4296,685450.0158,872202.1395,931568.0142,1070120.421,1114483.212,Reversión
2017-03-13,935643.6938,928407.8456,940146.0989,1551096.153,620351.2991,683757.6259,881078.393,931568.0142,1090096.445,1114483.212,Reversión
2017-03-14,939871.8846,933407.4607,944236.9919,1558247.796,619924.9268,685394.4272,922458.89,931568.0142,1087589.953,1114483.212,Reversión
2017-03-15,941008.9843,935004.6349,945201.7961,1564912.343,624614.7857,685044.8315,922458.89,931568.0142,1103236.495,1114483.212,Reversión
2017-03-16,940873.3013,934983.3695,945059.5787,1575595.928,628361.4001,684687.234,922458.89,931568.0142,1096704.463,1114483.212,Reversión
2017-03-17,941244.5903,935421.7638,945398.6878,1587795.724,628361.4001,685569.1947,922458.89,931568.0142,1102173.14,1114483.212,Reversión
2017-03-20,940720.06,934555.8747,944912.7343,1606824.321,611884.6121,681866.5843,922458.89,931568.0142,1107641.889,1114483.212,Reversión
2017-03-21,940866.4286,934839.0995,945181.7952,1565629.55,632055.7815,692768.3261,922458.89,931568.0142,1081741.423,1114483.212,Reversión
2017-03-22,940152.2982,933864.1069,944497.5357,1583105.081,619821.1717,688918.2046,922458.89,931568.0142,1083488.427,1113511.22,Reversión
2017-03-23,938785.0874,932953.4569,942998.2021,1574231.714,625372.1078,689456.9109,922458.89,931568.0142,1077336.102,1100211.463,Reversión
2017-03-24,937872.2196,932310.0759,941980.6533,1582476.652,623182.2997,690859.131,922458.89,931568.0142,1078703.253,1089268.3,Reversión
2017-03-27,939687.6841,933843.6416,943839.433,1595735.816,618782.1281,689900.5444,922458.89,931568.0142,1094197.971,1101597.752,Reversión
2017-03-28,939915.1444,934234.6345,943971.0709,1605021.871,621941.3532,682628.0993,922458.89,931568.0142,1102628.905,1104383.084,Reversión
2017-03-29,940176.539,934507.4053,944152.0412,1613311.114,623915.6161,668120.3844,922458.89,931568.0142,1112502.975,1113324.945,Reversión
2017-03-30,940322.9611,934503.0808,944278.2163,1626661.652,612294.7412,666529.4221,922458.89,931568.0142,1124579.67,1113324.945,Reversión
2017-03-31,939633.7724,933915.1807,943533.5808,1625842.678,614945.2209,658776.9676,922458.89,931568.0142,1122680.841,1113324.945,Reversión
2017-04-03,939038.8901,933342.0946,942940.5741,1640165.247,618045.4711,655047.7891,922458.89,931568.0142,1115920.926,1113324.945,Reversión
2017-04-04,938424.4946,933201.2045,942224.6444,1605199.485,646610.2841,651950.1464,900174.4838,931568.0142,1105135.397,1113324.945,Reversión
2017-04-05,937800.2057,932712.8595,941632.9674,1592169.132,646610.2841,641470.1183,926386.339,931568.0142,1090856.005,1113324.945,Reversión
2017-04-06,938157.2041,932892.0826,942028.7673,1594034.696,646610.2841,651550.3839,915296.5891,931568.0142,1091767.391,1113324.945,Reversión
2017-04-07,937687.754,932232.5124,941613.8542,1591555.506,646610.2841,653934.167,903787.2564,931568.0142,1086982.29,1113324.945,Reversión
2017-04-10,936503.1329,930926.9412,940399.4101,1590315.185,646610.2841,645408.7122,874658.3084,931568.0142,1092602.937,1113324.945,Reversión
2017-04-11,937273.5158,931820.2682,941140.453,1586735.664,646610.2841,648689.8976,884788.956,931568.0142,1096400.667,1113324.945,Reversión
2017-04-12,937527.326,932038.3713,941427.8455,1571306.971,646610.2841,652987.6609,890316.8749,931568.0142,1092451.039,1113324.945,Reversión
2017-04-13,937679.7603,932027.6956,941653.5253,1562353.591,646610.2841,661092.4167,890316.8749,931568.0142,1085539.154,1113324.945,Reversión
2017-04-17,938679.8197,933572.4296,942388.0258,1597077.26,646610.2841,648949.3242,890316.8749,931568.0142,1118427.418,1113324.945,Reversión
2017-04-18,936987.032,931496.8688,940895.6174,1590113.704,646610.2841,647694.3411,890316.8749,931568.0142,1088881.191,1113324.945,Reversión
2017-04-19,935705.975,929823.2726,939813.7309,1592043.066,646610.2841,650905.4011,890316.8749,931568.0142,1061537.589,1113324.945,Reversión
2017-04-20,936163.0482,930441.6504,940189.9233,1604020.291,646610.2841,648900.2204,890316.8749,931568.0142,1072323.118,1113324.945,Reversión
2017-04-21,937036.4757,931462.5607,940982.9148,1609633.702,646610.2841,651375.1505,890316.8749,931827.4558,1085159.373,1113324.945,Reversión
2017-04-24,936492.7413,931155.6626,940344.2687,1628881.071,646610.2841,645149.339,890316.8749,920284.952,1092451.039,1113324.945,Reversión
2017-04-25,939096.7666,934740.8651,942459.7996,1658666.787,646610.2841,645002.081,890316.8749,913824.1386,1153843.81,1103642.023,Reversión
2017-04-26,939458.3996,935135.3553,942775.3295,1649940.482,646610.2841,643831.2377,895468.0139,913303.7787,1162746.24,1103176.969,Reversión
2017-04-27,937906.7569,933846.912,941221.3275,1666143.896,646610.2841,637460.801,899851.8496,905529.5737,1140615.395,1100337.713,Reversión
2017-04-28,933761.1737,930354.531,936771.3865,1675013.996,646610.2841,615309.2535,884366.1029,899861.9557,1147225.37,1052537.212,Reversión
2017-05-01,930246.8433,927006.467,933274.9296,1709506.227,646610.2841,604125.1573,859772.9,886587.4672,1123639.968,1041361.071,Reversión
2017-05-02,930127.6482,927843.6069,932952.1815,1693259.637,658468.2786,603186.1092,869938.8449,880244.3905,1115549.159,1031014.365,Reversión
2017-05-03,930802.1179,928514.6858,933571.3311,1689473.389,653757.0317,606953.0166,890741.6384,889359.962,1121692.156,1016086.273,Reversión
2017-05-04,930615.2343,928652.7021,933346.7762,1677420.241,656204.3588,609183.819,899188.8495,889359.962,1109831.444,1009295.856,Reversión
2017-05-05,931151.4051,929101.0758,933898.6343,1683146.647,656143.2823,611338.1297,899188.8495,889359.962,1114037.611,1013923.938,Reversión
2017-05-08,930540.4608,929007.0726,933135.222,1683390.99,662812.4147,601847.6278,899188.8495,889359.962,1115564.663,1005070.888,Reversión
2017-05-09,930140.0667,928565.0309,932769.4348,1695835.905,661772.099,599428.714,899188.8495,889359.962,1108068.282,1007096.343,Reversión
2017-05-10,925671.4397,920271.8268,929144.323,1794912.743,591453.6772,601858.1683,899188.8495,889359.962,1088494.565,1009045.804,Reversión
2017-05-11,925244.846,918775.9514,928879.236,1816795.872,559687.1348,602693.6622,899188.8495,889359.962,1100264.817,1007951.305,Reversión
2017-05-12,923928.0659,917339.7435,927623.9257,1832405.521,553426.35,594075.7649,899188.8495,889359.962,1084858.988,1008733.273,Reversión
2017-05-15,923295.3766,915829.8735,927140.7078,1857196.775,528066.3562,596183.8499,899188.8495,889359.962,1090220.407,1004479.423,Reversión
2017-05-16,922777.7192,915303.889,926580.2746,1872459.357,525744.1979,591162.2136,899188.8495,889359.962,1094341.792,998859.1221,Reversión
2017-05-17,927331.3778,920464.4158,930965.9995,1790357.424,555393.0213,604340.6818,899188.8495,889359.962,1136398.023,1022146.878,Reversión
2017-05-18,927249.9798,920363.631,931079.0486,1836426.753,555393.0213,595849.8256,899188.8495,900465.5046,1119467.181,1013502.262,Reversión
2017-05-19,926631.3511,919836.3214,930465.9662,1854355.386,555393.0213,595005.0033,899188.8495,900465.5046,1110527.699,1009195.381,Reversión
2017-05-22,925663.9758,919028.267,929431.4199,1874155.332,555393.0213,588341.3012,899188.8495,900465.5046,1109579.576,999419.6729,Reversión
2017-05-23,925086.547,918556.3935,928838.4402,1862382.762,555393.0213,587741.2852,899188.8495,900465.5046,1104229.398,992686.1134,Reversión
2017-05-24,924413.7677,917997.4491,928107.1283,1881616.228,555393.0213,582453.2655,899188.8495,900465.5046,1105583.896,985468.8708,Reversión
2017-05-25,922757.2505,916524.1843,926521.8399,1902444.908,555393.0213,579017.8119,899188.8495,900465.5046,1073771.849,982094.9468,Reversión
2017-05-26,922581.9277,916406.8378,926336.4323,1927106.451,555393.0213,577841.5895,899188.8495,900465.5046,1075131.511,979613.0467,Reversión
2017-05-30,922221.4021,916097.1635,925985.424,1952370.39,555393.0213,577305.0505,899188.8495,900465.5046,1069892.891,976748.2074,Reversión
2017-05-31,922815.7339,916530.2069,926591.3787,1949832.564,555393.0213,578483.4328,899188.8495,900465.5046,1070871.061,985640.7898,Reversión
2017-06-01,922711.8112,916457.043,926482.3988,1950009.343,555393.0213,577718.1484,899188.8495,900465.5046,1071392.922,984464.1695,Reversión
2017-06-02,921321.591,915258.7712,925110.5445,1957095.126,555393.0213,571515.4946,897854.7536,900465.5046,1057105.952,976787.5187,Reversión
2017-06-05,920200.9208,914059.205,924043.1081,1987636.603,555393.0213,568886.501,878110.3846,900465.5046,1057794.23,969195.3341,Reversión
2017-06-06,920379.4532,913979.7788,924301.3077,1983405.574,556500.8402,573561.3094,870192.2837,900465.5046,1046790.055,976147.2428,Reversión
2017-06-07,919348.7465,912752.2685,923320.0043,2001531.779,549836.8757,569589.6316,861032.8718,900465.5046,1046790.055,971488.4612,Reversión
2017-06-08,917823.4592,910190.3066,921983.8105,2068043.206,525615.537,569477.0937,840382.6589,900465.5046,1046790.055,968799.3098,Reversión
2017-06-09,925427.3625,918873.4061,929481.4527,1970142.316,575808.2852,588358.487,877666.3685,929383.2798,1046790.055,1006148.102,Reversión
2017-06-12,924207.2717,917295.6425,928336.8828,1956208.023,575808.2852,588358.487,873877.8986,937151.6377,1019497.612,1008130.782,Reversión
2017-06-13,925231.5777,917471.6809,929629.9286,1987501.477,575808.2852,588358.487,835903.6665,951293.4145,1028114.62,1017239.297,Reversión
2017-06-14,924309.5094,916492.9932,928732.1047,1989448.747,575808.2852,588358.487,825274.1224,948578.6937,1024613.964,1014545.606,Reversión
2017-06-15,923513.0342,916107.3786,927849.4572,1982611.694,575808.2852,588358.487,836781.899,945737.7339,1021651.832,1006422.228,Reversión
2017-06-16,924109.0986,916850.5746,928434.848,1983894.795,575808.2852,588358.487,845304.5986,951041.0339,1025825.705,1004787.058,Reversión
2017-06-19,927063.0308,919244.0148,931494.6582,2022512.508,575808.2852,588358.487,848765.5896,965119.594,1032692.385,1022186.626,Reversión
2017-06-20,926293.0933,918831.4241,930681.5249,2018073.234,582104.923,588358.487,843487.5845,961205.3114,1033284.121,1015656.682,Reversión
2017-06-21,927266.3451,919019.556,931820.0923,2045037.331,573498.2044,588358.487,834489.0327,971685.5753,1033284.121,1025718.933,Reversión
2017-06-22,926628.6899,918410.4979,931200.6996,2042281.052,577419.1523,588358.487,821056.001,968465.5096,1033284.121,1023653.96,Reversión
2017-06-23,928396.8812,920175.41,933015.1065,2029820.321,593678.4221,588358.487,812831.878,979008.9903,1033284.121,1033580.102,Reversión
2017-06-26,926660.4415,919153.189,931162.4481,2008117.045,599695.1782,588358.487,812831.878,969665.1686,1033284.121,1018905.791,Reversión
2017-06-27,923848.6086,917890.4202,928088.3651,1944273.996,619643.1661,588358.487,812831.878,950662.0253,1033284.121,993749.9213,Reversión
2017-06-28,925423.9029,918333.489,929880.6872,1991394.601,601127.7342,588358.487,812831.878,967455.5008,1033284.121,1007292.247,Reversión
2017-06-29,921897.9632,916525.435,926112.4134,1940464.837,619285.1051,588358.487,812831.878,953566.2018,1033284.121,973293.6877,Reversión
2017-06-30,919428.3501,914734.0245,923545.4952,1925333.489,626877.4405,588358.487,807129.7686,953187.2905,1033284.121,957342.7957,Reversión
2017-07-03,914984.3839,909604.0852,919272.3248,1877084.67,599098.5003,588358.487,787063.7012,937088.1292,1033284.121,946818.7713,Reversión
2017-07-05,917663.8953,911892.0853,922180.7778,1889924.664,615093.9325,588358.487,773997.3562,949146.6717,1039245.805,959999.4988,Reversión
2017-07-06,914272.6704,908165.5148,918978.4149,1871578.129,616943.0721,588358.487,752490.6434,939550.6639,1029670.769,955293.4614,Reversión
2017-07-07,920674.5478,914906.0406,925365.4689,1908083.853,631046.4873,588358.487,763187.2095,956091.6616,1057339.846,968804.0461,Reversión
2017-07-10,925787.084,920689.9066,930393.8266,1959474.088,660887.4042,588358.487,770082.7689,969096.9961,1074870.69,979296.9802,Reversión
2017-07-11,929869.3963,925625.4689,934148.6709,1984137.114,670261.11,588358.487,797299.4407,980271.6715,1086557.852,981902.3686,Reversión
2017-07-12,937137.3589,933435.0304,941445.6271,2038489.693,698769.0395,588358.487,802903.5989,1003189,1117676.818,996452.8086,Reversión
2017-07-13,936411.6,932766.5481,940846.94,2022909.242,709291.3023,588358.487,788016.0613,1000926.199,1113874.964,997678.2533,Reversión
2017-07-14,938968.8241,934600.7273,943448.3031,2055781.071,690762.5711,588358.487,798663.8992,1000675.491,1132095.047,1005978.14,Reversión
2017-07-17,937644.1613,932976.6556,942365.807,2048565.144,693371.4685,588358.487,778659.5549,1002167.198,1132095.047,1004999.831,Reversión
2017-07-18,938487.0581,932909.8198,943424.6521,2107846.315,686331.1028,588358.487,772648.8553,982656.2611,1132095.047,1016316.813,Reversión
2017-07-19,939397.7409,933729.3385,944359.8173,2105616.115,689871.5291,588358.487,772648.8553,966785.1506,1125181.925,1022309.921,Tendencia
2017-07-20,938784.8978,932647.2531,943811.829,2121884.804,679990.3607,588358.487,772648.8553,966785.1506,1126761.051,1021712.704,Tendencia
2017-07-21,937844.1889,931159.9832,942932.7104,2130694.296,677540.871,588358.487,772648.8553,966785.1506,1083281.087,1023411.877,Tendencia
2017-07-24,939085.455,932682.4187,944147.4521,2137099.507,685331.1231,588358.487,772648.8553,966785.1506,1086401.064,1028014.888,Tendencia
2017-07-25,934863.4354,929828.1019,939666.3619,2122143.126,688544.039,586593.6879,772648.8553,966785.1506,1091790.918,997863.6046,Tendencia
2017-07-26,932555.0782,927336.8771,937383.929,2141254.382,680872.7969,579320.6462,772648.8553,966785.1506,1079692.373,994032.9302,Tendencia
2017-07-27,931961.1765,929098.0035,936466.4698,2099785.663,703043.8452,569183.1134,772648.8553,966785.1506,1113777.261,980852.1235,Tendencia
2017-07-28,930757.9203,927482.0024,935257.1157,2113658.608,692399.958,569183.1134,772648.8553,946274.67,1113777.261,986845.2306,Tendencia
2017-07-31,930569.6654,927842.9348,935029.5774,2075665.376,699951.0452,569183.1134,772648.8553,963972.8082,1113777.261,973633.5717,Tendencia
2017-08-01,929859.0124,926775.2692,934361.064,2086849.979,691998.431,568518.1966,772648.8553,960607.8419,1113777.261,974724.9003,Tendencia
2017-08-02,930230.7843,927081.6998,934757.6949,2088294.924,692399.958,568346.9523,772648.8553,963696.799,1113777.261,975837.1672,Tendencia
2017-08-03,927713.7713,924610.288,932253.3516,2107228.188,684005.2985,563227.8658,772648.8553,967613.6137,1113777.261,968278.6062,Tendencia
2017-08-04,927317.7927,923296.5921,931975.4609,2122777.289,668760.5257,563604.5337,772648.8553,961931.802,1113777.261,973932.1801,Tendencia
2017-08-07,927725.5974,923611.5348,932372.7348,2154364.359,668760.5257,566281.0481,772648.8553,948913.2285,1113777.261,973890.7794,Tendencia
2017-08-08,927163.2802,923183.8064,931793.6319,2144629.756,668760.5257,564894.2869,772648.8553,953050.4766,1113777.261,972284.4801,Tendencia
2017-08-09,925488.8684,921909.2184,930072.1865,2145752.567,668760.5257,560425.7374,772648.8553,953326.2309,1113777.261,968052.1714,Tendencia
2017-08-10,919517.238,917366.7466,923922.7134,2075959.576,668760.5257,545650.9352,772648.8553,974178.0088,1113777.261,951071.4632,Tendencia
2017-08-11,921378.4528,918773.7515,925855.4939,2041702.183,668760.5257,549505.4811,772648.8553,969524.6446,1113777.261,957764.9717,Tendencia
2017-08-14,930061.484,928482.8327,934457.316,2119183.575,704444.6367,558196.6028,772648.8553,984925.7274,1113777.261,966868.0481,Tendencia
2017-08-15,929545.7058,927568.7781,934024.2404,2107157.382,698504.675,557878.7052,772648.8553,986367.6463,1113777.261,965992.7645,Tendencia
2017-08-16,928374.7755,926006.5159,932893.1514,2099024.432,690849.2642,555290.0917,772648.8553,980599.4378,1113777.261,972366.8057,Tendencia
2017-08-17,919611.0221,918028.4303,923863.682,2053135.249,675455.4202,545293.2943,772648.8553,962775.6967,1113777.261,955262.6092,Tendencia
2017-08-18,919507.7754,917960.5737,923779.3467,2050632.807,675580.7235,544101.1783,772648.8553,965659.8898,1113777.261,953738.5561,Tendencia
2017-08-21,917438.24,915528.7367,921795.5577,2030011.035,665750.4452,541160.6253,772648.8553,967794.111,1113777.261,948270.5715,Tendencia
2017-08-22,925042.8474,922579.7173,929579.1978,2065328.387,680571.717,548886.7068,772648.8553,978522.9752,1113777.261,968381.7114,Tendencia
2017-08-23,924547.5981,923403.5092,928825.3805,2086598.675,694178.9961,543834.3868,772648.8553,973158.4542,1113777.261,970626.549,Tendencia
2017-08-24,922764.5214,921830.1218,926971.2016,2077959.501,691625.1406,540683.7789,772648.8553,967563.3435,1113777.261,970575.5039,Tendencia
2017-08-25,920120.5547,919321.7493,924252.0438,2058491.321,685847.4171,536602.1727,772648.8553,959372.5657,1113777.261,970575.5039,Tendencia
2017-08-28,921383.9463,920704.0853,925534.7073,2065594.871,690704.2784,537033.5866,772648.8553,964679.2393,1113777.261,970575.5039,Tendencia
2017-08-29,920645.9866,920052.0325,924665.6936,2073051.101,689573.7944,541597.7129,772648.8553,952008.8894,1113777.261,970575.5039,Tendencia
2017-08-30,922891.5641,922115.4357,926917.7864,2099426.152,693676.8108,549278.4052,772648.8553,952008.8894,1113777.261,970575.5039,Crisis
2017-08-31,924570.5498,923938.4634,928549.7703,2129871.731,709419.4306,556663.8512,772648.8553,952008.8894,1113777.261,970575.5039,Crisis
2017-09-01,924682.319,924213.8385,928628.1484,2133531.69,717344.7293,555329.8073,772648.8553,952008.8894,1113777.261,970575.5039,Crisis
2017-09-05,924154.2438,923804.4586,928082.4125,2097934.241,717344.7293,547961.3822,772648.8553,952008.8894,1113777.261,970575.5039,Crisis
2017-09-06,924257.1733,923884.2527,928188.7843,2103815.777,717344.7293,549397.5951,772648.8553,952008.8894,1113777.261,970575.5039,Crisis
2017-09-07,924731.954,924252.317,928679.4433,2118376.007,717344.7293,556022.3823,772648.8553,952008.8894,1113777.261,970575.5039,Crisis
2017-09-08,924179.873,923824.3271,928108.8988,2085416.17,717344.7293,548318.9954,772648.8553,952008.8894,1113777.261,970575.5039,Crisis
2017-09-11,924670.5209,924204.6923,928615.9557,2143154.372,717344.7293,555165.1848,772648.8553,952008.8894,1113777.261,970575.5039,Crisis
2017-09-12,924858.4827,924350.4059,928810.2036,2151751.59,717344.7293,557787.8835,772648.8553,952008.8894,1113777.261,970575.5039,Crisis
2017-09-13,925221.3045,924631.6764,929185.1595,2161271.472,717344.7293,562850.4686,772648.8553,952008.8894,1113777.261,970575.5039,Crisis
2017-09-14,925221.3045,924631.6764,929185.1595,2155651.873,717344.7293,562850.4686,772648.8553,952008.8894,1113777.261,970575.5039,Reversión
2017-09-15,924804.9516,924078.5489,928847.34,2210226.968,717344.7293,562850.4686,760763.4755,952008.8894,1113777.261,970575.5039,Reversión
2017-09-18,924125.9261,923068.8158,928283.1414,2248412.075,707123.0529,562850.4686,750335.6266,952008.8894,1113777.261,970575.5039,Reversión
2017-09-19,925097.4302,924232.4731,929132.7217,2246202.968,707921.4792,562850.4686,770118.1634,952008.8894,1113777.261,972946.6222,Reversión
2017-09-20,926451.3165,925460.522,930520.9719,2239974.672,713586.4322,562850.4686,772496.0286,952008.8894,1113777.261,984037.9707,Reversión
2017-09-21,927574.0929,927158.5622,931457.7216,2209554.138,732750.2667,562850.4686,787342.9217,952008.8894,1113777.261,984048.449,Reversión
2017-09-22,928448.3587,928645.6758,932062.5713,2182769.922,739389.8215,562850.4686,818095.6648,952008.8894,1113777.261,979593.1927,Reversión
2017-09-25,928890.7618,930090.9413,932224.4166,2105820.513,769568.7866,562850.4686,830284.9035,952008.8894,1113777.261,970267.3095,Reversión
2017-09-26,928159.3865,928906.5363,931708.719,2114717.626,765947.6027,562850.4686,803302.4365,952008.8894,1113777.261,973538.5234,Reversión
2017-09-27,929688.7087,929463.5864,933523.8348,2148413.053,751725.3024,562850.4686,793344.0351,952008.8894,1113777.261,996873.988,Reversión
2017-09-28,930089.2913,929710.0377,933978.6827,2149427.306,751914.0281,562850.4686,790156.4174,952008.8894,1113777.261,1001973.297,Reversión
2017-09-29,930276.2371,929583.9606,934224.5555,2173983.483,740257.1862,562850.4686,793646.5209,952008.8894,1113777.261,1006278.61,Reversión
2017-10-02,930636.9239,929841.0972,934603.258,2164752.004,739389.8215,562850.4686,794647.0408,952008.8894,1113777.261,1013448.602,Reversión
2017-10-03,930882.0989,930278.1699,934743.3426,2176049.127,737993.8642,562850.4686,810026.689,952008.8894,1113777.261,1008700.026,Reversión
2017-10-04,931520.4921,930889.5483,935320.9188,2195199.092,732335.3766,562850.4686,826011.3088,952008.8894,1113777.261,1014159.397,Reversión
2017-10-05,930622.9884,930260.7273,934362.7237,2222439.418,732712.6821,562850.4686,826755.874,952008.8894,1113777.261,995195.4003,Reversión
2017-10-06,929679.7727,929239.5597,933390.6327,2237448.703,730713.109,562850.4686,830362.2723,952008.8894,1091089.423,985831.2743,Reversión
2017-10-09,928263.9549,927227.8838,932245.6321,2246882.876,715283.942,562850.4686,797927.7209,952008.8894,1096988.134,985831.2743,Reversión
2017-10-10,929097.1937,928174.7157,932945.5504,2268153.951,701505.1366,562850.4686,827360.7792,952008.8894,1106741.366,985831.2743,Reversión
2017-10-11,928805.0299,927707.4987,932701.2203,2285261.625,694234.3286,562850.4686,825057.3201,952008.8894,1107449.62,985831.2743,Reversión
2017-10-12,928756.5499,927631.7948,932641.1141,2289106.096,693908.7137,562850.4686,827570.2027,952008.8894,1102491.319,985831.2743,Reversión
2017-10-13,927783.2228,926169.7327,931741.651,2315620.888,681094.4619,562850.4686,827314.248,952008.8894,1080208.212,985831.2743,Reversión
2017-10-16,926961.0725,924975.3063,931040.1485,2336307.395,671905.3543,562850.4686,815750.4216,952008.8894,1074959.826,985831.2743,Reversión
2017-10-17,927682.0043,925909.0523,931686.7267,2338001.983,668819.3051,562850.4686,827733.0951,952008.8894,1092054.887,985831.2743,Reversión
2017-10-18,928618.0215,927123.6571,932558.9139,2331190.644,669371.1347,562850.4686,836807.3378,954157.4939,1113103.153,985831.2743,Reversión
2017-10-19,928389.8123,926649.9839,932483.1969,2318505.609,668629.7861,562850.4686,818565.79,962069.7854,1115293.479,985831.2743,Reversión
2017-10-20,927982.4811,926211.7093,932149.2642,2307939.464,671638.8424,562850.4686,802953.4195,959809.2136,1120475.431,985831.2743,Reversión
2017-10-23,928508.302,926488.4097,932873.1328,2283488.267,672578.7953,562850.4686,784153.4978,979778.0817,1129503.802,985831.2743,Reversión
2017-10-24,927613.6444,925315.2352,931988.1401,2303575.241,665663.5761,562850.4686,784897.9964,976925.481,1110538.975,986586.667,Reversión
2017-10-25,928087.254,925971.7438,932523.8586,2264001.196,682514.9297,562850.4686,765059.9216,983384.6485,1122558.87,989551.2217,Reversión
2017-10-26,927496.1054,925120.5523,931996.8928,2276707.829,675700.5636,562850.4686,760351.6754,983222.96,1114866.133,989511.0947,Reversión
2017-10-27,930652.0448,926183.2376,935554.1955,2364883.354,654988.8702,562850.4686,747996.5346,944199.8006,1091734.326,1037957.797,Reversión
2017-10-30,929728.8384,925211.172,934638.7821,2378310.746,648536.0053,554015.9687,746154.9584,934824.3592,1097984.745,1037957.797,Reversión
2017-10-31,930798.4921,926439.5382,935558.0885,2397844.057,639447.6515,556809.2273,772846.6085,936294.3497,1108348.649,1037957.797,Reversión
2017-11-01,929309.73,924864.0596,934131.4688,2400396.194,645208.1986,557609.8915,748486.0743,922858.012,1099961.398,1037957.797,Reversión
2017-11-02,927907.4659,922962.9854,933071.7909,2371494.478,649051.7211,562343.7063,698773.9294,941816.1144,1092909.681,1033691.54,Tendencia
2017-11-03,927533.6227,922617.3909,932493.5983,2397616.985,640662.4953,553646.6569,713257.7035,941816.1144,1089223.541,1026725.158,Tendencia
2017-11-06,926648.8892,921575.0576,931727.238,2402930.235,637794.9912,549114.38,705544.6605,935479.8801,1088582.421,1033880.188,Tendencia
2017-11-07,926192.2852,921169.5962,931138.2236,2414104.771,630515.6881,546369.9606,713164.5014,935074.2168,1087941.381,1024370.747,Tendencia
2017-11-08,925613.5258,920790.5328,930570.0099,2401708.705,639061.6803,540798.6936,709296.3463,938572.0574,1087941.381,1018602.981,Tendencia
2017-11-09,926927.1004,922341.2403,931914.1788,2373532.773,659927.9299,542625.9684,706034.0051,939889.7798,1087941.381,1028937.513,Tendencia
2017-11-10,927478.5041,922803.1146,932509.5288,2422902.595,659927.9299,544452.5127,706034.0051,944147.7218,1087941.381,1032428.016,Tendencia
2017-11-13,929809.8986,925558.1893,934434.4547,2419538.574,669807.5479,542606.8477,734952.0661,942576.2938,1087941.381,1035312.32,Tendencia
2017-11-14,928319.6341,923820.2963,933185.8167,2424421.984,665080.87,538919.2488,719339.5759,946124.5007,1087941.381,1034882.258,Tendencia
2017-11-15,930180.1276,925925.8038,934970.9013,2395507.733,677888.2429,543788.5066,725398.1144,946732.8785,1087941.381,1039995.568,Tendencia
2017-11-16,928615.8472,924521.0302,933264.3156,2417839.745,672917.9217,538703.6219,728194.3783,938419.7872,1087941.381,1028204.124,Tendencia
2017-11-17,931695.2943,927650.0812,936020.3476,2409353.301,673680.4718,542190.7844,757934.8088,941410.4511,1087941.381,1040503.947,Tendencia
2017-11-20,931520.9622,927262.2947,935875.0721,2418367.563,665385.6895,543878.817,757934.8088,942728.564,1087941.381,1041706.632,Tendencia
2017-11-21,929063.6285,925037.2275,933252.3871,2450164.553,659378.4394,537646.8443,757934.8088,926913.1613,1087941.381,1026415.046,Tendencia
2017-11-22,928892.5255,924916.6593,933097.8762,2444547.758,662271.8434,532563.5578,757934.8088,931931.517,1087941.381,1024830.026,Tendencia
2017-11-24,928047.7407,924158.6765,932176.3913,2468013.595,659462.0272,532563.5578,757934.8088,922249.7122,1087941.381,1020346.698,Tendencia
2017-11-27,927190.9978,923520.882,931220.6378,2459767.746,659462.0272,532563.5578,757934.8088,920985.279,1087941.381,1007979.542,Tendencia
2017-11-28,927796.9442,923967.3514,931891.1171,2445529.116,659462.0272,532563.5578,757934.8088,916010.0129,1087941.381,1016750.948,Tendencia
2017-11-29,928972.6313,924833.6133,933192.0139,2322684.713,659462.0272,532563.5578,757934.8088,916010.0129,1087941.381,1033769.662,Tendencia
2017-11-30,927746.4702,923296.289,932023.7662,2351771.328,659462.0272,532563.5578,757934.8088,916573.4902,1070996.059,1033769.662,Tendencia
2017-12-01,924973.5782,920824.9504,928950.1622,2323930.692,659462.0272,532563.5578,757934.8088,898197.1633,1066656.794,1033769.662,Tendencia
2017-12-04,921493.8359,916210.6147,925594.4177,2246332.383,637469.4912,532563.5578,757934.8088,898197.1633,1053981.988,1033769.662,Tendencia
2017-12-05,926308.1882,922043.8338,930503.0261,2256855.542,655313.122,532563.5578,757934.8088,909601.7491,1056739.092,1033769.662,Tendencia
2017-12-06,929982.2104,925845.367,934426.303,2284161.677,660618.5422,532563.5578,757934.8088,926601.102,1062992.053,1033769.662,Tendencia
2017-12-07,934437.8844,930506.3694,939208.5889,2307588.097,670147.7441,532563.5578,757934.8088,948074.2248,1062418.38,1033769.662,Tendencia
2017-12-08,936473.3735,932632.7363,941299.5681,2312696.949,668402.5738,532563.5578,757934.8088,954195.4718,1081578.603,1033769.662,Tendencia
2017-12-11,937324.724,933997.8097,942133.4271,2337960.098,679467.5552,532563.5578,757934.8088,954195.4718,1068269.671,1033769.662,Tendencia
2017-12-12,931646.6352,927090.0697,937264.7694,2321542.083,666133.623,532563.5578,732752.1638,954195.4718,1065458.749,1033769.662,Tendencia
2017-12-13,929509.7032,924044.4199,935246.7365,2301936.769,649867.6806,532563.5578,730444.3932,954195.4718,1077677.669,1033769.662,Tendencia
2017-12-14,931096.888,925956.0589,936698.0867,2309221.237,650880.152,532563.5578,736207.1893,954195.4718,1090765.98,1033769.662,Tendencia
2017-12-15,933391.424,929376.1477,939078.7095,2347509.491,668646.9192,532563.5578,724325.1399,954195.4718,1090765.98,1033769.662,Reversión
2017-12-18,937842.4841,935365.7437,943259.2145,2383857.631,690776.8821,532563.5578,733836.062,954195.4718,1090765.98,1033769.662,Reversión
2017-12-19,937840.6789,935037.1429,943036.2083,2359763.191,684528.9674,532563.5578,750084.0376,954195.4718,1090765.98,1033769.662,Reversión
2017-12-20,938549.5897,935932.7333,943662.4307,2357959.058,686937.2645,532563.5578,754517.2454,954195.4718,1090765.98,1033769.662,Reversión
2017-12-21,937630.6828,934768.9937,942848.7698,2352935.222,683760.9764,532563.5578,748913.0366,954195.4718,1090765.98,1033769.662,Reversión
2017-12-22,938151.865,935221.7176,943169.5892,2344517.484,681596.8897,532563.5578,762421.6369,954195.4718,1090765.98,1033769.662,Reversión
2017-12-26,938887.013,936403.5622,943998.0331,2346063.881,689170.9232,532563.5578,748066.4362,954195.4718,1090765.98,1033769.662,Reversión
2017-12-27,938151.0801,935545.2788,943402.3624,2341058.903,688228.7661,532563.5578,734745.5642,954195.4718,1090765.98,1033769.662,Reversión
2017-12-28,938667.1115,936154.11,943825.0525,2355269.78,689031.6443,532563.5578,743516.1512,954195.4718,1090765.98,1033769.662,Reversión
2017-12-29,935912.1388,932444.1549,941239.9208,2324042.289,675418.3445,532563.5578,734061.8545,954195.4718,1090765.98,1033769.662,Reversión
2018-01-02,940365.7635,938363.3727,945363.08,2391817.471,695837.9568,532563.5578,755705.3541,954195.4718,1090765.98,1033769.662,Reversión
2018-01-03,942262.3934,941165.3892,947276.1152,2475676.514,711527.5714,532563.5578,747972.1361,954195.4718,1073228.999,1033769.662,Reversión
2018-01-04,941803.9805,940646.6462,946892.0011,2482106.86,711527.5714,529872.6156,741771.4638,955942.047,1069921.876,1033730.766,Reversión
2018-01-05,939769.7155,938800.6989,944675.9959,2511651.662,711527.5714,521252.4708,746392.5076,942993.0871,1056096.93,1020115.901,Reversión
2018-01-08,940214.4642,939393.3932,944581.9704,2570831.929,705480.3717,516023.2961,793145.2054,932185.6639,1044583.281,1016492.247,Reversión
2018-01-09,940255.7275,939461.3077,944659.8759,2564922.897,705644.3593,510437.3953,789210.3426,935117.0105,1058040.581,1017709.156,Reversión
2018-01-10,939424.1555,938395.2359,943866.4049,2579271.594,700126.171,506041.5926,789210.3426,935264.9941,1042237.123,1020108.39,Reversión
2018-01-11,938343.4632,937185.2352,942797.8009,2596802.234,698763.2005,499662.9877,789210.3426,935610.3653,1024512.781,1018379.132,Reversión
2018-01-12,938351.0746,937078.8089,942996.5089,2593717.425,702165.4903,489041.1337,789210.3426,982420.2632,1004152.405,1001539.31,Reversión
2018-01-16,938151.9678,937084.8368,942774.2502,2580649.446,711042.2975,495127.6345,789210.3426,982420.2632,988650.2774,991503.11,Reversión
2018-01-17,938284.4228,937123.9623,942912.7444,2601394.661,696783.6538,498767.7619,789210.3426,982420.2632,1003053.834,991503.11,Reversión
2018-01-18,937984.0104,936750.522,942631.0639,2604767.625,697649.8325,499387.9885,789210.3426,982420.2632,990409.5058,991503.11,Reversión
2018-01-19,937348.6464,935891.7948,942014.0284,2642352.145,682717.5358,498922.8467,789210.3426,982420.2632,989648.1982,991503.11,Reversión
2018-01-22,935507.2564,933776.9632,940190.0107,2692052.947,682717.5358,486839.4128,789210.3426,982420.2632,957181.8888,991503.11,Reversión
2018-01-23,935208.1627,933566.9774,939827.7397,2772008.588,682717.5358,478539.7745,789210.3426,982420.2632,973828.49,985570.3514,Reversión
2018-01-24,934223.4766,932460.4465,938909.8356,2760730.53,682717.5358,483959.9509,789210.3426,982420.2632,929828.7889,989387.0461,Reversión
2018-01-25,932426.8597,930618.1928,937085.2751,2779265.291,682717.5358,476854.2212,789210.3426,982420.2632,905009.8697,980431.4521,Reversión
2018-01-26,931246.9748,929397.6012,935873.2048,2837647.443,682717.5358,468547.439,789210.3426,982420.2632,894501.741,975952.5617,Reversión
2018-01-29,929894.5198,927835.8009,934591.9949,2872905.853,682717.5358,465532.8543,789210.3426,982420.2632,860813.7824,976838.1865,Reversión
2018-01-30,929156.3436,926860.6318,933856.3957,2845366.618,682717.5358,452918.2115,789210.3426,982420.2632,854152.4061,984319.3476,Reversión
2018-01-31,929868.995,927781.778,934482.2443,2858603.439,682717.5358,452480.5638,789210.3426,982420.2632,879228.2633,980336.6181,Reversión
2018-02-01,931882.6785,929991.2948,936532.0221,2814111.582,682717.5358,471459.2586,789210.3426,982420.2632,894891.3539,980853.8688,Reversión
2018-02-02,932325.9026,929428.0348,937179.6826,2770059.721,682717.5358,440464.4411,789210.3426,990186.146,887823.5044,1032088.764,Reversión
2018-02-05,934774.3105,932162.8761,939588.0177,2603760.508,682717.5358,440464.4411,789210.3426,1036272.16,927265.6712,1011316.956,Reversión
2018-02-06,939070.3473,935220.1929,943978.0149,2707374.338,682717.5358,440464.4411,809457.0246,1015579.396,892944.685,1059336.989,Reversión
2018-02-07,940153.8482,936760.058,944332.2693,2708881.696,682717.5358,440464.4411,836190.8642,1041789.958,896418.7456,1030988.389,Reversión
2018-02-08,932358.1679,930275.4505,937516.3415,2566132.15,682717.5358,440464.4411,764036.07,1085730.372,939724.2611,984392.0805,Reversión
2018-02-09,933726.9817,931069.9926,939691.715,2649053.192,682717.5358,440464.4411,737125.5183,1075275.473,962064.7424,1022059.927,Reversión
2018-02-12,934280.3313,931440.357,940381.9317,2659310.588,682717.5358,440464.4411,735273.8071,1077107.157,962064.7424,1030158.066,Reversión
2018-02-13,936249.3047,933460.1267,941758.3461,2691068.4,682717.5358,440464.4411,753741.1955,1057202.426,962064.7424,1029747.794,Reversión
2018-02-14,938958.8574,935616.7624,944856.6002,2770443.588,682717.5358,440464.4411,750597.3027,1096095.859,962064.7424,1047878.282,Tendencia
2018-02-15,944871.1875,941056.3421,950175.0046,2834117.902,682717.5358,440464.4411,777984.0694,1098782.436,962064.7424,1066106.429,Tendencia
2018-02-16,945143.3114,941296.2395,950341.679,2812249.75,682717.5358,440464.4411,781290.9334,1082907.523,962064.7424,1070150.683,Tendencia
2018-02-20,945964.598,941814.0566,951329.114,2843208.805,682717.5358,440464.4411,779614.2483,1071858.134,962064.7424,1086026.241,Tendencia
2018-02-21,945452.3796,941309.0739,950914.258,2816191.403,682717.5358,440464.4411,776190.8525,1071858.134,962064.7424,1086026.241,Tendencia
2018-02-22,949936.8351,945730.1814,954546.3089,2826860.108,682717.5358,440464.4411,806162.5725,1071858.134,962064.7424,1086026.241,Tendencia
2018-02-23,951985.6788,947750.0828,956205.7087,2876965.534,682717.5358,440464.4411,819855.9558,1071858.134,962064.7424,1086026.241,Tendencia
2018-02-26,953856.8146,949594.7868,957721.1794,2908347.489,682717.5358,440464.4411,832361.6345,1071858.134,962064.7424,1086026.241,Tendencia
2018-02-27,951616.3264,947385.948,955906.5628,2881721.933,682717.5358,440464.4411,817387.401,1071858.134,962064.7424,1086026.241,Tendencia
2018-02-28,952013.3127,947777.3264,956228.09,2848349.331,682717.5358,440464.4411,820040.6465,1071858.134,962064.7424,1086026.241,Tendencia
2018-03-01,952013.3127,947777.3264,956228.09,2772001.859,682717.5358,440464.4411,820040.6465,1071858.134,962064.7424,1086026.241,Tendencia
2018-03-02,952013.3127,947777.3264,956228.09,2818936.216,682717.5358,440464.4411,820040.6465,1071858.134,962064.7424,1086026.241,Tendencia
2018-03-05,952013.3127,947777.3264,956228.09,2848543.167,682717.5358,440464.4411,820040.6465,1071858.134,962064.7424,1086026.241,Tendencia
2018-03-06,951195.1323,946833.6924,955429.7379,2897426.626,682717.5358,440464.4411,820040.6465,1071858.134,944823.2811,1086026.241,Tendencia
2018-03-07,951773.8594,947501.1572,955994.4398,2904017.566,682717.5358,440464.4411,820040.6465,1071858.134,957020.4729,1086026.241,Tendencia
2018-03-08,952366.8439,948185.0655,956573.0536,2894689.353,682717.5358,440464.4411,820040.6465,1071858.134,969277.0698,1086026.241,Tendencia
2018-03-09,950308.5048,945811.1161,954564.5975,2954760.505,682717.5358,440464.4411,820040.6465,1071858.134,926527.0315,1086026.241,Tendencia
2018-03-12,951483.8249,947221.8405,955704.5644,2981008.174,682717.5358,438315.1825,820040.6465,1071858.134,953987.2594,1086026.241,Tendencia
2018-03-13,952610.8168,948449.2166,956813.2587,2946691.761,682717.5358,440897.1797,820040.6465,1071858.134,968939.0489,1086026.241,Tendencia
2018-03-14,951704.7033,947424.1696,955926.6145,2955743.616,682717.5358,440140.7418,820040.6465,1071858.134,953297.6666,1086026.241,Tendencia
2018-03-15,952071.5627,947785.7124,956292.247,2954971.53,682717.5358,442468.9922,820040.6465,1071858.134,954566.5679,1086026.241,Tendencia
2018-03-16,952336.5762,948015.8919,956560.2322,2949427.858,682717.5358,445322.9264,820040.6465,1071858.134,952547.9551,1086026.241,Tendencia
2018-03-19,953466.5012,949088.1751,957691.5151,2853044.445,682717.5358,454054.4713,820040.6465,1071858.134,952547.9551,1086026.241,Tendencia
2018-03-20,953466.5012,949088.1751,957691.5151,2903444.07,682717.5358,454054.4713,820040.6465,1071858.134,952547.9551,1086026.241,Tendencia
2018-03-21,953466.5012,949088.1751,957691.5151,2901500.24,682717.5358,454054.4713,820040.6465,1071858.134,952547.9551,1086026.241,Tendencia
2018-03-22,953466.5012,949088.1751,957691.5151,2821264.655,682717.5358,454054.4713,820040.6465,1071858.134,952547.9551,1086026.241,Tendencia
2018-03-23,950416.8201,946470.1384,954244.7727,2734174.646,682717.5358,454054.4713,820040.6465,1071858.134,952547.9551,1059064.248,Tendencia
2018-03-26,960735.5789,957221.6272,965015.3488,2846886.853,700430.2948,461152.4373,820040.6465,1071858.134,985155.7025,1087476.551,Tendencia
2018-03-27,937372.6163,932106.0157,940653.23,2663731.249,637922.6619,443721.3317,820040.6465,1071858.134,924696.3384,1038833.086,Tendencia
2018-03-28,923279.6556,917942.593,926587.3896,2588200.957,629223.652,416975.7412,797967.251,1071858.134,890975.8925,1024117.461,Tendencia
2018-03-29,938530.8247,933710.2005,942212.8391,2683192.11,658332.7901,428699.9829,823815.0069,1071858.134,915753.2927,1049067.053,Tendencia
2018-04-02,917231.1926,911691.7354,920752.9036,2564657.136,628371.0562,406381.4569,781560.9483,1071858.134,869058.695,1024275.365,Tendencia
2018-04-03,925497.8762,920164.3246,928657.9957,2610474.454,640594.6348,412323.1899,828148.7088,1071858.134,879538.6598,1030394.856,Tendencia
2018-04-04,934775.4247,929232.2881,937427.3267,2642780.66,643124.5222,417808.8018,888233.0904,1071858.134,895878.6169,1041551.649,Tendencia
2018-04-05,939139.9166,933098.524,941587.0265,2657389.108,629309.2192,430006.2467,902246.3242,1071858.134,911474.4912,1044515.336,Tendencia
2018-04-06,927423.7588,921198.8879,929256.78,2588078.406,609041.0666,416227.0665,902246.3242,1071858.134,895599.6006,1021564.638,Crisis
2018-04-09,931387.9826,925167.0507,933446.7081,2592163.45,612338.422,416478.8551,902246.3242,1071858.134,898948.2099,1031821.153,Crisis
2018-04-10,935177.1599,929202.1332,937368.2682,2702310.223,647871.8506,425406.2565,902246.3242,1071858.134,924186.8227,1048419.812,Crisis
2018-04-11,934869.3654,928971.9266,937011.2724,2696647.949,643124.5222,422690.139,902246.3242,1071858.134,937926.7158,1042563.149,Crisis
2018-04-12,936082.0776,930391.6594,938256.7528,2747033.859,666889.1743,425844.8242,902246.3242,1071858.134,937926.7158,1042563.149,Crisis
2018-04-13,935721.067,929950.6669,937884.6967,2735607.58,658076.7477,425844.8242,902246.3242,1071858.134,937926.7158,1042563.149,Crisis
2018-04-16,935719.9083,929949.2515,937883.5026,2728459.348,658048.4634,425844.8242,902246.3242,1071858.134,937926.7158,1042563.149,Crisis
2018-04-17,936424.4478,930809.8816,938609.5981,2828941.8,675246.5791,425844.8242,902246.3242,1071858.134,937926.7158,1042563.149,Crisis
2018-04-18,936573.6715,930992.1658,938763.3875,2826386.598,678889.1963,425844.8242,902246.3242,1071858.134,937926.7158,1042563.149,Crisis
2018-04-19,936573.6715,930992.1658,938763.3875,2804430.594,678889.1963,425844.8242,902246.3242,1071858.134,937926.7158,1042563.149,Crisis
2018-04-20,936573.6715,930992.1658,938763.3875,2774917.705,678889.1963,425844.8242,902246.3242,1071858.134,937926.7158,1042563.149,Crisis
2018-04-23,936573.6715,930992.1658,938763.3875,2727503.089,678889.1963,425844.8242,902246.3242,1071858.134,937926.7158,1042563.149,Crisis
2018-04-24,936573.6715,930992.1658,938763.3875,2660299.772,678889.1963,425844.8242,902246.3242,1071858.134,937926.7158,1042563.149,Crisis
2018-04-25,936573.6715,930992.1658,938763.3875,2633221.406,678889.1963,425844.8242,902246.3242,1071858.134,937926.7158,1042563.149,Crisis
2018-04-26,936871.0119,931354.8071,939069.7212,2735657.395,684178.0325,425844.8242,902246.3242,1071858.134,937926.7158,1042563.149,Crisis
2018-04-27,937060.5743,931586.0006,939265.017,2754877.351,687549.806,425844.8242,902246.3242,1071858.134,937926.7158,1042563.149,Crisis
2018-04-30,936816.3497,931288.1402,939013.4056,2741433.941,683205.7475,425844.8242,902246.3242,1071858.134,937926.7158,1042563.149,Crisis
2018-05-01,937198.9028,931754.7083,939407.5294,2770582.326,690010.2751,425844.8242,902246.3242,1071858.134,937926.7158,1042563.149,Crisis
2018-05-02,937057.1625,931581.8394,939261.502,2764464.868,687489.1189,425844.8242,902246.3242,1071858.134,937926.7158,1042563.149,Crisis
2018-05-03,938454.3533,933210.0237,940690.6531,2781216.387,707781.7383,425844.8242,902246.3242,1077305.102,937926.7158,1042563.149,Crisis
2018-05-04,938745.9865,933786.1766,941021.0411,2843889.858,726221.3466,425844.8242,902246.3242,1061473.071,937926.7158,1042563.149,Crisis
2018-05-07,939904.7598,935315.2012,942230.5802,2917795.943,753791.1116,425844.8242,902246.3242,1053221.034,937926.7158,1042563.149,Crisis
2018-05-08,939631.4835,935062.7759,941960.0181,2926314.265,753791.1116,425844.8242,902246.3242,1047586.513,937926.7158,1042563.149,Crisis
2018-05-09,938555.6211,934069.0018,940894.841,2979263.102,753791.1116,425844.8242,902246.3242,1025781.411,937926.7158,1042563.149,Crisis
2018-05-10,937730.0359,933306.4088,940077.4554,3007648.911,753791.1116,425844.8242,902246.3242,1009593.832,937926.7158,1042563.149,Crisis
2018-05-11,937088.6365,932734.3814,939423.3789,2971658.595,753791.1116,425844.8242,902246.3242,1001636.114,937926.7158,1038451.241,Crisis
2018-05-14,937025.2487,932690.971,939346.5066,2972125.095,753791.1116,425844.8242,902246.3242,1003336.548,937926.7158,1035401.234,Crisis
2018-05-15,938799.8228,934227.9666,941198.7045,2897586.226,753791.1116,425844.8242,902246.3242,1015667.061,937926.7158,1055771.063,Crisis
2018-05-16,939161.7454,934558.6065,941560.4518,2905575.874,753791.1116,425844.8242,902246.3242,1021619.607,937926.7158,1056502.293,Crisis
2018-05-17,939144.843,934529.6872,941556.1213,2907243.931,753791.1116,425844.8242,902246.3242,1018643.293,937926.7158,1059155.024,Crisis
2018-05-18,940047.594,935308.9182,942500.8405,2884758.829,753791.1116,425844.8242,902246.3242,1024383.374,937926.7158,1070047.812,Crisis
2018-05-21,938794.7414,934219.229,941197.4432,2902123.994,753791.1116,425844.8242,902246.3242,1014763.573,937926.7158,1056577.236,Crisis
2018-05-22,939436.5064,934771.1186,941870.9685,2882911.927,753791.1116,425844.8242,902246.3242,1018430.746,937926.7158,1064732.603,Crisis
2018-05-23,938002.1138,933496.2488,940404.1398,2943799.353,753791.1116,425844.8242,902246.3242,1001954.828,937926.7158,1054749.16,Crisis
2018-05-24,938307.1374,933775.6005,940708.3699,2949189.196,753791.1116,425844.8242,902246.3242,1007110.241,937926.7158,1055227.333,Crisis
2018-05-25,938667.4797,934102.0062,941071.1389,2960971.897,753791.1116,425844.8242,902246.3242,1012478.119,937926.7158,1056511.679,Crisis
2018-05-29,939247.3495,934562.3497,941715.426,2957236.367,753791.1116,425844.8242,902246.3242,1008120.003,937926.7158,1071519.586,Crisis
2018-05-30,938213.2058,933651.3119,940650.3502,2999631.949,753791.1116,425844.8242,902246.3242,997862.315,937926.7158,1062707.931,Crisis
2018-05-31,936805.6937,932457.1337,939158.0618,3000244.907,753791.1116,425844.8242,902246.3242,993071.0777,937926.7158,1041588.1,Crisis
2018-06-01,935022.3699,930974.4533,937239.0357,3060092.28,753791.1116,425844.8242,902246.3242,993071.0777,937926.7158,1009034.421,Crisis
2018-06-04,934771.5267,930765.8987,936969.1046,3112463.665,753791.1116,425844.8242,902246.3242,993071.0777,937926.7158,1004480.105,Crisis
2018-06-05,934771.5267,930765.8987,936969.1046,3122486.512,753791.1116,425844.8242,902246.3242,993071.0777,937926.7158,1004480.105,Crisis
2018-06-06,934771.5267,930765.8987,936969.1046,3142615.684,753791.1116,425844.8242,902246.3242,993071.0777,937926.7158,1004480.105,Crisis
2018-06-07,934771.5267,930765.8987,936969.1046,3109964,753791.1116,425844.8242,902246.3242,993071.0777,937926.7158,1004480.105,Crisis
2018-06-08,934771.5267,930765.8987,936969.1046,3106441.717,753791.1116,425844.8242,902246.3242,993071.0777,937926.7158,1004480.105,Crisis
2018-06-11,934771.5267,930765.8987,936969.1046,3116935.543,753791.1116,425844.8242,902246.3242,993071.0777,937926.7158,1004480.105,Crisis
2018-06-12,934771.5267,930765.8987,936969.1046,3143865.616,753791.1116,425844.8242,902246.3242,993071.0777,937926.7158,1004480.105,Crisis
2018-06-13,934771.5267,930765.8987,936969.1046,3169411.847,753791.1116,425844.8242,902246.3242,993071.0777,937926.7158,1004480.105,Crisis
2018-06-14,934771.5267,930765.8987,936969.1046,3236996.316,753791.1116,425844.8242,902246.3242,993071.0777,937926.7158,1004480.105,Crisis
2018-06-15,934771.5267,930765.8987,936969.1046,3223768.397,753791.1116,425844.8242,902246.3242,993071.0777,937926.7158,1004480.105,Crisis
2018-06-18,934771.5267,930765.8987,936969.1046,3241114.403,753791.1116,425844.8242,902246.3242,993071.0777,937926.7158,1004480.105,Crisis
2018-06-19,934771.5267,930765.8987,936969.1046,3224881.409,753791.1116,425844.8242,902246.3242,993071.0777,937926.7158,1004480.105,Crisis
2018-06-20,934771.5267,930765.8987,936969.1046,3273112.931,753791.1116,425844.8242,902246.3242,993071.0777,937926.7158,1004480.105,Crisis
2018-06-21,934771.5267,930765.8987,936969.1046,3224565.15,753791.1116,425844.8242,902246.3242,993071.0777,937926.7158,1004480.105,Crisis
2018-06-22,934771.5267,930765.8987,936969.1046,3172862.208,753791.1116,425844.8242,902246.3242,993071.0777,937926.7158,1004480.105,Crisis
2018-06-25,933469.3494,929225.7198,935619.9197,3042936.745,728844.4905,425844.8242,902246.3242,993071.0777,937926.7158,1004480.105,Tendencia
2018-06-26,932394.317,927947.0182,934502.7353,3096744.463,722826.7409,425844.8242,902246.3242,993071.0777,937926.7158,1004480.105,Tendencia
2018-06-27,929048.6186,923967.4638,931025.8522,3036507.202,704098.398,425844.8242,902246.3242,993071.0777,937926.7158,1004480.105,Tendencia
2018-06-28,928653.4109,923497.3824,930615.1485,3087717.553,701886.1292,425844.8242,902246.3242,993071.0777,937926.7158,1004480.105,Tendencia
2018-06-29,926223.1327,920595.6067,928081.5504,3053298.396,682037.1878,425844.8242,902246.3242,993071.0777,937926.7158,1004480.105,Tendencia
2018-07-02,925129.4599,919289.7507,926941.3816,3096358.284,673104.7753,425844.8242,902246.3242,993071.0777,937926.7158,1004480.105,Tendencia
2018-07-03,925129.4599,919289.7507,926941.3816,3021134.493,673104.7753,425844.8242,902246.3242,993071.0777,937926.7158,1004480.105,Tendencia
2018-07-05,924929.9623,919100.8637,927013.5406,3078100.764,682556.3907,425844.8242,887908.6783,993071.0777,937926.7158,1004480.105,Tendencia
2018-07-06,926507.6689,920979.2349,928669.6079,3129872.906,695491.5955,425844.8242,887161.9292,993071.0777,937926.7158,1004480.105,Tendencia
2018-07-09,929902.9383,924923.1302,931663.6925,3175336.406,700890.6437,425844.8242,914761.8985,993071.0777,937926.7158,1004480.105,Tendencia
2018-07-10,932453.67,927917.5668,934095.6723,3192773.104,712138.6833,425844.8242,926135.0309,993071.0777,937926.7158,1004480.105,Tendencia
2018-07-11,929412.3429,924335.4692,931128.0458,3167838.635,696053.8754,425844.8242,916054.3298,993071.0777,937926.7158,1004480.105,Tendencia
2018-07-12,930106.6468,925182.7534,931976.494,3201661.861,706458.1695,425844.8242,909592.3377,993071.0777,937926.7158,1004480.105,Tendencia
2018-07-13,929711.5062,924803.8004,931437.8218,3172350.452,701087.4091,423167.7,915795.8271,994169.9039,937926.7158,1001874.848,Tendencia
2018-07-16,926024.1453,920783.5926,928085.5481,3167783.302,697937.9688,417324.4425,890608.3305,994599.7272,937926.7158,1008460.003,Tendencia
2018-07-17,929599.7441,925535.4397,931139.7682,3187105.067,713376.0682,409138.8983,926766.9081,981426.5186,937926.7158,994662.6632,Tendencia
2018-07-18,929475.1667,925296.0559,930935.2528,3169892.758,707779.9289,409751.3885,930098.4376,984367.5348,937926.7158,994822.8257,Tendencia
2018-07-19,929904.3982,925406.4701,931572.8243,3139723.447,708707.9403,416373.9287,919701.7978,990312.6066,937926.7158,1006232.17,Tendencia
2018-07-20,925562.8177,920454.8287,927578.7046,3127116.544,705502.1961,416212.516,900602.9189,981652.3013,926821.3895,1007240.084,Tendencia
2018-07-23,920237.5078,914257.7051,923105.4027,3115745.929,701340.4241,418799.6055,844682.2053,977113.8352,930954.2685,996400.8092,Tendencia
2018-07-24,913853.145,907385.4984,917101.6087,3123234.131,699372.119,412776.3233,824256.5633,956345.1342,917246.3888,945518.5761,Tendencia
2018-07-25,918558.0114,913414.5229,921205.7092,3173399.28,708257.8884,405176.4674,855599.5285,947269.8307,931493.3397,926757.4246,Tendencia
2018-07-26,931914.6138,925518.2598,934739.0897,3108459.312,716609.6115,417472.8774,849807.5739,1134967.763,932058.0669,919840.5796,Tendencia
2018-07-27,920729.3721,913112.2786,924458.3011,3068240.692,708679.8698,415018.4248,823563.7583,1102166.612,911830.0211,942909.2621,Tendencia
2018-07-30,908851.1421,899157.8427,913437.5734,2971188.864,686493.1638,423180.1161,797206.8635,1078079.768,880213.1062,959165.7885,Tendencia
2018-07-31,912114.6986,902668.5885,916589.0716,2985928.189,688545.8978,423561.9103,797206.8635,1088783.805,894866.1374,961172.0595,Tendencia
2018-08-01,911495.3708,902271.5067,916034.0975,3002391.254,693073.1842,419329.8689,797206.8635,1082916.588,897332.4177,957066.9685,Tendencia
2018-08-02,917465.8681,908987.8073,921642.2255,3087655.254,704742.9337,411359.0912,797206.8635,1112694.295,913561.7155,951275.994,Tendencia
2018-08-03,918940.8801,910461.914,923073.5925,3090896.586,708904.76,413727.1648,795387.4761,1120433.392,909822.5392,953388.8964,Tendencia
2018-08-06,921665.5232,913859.6326,925686.0344,3127022.665,714331.933,408480.5293,809534.7777,1120433.392,930586.5355,953737.5581,Tendencia
2018-08-07,917627.7875,908947.5102,922480.7834,3175692.974,722543.0318,405320.9485,704579.7778,1120433.392,938676.9923,940810.6612,Tendencia
2018-08-08,917297.0893,908765.1928,922165.2184,3179673.557,726676.6246,400880.2335,701316.9623,1120433.392,938676.9923,936904.7507,Tendencia
2018-08-09,918459.8031,910373.5577,923004.9159,3159504.732,721165.1313,400880.2335,735425.6586,1120433.392,938676.9923,934678.0387,Tendencia
2018-08-10,917543.3244,909245.4958,922114.2586,3137600.254,716468.9872,400880.2335,729629.6894,1120433.392,938676.9923,943179.7311,Tendencia
2018-08-13,917924.7006,909687.3243,922530.0844,3139581.656,720209.0493,400880.2335,727875.598,1120433.392,938676.9923,945933.0249,Tendencia
2018-08-14,920745.2528,913151.6461,925283.2856,3164391.83,735140.6842,400880.2335,744596.3323,1120433.392,938676.9923,939174.2578,Tendencia
2018-08-15,920835.4447,913371.9089,925192.0059,3111327.972,728532.4846,400880.2335,761660.2808,1120433.392,938676.9923,957614.9204,Tendencia
2018-08-16,920584.8491,913114.8735,924864.2633,3085989.427,723920.9866,400880.2335,767837.5932,1120433.392,938676.9923,963420.2512,Tendencia
2018-08-17,917180.7217,909889.737,920788.3042,2986444.125,688433.3984,400880.2335,812723.5753,1120433.392,930951.6096,957691.6064,Tendencia
2018-08-20,924706.1677,919086.9921,927703.444,3018385.001,696925.6371,400880.2335,858291.1172,1120433.392,963131.3997,962496.3313,Tendencia
2018-08-21,931229.9746,927338.766,933711.6986,3072791.485,712335.503,400880.2335,895745.9571,1120433.392,993371.5852,958920.3454,Tendencia
2018-08-22,936263.6127,932681.6946,938930.5666,3139057.383,739049.2239,400880.2335,895022.5116,1120433.392,1012238.714,962338.8411,Tendencia
2018-08-23,934322.6743,930458.362,937028.4746,3148732.78,733744.3803,400880.2335,890737.1703,1120433.392,996751.2493,961874.1358,Tendencia
2018-08-24,939470.6522,935811.381,942125.2537,3214771.875,733744.3803,400880.2335,898306.0797,1120433.392,1054498.585,974154.0028,Tendencia
2018-08-27,940580.0565,936615.3298,943399.1524,3254225.59,733744.3803,400880.2335,888427.511,1120433.392,1083818.522,978749.8406,Tendencia
2018-08-28,938684.1656,933849.3783,941844.3345,3243997.12,733744.3803,400880.2335,867807.8438,1120433.392,1072357.581,985342.5332,Crisis
2018-08-29,937192.715,932219.8901,940452.9862,3280423.044,733744.3803,400880.2335,848746.4464,1120433.392,1073676.108,970717.2917,Crisis
2018-08-30,937005.1026,931911.3081,940300.8757,3281693.191,733744.3803,400880.2335,843570.6311,1120433.392,1065061.419,978566.7699,Crisis
2018-08-31,937505.7381,932317.7466,940836.3992,3284968.342,733744.3803,400880.2335,839320.1142,1120433.392,1074543.984,995978.9906,Crisis
2018-09-04,938140.7123,932916.5023,941484.8099,3279989.386,733744.3803,400880.2335,839320.1142,1120433.392,1086277.602,1011737.824,Crisis
2018-09-05,939999.2068,934964.3198,943326.1857,3192504.208,733744.3803,400880.2335,839320.1142,1120433.392,1150754.856,1021128.462,Crisis
2018-09-06,939091.9096,934128.0871,942399.2942,3151195.595,733744.3803,400880.2335,839320.1142,1120433.392,1135570.211,995645.6444,Crisis
2018-09-07,939144.8922,934104.5274,942466.984,3134935.352,733744.3803,400880.2335,839320.1142,1120433.392,1129185.753,999145.6171,Crisis
2018-09-10,939031.5707,934026.6331,942346.0145,3163538.534,733744.3803,400880.2335,839320.1142,1120433.392,1129962.253,996999.0385,Crisis
2018-09-11,939261.4688,933984.9305,942628.4958,3179012.516,733744.3803,400880.2335,839320.1142,1120433.392,1108335.665,1009666.715,Crisis
2018-09-12,937254.2717,932066.6142,940585.7958,3175083.68,733744.3803,400880.2335,839320.1142,1120433.392,1068015.811,994063.4381,Crisis
2018-09-13,937942.9511,932638.5632,941302.6607,3188895.859,733744.3803,400880.2335,839320.1142,1120433.392,1073110.626,1003006.165,Crisis
2018-09-14,937989.5782,932776.6356,941332.7581,3209374.533,733744.3803,400880.2335,839320.1142,1120433.392,1083365.473,999476.6743,Crisis
2018-09-17,938085.3845,933256.0942,941358.2699,3152116.64,733744.3803,400880.2335,839320.1142,1120433.392,1123956.724,984076.9595,Crisis
2018-09-18,937187.9844,932082.4121,940503.6466,3165640.976,733744.3803,400880.2335,839320.1142,1120433.392,1074538.867,990253.8623,Crisis
2018-09-19,937616.3624,932425.8726,940951.841,3182120.544,733744.3803,400880.2335,839320.1142,1120433.392,1076277.165,996328.7555,Crisis
2018-09-20,938646.4534,933250.0724,942029.8978,3163149.267,733744.3803,400880.2335,839320.1142,1120433.392,1080797.672,1011007.215,Crisis
2018-09-21,937496.5379,932332.8018,940825.9166,3126154.072,733744.3803,400880.2335,839320.1142,1120433.392,1076027.831,994504.6081,Crisis
2018-09-24,937888.5839,932629.0428,941239.4556,3161413.536,733744.3803,400880.2335,839320.1142,1120433.392,1076027.831,1000817.175,Crisis
2018-09-25,938643.7021,933199.6313,942035.9712,3188648.591,733744.3803,400880.2335,839320.1142,1120433.392,1076027.831,1012975.784,Crisis
2018-09-26,938652.6552,933206.3965,942045.4152,3203479.179,733744.3803,400880.2335,839320.1142,1120433.392,1076027.831,1013119.943,Crisis
2018-09-27,939353.4864,933735.9643,942784.6677,3224456.471,733744.3803,400880.2335,839320.1142,1120433.392,1076027.831,1024404.446,Crisis
2018-09-28,939338.7336,933724.8167,942769.1062,3243186.965,733744.3803,400880.2335,839320.1142,1120433.392,1076027.831,1024166.903,Crisis
2018-10-01,939415.1436,933782.5542,942849.7051,3328102.97,733744.3803,400880.2335,839320.1142,1120433.392,1076027.831,1025397.225,Crisis
2018-10-02,939368.2513,933747.1211,942800.2421,3286029.173,733744.3803,400880.2335,839320.1142,1120433.392,1076027.831,1024642.185,Crisis
2018-10-03,939573.2356,933902.013,943016.4641,3283690.087,733744.3803,400880.2335,839320.1142,1120433.392,1076027.831,1027942.758,Crisis
2018-10-04,937757.3716,932529.8951,941101.0498,3191377.245,733744.3803,400880.2335,839320.1142,1120433.392,1076027.831,998704.4471,Crisis
2018-10-05,937270.4818,932161.9874,940587.4675,3100334.602,733744.3803,400880.2335,839320.1142,1120433.392,1076027.831,990864.7432,Crisis
2018-10-08,935983.6878,931189.6497,939230.1282,3058390.865,733744.3803,400880.2335,839320.1142,1120433.392,1076027.831,970145.3049,Crisis
2018-10-09,936234.1686,931389.7831,939509.162,3076403.143,733744.3803,402603.3956,839320.1142,1120433.392,1076027.831,970145.3049,Crisis
2018-10-10,933872.5215,929502.8339,936878.3041,2873673.578,733744.3803,386356.6376,839320.1142,1120433.392,1076027.831,970145.3049,Crisis
2018-10-11,933154.0531,928713.3304,936127.1212,2802559.502,733744.3803,384835.7707,839320.1142,1120433.392,1061984.358,970145.3049,Crisis
2018-10-12,937575.1634,933214.8003,940840.2945,2918613.976,733744.3803,400335.625,839320.1142,1120433.392,1123037.73,970145.3049,Crisis
2018-10-15,935919.5605,931551.5658,939069.607,2840909.702,733744.3803,394144.645,839320.1142,1120433.392,1101771.533,970145.3049,Crisis
2018-10-16,939399.2821,935035.9525,942794.1054,2957334.113,733744.3803,407352.5607,839320.1142,1120433.392,1145659.819,970145.3049,Crisis
2018-10-17,943747.7591,940082.2034,947272.4491,2970049.171,733744.3803,411946.9181,839320.1142,1120433.392,1249698.881,970145.3049,Crisis
2018-10-18,943747.7591,940082.2034,947272.4491,2889612.982,733744.3803,411946.9181,839320.1142,1120433.392,1249698.881,970145.3049,Crisis
2018-10-19,943747.7591,940082.2034,947272.4491,2810940.044,733744.3803,411946.9181,839320.1142,1120433.392,1249698.881,970145.3049,Crisis
2018-10-22,943747.7591,940082.2034,947272.4491,2826459.333,733744.3803,411946.9181,839320.1142,1120433.392,1249698.881,970145.3049,Crisis
2018-10-23,943747.7591,940082.2034,947272.4491,2799093.346,733744.3803,411946.9181,839320.1142,1120433.392,1249698.881,970145.3049,Crisis
2018-10-24,943747.7591,940082.2034,947272.4491,2583787.417,733744.3803,411946.9181,839320.1142,1120433.392,1249698.881,970145.3049,Crisis
2018-10-25,943747.7591,940082.2034,947272.4491,2711436.813,733744.3803,411946.9181,839320.1142,1120433.392,1249698.881,970145.3049,Crisis
2018-10-26,943747.7591,940082.2034,947272.4491,2605426.374,733744.3803,411946.9181,839320.1142,1120433.392,1249698.881,970145.3049,Crisis
2018-10-29,943959.6945,940387.9871,947433.3878,2478078.762,733744.3803,411946.9181,844780.2839,1120433.392,1249698.881,970145.3049,Crisis
2018-10-30,944436.9517,941076.5811,947795.8055,2572693.708,733744.3803,411946.9181,857076.0344,1120433.392,1249698.881,970145.3049,Crisis
2018-10-31,943721.5473,940044.3846,947252.5445,2677696.702,733744.3803,411946.9181,838644.8099,1120433.392,1249698.881,970145.3049,Crisis
2018-11-01,943050.4964,939076.182,946742.9645,2759942.283,733744.3803,411946.9181,821421.3046,1120433.392,1249698.881,970145.3049,Crisis
2018-11-02,942845.1308,938779.8774,946587.0148,2727260.487,733744.3803,411946.9181,816331.9689,1120433.392,1249698.881,970145.3049,Crisis
2018-11-05,943328.1725,939476.8174,946953.8251,2701143.758,733744.3803,411946.9181,828323.11,1120433.392,1249698.881,970145.3049,Crisis
2018-11-06,943360.9542,939524.1153,946978.7187,2699238.69,733744.3803,411946.9181,829136.8905,1120433.392,1249698.881,970145.3049,Crisis
2018-11-07,942676.4033,938536.4347,946458.8871,2783551.617,733744.3803,411946.9181,812143.4373,1120433.392,1249698.881,970145.3049,Tendencia
2018-11-08,942364.0173,938085.7194,946221.6687,2722487.626,733744.3803,411946.9181,804550.0195,1120433.392,1249698.881,970145.3049,Tendencia
2018-11-09,942449.8278,938209.5282,946286.8312,2678939.921,733744.3803,411946.9181,806629.1095,1120433.392,1249698.881,970145.3049,Tendencia
2018-11-12,944303.8995,940884.6114,947694.7689,2536977.546,733744.3803,411946.9181,851267.7251,1120433.392,1249698.881,970145.3049,Tendencia
2018-11-13,943578.3657,939841.8092,947142.7472,2592244.758,733744.3803,411946.9181,833973.9865,1120295.512,1249698.881,970145.3049,Tendencia
2018-11-14,944006.2315,939987.1028,947593.4831,2570193.269,733744.3803,411946.9181,823764.0685,1136529.465,1249698.881,970145.3049,Tendencia
2018-11-15,943853.2099,939851.1065,947454.6819,2613372.335,733744.3803,411946.9181,823764.0685,1133613.584,1249698.881,970145.3049,Tendencia
2018-11-16,942066.6309,938263.304,945834.1317,2403057.354,733744.3803,411946.9181,823764.0685,1099569.676,1249698.881,970145.3049,Tendencia
2018-11-19,938766.4193,935330.2771,942840.6126,2235117.388,733744.3803,411946.9181,823764.0685,1036682.955,1249698.881,970145.3049,Tendencia
2018-11-20,945729.375,943417.2983,949992.5876,2245463.702,814933.9734,428021.6059,823764.0685,1043617.87,1249698.881,970145.3049,Tendencia
2018-11-21,946201.684,943373.5514,950485.5286,2221087.807,791045.6763,434109.3746,823764.0685,1062452.432,1249698.881,970145.3049,Tendencia
2018-11-23,945182.881,942465.4731,949448.1873,2196818.051,792630.8206,429910.5851,823764.0685,1051915.432,1249698.881,970145.3049,Tendencia
2018-11-26,956034.9096,955082.9772,959237.2575,2290389.574,836635.6228,452598.7746,875897.0118,1051915.432,1249698.881,970145.3049,Tendencia
2018-11-27,956158.4217,955120.4914,959560.0047,2297175.052,840352.9292,456143.8699,870631.451,1051915.432,1249698.881,970145.3049,Tendencia
2018-11-28,959113.2813,958845.9832,962225.8731,2392957.881,875009.9007,456143.8699,880630.8887,1051915.432,1249698.881,970145.3049,Tendencia
2018-11-29,956575.4449,955696.1114,960155.1709,2386781.487,861056.7495,456143.8699,863669.8759,1051915.432,1249698.881,970145.3049,Tendencia
2018-11-30,960864.9178,961050.4047,963788.4277,2431494.866,894271.1463,456143.8699,887238.0803,1051915.432,1249698.881,970145.3049,Tendencia
2018-12-03,965682.3787,967100.6098,968030.8048,2500967.071,943267.8779,456143.8699,907515.2911,1051915.432,1249698.881,970145.3049,Tendencia
2018-12-04,971180.7977,972706.7841,974104.0738,2369361.197,943267.8779,478301.2588,910578.4305,1051915.432,1249698.881,970145.3049,Tendencia
2018-12-06,970200.1527,971911.4936,972655.5699,2403338.192,943267.8779,470313.1148,919084.2862,1051915.432,1249698.881,970145.3049,Tendencia
2018-12-07,973105.7684,974546.2723,976450.3253,2289605.443,943267.8779,488489.4223,906199.0096,1051915.432,1249698.881,970145.3049,Tendencia
2018-12-10,974278.5508,976138.039,977038.5261,2335226.775,943267.8779,485402.0952,924375.0515,1051915.432,1249698.881,970145.3049,Tendencia
2018-12-11,974569.3265,976522.9611,977201.7479,2313769.088,943267.8779,484828.7141,928450.7876,1051915.432,1249698.881,970145.3049,Tendencia
2018-12-12,973296.0765,975231.6358,975783.1002,2343472.157,943267.8779,479562.1114,928045.7779,1051915.432,1249698.881,970145.3049,Tendencia
2018-12-13,976619.6887,979118.2772,978425.0175,2352088.048,943267.8779,480900.8319,953841.6805,1054643.882,1249698.881,970145.3049,Tendencia
2018-12-14,978536.4688,980305.9696,981559.4792,2294190.704,943267.8779,498145.7316,925792.7303,1061500.123,1249698.881,970145.3049,Tendencia
2018-12-17,979817.7479,980164.5267,984127.0444,2230455.699,943267.8779,509038.9732,882023.2182,1089430.51,1249698.881,970145.3049,Tendencia
2018-12-18,973856.2733,973906.4543,979148.4733,2268933.698,943267.8779,509038.9732,853189.453,1064386.908,1249698.881,970145.3049,Tendencia
2018-12-19,981662.2419,980343.3079,986629.6731,2183315.065,943267.8779,509038.9732,842911.6074,1139589.759,1249698.881,970145.3049,Tendencia
2018-12-20,975912.0206,973267.8354,982093.1886,2132414.896,921157.9459,509038.9732,798382.6296,1138435.267,1249698.881,970145.3049,Tendencia
2018-12-21,982610.1299,978791.4052,987995.2521,2043719.073,883452.6158,509038.9732,809495.9164,1199420.046,1249698.881,970145.3049,Tendencia
2018-12-24,978219.9866,972703.0651,984414.2439,1982672.345,866475.1813,507632.8939,769961.5227,1219585.864,1206258.999,970145.3049,Tendencia
2018-12-26,1011182.397,1007456.323,1014377.239,2128757.544,907521.5133,555579.9479,835877.6191,1319071.365,1308327.864,970145.3049,Tendencia
2018-12-27,1006112.136,1001653.957,1010532.357,2113663.294,894362.038,552082.3328,810346.827,1322414.098,1318127.229,970145.3049,Tendencia
2018-12-28,1014895.294,1011850.247,1017217.94,2140924.081,911271.5142,558269.2949,855820.3808,1309437.514,1320757.635,970145.3049,Tendencia
2018-12-31,1015415.518,1012938.538,1018262.408,2159194.769,910248.7866,567315.5685,853077.6286,1288694.789,1381104.218,970145.3049,Tendencia
2019-01-02,1011170.162,1007263.333,1016849.614,2175575.74,928794.7189,581351.3871,794941.2414,1333817.372,1381104.218,970145.3049,Tendencia
2019-01-03,998581.0846,993703.1856,1005532.962,2108779.476,872679.7019,566677.2073,769923.0791,1295084.947,1381104.218,970145.3049,Tendencia
2019-01-04,1014304.69,1011081.244,1019306.14,2244164.584,928590.0551,593992.6398,814345.632,1315753.565,1381104.218,970145.3049,Tendencia
2019-01-07,1024857.204,1023273.656,1027651.501,2334252.567,977750.446,593992.6398,858614.4693,1315753.565,1381104.218,970145.3049,Tendencia
2019-01-08,1028068.626,1027304.807,1030783.932,2339928.185,1044342.527,593992.6398,859614.1338,1315753.565,1381104.218,970145.3049,Tendencia
2019-01-09,1027444.014,1026795.099,1029849.155,2358577.289,1025639.076,593992.6398,867765.5326,1302344.152,1381104.218,970145.3049,Tendencia
2019-01-10,1029769.826,1029276.371,1031360.305,2382504.37,1007615.48,593992.6398,884273.3821,1302635.618,1381104.218,970145.3049,Tendencia
2019-01-11,1030114.231,1029435.267,1031405.228,2414337.388,983130.8474,593992.6398,890143.4687,1306310.32,1381104.218,970145.3049,Tendencia
2019-01-14,1021936.727,1020576.53,1024976.038,2399871.992,972190.5225,593992.6398,857178.9595,1291734.744,1381104.218,970145.3049,Tendencia
2019-01-15,1022625.875,1022125.525,1024625.744,2465169.94,961926.8189,593992.6398,882889.2086,1255015.61,1381104.218,970145.3049,Crisis
2019-01-16,1022809.244,1022333.527,1024765.796,2456924.408,961926.8189,593992.6398,887041.8024,1255015.61,1381104.218,970145.3049,Crisis
2019-01-17,1022974.215,1022520.096,1024890.99,2481090.212,961926.8189,593992.6398,890271.5895,1255015.61,1381104.218,970145.3049,Crisis
2019-01-18,1017075.813,1015849.497,1020414.781,2458817.329,961926.8189,593992.6398,774793.4279,1255015.61,1381104.218,970145.3049,Crisis
2019-01-22,1016638.504,1015354.937,1020082.913,2366773.347,961926.8189,593992.6398,766231.852,1255015.61,1381104.218,970145.3049,Crisis
2019-01-23,1015155.066,1013677.293,1018957.154,2354320.895,961926.8189,593992.6398,737189.2899,1255015.61,1381104.218,970145.3049,Crisis
2019-01-24,1014213.179,1012612.098,1018242.37,2414340.156,961926.8189,593992.6398,718749.1485,1255015.61,1381104.218,970145.3049,Crisis
2019-01-25,1014213.179,1012612.098,1018242.37,2460391.68,961926.8189,593992.6398,718749.1485,1255015.61,1381104.218,970145.3049,Crisis
2019-01-28,1014213.179,1012612.098,1018242.37,2327110.624,961926.8189,593992.6398,718749.1485,1255015.61,1381104.218,970145.3049,Crisis
2019-01-29,1014213.179,1012612.098,1018242.37,2266067.548,961926.8189,593992.6398,718749.1485,1255015.61,1381104.218,970145.3049,Crisis
2019-01-30,1014213.179,1012612.098,1018242.37,2357672.509,961926.8189,593992.6398,718749.1485,1255015.61,1381104.218,970145.3049,Reversión
2019-01-31,1010763.295,1009840.541,1014725.862,2432093.077,961926.8189,593992.6398,718749.1485,1210851.02,1381104.218,970145.3049,Reversión
2019-02-01,1010807.93,1009864.92,1014782.846,2414491.737,961926.8189,593992.6398,718749.1485,1210287.257,1381104.218,972102.6205,Reversión
2019-02-04,1006714.277,1006556.388,1010568.352,2467652.215,961926.8189,593992.6398,718749.1485,1184473.019,1381104.218,952418.1536,Reversión
2019-02-05,1004567.603,1004816.008,1008363.42,2496488.94,961926.8189,593992.6398,718749.1485,1171058.766,1381104.218,943143.2779,Reversión
2019-02-06,1009050.369,1008313.679,1013142.348,2491471.872,961926.8189,593992.6398,723175.2121,1175597.794,1381104.218,963587.4261,Reversión
2019-02-07,1018012.703,1015995.88,1021889.125,2427422.685,961926.8189,593992.6398,744985.467,1203703.649,1381104.218,982853.5396,Reversión
2019-02-08,1017603.003,1015739.5,1021373.039,2428361.506,961926.8189,593992.6398,748826.4198,1197207.497,1381104.218,982853.5396,Reversión
2019-02-11,1017288.24,1015112.797,1021498.101,2420109.397,961926.8189,593992.6398,733013.4083,1207738.606,1381104.218,982853.5396,Reversión
2019-02-12,1018157.608,1015896.471,1022302.361,2481456.523,961926.8189,593992.6398,735327.0153,1212867.159,1381104.218,982853.5396,Reversión
2019-02-13,1019811.408,1017473.709,1023727.382,2474365.088,961926.8189,593992.6398,743503.0414,1219500.577,1381104.218,982853.5396,Reversión
2019-02-14,1020921.963,1018633.454,1024562.206,2486060.991,961926.8189,593992.6398,753386.1575,1220321.222,1381104.218,982853.5396,Reversión
2019-02-15,1021203.309,1018658.494,1025099.897,2491969.16,961926.8189,593992.6398,744154.4141,1230237.006,1381104.218,982853.5396,Reversión
2019-02-19,1021894.377,1019354.555,1025650.477,2500552.255,961926.8189,593992.6398,749185.8444,1231672.976,1381104.218,982853.5396,Reversión
2019-02-20,1022372.913,1019915.196,1025936.278,2502793.328,961926.8189,593992.6398,756103.9807,1229826.579,1381104.218,982853.5396,Reversión
2019-02-21,1027099.103,1024470.311,1029950.744,2467439.656,961926.8189,593992.6398,781553.0803,1247059.582,1381104.218,982853.5396,Reversión
2019-02-22,1026653.628,1023918.388,1029734.992,2505463.244,961926.8189,593992.6398,773736.4146,1250563.072,1381104.218,982853.5396,Reversión
2019-02-25,1028129.455,1024953.654,1031492.581,2512180.122,961926.8189,593992.6398,764617.0035,1271651.819,1381104.218,982853.5396,Reversión
2019-02-26,1027906.149,1024812.115,1031207.345,2506053.744,961926.8189,593992.6398,766661.026,1267866.681,1381104.218,982853.5396,Reversión
2019-02-27,1022870.432,1019709.55,1027215.816,2505895.536,961926.8189,593992.6398,728745.6829,1257669.965,1381104.218,982853.5396,Reversión
2019-02-28,1020492.33,1017444.538,1025146.045,2495675.557,961926.8189,593992.6398,717200.461,1247164.325,1381104.218,982853.5396,Crisis
2019-03-01,1025527.36,1022578.202,1029040.05,2501633.281,961926.8189,593992.6398,773556.7345,1253575.665,1381104.218,982853.5396,Crisis
2019-03-04,1027701.195,1024600.881,1030952.213,2502520.241,961926.8189,593992.6398,794738.0445,1289696.174,1381104.218,982853.5396,Crisis
2019-03-05,1028650.576,1025578.054,1031645.693,2508378.759,961926.8189,593992.6398,814549.1969,1289696.174,1381104.218,982853.5396,Crisis
2019-03-06,1028682.869,1025611.292,1031669.281,2488260.727,961926.8189,593992.6398,815223.0618,1289696.174,1381104.218,982853.5396,Crisis
2019-03-07,1028645.196,1025572.516,1031641.763,2444023.108,961926.8189,593992.6398,814436.9289,1289696.174,1381104.218,982853.5396,Crisis
2019-03-08,1029114.719,1026422.956,1032267.109,2451383.997,993572.3788,593992.6398,797478.3599,1289696.174,1381104.218,982853.5396,Crisis
2019-03-11,1031190.944,1029363.493,1034401.671,2547442.058,1062826.685,593992.6398,782249.3731,1289696.174,1381104.218,982853.5396,Crisis
2019-03-12,1032373.498,1030686.273,1035346.694,2549380.46,1071928.835,593992.6398,799230.37,1289696.174,1381104.218,982853.5396,Crisis
2019-03-13,1033400.89,1032210.557,1036456.173,2599565.821,1112162.505,593992.6398,786651.8586,1289696.174,1381104.218,982853.5396,Crisis
2019-03-14,1032475.483,1031023.885,1035600.107,2573204.639,1091979.554,593992.6398,784405.6637,1289696.174,1381104.218,982853.5396,Crisis
2019-03-15,1035175.281,1034127.962,1037822.325,2587785.468,1120011.564,593992.6398,817042.4841,1289696.174,1381104.218,982853.5396,Crisis
2019-03-18,1035498.591,1034394.924,1038007.873,2580355.688,1114339.313,593992.6398,828585.0224,1289696.174,1381104.218,982853.5396,Crisis
2019-03-19,1037107.369,1036511.486,1039537.316,2616440.034,1154044.918,593992.6398,828585.0224,1289696.174,1381104.218,982853.5396,Crisis
2019-03-20,1037107.369,1036511.486,1039537.316,2659595.273,1154044.918,593992.6398,828585.0224,1289696.174,1381104.218,982853.5396,Crisis
2019-03-21,1037107.369,1036511.486,1039537.316,2721694.946,1154044.918,593992.6398,828585.0224,1289696.174,1381104.218,982853.5396,Crisis
2019-03-22,1037107.369,1036511.486,1039537.316,2633194.755,1154044.918,593992.6398,828585.0224,1289696.174,1381104.218,982853.5396,Crisis
2019-03-25,1037107.369,1036511.486,1039537.316,2622295.802,1154044.918,593992.6398,828585.0224,1289696.174,1381104.218,982853.5396,Crisis
2019-03-26,1037107.369,1036511.486,1039537.316,2637184.985,1154044.918,593992.6398,828585.0224,1289696.174,1381104.218,982853.5396,Crisis
2019-03-27,1037107.369,1036511.486,1039537.316,2620377.023,1154044.918,593992.6398,828585.0224,1289696.174,1381104.218,982853.5396,Crisis
2019-03-28,1037107.369,1036511.486,1039537.316,2629102.509,1154044.918,593992.6398,828585.0224,1289696.174,1381104.218,982853.5396,Crisis
2019-03-29,1037107.369,1036511.486,1039537.316,2649552.739,1154044.918,593992.6398,828585.0224,1289696.174,1381104.218,982853.5396,Crisis
2019-04-01,1037107.369,1036511.486,1039537.316,2702717.508,1154044.918,593992.6398,828585.0224,1289696.174,1381104.218,982853.5396,Crisis
2019-04-02,1037107.369,1036511.486,1039537.316,2715406.055,1154044.918,593992.6398,828585.0224,1289696.174,1381104.218,982853.5396,Crisis
2019-04-03,1037107.369,1036511.486,1039537.316,2753495.797,1154044.918,593992.6398,828585.0224,1289696.174,1381104.218,982853.5396,Crisis
2019-04-04,1037107.369,1036511.486,1039537.316,2736578.83,1154044.918,593992.6398,828585.0224,1289696.174,1381104.218,982853.5396,Crisis
2019-04-05,1037107.369,1036511.486,1039537.316,2754582.618,1154044.918,593992.6398,828585.0224,1289696.174,1381104.218,982853.5396,Crisis
2019-04-08,1037107.369,1036511.486,1039537.316,2752721.491,1154044.918,593992.6398,828585.0224,1289696.174,1381104.218,982853.5396,Crisis
2019-04-09,1037107.369,1036511.486,1039537.316,2743509.691,1154044.918,593992.6398,828585.0224,1289696.174,1381104.218,982853.5396,Crisis
2019-04-10,1037107.369,1036511.486,1039537.316,2763825.124,1154044.918,593992.6398,828585.0224,1289696.174,1381104.218,982853.5396,Crisis
2019-04-11,1037107.369,1036511.486,1039537.316,2760296.441,1154044.918,593992.6398,828585.0224,1289696.174,1381104.218,982853.5396,Tendencia
2019-04-12,1037107.369,1036511.486,1039537.316,2732202.446,1154044.918,593992.6398,828585.0224,1289696.174,1381104.218,982853.5396,Tendencia
2019-04-15,1037107.369,1036511.486,1039537.316,2702726.52,1154044.918,593992.6398,828585.0224,1289696.174,1381104.218,982853.5396,Tendencia
2019-04-16,1037107.369,1036511.486,1039537.316,2746429.899,1154044.918,593992.6398,828585.0224,1289696.174,1381104.218,982853.5396,Tendencia
2019-04-17,1037107.369,1036511.486,1039537.316,2735131.066,1154044.918,593992.6398,828585.0224,1289696.174,1381104.218,982853.5396,Tendencia
2019-04-18,1037107.369,1036511.486,1039537.316,2738670.428,1154044.918,593992.6398,828585.0224,1289696.174,1381104.218,982853.5396,Tendencia
2019-04-22,1037107.369,1036511.486,1039537.316,2782073.119,1154044.918,593992.6398,828585.0224,1289696.174,1381104.218,982853.5396,Tendencia
2019-04-23,1036166.541,1035801.154,1038475.761,2817907.673,1154044.918,593992.6398,828585.0224,1289696.174,1381104.218,970729.4662,Tendencia
2019-04-24,1036805.44,1036283.528,1039196.644,2795173.904,1154044.918,593992.6398,828585.0224,1289696.174,1381104.218,978754.4092,Tendencia
2019-04-25,1036363.543,1035949.893,1038698.043,2775289.881,1154044.918,593992.6398,828585.0224,1289696.174,1381104.218,973185.0623,Tendencia
2019-04-26,1035680.48,1035434.175,1037927.33,2742421.197,1154044.918,593992.6398,828585.0224,1289696.174,1381104.218,964588.42,Tendencia
2019-04-29,1035131.967,1035331.75,1037228.864,2755166.853,1158547.814,593992.6398,828585.0224,1289696.174,1381104.218,951579.908,Tendencia
2019-04-30,1042423.911,1041614.879,1045296.642,2733273.028,1169336.695,593992.6398,828585.0224,1289696.174,1381104.218,1029884.943,Tendencia
2019-05-01,1038840.845,1038619.495,1041386.077,2729529.208,1165912.556,593992.6398,828585.0224,1289696.174,1381104.218,1007829.656,Tendencia
2019-05-02,1039681.552,1040469.159,1042061.789,2746247.495,1183484.644,593992.6398,828585.0224,1289696.174,1381104.218,1000919.916,Tendencia
2019-05-03,1039559.11,1040295.274,1041943.238,2787995.822,1182321.823,593992.6398,828585.0224,1289696.174,1381104.218,1000919.916,Tendencia
2019-05-06,1036456.41,1036197.549,1038762.235,2757626.436,1161907.38,583176.8734,828585.0224,1289696.174,1381104.218,1000919.916,Tendencia
2019-05-07,1032152.166,1029824.178,1034744.277,2687119.064,1113381.054,592166.4649,828585.0224,1289696.174,1381104.218,1000919.916,Tendencia
2019-05-08,1032240.211,1029920.711,1034845.866,2677504.014,1113381.054,593142.8795,828585.0224,1289696.174,1381104.218,1000919.916,Tendencia
2019-05-09,1032728.114,1030455.657,1035408.822,2647146.666,1113381.054,598553.7265,828585.0224,1289696.174,1381104.218,1000919.916,Tendencia
2019-05-10,1032897.174,1030662.945,1035621.871,2632606.697,1113381.054,601543.3015,828585.0224,1288701.86,1381104.218,1000919.916,Tendencia
2019-05-13,1030028.104,1028543.346,1033152.905,2511289.644,1113381.054,621886.9405,828585.0224,1242173.29,1381104.218,1000919.916,Tendencia
2019-05-14,1028897.465,1027427.792,1031948.861,2534772.132,1113381.054,615545.7161,828585.0224,1236630.882,1381104.218,1000919.916,Tendencia
2019-05-15,1033638.996,1031755.96,1036728.922,2562967.159,1113381.054,625925.7232,828585.0224,1274537.893,1381104.218,1000919.916,Tendencia
2019-05-16,1035204.586,1033323.289,1038440.006,2583469.573,1113381.054,638108.7141,828585.0224,1279464.407,1381104.218,1000919.916,Tendencia
2019-05-17,1032905.042,1031100.003,1036002.463,2528544.209,1113381.054,625206.4795,828585.0224,1267900.832,1381104.218,1000919.916,Tendencia
2019-05-20,1030826.471,1029221.508,1033925.125,2478264.188,1113381.054,621851.336,828585.0224,1250247.259,1381104.218,1000919.916,Tendencia
2019-05-21,1032236.53,1030452.249,1035292.477,2509494.176,1113381.054,621366.2765,828585.0224,1264616.559,1381104.218,1000919.916,Tendencia
2019-05-22,1032645.668,1030822.986,1035702.315,2495626.375,1113381.054,622088.838,828585.0224,1268037.545,1381104.218,1000919.916,Tendencia
2019-05-23,1028823.532,1027332.094,1031847.231,2440400.013,1113381.054,613596.9365,828585.0224,1237588.821,1381104.218,1000919.916,Tendencia
2019-05-24,1027646.25,1026057.961,1030476.938,2429816.478,1113381.054,608621.6004,828585.0224,1238888.806,1381104.218,1000919.916,Tendencia
2019-05-28,1031048.853,1029258.227,1033990.562,2428909.875,1113381.054,613011.1559,828585.0224,1261126.743,1381104.218,1000919.916,Tendencia
2019-05-29,1028816.207,1027019.582,1031556.5,2393421.458,1113381.054,607256.3457,828585.0224,1254014.911,1381104.218,1000919.916,Tendencia
2019-05-30,1028564.21,1026752.016,1031267.972,2391631.789,1113381.054,606298.3143,828585.0224,1254014.911,1381104.218,1000919.916,Tendencia
2019-05-31,1024942.331,1022906.371,1027121.044,2334874.993,1113381.054,592528.8216,828585.0224,1254014.911,1381104.218,1000919.916,Tendencia
2019-06-03,1011221.75,1010449.597,1013625.751,2254153.581,1113381.054,586435.1871,828585.0224,1174797.446,1381104.218,1000919.916,Reversión
2019-06-04,1017193.587,1015983.985,1019764.529,2355925.328,1113381.054,596153.909,828585.0224,1198772.816,1381104.218,1009241.223,Reversión
2019-06-05,1018057.619,1016884.246,1020655.786,2354031.924,1113381.054,599235.4387,828585.0224,1203568.066,1381104.218,999813.8904,Reversión
2019-06-06,1019444.676,1018255.339,1022202.154,2380897.27,1113381.054,604702.1427,828585.0224,1204713.132,1381104.218,1002799.862,Reversión
2019-06-07,1026399.964,1024401.275,1029088.401,2419703.339,1113381.054,607161.5688,828585.0224,1240640.576,1381104.218,1022525.543,Reversión
2019-06-10,1028694.306,1026370.062,1031369.816,2447654.403,1113381.054,607161.5688,828585.0224,1251161.153,1381104.218,1036298.077,Reversión
2019-06-11,1032736.056,1030085.251,1035158.185,2467291.468,1112654.531,607161.5688,835254.3318,1274635.544,1381104.218,1034651.874,Reversión
2019-06-12,1033906.251,1032317.519,1035868.526,2421999.106,1146197.306,607161.5688,863055.7518,1252735.646,1381104.218,1032795.142,Reversión
2019-06-13,1034685.534,1032334.203,1036920.335,2443179.877,1131010.854,607161.5688,846096.646,1270126.835,1381104.218,1044193.981,Reversión
2019-06-14,1039988.149,1037459.97,1042052.813,2424792.157,1157697.758,607161.5688,842413.055,1297752.17,1381104.218,1039686.164,Reversión
2019-06-17,1045277.314,1041307.363,1047706.891,2468932.483,1154822.645,607161.5688,805540.6246,1352716.849,1381104.218,1046950.552,Tendencia
2019-06-18,1041784.141,1037149.105,1044384.995,2524419.15,1096952.449,607161.5688,805812.295,1348852.226,1381104.218,1057813.483,Tendencia
2019-06-19,1039223.657,1034721.534,1042005.279,2536690.024,1094728.444,607161.5688,799960.0548,1336658.672,1381104.218,1057114.591,Tendencia
2019-06-20,1041421.512,1037015.421,1043809.9,2546895.916,1087191.818,607161.5688,823542.2957,1336658.672,1381104.218,1065431.924,Tendencia
2019-06-21,1042323.117,1037896.052,1044857.444,2546024.473,1103147.723,607161.5688,815785.4111,1336658.672,1381104.218,1077079.698,Tendencia
2019-06-24,1041179.154,1036655.742,1043819.985,2555860.541,1097010.927,607161.5688,810040.3188,1336658.672,1381104.218,1072414.113,Tendencia
2019-06-25,1045543.87,1041007.209,1047926.945,2509159.007,1105057.253,607161.5688,825722.2857,1336658.672,1381104.218,1100214.897,Tendencia
2019-06-26,1043303.646,1038250.54,1045764.898,2553202.524,1063520,607161.5688,827488.9875,1336658.672,1381104.218,1104393.278,Tendencia
2019-06-27,1041090.358,1035652.022,1043885.363,2591855.93,1058797.629,607161.5688,814617.5021,1336658.672,1381104.218,1104393.278,Tendencia
2019-06-28,1039916.575,1034272.092,1042825.038,2597649.734,1052092.368,607161.5688,812382.1246,1336658.672,1381104.218,1104393.278,Tendencia
2019-07-01,1030570.904,1023283.3,1034321.518,2632419.614,997791.9781,607161.5688,798398.4474,1336658.672,1381104.218,1104393.278,Tendencia
2019-07-02,1033365.371,1026726.409,1036840.863,2620587.638,1016236.345,607161.5688,807366.5113,1336658.672,1381104.218,1104393.278,Tendencia
2019-07-03,1027525.124,1020108.401,1031878.311,2647381.013,1013105.51,607161.5688,770680.3517,1314087.79,1381104.218,1104393.278,Tendencia
2019-07-05,1028049.574,1021501.998,1032087.412,2633159.626,1028279.154,607161.5688,776368.4905,1319584.641,1381104.218,1089908.822,Tendencia
2019-07-08,1033106.437,1026782.855,1036971.056,2606914.415,1046463.98,607161.5688,785090.3123,1323894.354,1381104.218,1105437.369,Tendencia
2019-07-09,1031481.287,1025505.749,1035238.602,2629378.618,1045861.825,607161.5688,788515.1702,1300662.151,1381104.218,1098132.423,Tendencia
2019-07-10,1026474.109,1020674.693,1030181.872,2668450.808,1029302.94,607161.5688,788515.1702,1277597.523,1381104.218,1079771.818,Tendencia
2019-07-11,1023677.543,1016910.985,1027505.356,2691991.306,991849.5609,607161.5688,788515.1702,1286837.073,1381104.218,1080380.866,Tendencia
2019-07-12,1021525.621,1014693.793,1025411.202,2702893.274,983841.4715,607161.5688,788515.1702,1261397.891,1381104.218,1079195.359,Tendencia
2019-07-15,1021102.314,1014440.329,1024939.487,2699459.155,985738.0821,607161.5688,788515.1702,1261920.225,1381104.218,1074330.715,Tendencia
2019-07-16,1020864.938,1014298.997,1024674.472,2694414.786,986842.2912,607161.5688,788515.1702,1262351.893,1381104.218,1071560.144,Reversión
2019-07-17,1020857.433,1013720.688,1024765.348,2695046.419,971560.8598,607161.5688,788515.1702,1274934.883,1381104.218,1077838.197,Reversión
2019-07-18,1020837.745,1013630.171,1024746.681,2635205.535,968811.3223,607161.5688,788515.1702,1281226.235,1381104.218,1077371.7,Reversión
2019-07-19,1024387.5,1017036.927,1028372.877,2603659.276,978353.5081,607161.5688,788515.1702,1296153.136,1381104.218,1092012.055,Reversión
2019-07-22,1020759.15,1013216.298,1024762.693,2623382.57,962253.0117,607161.5688,788515.1702,1271727.54,1381104.218,1084864.685,Reversión
2019-07-23,1017889.961,1010068.593,1021892.63,2648263.901,943897.8867,607161.5688,788515.1702,1271480.682,1381104.218,1076615.861,Reversión
2019-07-24,1017740.96,1009598.218,1021832.766,2686720.791,936023.7636,607161.5688,788515.1702,1257294.259,1381104.218,1084379.286,Reversión
2019-07-25,1021126.074,1013402.008,1025184.957,2631737.4,964082.2393,607161.5688,788515.1702,1280743.332,1381104.218,1087915.852,Reversión
2019-07-26,1009413.158,1003687.233,1012740.939,2668233.808,955101.2086,607161.5688,788515.1702,1286524.045,1381104.218,1000581.154,Reversión
2019-07-29,1011605.367,1006187.309,1014886.425,2653216.494,972815.4654,607161.5688,788515.1702,1309466.474,1381104.218,999862.8362,Reversión
2019-07-30,1012488.246,1006987.258,1015784.988,2646207.386,972815.4654,607161.5688,788515.1702,1320730.461,1381104.218,1010994.306,Reversión
2019-07-31,1010627.908,1005343.45,1013719.013,2591847.715,972815.4654,596394.2978,788515.1702,1301895.55,1381104.218,1018876.311,Reversión
2019-08-01,1009998.668,1004772.446,1013020.558,2554571.381,972815.4654,592733.0974,788515.1702,1291841.412,1381104.218,1024039.797,Reversión
2019-08-02,1009045.302,1003866.154,1011980.219,2517120.196,972815.4654,588245.4934,788515.1702,1266973.813,1381104.218,1034677.014,Reversión
2019-08-05,1008055.024,1002888.484,1010972.214,2406543.398,972815.4654,588245.4934,788515.1702,1234228.028,1381104.218,1034677.014,Reversión
2019-08-06,1007475.616,1002162.69,1010364.835,2433969.218,962440.8482,586068.7321,788515.1702,1238189.884,1381104.218,1034677.014,Reversión
2019-08-07,1008565.257,1003335.258,1011488.209,2438614.731,972169.7043,587894.6067,788515.1702,1242484.714,1381104.218,1034677.014,Reversión
2019-08-08,1013792.418,1008531.916,1016926.195,2507031.099,999776.2766,600839.844,788515.1702,1276105.649,1381104.218,1034677.014,Reversión
2019-08-09,1010336.126,1004935.441,1013335.991,2459114.674,974001.5588,592542.9514,788515.1702,1260603.738,1381104.218,1034677.014,Reversión
2019-08-12,1007430.729,1002008.308,1010311.818,2430550.492,956755.3425,585114.8035,788515.1702,1243961.156,1381104.218,1034677.014,Reversión
2019-08-13,1011840.173,1006501.407,1014916.858,2480759.369,985815.0394,598037.0817,788515.1702,1264630.199,1381104.218,1034677.014,Reversión
2019-08-14,1003603.157,998431.5623,1006348.211,2381846.809,948037.6279,577916.0967,788515.1702,1205978.816,1381104.218,1034677.014,Reversión
2019-08-15,1004236.519,998747.0604,1007083.325,2376338.078,939825.0282,582230.0587,788515.1702,1225305.291,1362154.99,1034677.014,Reversión
2019-08-16,1010595.056,1005953.637,1013505.887,2453765.706,1007988.815,587622.5487,788515.1702,1232754.384,1394578.5,1034677.014,Reversión
2019-08-19,1017902.618,1014049.437,1020921.367,2541112.652,1078868.727,595342.4624,788515.1702,1249329.667,1424883.364,1034677.014,Reversión
2019-08-20,1013838.383,1009907.106,1016856.4,2498485.485,1060485.775,590510.5448,788515.1702,1233492.501,1377031.105,1034677.014,Reversión
2019-08-21,1015545.028,1011827.418,1018670.237,2517317.533,1081711.663,597774.8277,788515.1702,1231747.795,1371596.485,1034677.014,Reversión
2019-08-22,1014321.784,1010789.214,1017372.599,2510932.84,1083290.99,591585.7715,788515.1702,1221614.705,1367543.579,1034677.014,Reversión
2019-08-23,1005987.289,1002142.571,1008787.931,2418909.226,1026182.677,573121.5697,788515.1702,1187886.701,1342258.706,1034677.014,Reversión
2019-08-26,1007698.235,1004126.213,1010483.613,2455376.621,1045197.798,573121.5697,788515.1702,1187886.701,1358562.567,1034677.014,Reversión
2019-08-27,1005668.014,1001765.201,1008468.987,2429612.62,1022139.205,573121.5697,788515.1702,1187886.701,1340370.478,1034677.014,Reversión
2019-08-28,1005589.516,1001648.235,1008382.124,2431682.627,1019483.903,573121.5697,788515.1702,1187886.701,1343778.601,1034677.014,Reversión
2019-08-29,1008645,1005228.446,1011423.528,2489805.757,1056033.86,573121.5697,788515.1702,1187886.701,1366852.678,1034677.014,Reversión
2019-08-30,1008463.337,1005094.169,1011270.146,2487483.46,1059258.624,573121.5697,788515.1702,1187886.701,1352897.705,1034677.014,Reversión
2019-09-03,1006645.926,1002973.668,1009464.26,2456742.512,1038138.098,573121.5697,788515.1702,1187886.701,1337729.05,1034677.014,Reversión
2019-09-04,1008555.304,1005300.999,1011396.289,2493770.09,1067163.646,573121.5697,788515.1702,1187886.701,1337729.05,1034677.014,Reversión
2019-09-05,1012096.749,1009617.646,1014979.745,2582346.448,1120999.164,573121.5697,788515.1702,1187886.701,1337729.05,1034677.014,Reversión
2019-09-06,1012225.478,1009720.568,1015124.235,2561878.21,1120999.164,573872.7418,788515.1702,1187886.701,1337729.05,1034677.014,Reversión
2019-09-09,1012340.744,1009812.726,1015253.614,2582144.619,1120999.164,574534.1045,788515.1702,1187886.701,1337729.05,1034677.014,Reversión
2019-09-10,1012917.069,1010273.509,1015900.5,2582248.346,1120999.164,577886.9688,788515.1702,1187886.701,1337729.05,1034677.014,Reversión
2019-09-11,1012786.861,1010169.405,1015754.35,2604585.705,1120999.164,577129.4609,788515.1702,1187886.701,1337729.05,1034677.014,Reversión
2019-09-12,1011965.287,1009649.63,1014801.268,2611163.169,1131204.585,570746.6123,788515.1702,1187886.701,1337729.05,1034677.014,Reversión
2019-09-13,1012227.688,1010018.623,1015095.926,2606218.679,1145214.444,572051.8802,788515.1702,1187886.701,1337729.05,1026742.685,Reversión
2019-09-16,1014491.916,1011994.399,1017568.054,2584264.169,1155616.598,581820.3422,788515.1702,1187886.701,1337729.05,1033787.758,Reversión
2019-09-17,1013630.3,1011241.42,1016608.737,2603054.749,1150445.565,577258.613,788515.1702,1187886.701,1337729.05,1035255.414,Reversión
2019-09-18,1014800.322,1012415.341,1017749.114,2585270.059,1156999.777,578837.0762,788515.1702,1187886.701,1351594.037,1032932.292,Reversión
2019-09-19,1016189.171,1014010.076,1019011.919,2570041.702,1175279.003,577584.2615,788515.1702,1187886.701,1374058.718,1027817.567,Reversión
2019-09-20,1020551.308,1018234.509,1023409.187,2510569.326,1200833.843,586062.6216,788515.1702,1187886.701,1406011.862,1035278.386,Reversión
2019-09-23,1020824.796,1018264.638,1023777.154,2508548.268,1187905.799,590695.273,788515.1702,1187886.701,1406011.862,1031220.651,Reversión
2019-09-24,1021788.815,1019272.123,1024743.493,2442564.116,1201795.713,590695.273,788515.1702,1187886.701,1406011.862,1044708.405,Reversión
2019-09-25,1021741.027,1019032.821,1024603.21,2506596.098,1167522.454,590695.273,788515.1702,1195230.658,1453900.657,1021846.237,Reversión
2019-09-26,1020529.294,1017939.617,1023362.312,2497559.496,1172873.866,590695.273,788515.1702,1177642.037,1445992.701,1024864.669,Reversión
2019-09-27,1020571.689,1018285.925,1023361.84,2456049.027,1206425.608,590695.273,788515.1702,1157961.467,1444729.698,1038331.267,Reversión
2019-09-30,1021701.287,1019305.19,1024451.358,2477081.469,1198873.442,590695.273,788515.1702,1164368.857,1469661.476,1042295.818,Reversión
2019-10-01,1021095.567,1018743.709,1023765.745,2475446.861,1198873.442,590695.273,788515.1702,1144185.033,1480425.066,1054775.182,Reversión
2019-10-02,1020155.037,1017887.76,1022851.298,2453179.095,1198873.442,590695.273,788515.1702,1141188.008,1471913.051,1043586.653,Reversión
2019-10-03,1023236.055,1020663.904,1026048.846,2501611.346,1198873.442,593890.8719,788515.1702,1172441.563,1472572.1,1053783.962,Reversión
2019-10-04,1025383.468,1022612.889,1028162.064,2521164.819,1198873.442,599136.0722,788515.1702,1172441.563,1503988.3,1072858.617,Reversión
2019-10-07,1025075.335,1022361.912,1027831.709,2536817.242,1198873.442,596728.7486,788515.1702,1172441.563,1503988.3,1070457.653,Reversión
2019-10-08,1023589.353,1021136.109,1026265.921,2482299.995,1198873.442,587378.2389,788515.1702,1172441.563,1503988.3,1054404.094,Reversión
2019-10-09,1024539.745,1021922.182,1027263.666,2509006.812,1198873.442,593053.9921,788515.1702,1172441.563,1503988.3,1065274.828,Reversión
2019-10-10,1024758.208,1022115.879,1027469.993,2542003.273,1198873.442,592458.1652,788515.1702,1172441.563,1503988.3,1071538.448,Reversión
2019-10-11,1025754.159,1023013.863,1028465.234,2574335.017,1198873.442,596473.8746,788515.1702,1172441.563,1511973.552,1077066.89,Reversión
2019-10-14,1025249.606,1022460.53,1028037.101,2587839.122,1198873.442,598027.1341,788515.1702,1172441.563,1498260.451,1078891.939,Reversión
2019-10-15,1027296.935,1024216.188,1030144.683,2659603.347,1198873.442,608686.3295,788515.1702,1172441.563,1505011.524,1097221.665,Reversión
2019-10-16,1027033.176,1023881.769,1029964.895,2656734.235,1198873.442,612147.5173,788515.1702,1172441.563,1494304.712,1097221.665,Reversión
2019-10-17,1025382.993,1022140.889,1028519.545,2675513.834,1198873.442,615608.7578,788515.1702,1172441.563,1449147.373,1097221.665,Reversión
2019-10-18,1029956.356,1026938.494,1032536.497,2608178.858,1198873.442,605287.0996,788515.1702,1172441.563,1534926.896,1104830.447,Reversión
2019-10-21,1030252.409,1027172.107,1032867.4,2651734.263,1198873.442,608709.7119,788515.1702,1172441.563,1534926.896,1104944.065,Reversión
2019-10-22,1030362.938,1027269.668,1032976.818,2616281.352,1198873.442,608709.7119,788515.1702,1172441.563,1534926.896,1107634.107,Reversión
2019-10-23,1029773.318,1026749.226,1032393.122,2628672.709,1198873.442,608709.7119,788515.1702,1172441.563,1534926.896,1093284.032,Reversión
2019-10-24,1029720.211,1026702.35,1032340.548,2676703.422,1198873.442,608709.7119,788515.1702,1172441.563,1534926.896,1091981.852,Reversión
2019-10-25,1029533.954,1026537.946,1032156.162,2743733.144,1198873.442,608709.7119,788515.1702,1172441.563,1534926.896,1087480.624,Reversión
2019-10-28,1028648.289,1025756.193,1031279.394,2774471.04,1198873.442,608709.7119,788515.1702,1172441.563,1534926.896,1066345.044,Reversión
2019-10-29,1029664.58,1026653.246,1032285.476,2735113.833,1198873.442,608709.7119,788515.1702,1172441.563,1534926.896,1090270.097,Reversión
2019-10-30,1029663.151,1026651.984,1032284.061,2752808.473,1198873.442,608709.7119,788515.1702,1172441.563,1534926.896,1090236.477,Reversión
2019-10-31,1029731.333,1026712.167,1032351.558,2740694.383,1198873.442,608709.7119,788515.1702,1172441.563,1534926.896,1091840.574,Reversión
2019-11-01,1029248.66,1026286.125,1031873.734,2756606.144,1198873.442,608709.7119,788515.1702,1172441.563,1534926.896,1080484.898,Reversión
2019-11-04,1028625.66,1025736.219,1031256.992,2818452.323,1198873.442,608709.7119,788515.1702,1172441.563,1534926.896,1065829.516,Reversión
2019-11-05,1028948.254,1026023.51,1031615.071,2805401.63,1202382.582,610453.2548,788515.1702,1172441.563,1534926.896,1064257.652,Reversión
2019-11-06,1029590.09,1026673.474,1032301.148,2796835.799,1213645.737,612449.3629,788515.1702,1172441.563,1534926.896,1064612.207,Reversión
2019-11-07,1028766.558,1025543.546,1031635.268,2808249.684,1209505.286,614993.1456,772217.5407,1172441.563,1534926.896,1051523.111,Reversión
2019-11-08,1028768.617,1025492.83,1031679.743,2810089.797,1212672.141,615772.7912,768559.8247,1172441.563,1534926.896,1049886.595,Reversión
2019-11-11,1028968.9,1025188.429,1032091.567,2813941.07,1210410.024,620554.6516,750238.7446,1172441.563,1534926.896,1052620.411,Reversión
2019-11-12,1027979.219,1024052.388,1031132.77,2830852.121,1202323.566,618420.766,739743.1961,1172441.563,1534926.896,1052620.411,Reversión
2019-11-13,1029897.685,1025807.678,1033151.565,2800577.926,1208204.528,626784.7914,747043.4776,1172441.563,1534926.896,1052620.411,Tendencia
2019-11-14,1029357.371,1025119.044,1032648.356,2822194.247,1201305.369,626284.0851,740391.914,1172441.563,1534926.896,1052620.411,Tendencia
2019-11-15,1030787.631,1026503.093,1034237.777,2808182.587,1232973.923,631361.6519,734602.639,1172441.563,1534926.896,1052620.411,Tendencia
2019-11-18,1030816.887,1025982.555,1034317.339,2863667.563,1187224.165,635402.8624,739078.0705,1172441.563,1534926.896,1052620.411,Tendencia
2019-11-19,1031067.41,1026229.325,1034625.687,2850237.328,1211484.733,635497.1324,724685.0883,1159588.311,1540120.686,1052620.411,Tendencia
2019-11-20,1028887.839,1023972.33,1032502.008,2858009.675,1193444.851,632864.8759,724685.0883,1170232.114,1527211.521,1052620.411,Tendencia
2019-11-21,1024543.281,1019722.536,1028359.848,2862144.488,1199100.09,628941.9397,724685.0883,1167770.318,1494631.679,1052620.411,Tendencia
2019-11-22,1025913.451,1020861.184,1029770.451,2850814.826,1195084.682,632933.8081,724685.0883,1162553.629,1500753.136,1052620.411,Tendencia
2019-11-25,1020916.568,1014275.691,1025426.862,2925403.777,1153032.748,643129.0717,707005.9583,1156869.359,1476026.702,1052620.411,Tendencia
2019-11-26,1021328.686,1013918.967,1026083.8,2899891.71,1153032.748,651504.2722,690842.7689,1161594.507,1490419.176,1052620.411,Tendencia
2019-11-27,1018125.847,1010814.433,1022924.643,2924291.793,1153032.748,645013.297,690334.5398,1139590.317,1474271.527,1052620.411,Tendencia
2019-11-29,1019114.621,1011526.631,1023989.278,2906768.48,1153032.748,651289.5376,687521.4359,1137941.818,1480197.885,1052620.411,Tendencia
2019-12-02,1024108.014,1016909.86,1028688.087,2853385.929,1153032.748,658105.0052,697794.4578,1148814.836,1502010.792,1052620.411,Tendencia
2019-12-03,1027454.263,1020348.373,1031892.407,2837265.138,1153032.748,662236.8916,700565.8891,1159221.381,1519900.277,1052620.411,Tendencia
2019-12-04,1028032.941,1020574.232,1032562.952,2843933.119,1153032.748,665527.4946,693960.2876,1159221.381,1528494.675,1052620.411,Tendencia
2019-12-05,1029488.712,1021799.46,1034072.423,2833872.798,1153032.748,672701.4772,692676.633,1159221.381,1535314.137,1052620.411,Tendencia
2019-12-06,1026691.758,1018980.981,1031430.342,2870666.633,1153032.748,668754.1835,692676.633,1159221.381,1514341.88,1052620.411,Tendencia
2019-12-09,1029297.463,1021715.786,1033822.008,2866749.511,1153032.748,669496.075,692676.633,1159221.381,1536995.617,1052620.411,Tendencia
2019-12-10,1034599.013,1027200.255,1038739.089,2865348.329,1153032.748,673152.2885,692676.633,1159221.381,1580808.342,1052620.411,Tendencia
2019-12-11,1031184.138,1023705.473,1035547.606,2899238.947,1153032.748,669776.5389,692676.633,1159221.381,1553670.63,1052620.411,Tendencia
2019-12-12,1031293.334,1023866.96,1035617.845,2933289.78,1153032.748,668545.6501,692676.633,1159221.381,1555959.345,1052620.411,Tendencia
2019-12-13,1031247.826,1023813.6,1035574.46,2927552.621,1152620.617,668545.6501,692676.633,1159221.381,1555679.069,1052620.411,Tendencia
2019-12-16,1028075.627,1020376.728,1032656.492,2970431.382,1146581.738,668545.6501,692676.633,1159221.381,1529008.455,1052620.411,Tendencia
2019-12-17,1021662.399,1013377.734,1026738.191,3006756.003,1130696.823,668545.6501,692676.633,1159221.381,1476367.739,1052620.411,Tendencia
2019-12-18,1020992.152,1012330.8,1026252.831,3035763.241,1124447.28,671799.0647,692676.633,1159221.381,1465477.057,1052620.411,Tendencia
2019-12-19,1019210.508,1010306.644,1024341.21,3100493.93,1095561.132,668730.2435,692676.633,1159221.381,1465477.057,1052620.411,Tendencia
2019-12-20,1018850.388,1009528.936,1024037.022,3126587.099,1081196.546,670851.0327,692676.633,1159221.381,1455346.273,1052620.411,Tendencia
2019-12-23,1019059.76,1010082.954,1024158.55,3129400.656,1087479.119,668445.5069,692676.633,1159221.381,1471585.377,1052620.411,Tendencia
2019-12-24,1019407.95,1010350.067,1024547.304,3128914.807,1088377.067,669848.0856,692676.633,1159221.381,1471155.689,1052620.411,Tendencia
2019-12-26,1012836.919,1005590.252,1017215.503,3163898.833,1085817.722,641966.2319,692676.633,1159221.381,1473605.289,1052620.411,Tendencia
2019-12-27,1014161.102,1007041.084,1018565.957,3145264.597,1096234,645632.3883,692676.633,1159221.381,1488818.809,1052620.411,Tendencia
2019-12-30,1015779.781,1008712.139,1020313.503,3086472.998,1116661.681,653433.6156,692676.633,1159221.381,1487093.942,1052620.411,Tendencia
2019-12-31,1015249.914,1007990.161,1019751.536,3106414.622,1103282.737,653110.121,692676.633,1159221.381,1487093.942,1052620.411,Tendencia
2020-01-02,1012462.46,1005430.414,1016742.003,3174953.042,1082585.542,636026.4294,692676.633,1159221.381,1487093.942,1052620.411,Tendencia
2020-01-03,1014026.727,1007007.102,1018424.871,3149376.007,1099825.79,643871.9254,692676.633,1159221.381,1487093.942,1052620.411,Tendencia
2020-01-06,1011697.736,1004473.673,1016194.377,3197158.559,1095381.057,634368.1172,674425.1079,1159221.381,1487093.942,1052620.411,Tendencia
2020-01-07,1010312.519,1002504.86,1014949.803,3218347.055,1082495.532,633012.6691,658032.9185,1159221.381,1487093.942,1055322.478,Tendencia
2020-01-08,1008964.204,1000494.182,1013936.502,3252288.197,1080475.301,637967.9033,634971.0953,1159221.381,1487093.942,1047868.259,Tendencia
2020-01-09,1008396.184,1000548.092,1013089.689,3263049.342,1068483.326,634925.0916,654284.2921,1159221.381,1487093.942,1033709.932,Tendencia
2020-01-10,1008544.003,1000308.645,1013207.28,3254441.897,1048312.314,640845.0591,658353.933,1159221.381,1487093.942,1032787.823,Tendencia
2020-01-13,1004828.451,995587.2706,1010047.779,3353849.865,1048312.314,638151.4244,611984.9419,1159221.381,1487093.942,1024809.972,Tendencia
2020-01-14,1006565.912,997175.6272,1011775.966,3326609.717,1048312.314,645385.1112,618340.9632,1159221.381,1487093.942,1031519.898,Tendencia
2020-01-15,1007274.726,998660.4837,1012211.251,3307442.768,1048312.314,643680.8068,640150.2209,1159221.381,1487093.942,1025392.379,Tendencia
2020-01-16,1007081.99,998743.9394,1011961.625,3327871.385,1048312.314,643680.8068,645776.6005,1159221.381,1487093.942,1017607.765,Tendencia
2020-01-17,1006590.355,998496.3648,1011443.908,3332650.253,1048312.314,643680.8068,649134.4612,1159221.381,1487093.942,1007572.607,Tendencia
2020-01-21,1003816.208,994580.1613,1009177.224,3356868.891,1048312.314,643680.8068,607919.2187,1159221.381,1487093.942,1004103.323,Tendencia
2020-01-22,1001138.1,991272.5761,1006876.386,3365226.611,1048312.314,643680.8068,579388.7695,1159221.381,1487093.942,990941.8857,Tendencia
2020-01-23,1000577.748,990428.8756,1006432.854,3413811.217,1048312.314,643680.8068,570512.3506,1159221.381,1487093.942,990941.8857,Tendencia
2020-01-24,1001055.536,991148.2639,1006811.035,3388610.623,1048312.314,643680.8068,577931.1213,1159221.381,1487093.942,990941.8857,Tendencia
2020-01-27,1001495.776,991811.1162,1007159.495,3294136.858,1048312.314,643680.8068,584748.7336,1159221.381,1487093.942,990941.8857,Tendencia
2020-01-28,1001738.101,991569.7492,1007578.195,3364405.718,1048312.314,647330.6985,575845.7772,1159221.381,1487093.942,990941.8857,Tendencia
2020-01-29,1000648.47,989653.5534,1006818.867,3365548.461,1048312.314,648989.8705,553449.0349,1159221.381,1487093.942,990941.8857,Tendencia
2020-01-30,1001640.144,990411.0433,1007879.129,3398396.175,1048312.314,653418.8948,553449.0349,1159221.381,1487093.942,990941.8857,Tendencia
2020-01-31,1014893.385,1000071.357,1022253.537,3371790.285,1048312.314,715672.2386,543628.9491,1159221.381,1487093.942,990941.8857,Tendencia
2020-02-03,1013589.896,998098.7589,1021279.819,3519889.883,1048312.314,717053.9963,522933.2584,1159221.381,1487093.942,990941.8857,Tendencia
2020-02-04,1012452.119,996804.3739,1020185.847,3662954.949,1048312.314,701005.8418,519855.2031,1175761.11,1452282.3,990941.8857,Tendencia
2020-02-05,1016672.207,1003229.571,1023680.55,3568673.183,1048312.314,703955.4664,577484.7185,1177329.889,1447727.067,990941.8857,Tendencia
2020-02-06,1014988.126,999787.1749,1022395.221,3603414.891,1048312.314,700486.2196,536352.6805,1181476.614,1458073.655,990941.8857,Tendencia
2020-02-07,1014914.997,999878.2913,1022315.611,3599344.417,1048312.314,690758.2259,538235.0485,1189769.546,1458758.417,990941.8857,Tendencia
2020-02-10,1012580.882,996831.8241,1020179.809,3703175.726,1048312.314,679540.1077,516814.8164,1193859.818,1442401.627,990941.8857,Tendencia
2020-02-11,1008222.007,992785.9536,1015874.637,3729896.017,1044771.09,678723.2795,514881.578,1160968.111,1432435.365,990941.8857,Tendencia
2020-02-12,1008873.76,993096.8592,1016396.062,3768164.565,1026729.836,675799.1187,519303.0902,1180972.246,1408492.351,990941.8857,Tendencia
2020-02-13,1008952.981,991669.045,1016754.649,3788292.869,1033487.052,678959.1298,496409.6513,1194308.164,1403262.476,987482.8052,Tendencia
2020-02-14,1007573.47,989406.8701,1015071.69,3880752.901,968945.407,683638.3146,498885.4355,1200135.711,1406893.855,983991.6792,Tendencia
2020-02-18,1003926.975,982719.9146,1011762.775,3981079.242,930491.0609,677149.8392,463456.2685,1220420.041,1376941.997,983529.1284,Tendencia
2020-02-19,998534.931,974582.7957,1006756.602,4119878.516,893996.9427,672610.6402,426227.8423,1218683.11,1376941.997,979945.5212,Tendencia
2020-02-20,998561.2289,975063.3259,1006797.078,4064618.363,904499.6711,677894.252,431549.3497,1202377.096,1376941.997,984994.3494,Tendencia
2020-02-21,1001437.532,977833.9303,1009946.797,3952382.501,946264.7183,695553.7924,430807.1491,1177722.041,1376941.997,1006476.394,Tendencia
2020-02-24,1007144.486,985463.7511,1015780.432,3727289.416,1013472.253,723462.2756,462180.594,1124714.07,1376941.997,1047223.886,Tendencia
2020-02-25,1006475.967,985854.1432,1015028.637,3608463.012,1013472.253,723462.2756,477995.6864,1100711.524,1376941.997,1059074.617,Tendencia
2020-02-26,1010061.098,990526.8567,1018434.816,3654001.825,1013472.253,725973.3241,487849.7762,1099393.072,1423765.522,1054332.66,Tendencia
2020-02-27,993391.0216,979849.6171,1001295.263,3439509.136,1013472.253,691027.6794,510203.5068,1057859.315,1440195.865,1022256.802,Tendencia
2020-02-28,991617.3237,977812.2791,1000506.513,3526949.796,1013472.253,664645.8311,510203.5068,1017282.248,1440195.865,1073010.705,Tendencia
2020-03-02,1004871.83,987629.5798,1014424.753,3668196.104,1013472.253,680341.0491,510203.5068,1017282.248,1440195.865,1110723.412,Tendencia
2020-03-03,991369.3475,977628.4633,1000236.781,3557540.603,1013472.253,664686.5298,510203.5068,1017282.248,1440195.865,1071784.925,Tendencia
2020-03-04,1008982.739,990939.4457,1018486.332,3715316.734,1013472.253,687959.3515,510203.5068,1029922.832,1440195.865,1106941.787,Tendencia
2020-03-05,984883.147,972339.4713,993386.0623,3583999.144,1013472.253,669923.2627,510203.5068,994528.6355,1440195.865,1053389.226,Tendencia
2020-03-06,974839.8408,964437.4381,983039.9643,3508763.655,1013472.253,661935.8185,510203.5068,972615.4014,1440195.865,1038150.538,Tendencia
2020-03-09,935576.3176,934027.2385,942375.7257,3236494.08,1013472.253,626949.9737,510203.5068,909765.3332,1440195.865,964210.5138,Tendencia
2020-03-10,951099.0178,944971.2181,958259.6261,3421590.354,1013472.253,658708.1664,498670.9165,926940.5322,1469471.612,978959.7163,Tendencia
2020-03-11,925106.8412,922597.4033,931709.843,3271602.945,1013472.253,634000.75,490093.551,885584.8441,1412126.275,929618.949,Crisis
2020-03-12,883782.7654,883540.0436,890150.8471,2925477.581,1013472.253,598822.4999,448314.6216,803549.6564,1315966.274,860768.3434,Crisis
2020-03-13,885459.6413,884998.3341,891856.1628,3149209.792,1013472.253,598822.4999,448314.6216,885792.7973,1315966.274,860768.3434,Crisis
2020-03-16,883534.5299,883324.1663,889898.4015,2694370.801,1013472.253,598822.4999,448314.6216,791374.831,1315966.274,860768.3434,Crisis
2020-03-17,883534.5299,883324.1663,889898.4015,2868369,1013472.253,598822.4999,448314.6216,791374.831,1315966.274,860768.3434,Crisis
2020-03-18,883534.5299,883324.1663,889898.4015,2732600.652,1013472.253,598822.4999,448314.6216,791374.831,1315966.274,860768.3434,Crisis
2020-03-19,883534.5299,883324.1663,889898.4015,2886254.236,1013472.253,598822.4999,448314.6216,791374.831,1315966.274,860768.3434,Crisis
2020-03-20,883534.5299,883324.1663,889898.4015,2826240.473,1013472.253,598822.4999,448314.6216,791374.831,1315966.274,860768.3434,Crisis
2020-03-23,883534.5299,883324.1663,889898.4015,2917224.862,1013472.253,598822.4999,448314.6216,791374.831,1315966.274,860768.3434,Crisis
2020-03-24,883534.5299,883324.1663,889898.4015,3199769.618,1013472.253,598822.4999,448314.6216,791374.831,1315966.274,860768.3434,Crisis
2020-03-25,883534.5299,883324.1663,889898.4015,3156245.734,1013472.253,598822.4999,448314.6216,791374.831,1315966.274,860768.3434,Crisis
2020-03-26,883534.5299,883324.1663,889898.4015,3281826.738,1013472.253,598822.4999,448314.6216,791374.831,1315966.274,860768.3434,Crisis
2020-03-27,883534.5299,883324.1663,889898.4015,3203269.735,1013472.253,598822.4999,448314.6216,791374.831,1315966.274,860768.3434,Crisis
2020-03-30,883534.5299,883324.1663,889898.4015,3320505.638,1013472.253,598822.4999,448314.6216,791374.831,1315966.274,860768.3434,Crisis
2020-03-31,883534.5299,883324.1663,889898.4015,3334296.642,1013472.253,598822.4999,448314.6216,791374.831,1315966.274,860768.3434,Crisis
2020-04-01,883534.5299,883324.1663,889898.4015,3144584.885,1013472.253,598822.4999,448314.6216,791374.831,1315966.274,860768.3434,Crisis
2020-04-02,883534.5299,883324.1663,889898.4015,3201439.534,1013472.253,598822.4999,448314.6216,791374.831,1315966.274,860768.3434,Crisis
2020-04-03,883534.5299,883324.1663,889898.4015,3133175.307,1013472.253,598822.4999,448314.6216,791374.831,1315966.274,860768.3434,Crisis
2020-04-06,883534.5299,883324.1663,889898.4015,3374969.359,1013472.253,598822.4999,448314.6216,791374.831,1315966.274,860768.3434,Crisis
2020-04-07,883534.5299,883324.1663,889898.4015,3345365.872,1013472.253,598822.4999,448314.6216,791374.831,1315966.274,860768.3434,Crisis
2020-04-08,883534.5299,883324.1663,889898.4015,3409143.82,1013472.253,598822.4999,448314.6216,791374.831,1315966.274,860768.3434,Crisis
2020-04-09,883534.5299,883324.1663,889898.4015,3407012.651,1013472.253,598822.4999,448314.6216,791374.831,1315966.274,860768.3434,Crisis
2020-04-13,883534.5299,883324.1663,889898.4015,3571716.685,1013472.253,598822.4999,448314.6216,791374.831,1315966.274,860768.3434,Crisis
2020-04-14,883534.5299,883324.1663,889898.4015,3759943.782,1013472.253,598822.4999,448314.6216,791374.831,1315966.274,860768.3434,Crisis
2020-04-15,883534.5299,883324.1663,889898.4015,3781074.786,1013472.253,598822.4999,448314.6216,791374.831,1315966.274,860768.3434,Crisis
2020-04-16,883534.5299,883324.1663,889898.4015,3907251.834,1013472.253,598822.4999,448314.6216,791374.831,1315966.274,860768.3434,Crisis
2020-04-17,883534.5299,883324.1663,889898.4015,3877935.914,1013472.253,598822.4999,448314.6216,791374.831,1315966.274,860768.3434,Crisis
2020-04-20,883534.5299,883324.1663,889898.4015,3866422.679,1013472.253,598822.4999,448314.6216,791374.831,1315966.274,860768.3434,Crisis
2020-04-21,883534.5299,883324.1663,889898.4015,3687103.685,1013472.253,598822.4999,448314.6216,791374.831,1315966.274,860768.3434,Crisis
2020-04-22,883534.5299,883324.1663,889898.4015,3825275.609,1013472.253,598822.4999,448314.6216,791374.831,1315966.274,860768.3434,Crisis
2020-04-23,883534.5299,883324.1663,889898.4015,3819376.893,1013472.253,598822.4999,448314.6216,791374.831,1315966.274,860768.3434,Crisis
2020-04-24,883534.5299,883324.1663,889898.4015,3871854.78,1013472.253,598822.4999,448314.6216,791374.831,1315966.274,860768.3434,Crisis
2020-04-27,883534.5299,883324.1663,889898.4015,3944919.31,1013472.253,598822.4999,448314.6216,791374.831,1315966.274,860768.3434,Crisis
2020-04-28,883534.5299,883324.1663,889898.4015,3835508.446,1013472.253,598822.4999,448314.6216,791374.831,1315966.274,860768.3434,Crisis
2020-04-29,883534.5299,883324.1663,889898.4015,3964536.168,1013472.253,598822.4999,448314.6216,791374.831,1315966.274,860768.3434,Crisis
2020-04-30,882932.1728,882760.7785,889248.0914,3975056.348,1013472.253,598822.4999,448314.6216,791374.831,1315966.274,849788.3121,Crisis
2020-05-01,883972.9335,883734.2075,890371.7059,3801242.623,1013472.253,598822.4999,448314.6216,791374.831,1315966.274,868759.7581,Crisis
2020-05-04,883775.2637,883549.3259,890158.2998,3922292.621,1013472.253,598822.4999,448314.6216,791374.831,1315966.274,865156.546,Crisis
2020-05-05,882849.9837,882683.9065,889159.3593,3943934.782,1013472.253,598822.4999,448314.6216,791374.831,1315966.274,848348.592,Crisis
2020-05-06,882977.158,882802.8534,889296.6578,3999903.081,1013472.253,598822.4999,448314.6216,791374.831,1315966.274,850369.5332,Crisis
2020-05-07,882132.2937,882012.6473,888384.5348,4051856.153,1013472.253,598822.4999,448314.6216,791374.831,1315966.274,835590.753,Crisis
2020-05-08,881598.8118,881513.6789,887808.583,4126788.315,1013472.253,598822.4999,448314.6216,791374.831,1315966.274,826306.9119,Crisis
2020-05-11,880916.8961,880875.8795,887072.3807,4193548.29,1013472.253,598822.4999,448314.6216,791374.831,1315966.274,814774.6457,Crisis
2020-05-12,881923.2849,881817.1603,888158.887,4100277.491,1013472.253,598822.4999,448314.6216,791374.831,1315966.274,831011.594,Crisis
2020-05-13,882874.4298,882706.7711,889185.7515,4080677.593,1013472.253,598822.4999,448314.6216,791374.831,1315966.274,846493.0808,Crisis
2020-05-14,882572.2583,882424.1486,888859.5245,4156964.247,1013472.253,598822.4999,448314.6216,791374.831,1315966.274,841574.7309,Crisis
2020-05-15,881998.3966,881887.4127,888239.9783,4282718.957,1013472.253,598822.4999,448314.6216,791374.831,1315966.274,832234.1649,Crisis
2020-05-18,881569.0399,881485.8331,887776.441,4355032.178,1013472.253,598822.4999,448314.6216,791374.831,1315966.274,825245.6601,Crisis
2020-05-19,881950.9177,881843.0054,888188.7197,4369524.876,1013472.253,598822.4999,448314.6216,791374.831,1315966.274,831461.3651,Crisis
2020-05-20,880719.5865,880691.3348,886859.3635,4445163.596,1013472.253,598822.4999,448314.6216,791374.831,1315966.274,811419.3736,Crisis
2020-05-21,880804.9405,880771.1669,886951.5125,4385261.717,1013472.253,598822.4999,448314.6216,791374.831,1315966.274,812795.0455,Crisis
2020-05-22,880575.0488,880556.1479,886703.3193,4423241.576,1013472.253,598822.4999,448314.6216,791374.831,1315966.274,809067.8811,Crisis
2020-05-26,880287.0539,880286.7848,886392.3975,4332710.556,1013472.253,598822.4999,448314.6216,791374.831,1315966.274,803845.5946,Crisis
2020-05-27,880325.6711,880322.9037,886434.089,4293608.679,1013472.253,598822.4999,448314.6216,791374.831,1315966.274,804444.7565,Crisis
2020-05-28,880982.0741,880936.8409,887142.7475,4256610.865,1013472.253,598822.4999,448314.6216,791374.831,1315966.274,814629.1161,Crisis
2020-05-29,880982.0741,880936.8409,887142.7475,4380984.813,1013472.253,598822.4999,448314.6216,791374.831,1315966.274,814629.1161,Crisis
2020-06-01,880982.0741,880936.8409,887142.7475,4441146.922,1013472.253,598822.4999,448314.6216,791374.831,1315966.274,814629.1161,Crisis
2020-06-02,880982.0741,880936.8409,887142.7475,4438279.032,1013472.253,598822.4999,448314.6216,791374.831,1315966.274,814629.1161,Crisis
2020-06-03,880982.0741,880936.8409,887142.7475,4416502.575,1013472.253,598822.4999,448314.6216,791374.831,1315966.274,814629.1161,Crisis
2020-06-04,880982.0741,880936.8409,887142.7475,4375254.368,1013472.253,598822.4999,448314.6216,791374.831,1315966.274,814629.1161,Crisis
2020-06-05,880982.0741,880936.8409,887142.7475,4449114.911,1013472.253,598822.4999,448314.6216,791374.831,1315966.274,814629.1161,Crisis
2020-06-08,880982.0741,880936.8409,887142.7475,4485821.834,1013472.253,598822.4999,448314.6216,791374.831,1315966.274,814629.1161,Crisis
2020-06-09,880982.0741,880936.8409,887142.7475,4583065.348,1013472.253,598822.4999,448314.6216,791374.831,1315966.274,814629.1161,Crisis
2020-06-10,880982.0741,880936.8409,887142.7475,4723507.368,1013472.253,598822.4999,448314.6216,791374.831,1315966.274,814629.1161,Crisis
2020-06-11,880982.0741,880936.8409,887142.7475,4497415.727,1013472.253,598822.4999,448314.6216,791374.831,1315966.274,814629.1161,Crisis
2020-06-12,880982.0741,880936.8409,887142.7475,4492388.486,1013472.253,598822.4999,448314.6216,791374.831,1315966.274,814629.1161,Crisis
2020-06-15,880982.0741,880936.8409,887142.7475,4609400.178,1013472.253,598822.4999,448314.6216,791374.831,1315966.274,814629.1161,Crisis
2020-06-16,880982.0741,880936.8409,887142.7475,4618928.696,1013472.253,598822.4999,448314.6216,791374.831,1315966.274,814629.1161,Crisis
2020-06-17,880982.0741,880936.8409,887142.7475,4685859.97,1013472.253,598822.4999,448314.6216,791374.831,1315966.274,814629.1161,Crisis
2020-06-18,880982.0741,880936.8409,887142.7475,4694258.776,1013472.253,598822.4999,448314.6216,791374.831,1315966.274,814629.1161,Crisis
2020-06-19,880982.0741,880936.8409,887142.7475,4714686.37,1013472.253,598822.4999,448314.6216,791374.831,1315966.274,814629.1161,Crisis
2020-06-22,880982.0741,880936.8409,887142.7475,4802531.324,1013472.253,598822.4999,448314.6216,791374.831,1315966.274,814629.1161,Crisis
2020-06-23,880982.0741,880936.8409,887142.7475,4810313.22,1013472.253,598822.4999,448314.6216,791374.831,1315966.274,814629.1161,Crisis
2020-06-24,880982.0741,880936.8409,887142.7475,4695471.467,1013472.253,598822.4999,448314.6216,791374.831,1315966.274,814629.1161,Crisis
2020-06-25,880982.0741,880936.8409,887142.7475,4788288.94,1013472.253,598822.4999,448314.6216,791374.831,1315966.274,814629.1161,Crisis
2020-06-26,880982.0741,880936.8409,887142.7475,4601281.927,1013472.253,598822.4999,448314.6216,791374.831,1315966.274,814629.1161,Tendencia
2020-06-29,890075.6831,889677.0546,896734.8737,4664538.286,1013472.253,598822.4999,448314.6216,831422.9012,1315966.274,835639.9201,Tendencia
2020-06-30,895028.2168,894423.6846,901967.7044,4824644.864,1013472.253,598822.4999,448314.6216,851601.8503,1315966.274,848128.1059,Tendencia
2020-07-01,897819.6301,897005.3834,904978.4057,4959716.134,1013472.253,598822.4999,448314.6216,851601.8503,1315966.274,862452.3588,Tendencia
2020-07-02,902044.6097,900851.6804,909430.2976,5031348.148,1013472.253,602533.7326,448314.6216,851601.8503,1338004.141,879157.2616,Tendencia
2020-07-06,901848.8974,899864.7263,909838.9899,5283945.818,1013472.253,568669.2337,426365.4845,851601.8503,1292212.259,896932.6277,Tendencia
2020-07-07,899662.9989,898114.3785,907554.2607,5287282.878,1013472.253,579158.1885,430424.8944,851601.8503,1262099.82,891113.3021,Tendencia
2020-07-08,901819.9101,900440.4911,909746.287,5383358.052,1013472.253,564109.6441,437692.7846,851601.8503,1262099.82,899295.128,Tendencia
2020-07-09,902909.5369,901055.9177,911080.545,5503063.092,999652.2395,546397.4604,429085.2565,851601.8503,1262110.957,908302.4424,Tendencia
2020-07-10,901026.9502,898344.6939,909757.7758,5679076.189,1002081.652,544306.4627,404304.1421,851601.8503,1212427.675,920473.5153,Tendencia
2020-07-13,904407.7866,900193.1961,913368.7243,5480657.911,973969.0236,559776.4176,382794.0117,851601.8503,1298265.992,925852.003,Tendencia
2020-07-14,904407.7866,900193.1961,913368.7243,5559122.962,973969.0236,579335.0188,382794.0117,851601.8503,1298265.992,925852.003,Tendencia
2020-07-15,904407.7866,900193.1961,913368.7243,5527970.05,973969.0236,579335.0188,382794.0117,851601.8503,1298265.992,925852.003,Tendencia
2020-07-16,904407.7866,900193.1961,913368.7243,5480071.727,973969.0236,579335.0188,382794.0117,851601.8503,1298265.992,925852.003,Tendencia
2020-07-17,904407.7866,900193.1961,913368.7243,5434579.707,973969.0236,579335.0188,382794.0117,851601.8503,1298265.992,925852.003,Tendencia
2020-07-20,904407.7866,900193.1961,913368.7243,5693249.662,973969.0236,579335.0188,382794.0117,851601.8503,1298265.992,925852.003,Tendencia
2020-07-21,905359.1117,901048.0937,914403.0143,5559496.279,973969.0236,579335.0188,382794.0117,851601.8503,1298265.992,941678.7785,Tendencia
2020-07-22,905045.9583,900766.6819,914062.5509,5588464.196,973969.0236,579335.0188,382794.0117,851601.8503,1298265.992,936468.9844,Tendencia
2020-07-23,906732.6693,902282.4258,915896.3597,5396600.075,973969.0236,579335.0188,382794.0117,851601.8503,1298265.992,964530.0514,Tendencia
2020-07-24,909789.8287,904922.6605,918911.4747,5344466.339,973969.0236,579335.0188,382794.0117,851601.8503,1328952.728,969512.2152,Tendencia
2020-07-27,912824.0382,907502.6525,921787.4019,5525392.944,973969.0236,579335.0188,382794.0117,851601.8503,1370996.829,957132.6525,Tendencia
2020-07-28,911953.2517,906789.0242,921039.3227,5400535.6,973969.0236,579335.0188,382794.0117,851601.8503,1351247.257,972172.5145,Tendencia
2020-07-29,910255.0721,905301.86,919305.168,5480648.171,973969.0236,579335.0188,382794.0117,851601.8503,1340100.045,960586.3776,Tendencia
2020-07-30,910062.0922,905115.704,919058.6333,5514632.251,973969.0236,579335.0188,382794.0117,851601.8503,1343751.242,951917.1071,Tendencia
2020-07-31,912595.7687,907362.8448,921727.5797,5526768.267,973969.0236,579335.0188,382794.0117,851601.8503,1352270.664,981331.7338,Tendencia
2020-08-03,915198.8778,909608.1176,924286.7191,5645410.042,973969.0236,579335.0188,382794.0117,851601.8503,1379212.047,984359.5845,Tendencia
2020-08-04,918269.9026,912261.5264,927318.9681,5709766.265,973969.0236,579335.0188,382794.0117,851601.8503,1409694.044,989878.5171,Tendencia
2020-08-05,916195.0947,910469.6815,925272.7173,5726277.263,973969.0236,579335.0188,382794.0117,851601.8503,1388865.564,986500.6389,Tendencia
2020-08-06,917020.8285,911144.4634,925976.5428,5787103.724,973969.0236,579335.0188,382794.0117,851601.8503,1408145.058,971414.0466,Tendencia
2020-08-07,913684.5262,908284.7975,922748.5289,5699190.935,973969.0236,579335.0188,382794.0117,851601.8503,1368452.081,975252.7571,Tendencia
2020-08-10,910917.5664,905907.8171,920056.0427,5635760.678,973969.0236,579335.0188,382794.0117,851601.8503,1337057.364,976156.9874,Tendencia
2020-08-11,907399.4172,902904.9995,916688.7492,5481494.371,973969.0236,579335.0188,382794.0117,851601.8503,1291555.69,985654.7314,Tendencia
2020-08-12,908585.9618,903888.8712,917741.1719,5781611.984,973969.0236,579335.0188,382794.0117,851601.8503,1315177.832,970078.2803,Tendencia
2020-08-13,909712.6119,904844.7791,918803.0402,5843738.96,973969.0236,579335.0188,382794.0117,851601.8503,1331386.894,964588.3744,Tendencia
2020-08-14,910469.6985,905512.1,919588.5918,5886512.445,973969.0236,579335.0188,382794.0117,851601.8503,1335121.132,971600.7879,Tendencia
2020-08-17,909980.5344,905075.7025,919065.9493,6192660.852,973969.0236,579335.0188,382794.0117,851601.8503,1334208.306,964827.5074,Tendencia
2020-08-18,911495.4311,906565.0955,920429.9211,6273115.627,987539.71,579335.0188,382794.0117,851601.8503,1360541.173,941760.2868,Tendencia
2020-08-19,910146.4779,905413.4994,919217.4732,6215136.549,997091.3147,579335.0188,379542.5297,851601.8503,1340238.272,948276.8204,Tendencia
2020-08-20,910077.5083,903936.8581,919258.3645,6353245.691,996895.9405,579335.0188,354266.6138,851601.8503,1377220.523,929818.1013,Tendencia
2020-08-21,906152.277,899275.7425,915393.513,6485461.519,954508.8726,579335.0188,344492.2566,851601.8503,1361758.204,930214.8591,Tendencia
2020-08-24,905493.36,899043.0172,914636.8603,6476478.356,950691.4691,579335.0188,349047.8461,851601.8503,1352077.041,924575.1926,Tendencia
2020-08-25,904947.1508,898402.3611,914033.0288,6521811.11,948523.8381,579335.0188,347622.5723,851601.8503,1356972.913,912611.822,Tendencia
2020-08-26,901906.3451,894277.6598,911206.569,6778090.398,946847.9515,579335.0188,327376.9961,851601.8503,1360580.928,898034.1794,Tendencia
2020-08-27,904232.9109,896183.372,913735.7362,6747669.04,957395.0156,587005.7038,322188.148,870203.9902,1360580.928,906766.6597,Tendencia
2020-08-28,903943.7089,896144.7072,913214.3638,6836120.418,933581.4971,586703.8361,333243.4151,868957.2979,1360580.928,900824.273,Tendencia
2020-08-31,899215.545,889790.5165,909039.7327,7105755.26,933581.4971,578459.1313,294238.5298,870260.7374,1360580.928,906216.4884,Tendencia
2020-09-01,898836.4951,890477.6606,908324.4126,7175381.924,933581.4971,570401.8976,307210.3223,863913.345,1360580.928,892299.4292,Tendencia
2020-09-02,899748.1254,893042.4534,908899.4196,7209728.887,976939.3302,564996.6086,323278.1642,843908.0367,1360580.928,872832.7896,Tendencia
2020-09-03,912195.5174,906328.4279,921354.8576,6666296.538,1029659.947,590918.685,346712.3591,876154.5014,1360580.928,907653.6416,Tendencia
2020-09-04,916561.4185,909781.1396,926053.8648,6569254.612,1029659.947,602556.2329,340141.2683,913992.1076,1360580.928,932428.5393,Tendencia
2020-09-08,926923.8652,921701.1177,935890.2437,6016798.541,1029659.947,625517.3655,383845.4366,913992.1076,1360580.928,961978.6317,Tendencia
2020-09-09,923722.5175,919135.4481,932548.4385,6344416.733,1029659.947,606681.2655,383845.4366,913992.1076,1360580.928,945803.966,Tendencia
2020-09-10,925062.988,920129.9752,933914.3967,6212638.206,1029659.947,621509.7485,383845.4366,913992.1076,1360580.928,932856.7689,Tendencia
2020-09-11,925965.261,920806.6325,934836.9227,6169597.711,1029659.947,630849.2714,383845.4366,913992.1076,1360580.928,926566.5995,Tendencia
2020-09-14,926080.521,920882.8219,934950.385,6473675.042,1029659.947,632950.6519,383845.4366,913992.1076,1360580.928,922330.3091,Tendencia
2020-09-15,925589.3095,920552.1987,934464.3014,6668276.153,1029659.947,624519.8171,383845.4366,913992.1076,1360580.928,938401.1689,Tendencia
2020-09-16,926606.1846,921293.9341,935495.0747,6482794.279,1029659.947,636894.8665,383845.4366,913992.1076,1360580.928,924323.1707,Tendencia
2020-09-17,927423.2016,921877.9402,936318.1469,6346906.642,1029659.947,647896.5021,383845.4366,913992.1076,1360580.928,909010.6039,Tendencia
2020-09-18,924646.1927,919540.6471,933336.679,6333418.653,1029659.947,626551.7874,383845.4366,913992.1076,1360580.928,887034.6064,Tendencia
2020-09-21,924487.3243,919412.8984,933160.6589,6443686.814,1029659.947,627730.7155,383845.4366,915100.5377,1360580.928,874228.2768,Tendencia
2020-09-22,931228.2127,925461.5497,940279.4497,6442299.444,1029659.947,663463.2569,383845.4366,939439.287,1360580.928,892371.0949,Tendencia
2020-09-23,925246.4861,920093.4267,933965.3508,6090498.469,1029659.947,636082.8636,383845.4366,918308.8051,1360580.928,861543.6997,Tendencia
2020-09-24,926116.4795,920861.5507,934891.872,6176686.045,1029659.947,640308.7957,383845.4366,920189.6253,1360580.928,869778.0485,Tendencia
2020-09-25,932407.8586,924577.1696,941493.0828,6403262.562,1029659.947,656283.6954,383845.4366,939697.4254,1360580.928,879680.8681,Tendencia
2020-09-28,939427.2026,927054.652,949005.3017,6527010.492,1029659.947,673017.693,383845.4366,947072.8333,1360580.928,891662.049,Tendencia
2020-09-29,940643.0691,928730.2463,950115.3363,6564929.122,1029659.947,666832.575,383845.4366,965400.6613,1360580.928,896161.1478,Tendencia
2020-09-30,940869.1783,928833.5318,950356.7331,6675288.127,1029659.947,667648.8755,383845.4366,965806.2749,1360580.928,895904.1775,Tendencia
2020-10-01,948975.073,932371.7474,958934.563,6835616.848,1029659.947,683028.002,383845.4366,983249.0244,1360580.928,909536.1265,Tendencia
2020-10-02,937991.1496,927497.8802,947322.3146,6520627.662,1029659.947,662617.2551,383845.4366,958578.2854,1360580.928,891139.7723,Tendencia
2020-10-05,944208.3891,930688.5068,953878.1934,6738413.756,1029659.947,678350.4677,383845.4366,975947.411,1360580.928,891139.7723,Tendencia
2020-10-06,936029.5479,926548.5717,945245.5569,6650351.136,1029659.947,657307.8402,383845.4366,953858.0562,1360580.928,891139.7723,Tendencia
2020-10-07,941132.3688,927940.7959,950804.026,6807820.127,1029659.947,677606.188,383845.4366,951867.0273,1360580.928,891139.7723,Tendencia
2020-10-08,943333.2195,930176.1847,952964.5115,6793031.461,1029659.947,676516.2991,383845.4366,972665.3491,1360580.928,891139.7723,Tendencia
2020-10-09,948999.1968,932081.0527,959084.4077,6850324.458,1029659.947,696893.1386,383845.4366,975210.0349,1360580.928,891139.7723,Tendencia
2020-10-12,962702.4956,939369.216,973497.0367,7047250.018,1029659.947,730030.3428,383845.4366,1016880.984,1360580.928,891139.7723,Tendencia
2020-10-13,963265.7312,939805.2975,974086.3733,7090706.811,1029659.947,730178.7846,383845.4366,1018319.152,1360580.928,895637.1582,Reversión
2020-10-14,964187.4381,940640.9903,975274.2963,7065617.634,1029659.947,746684.9407,383845.4366,1002388.08,1360580.928,897685.8162,Reversión
2020-10-15,963152.9553,939601.401,974356.6988,6978417.203,1029659.947,751985.3587,383845.4366,983581.0141,1360580.928,902183.9091,Reversión
2020-10-16,964534.1707,940967.0167,975910.1667,6879471.696,1029659.947,765932.1898,383845.4366,980667.7538,1360580.928,895281.5011,Reversión
2020-10-19,966459.3819,942432.7802,978166.6576,6749735.492,1029659.947,779785.9438,383845.4366,963962.4939,1360580.928,916586.7611,Reversión
2020-10-20,967905.2021,943958.278,979500.9728,6756628.923,1029659.947,777713.2058,383845.4366,986678.5615,1360580.928,904661.4247,Reversión
2020-10-21,972393.3374,948421.1578,983953.3337,6696905.517,1029659.947,784496.2718,383845.4366,1027870.16,1360580.928,884959.1863,Reversión
2020-10-22,971504.8173,947757.3798,983031.3526,6670271.409,1029659.947,786302.4946,383845.4366,1025620.651,1360580.928,873405.6411,Reversión
2020-10-23,972319.6438,948742.7023,983660.6285,6726913.898,1029659.947,780380.2939,383845.4366,1050217.539,1360580.928,859032.2256,Reversión
2020-10-26,975150.0709,950935.7339,986611.1409,6610596.299,1029659.947,779821.8966,383845.4366,1063854.402,1360580.928,885220.8689,Reversión
2020-10-27,969991.223,946324.6393,981185.2233,6714098.721,1029659.947,763051.4506,383845.4366,1041121.387,1360580.928,877373.5885,Reversión
2020-10-28,982647.1538,957231.1833,994428.7652,6406400.524,1029659.947,789183.2338,383845.4366,1098579.47,1360580.928,924748.3313,Reversión
2020-10-29,975188.0432,950813.0708,986730.6541,6576800.172,1029659.947,778982.2027,384179.7738,1050170.62,1360580.928,899963.7872,Reversión
2020-10-30,978964.0126,953136.8766,990856.9542,6288260.633,1029659.947,815966.5558,362868.1492,1115353.519,1360580.928,839376.4897,Reversión
2020-11-02,978960.9581,954171.9711,990550.025,6347191.507,1029659.947,793608.8281,374529.2171,1121790.866,1360580.928,839376.4897,Reversión
2020-11-03,980842.913,957903.4444,992293.9897,6550697.125,1029659.947,805212.5927,396401.9545,1107297.315,1360580.928,839376.4897,Reversión
2020-11-04,978357.6272,956781.5388,990039.4656,6821585.963,1029659.947,856125.9135,404937.1279,1048253.143,1360580.928,818534.9841,Reversión
2020-11-05,978358.4486,957023.04,990134.3648,7021517.518,1029659.947,877479.1781,404937.1279,1048253.143,1360580.928,802181.1583,Reversión
2020-11-06,977902.0566,956670.0531,989654.6402,7070579.843,1029659.947,874671.3008,404937.1279,1048253.143,1360580.928,797341.5177,Reversión
2020-11-09,975658.7139,954607.8714,987167.1963,6713419.235,1029659.947,830393.2052,404937.1279,1048253.143,1360580.928,795730.5205,Reversión
2020-11-10,974947.5419,953796.5561,986316.3016,6467071.576,1029659.947,801675.762,404937.1279,1048253.143,1360580.928,806032.6906,Reversión
2020-11-11,976001.3055,954832.2157,987511.2302,6676453.157,1029659.947,828715.9595,404937.1279,1048253.143,1360580.928,801898.7385,Reversión
2020-11-12,975778.9895,954598.09,987252.949,6648486.295,1029659.947,821555.0784,404937.1279,1048253.143,1360580.928,803815.823,Reversión
2020-11-13,975138.2559,954197.3746,986616.9816,6611831.117,1029659.947,826449.6181,404937.1279,1048253.143,1360580.928,791018.3628,Reversión
2020-11-16,975114.5911,954187.0127,986595.2487,6653922.982,1029659.947,827043.8727,404937.1279,1048253.143,1360580.928,790248.9845,Reversión
2020-11-17,975545.8278,954505.1089,987042.4255,6752376.249,1029659.947,828258.9831,404937.1279,1048253.143,1360580.928,795626.1958,Reversión
2020-11-18,975781.3364,954586.084,987249.9479,6903781.354,1029659.947,820281.8484,404937.1279,1048253.143,1360580.928,804763.5177,Reversión
2020-11-19,975394.6913,954345.3484,986866.6034,6965383.056,1029659.947,823335.3434,404937.1279,1048253.143,1360580.928,796969.2933,Reversión
2020-11-20,974995.2562,954012.8356,986437.4196,6847922.312,1029659.947,818681.1818,404937.1279,1048253.143,1360580.928,794520.8344,Reversión
2020-11-23,974982.0434,954000.625,986422.7434,6955493.142,1029659.947,818414.3638,404937.1279,1048253.143,1360580.928,794520.8344,Reversión
2020-11-24,975239.335,954238.3991,986708.5299,7077332.341,1029659.947,823610.0612,404937.1279,1048253.143,1360580.928,794520.8344,Reversión
2020-11-25,975091.5469,953388.5199,986780.7873,7221271.257,1029659.947,841310.1753,386829.7139,1048253.143,1360580.928,794520.8344,Reversión
2020-11-27,974736.7658,952720.0403,986499.6049,7290783.413,1029659.947,844022.9331,378488.3749,1048253.143,1360580.928,794520.8344,Reversión
2020-11-30,973664.1797,951230.5645,985473.3696,7236456.998,1029659.947,836811.8323,367195.448,1048253.143,1360580.928,794520.8344,Reversión
2020-12-01,973879.6728,951429.7108,985712.7283,7355911.614,1029659.947,841163.4579,367195.448,1048253.143,1360580.928,794520.8344,Reversión
2020-12-02,973879.6728,951429.7108,985712.7283,7331125.133,1029659.947,841163.4579,367195.448,1048253.143,1360580.928,794520.8344,Reversión
2020-12-03,973879.6728,951429.7108,985712.7283,7368602.672,1029659.947,841163.4579,367195.448,1048253.143,1360580.928,794520.8344,Reversión
2020-12-04,973879.6728,951429.7108,985712.7283,7414807.866,1029659.947,841163.4579,367195.448,1048253.143,1360580.928,794520.8344,Reversión
2020-12-07,973879.6728,951429.7108,985712.7283,7615087.721,1029659.947,841163.4579,367195.448,1048253.143,1360580.928,794520.8344,Reversión
2020-12-08,972963.6164,949943.7881,984903.1003,7587460.049,1029659.947,841163.4579,352448.8692,1048253.143,1360580.928,794520.8344,Reversión
2020-12-09,974617.1281,952625.927,986364.5052,7270332.942,1029659.947,841163.4579,376534.8945,1048253.143,1360580.928,794520.8344,Reversión
2020-12-10,975827.0078,954588.4565,987433.8198,7369028.137,1029659.947,841163.4579,394330.0752,1048253.143,1360580.928,794520.8344,Reversión
2020-12-11,975827.0078,954588.4565,987433.8198,7317522.202,1029659.947,841163.4579,394330.0752,1048253.143,1360580.928,794520.8344,Reversión
2020-12-14,975827.0078,954588.4565,987433.8198,7523707.642,1029659.947,841163.4579,394330.0752,1048253.143,1360580.928,794520.8344,Reversión
2020-12-15,975827.0078,954588.4565,987433.8198,7512432.357,1029659.947,841163.4579,394330.0752,1048253.143,1360580.928,794520.8344,Reversión
2020-12-16,975827.0078,954588.4565,987433.8198,7476024.205,1029659.947,841163.4579,394330.0752,1048253.143,1360580.928,794520.8344,Tendencia
2020-12-17,975367.0166,954131.7589,986993.9295,7623562.469,1029659.947,841163.4579,394330.0752,1048253.143,1348864.116,794520.8344,Tendencia
2020-12-18,975210.7038,953976.5653,986844.4473,7746508.207,1029659.947,841163.4579,394330.0752,1048253.143,1344906.188,794520.8344,Tendencia
2020-12-21,975769.4012,954531.2624,987378.7305,7581758.791,1029659.947,841163.4579,394330.0752,1048253.143,1358912.752,794520.8344,Tendencia
2020-12-22,975928.7378,954689.4581,987531.1044,7520973.918,1029659.947,841163.4579,394330.0752,1048253.143,1362907.325,794520.8344,Tendencia
2020-12-23,977586.5963,956328.0148,989144.8352,7464767.315,1029659.947,841163.4579,394330.0752,1051730.11,1395395.421,794520.8344,Tendencia
2020-12-24,976936.2933,955666.774,988462.2419,7515763.715,1024943.216,841163.4579,394330.0752,1048945.142,1398110.786,794520.8344,Tendencia
2020-12-28,980121.8511,958715.2549,991755.6868,7564075.887,1017548.354,841163.4579,394330.0752,1086603.421,1398110.786,794520.8344,Tendencia
2020-12-29,980370.9987,958980.0473,992014.421,7605069.202,1020959.889,841163.4579,394330.0752,1085740.363,1398110.786,794520.8344,Tendencia
2020-12-30,979953.0914,958679.2638,991586.6793,7721311.914,1036932.815,841163.4579,394330.0752,1066479.815,1398110.786,794520.8344,Tendencia
2020-12-31,979768.6015,958452.5806,991393.7572,7765168.242,1029774.7,841163.4579,394330.0752,1071540.085,1398110.786,794520.8344,Tendencia
2021-01-04,982904.9897,961753.8233,994528.2302,7808226.53,1064075.166,841163.4579,394330.0752,1054986.188,1435780.325,794520.8344,Tendencia
2021-01-05,983733.9753,962559.8536,995385.8454,7899372.543,1064075.166,841163.4579,394330.0752,1062949.264,1435780.325,794520.8344,Tendencia
2021-01-06,980605.831,959518.33,992149.6681,7745687.797,1064075.166,841163.4579,394330.0752,1032900.91,1435780.325,794520.8344,Tendencia
2021-01-07,985538.2697,964630.6909,997285.9471,8155817.184,1093602.664,841163.4579,394330.0752,1054201.326,1435708.83,794520.8344,Tendencia
2021-01-08,983906.3555,962360.3924,995722.937,8387971.922,1088091.2,841163.4579,382786.415,1049611.804,1439968.953,794520.8344,Tendencia
2021-01-11,981304.8474,961621.8735,992805.7999,8144965.466,1099301.724,841163.4579,414454.4617,1012078.923,1408088.733,794520.8344,Tendencia
2021-01-12,977165.0439,956555.5598,988980.4115,8238371.543,1099301.724,841163.4579,396855.9869,1012078.923,1372123.829,794520.8344,Tendencia
2021-01-13,976925.5809,956197.2923,988763.4653,8301373.744,1099301.724,841163.4579,394569.3208,1011177.04,1372123.829,794520.8344,Tendencia
2021-01-14,975983.9882,955520.297,987720.8438,8164777.921,1099301.724,841163.4579,398898.8054,987067.1129,1372123.829,794520.8344,Tendencia
2021-01-15,977948.9269,957905.5357,989644.6841,8023416.242,1099301.724,841163.4579,407566.9152,1010051.964,1372123.829,794520.8344,Tendencia
2021-01-19,979357.946,958809.7104,991233.0951,8163336.923,1099301.724,841163.4579,399105.8379,1049190.739,1372123.829,794520.8344,Tendencia
2021-01-20,980516.7662,959786.4702,992479.0557,8450592.537,1099301.724,841163.4579,396363.7649,1074827.984,1372123.829,794520.8344,Tendencia
2021-01-21,982348.9677,961637.758,994327.1238,8545081.98,1099301.724,841163.4579,398859.8201,1096486.763,1376551.671,797509.9236,Tendencia
2021-01-22,983561.4046,962983.2891,995500.9054,8497727.576,1099301.724,841163.4579,398105.5375,1103036.654,1411067.881,793985.6875,Tendencia
2021-01-25,983665.5058,962305.5069,995771.1121,8604968.427,1099301.724,841163.4579,382489.225,1117141.113,1430808.124,793090.3596,Tendencia
2021-01-26,981681.9229,960443.8144,993785.712,8593950.75,1099301.724,841163.4579,381127.1032,1099200.428,1418691.019,787476.2322,Tendencia
2021-01-27,991155.7038,969443.5049,1003094.506,8299821.038,1099301.724,841163.4579,389146.4135,1137582.8,1509628.27,822218.5766,Tendencia
2021-01-28,992361.0441,971210.2134,1004269.372,8241978.169,1099301.724,841163.4579,401317.3302,1165311.558,1473582.748,822218.5766,Tendencia
2021-01-29,995833.2963,975679.3736,1007555.059,8041414.568,1099301.724,841163.4579,419067.3932,1191215.427,1488193.927,822218.5766,Tendencia
2021-02-01,994792.1744,974628.3009,1006435.964,8328059.814,1099301.724,841163.4579,422158.5032,1176923.767,1472547.529,822218.5766,Tendencia
2021-02-02,994477.9313,975009.5036,1005871.824,8552472.514,1099301.724,841163.4579,438736.9743,1157234.139,1451089.581,822218.5766,Tendencia
2021-02-03,994500.8187,974687.5889,1006000.604,8479767.812,1099301.724,841163.4579,429638.4183,1158904.017,1471582.857,822218.5766,Tendencia
2021-02-04,993388.1297,973360.0746,1004974.093,8512589.384,1099301.724,841163.4579,427275.7852,1159525.256,1441678.28,823977.6799,Tendencia
2021-02-05,991995.8704,972401.2349,1003569.61,8519361.594,1099301.724,841163.4579,428401.8063,1153272.905,1444901.694,809949.7735,Tendencia
2021-02-08,993206.8253,973810.9016,1004691.056,8720188.819,1099301.724,841163.4579,434026.8493,1159175.629,1451654.311,811396.4517,Tendencia
2021-02-09,991594.1709,971778.368,1003208.333,8647489.145,1103862.674,841163.4579,427009.3636,1148029.828,1425420.121,814898.2588,Tendencia
2021-02-10,986521.7135,965760.346,998461.0434,8595133.066,1065873.324,841163.4579,404569.6183,1138631.439,1414785.299,810644.7478,Tendencia
2021-02-11,985821.1245,965154.4304,997671.0119,8703431.07,1030568.355,841163.4579,408007.9705,1144379.333,1428902.384,809774.0521,Tendencia
2021-02-12,987262.9065,966683.1126,999088.6051,8664038.148,1050780.731,841163.4579,410249.9338,1143952.171,1428793.709,812221.2075,Tendencia
2021-02-16,984360.0051,963306.6772,996295.7584,8674925.845,1025200.984,841163.4579,400246.5386,1130476.126,1428793.709,812221.2075,Tendencia
2021-02-17,986040.8896,965109.8188,997985.7293,8596823.031,1054315.191,841163.4579,401216.6831,1132029.462,1428793.709,812221.2075,Tendencia
2021-02-18,986664.7947,965487.5379,998724.5431,8532121.326,1059574.41,841163.4579,395802.7891,1148262.792,1428793.709,812221.2075,Tendencia
2021-02-19,987603.8851,966219.4944,999759.0387,8481299.289,1052914.894,841163.4579,392746.4659,1178671.3,1428793.709,812221.2075,Tendencia
2021-02-22,986884.8581,964173.8042,999587.845,8080899,1091898.456,841163.4579,359167.2484,1183448.209,1428793.709,812221.2075,Tendencia
2021-02-23,984155.5189,960388.2817,997238.1258,8011621.269,1106498.23,841163.4579,332425.6726,1161971.802,1428793.709,812221.2075,Tendencia
2021-02-24,987823.1934,965921.5515,1000062.055,8248646.109,1082114.246,841163.4579,346082.0937,1167991.547,1428793.709,812221.2075,Tendencia
2021-02-25,984531.0357,958816.4738,998603.874,7716117.055,1163496.311,841163.4579,318191.0522,1205351.658,1428793.709,812221.2075,Tendencia
2021-02-26,981430.9372,955210.5043,995655.4285,7778800.177,1135697.452,841163.4579,315056.8219,1193972.712,1428793.709,812221.2075,Tendencia
2021-03-01,987666.5653,963971.3761,1000597.795,8016562.4,1127005.746,841163.4579,335079.6003,1165661.423,1428793.709,819786.6666,Tendencia
2021-03-02,984970.936,959287.8008,998881.2302,7780858.072,1156751.743,841163.4579,320159.2976,1188613.392,1428793.709,817734.8011,Tendencia
2021-03-03,974501.1241,947401.0876,989284.2281,7453247.312,1099435.232,841163.4579,305309.7411,1202555.546,1428793.709,796713.995,Tendencia
2021-03-04,969776.4649,941347.3172,985052.1297,7234089.768,1084490.117,841163.4579,288952.1386,1193894.998,1399071.75,805633.9262,Tendencia
2021-03-05,973168.7775,943007.4878,988465.3117,7204622.352,1084490.117,841163.4579,278029.9461,1168107.969,1413027.122,830643.5725,Tendencia
2021-03-08,960869.5882,931497.5086,976993.6364,6815702.458,1084490.117,841163.4579,261779.1867,1202943.76,1360687.314,795165.1963,Tendencia
2021-03-09,968709.2083,941560.9654,983838.8472,7486784.768,1117960.169,841163.4579,313195.7802,1162437.85,1356658.065,810885.4462,Tendencia
2021-03-10,967784.5635,940473.4929,982997.8059,7449282.81,1113316.706,841163.4579,310629.1192,1165700.191,1351568.255,810885.4462,Tendencia
2021-03-11,975479.8694,949215.344,990073.3559,7744522.901,1160217.41,841163.4579,325294.3368,1130825.752,1401179.903,810885.4462,Tendencia
2021-03-12,974161.9871,947659.8255,988921.6195,7660886.234,1147940.145,841163.4579,322564.9541,1152107.723,1387678.642,810885.4462,Tendencia
2021-03-15,975874.178,949892.4363,990475.8671,7793306.077,1177875.113,841163.4579,329172.2008,1131330.449,1393652.486,810885.4462,Tendencia
2021-03-16,975402.8827,948805.3687,990214.0704,7723422.725,1205045.219,841163.4579,314730.1747,1109854.161,1403778.355,810885.4462,Reversión
2021-03-17,975964.904,950021.7991,990514.1525,7844602.382,1205045.219,841163.4579,326321.9208,1091484.665,1404876.678,810885.4462,Reversión
2021-03-18,968308.5398,941121.4404,983701.0071,7458685.762,1205045.219,841163.4579,303701.0478,1112417.249,1352237.999,810885.4462,Reversión
2021-03-19,968763.4292,941687.5907,983934.344,7533450.424,1205045.219,841163.4579,304496.1387,1075169.452,1372034.385,810885.4462,Reversión
2021-03-22,972959.8741,946257.3481,987788.4283,7691438.903,1205045.219,841163.4579,311531.1658,1075169.452,1401313.872,810885.4462,Reversión
2021-03-23,974400.7001,947501.751,989183.0254,7661290.066,1205045.219,841163.4579,307885.7949,1075169.452,1417648.335,810885.4462,Reversión
2021-03-24,972637.249,944945.6155,987703.139,7405592.693,1205045.219,841163.4579,293057.8342,1075169.452,1417648.335,810885.4462,Reversión
2021-03-25,973196.8644,945756.7822,988172.7677,7377491.706,1205045.219,841163.4579,297763.3546,1075169.452,1417648.335,810885.4462,Reversión
2021-03-26,971998.0053,944019.027,987166.6863,7375073.088,1205045.219,841163.4579,287682.7602,1075169.452,1417648.335,810885.4462,Reversión
2021-03-29,971587.6958,943424.2803,986822.3549,7402486.655,1205045.219,841163.4579,284232.6766,1075169.452,1417648.335,810885.4462,Reversión
2021-03-30,972933.094,945374.445,987951.4118,7465636.615,1205045.219,841163.4579,295545.4438,1075169.452,1417648.335,810885.4462,Reversión
2021-03-31,974719.7676,947964.2417,989450.7865,7719295.827,1205045.219,841163.4579,310568.6705,1075169.452,1417648.335,810885.4462,Reversión
2021-04-01,974378.0269,947468.8861,989163.9981,7857564.425,1205045.219,841163.4579,307695.1476,1075169.452,1417648.335,810885.4462,Reversión
2021-04-05,975027.8175,948719.8447,989508.1782,8056381.737,1193126.172,841163.4579,321318.8399,1075169.452,1417648.335,810885.4462,Reversión
2021-04-06,975839.3523,949678.829,990340.5223,8031137.854,1203805.925,840095.1041,321583.856,1075169.452,1417648.335,810885.4462,Reversión
2021-04-07,971209.0893,944499.7139,985591.5056,8048960.97,1179794.385,825680.8573,311982.1891,1075169.452,1417648.335,810885.4462,Reversión
2021-04-08,969733.0834,943326.6661,983809.8722,8150879.696,1165161.926,816448.5941,317947.7865,1075169.452,1417648.335,810885.4462,Reversión
2021-04-09,967832.523,941325.433,981806.7694,8166445.364,1158346.034,798773.7932,314795.2847,1075169.452,1417648.335,810885.4462,Reversión
2021-04-12,968142.6677,942160.578,981829.8891,8416077.752,1147829.375,796002.6629,326400.9722,1075169.452,1417648.335,810885.4462,Reversión
2021-04-13,970463.6171,945837.396,983557.9205,8741047.376,1112677.735,795207.5844,354457.3892,1075169.452,1417648.335,810885.4462,Reversión
2021-04-14,970494.1018,945115.0177,984021.035,8495472.749,1141576.679,810837.0186,340466.3651,1075169.452,1417648.335,810885.4462,Reversión
2021-04-15,968991.9444,943671.7863,982310.1845,8740633.012,1097737.183,800082.8634,343544.4981,1075169.452,1417648.335,810885.4462,Reversión
2021-04-16,969015.3563,943801.893,982300.2823,8695662.424,1105962.349,795334.6091,343976.9186,1075169.452,1417648.335,810885.4462,Reversión
2021-04-19,969036.845,943337.8109,982649.9412,8489509.839,1143576.904,801734.8511,332282.8781,1075169.452,1417648.335,810885.4462,Reversión
2021-04-20,970122.2129,944523.7869,983783.3006,8447598.499,1156587.283,810442.6778,334310.1417,1075169.452,1417648.335,810885.4462,Reversión
2021-04-21,970797.6929,945812.0107,984166.8524,8522747.023,1143662.18,804065.7915,345994.8807,1075169.452,1417648.335,810885.4462,Reversión
2021-04-22,971107.554,945588.4228,984840.9137,8300151.547,1178510.651,816427.5729,334635.6277,1075169.452,1417648.335,810885.4462,Reversión
2021-04-23,970437.5502,945077.0997,983985.4881,8442625.488,1150167.534,808998.3278,339150.5009,1075169.452,1417648.335,810885.4462,Reversión
2021-04-26,969746.8877,944713.6694,983054.9487,8548852.226,1135637.362,793103.9985,344113.4975,1075169.452,1417648.335,810885.4462,Reversión
2021-04-27,969824.6401,944842.4432,983126.9278,8397697.676,1142210.911,790974.6463,344113.4975,1075169.452,1417648.335,810885.4462,Reversión
2021-04-28,969235.3396,944414.9901,982435.4549,8370574.144,1149382.114,776856.0111,344113.4975,1075169.452,1417648.335,810885.4462,Reversión
2021-04-29,969516.9408,944613.1602,982764.0592,8367140.578,1146103.717,783365.8759,344113.4975,1075169.452,1417648.335,810885.4462,Reversión
2021-04-30,969819.475,944953.342,983086.4719,8411362.942,1155069.866,784070.6317,344113.4975,1075169.452,1417648.335,810885.4462,Reversión
2021-05-03,970849.0388,945800.0362,984258.4964,8251764.012,1155069.866,801781.5346,344113.4975,1075169.452,1417648.335,810885.4462,Reversión
2021-05-04,972239.1821,946943.2645,985840.9936,8067140.763,1155069.866,825695.2477,344113.4975,1075169.452,1417648.335,810885.4462,Reversión
2021-05-05,968313.6979,942816.4721,981763.9196,8054488.243,1133981.12,807790.0704,338577.0232,1075169.452,1417648.335,810885.4462,Reversión
2021-05-06,969012.4483,943129.1455,982703.9188,8068050.257,1139039.614,816639.7352,334842.7426,1075169.452,1417648.335,810885.4462,Reversión
2021-05-07,970482.5423,945204.2205,984029.3485,8164544.168,1161725.799,812994.2082,339298.6494,1075169.452,1417648.335,810885.4462,Reversión
2021-05-10,962832.7612,936480.2167,976414.545,7806235.178,1118863.661,788018.5982,321716.3268,1075169.452,1417648.335,810885.4462,Reversión
2021-05-11,963843.7441,938048.2824,977183.6193,7788485.907,1082940.113,796272.9487,330944.8963,1075169.452,1417648.335,810885.4462,Reversión
2021-05-12,959460.5197,932148.7834,973146.5149,7519622.512,1082940.113,785679.268,316301.1761,1075169.452,1417648.335,810885.4462,Reversión
2021-05-13,954378.7862,925894.3224,968242.4681,7449095.68,1053187.667,778786.3275,306542.2714,1075169.452,1417648.335,810885.4462,Reversión
2021-05-14,961773.1387,934256.0464,975649.5395,7688663.481,1097715.258,793918.8088,316220.7407,1075169.452,1417648.335,810885.4462,Reversión
2021-05-17,962026.687,933136.0822,976404.1143,7632262.635,1091742.328,805617.3247,309298.3578,1075169.452,1417648.335,810885.4462,Reversión
2021-05-18,959795.7215,931247.9521,973941.061,7576700.621,1080200.966,796229.4188,309856.006,1075169.452,1417648.335,810885.4462,Reversión
2021-05-19,956934.4398,926771.2728,971560.757,7543893.794,1084054.365,796111.167,295908.9766,1075169.452,1417648.335,810885.4462,Reversión
2021-05-20,959716.7495,929890.7544,974398.173,7783477.32,1126192.858,798216.0156,295908.9766,1075169.452,1417648.335,810885.4462,Reversión
2021-05-21,962055.418,932643.456,976744.5164,7816246.785,1167216.973,798216.0156,295908.9766,1075169.452,1417648.335,810885.4462,Reversión
2021-05-24,962055.418,932643.456,976744.5164,8084754.335,1167216.973,798216.0156,295908.9766,1075169.452,1417648.335,810885.4462,Reversión
2021-05-25,961916.7078,932519.5407,976600.5044,8092476.616,1167216.973,798216.0156,295908.9766,1071496.115,1417648.335,810885.4462,Reversión
2021-05-26,961932.8227,932533.9367,976617.2352,8163053.801,1167216.973,798216.0156,295908.9766,1071894.888,1417648.335,810885.4462,Reversión
2021-05-27,961301.8021,931970.2208,975962.0958,8160023.502,1167216.973,798216.0156,295908.9766,1055313.567,1417648.335,810885.4462,Reversión
2021-05-28,961800.168,932415.431,976479.5103,8284301.922,1167216.973,798216.0156,295908.9766,1068268.959,1417648.335,810885.4462,Reversión
2021-06-01,961750.5782,932371.1304,976428.025,8282766.121,1167216.973,798216.0156,295908.9766,1066986.778,1417648.335,810885.4462,Reversión
2021-06-02,961748.0993,932368.9159,976425.4513,8321670.852,1167216.973,798216.0156,295908.9766,1066922.684,1417648.335,810885.4462,Reversión
2021-06-03,961599.8122,932084.5402,976294.7855,8205591.644,1146982.873,798216.0156,295908.9766,1076891.558,1417648.335,810885.4462,Reversión
2021-06-04,959881.7708,930212.9206,974562.7168,8457499.367,1103726.768,798216.0156,295908.9766,1063076.141,1417648.335,810885.4462,Reversión
2021-06-07,958988.7495,929379.5962,973640.6509,8498012.857,1099353.281,798216.0156,295908.9766,1043106.594,1417648.335,810885.4462,Reversión
2021-06-08,959628.6882,930033.8955,974293.2247,8466969.083,1109516.273,798216.0156,295908.9766,1052028.226,1417648.335,810885.4462,Reversión
2021-06-09,960217.9823,930608.6694,974898.125,8420709.8,1115462.019,798216.0156,295908.9766,1062650.272,1417648.335,810885.4462,Reversión
2021-06-10,959828.4309,930226.6185,974498.5574,8505512.48,1111273.509,798216.0156,295908.9766,1055806.48,1417648.335,810885.4462,Reversión
2021-06-11,959284.1814,929536.2468,973962.7281,8585820.978,1086157.478,798216.0156,295908.9766,1059522.527,1417648.335,810885.4462,Reversión
2021-06-14,958266.0578,928528.0117,972919.8171,8693730.053,1074230.255,798216.0156,295908.9766,1042459.415,1417648.335,810885.4462,Reversión
2021-06-15,958667.2014,929003.8225,973319.4825,8562061.643,1088122.221,798216.0156,295908.9766,1042517.713,1417648.335,810885.4462,Reversión
2021-06-16,959327.7321,929581.409,974007.0479,8583853.539,1086645.228,798216.0156,295908.9766,1060046.132,1417648.335,810885.4462,Reversión
2021-06-17,958654.547,928980.0257,973308.1323,8842845.1,1086645.228,798216.0156,295908.9766,1043259.489,1417648.335,810885.4462,Reversión
2021-06-18,959503.7736,929738.6739,974189.8181,8848562.744,1086645.228,798216.0156,295908.9766,1064435.928,1417648.335,810885.4462,Reversión
2021-06-21,959177.7136,929447.3914,973851.2954,8793286.793,1086645.228,798216.0156,295908.9766,1056305.248,1417648.335,810885.4462,Reversión
2021-06-22,958342.142,928700.9419,972983.7866,8942966.085,1086645.228,798216.0156,295908.9766,1035469.313,1417648.335,810885.4462,Reversión
2021-06-23,957768.1669,928188.187,972387.8731,9106115.869,1086645.228,798216.0156,295908.9766,1021323.873,1417648.335,810885.4462,Reversión
2021-06-24,957168.5724,927279.0856,971859.7664,9221957.237,1086645.228,798216.0156,293424.7704,1021323.873,1417648.335,810885.4462,Reversión
2021-06-25,958008.7226,928552.9159,972599.748,9155133.835,1086645.228,798216.0156,296561.1088,1021323.873,1417648.335,810885.4462,Reversión
2021-06-28,956228.0323,925853.0449,971031.3641,9457154.991,1086645.228,798216.0156,289496.0345,1021323.873,1417648.335,810885.4462,Reversión
2021-06-29,957069.2372,927128.4742,971772.2746,9431092.793,1086645.228,798216.0156,292833.6024,1021323.873,1417648.335,810885.4462,Reversión
2021-06-30,957181.2565,927298.3172,971870.9382,9404602.943,1086645.228,798216.0156,293278.051,1021323.873,1417648.335,810885.4462,Reversión
2021-07-01,957369.3665,927583.5283,972036.6204,9459847.362,1086645.228,798216.0156,294024.3968,1021323.873,1417648.335,810885.4462,Reversión
2021-07-02,957260.7993,927422.0478,971940.2689,9553721.282,1086645.228,798216.0156,293613.4795,1021197.821,1417648.335,810885.4462,Reversión
2021-07-06,959266.998,930512.3168,973700.4388,9581249.145,1086645.228,798216.0156,301714.2059,1026618.986,1417648.335,806382.8167,Reversión
2021-07-07,961212.4723,933212.3203,975479.2765,9453229.762,1086645.228,801680.2408,307974.2401,1033145.624,1417648.335,804422.1974,Reversión
2021-07-08,962186.9506,933376.3504,976653.8033,9373469.802,1086645.228,814289.9691,304552.8151,1046939.379,1417648.335,813419.6348,Reversión
2021-07-09,961013.8751,932078.85,975511.3059,9433689.436,1086645.228,813968.176,302816.9397,1033345.035,1417648.335,810434.0902,Reversión
2021-07-12,957143.5959,926784.5854,971978.3031,9647417.081,1086645.228,814065.1008,290762.2984,1025536.145,1417648.335,801266.7509,Reversión
2021-07-13,959489.5821,929938.9388,974148.7485,9524469.292,1086645.228,822960.6943,297957.3523,1028585.521,1417648.335,798963.8671,Reversión
2021-07-14,961216.8226,932521.8298,975683.2834,9393145.035,1086645.228,822027.7154,304313.8156,1041296.699,1417648.335,793338.8601,Reversión
2021-07-15,962917.4357,934082.3258,977419.1851,9171201.418,1086645.228,831797.574,305479.4471,1050330.853,1417648.335,800873.2459,Reversión
2021-07-16,963670.0524,935205.1158,978091.5474,8942138.046,1086645.228,831797.574,308154.5263,1059735.906,1417648.335,795847.809,Reversión
2021-07-19,963690.5442,935093.5913,978143.6402,9056786.612,1086645.228,831797.574,307315.9549,1065469.932,1417648.335,795847.809,Reversión
2021-07-20,963154.0765,933617.3551,977810.3336,9093606.514,1086645.228,831797.574,301328.4515,1080363.32,1417648.335,799172.7852,Reversión
2021-07-21,965263.6173,935719.8178,979890.9655,9229269.136,1086645.228,831797.574,303512.9789,1094814.208,1417648.335,807654.7471,Reversión
2021-07-22,967161.9575,937725.7022,981743.2616,9267703.763,1086645.228,831797.574,306041.3033,1110498.385,1417648.335,813179.449,Reversión
2021-07-23,970589.4194,940961.3641,985162.9393,9299030.768,1086645.228,831797.574,308506.7301,1139807.472,1417648.335,827343.1424,Tendencia
2021-07-26,969436.059,938977.1203,984179.677,9318388.273,1086645.228,831797.574,302536.0212,1139807.472,1421686.416,827343.1424,Tendencia
2021-07-27,971372.8239,941525.1025,985939.2823,9221348.862,1086645.228,831797.574,307919.7301,1139807.472,1428347.706,827343.1424,Tendencia
2021-07-28,971233.7789,941251.6671,985825.4785,9319063.694,1086645.228,831797.574,306997.2824,1139807.472,1429421.257,827343.1424,Tendencia
2021-07-29,966814.2961,935361.6474,981820.7425,9422541.378,1086645.228,831797.574,294263.3772,1139807.472,1415520.636,827343.1424,Tendencia
2021-07-30,966568.8554,934456.4898,981678.3116,9352183.105,1086645.228,831797.574,290133.3603,1139807.472,1424659.263,827343.1424,Tendencia
2021-08-02,961802.8785,928687.5264,977203.461,9477496.443,1086645.228,825402.6171,279595.9071,1139807.472,1417997.973,827343.1424,Tendencia
2021-08-03,962442.9095,929165.8682,977929.3972,9495821.591,1086645.228,834014.6607,279595.9071,1139807.472,1406079.285,823283.4135,Tendencia
2021-08-04,963594.3252,930148.7981,979021.1086,9612027.238,1086645.228,831160.4624,279595.9071,1139807.472,1424053.71,826360.7208,Tendencia
2021-08-05,966066.2773,932232.8123,981477.9831,9728907.583,1086645.228,836430.3215,279595.9071,1139807.472,1444808.197,819509.271,Tendencia
2021-08-06,963487.7125,930110.907,978874.5179,9599962.853,1086645.228,828737.3918,279595.9071,1139807.472,1432861.998,822605.4968,Tendencia
2021-08-09,962581.8143,929403.2092,977962.1928,9639587.245,1086645.228,827976.8318,279595.9071,1139807.472,1431265.531,815519.6871,Tendencia
2021-08-10,960419.675,927625.1679,975789.5027,9538692.569,1086645.228,822726.7826,279595.9071,1139807.472,1419897.269,816078.3707,Tendencia
2021-08-11,958207.7583,925806.2947,973551.3833,9465053.064,1086645.228,815648.3347,279595.9071,1139807.472,1410428.407,819203.5585,Tendencia
2021-08-12,958004.91,925644.054,973375.541,9569378.649,1086645.228,818470.3231,279595.9071,1139807.472,1405803.967,813787.703,Tendencia
2021-08-13,958431.8863,926053.5599,973750.5885,9617693.694,1086645.228,816109.177,279595.9071,1139807.472,1420117.46,810630.0571,Tendencia
2021-08-16,958909.4148,926469.4757,974221.8861,9466884.001,1086645.228,817352.8843,279595.9071,1139807.472,1425622.666,807194.8742,Tendencia
2021-08-17,955325.115,922988.2696,970588.1602,9256596.072,1086645.228,803223.2836,276361.6394,1139807.472,1428347.706,809481.1929,Tendencia
2021-08-18,955820.1233,925255.101,970827.0008,9239734.665,1086645.228,793129.5884,286026.0494,1139807.472,1436495.419,809481.1929,Tendencia
2021-08-19,954946.7783,921983.4957,969750.529,9369084.379,1049450.359,790356.5418,279583.1158,1139807.472,1478946.858,809481.1929,Tendencia
2021-08-20,955571.6384,923019.8002,970327.0325,9626638.278,1049450.359,790356.5418,282401.8885,1139807.472,1478946.858,809481.1929,Tendencia
2021-08-23,957968.0245,926994.1069,972537.967,10002659.18,1049450.359,790356.5418,293212.0966,1139807.472,1478946.858,809481.1929,Tendencia
2021-08-24,958169.5625,927328.3493,972723.9084,9995847.3,1049450.359,790356.5418,294121.2439,1139807.472,1478946.858,809481.1929,Tendencia
2021-08-25,958418.9564,927741.9586,972954.0022,10090260.42,1049450.359,790356.5418,295246.2711,1139807.472,1478946.858,809481.1929,Tendencia
2021-08-26,957559.5058,926257.6493,972169.6785,10022294.42,1049450.359,790356.5418,291078.2866,1139807.472,1478946.858,810235.8026,Tendencia
2021-08-27,956582.0623,925778.7171,971100.9417,10225557.94,1049450.359,790356.5418,292306.5752,1139807.472,1478946.858,795614.7959,Tendencia
2021-08-30,955786.5589,925186.4124,970260.7393,10351116.73,1049450.359,790356.5418,292306.5752,1139807.472,1478946.858,786529.1152,Tendencia
2021-08-31,954016.139,923774.1785,968466.2507,10322660.65,1049450.359,778769.7624,292306.5752,1139807.472,1478946.858,787979.958,Tendencia
2021-09-01,952638.9258,922692.2024,967056.7569,10356330.64,1049450.359,771859.6543,292306.5752,1139807.472,1478946.858,785176.4723,Tendencia
2021-09-02,952940.2439,922883.102,967435.6638,10327112.47,1049450.359,771859.6543,292306.5752,1139807.472,1464776.14,795602.7258,Tendencia
2021-09-03,952508.9851,922549.3917,967001.8414,10434135.39,1049450.359,771859.6543,292306.5752,1139807.472,1459838.688,793156.133,Tendencia
2021-09-07,951222.053,921532.3438,965745.3047,10512265.97,1049450.359,771859.6543,292306.5752,1139807.472,1436527.642,790230.9659,Tendencia
2021-09-08,951530.0236,921943.5429,966046.9592,10442211.93,1049450.359,771859.6543,294897.1833,1139807.472,1429483.21,793418.5744,Tendencia
2021-09-09,952440.525,922650.7746,966915.0771,10388979.83,1049450.359,771859.6543,294517.6778,1139807.472,1449503.17,794229.4689,Tendencia
2021-09-10,954510.9557,924741.6067,968952.9153,10370201.58,1049450.359,771859.6543,301643.896,1139807.472,1446723.816,808638.9218,Tendencia
2021-09-13,954468.8272,924561.6805,968880.0533,10313154.26,1049450.359,771859.6543,299064.0409,1139807.472,1464527.829,803035.2152,Tendencia
2021-09-14,954495.428,924538.2127,968924.5695,10318951.15,1049450.359,771859.6543,298492.8786,1139807.472,1464527.829,804231.3409,Tendencia
2021-09-15,954532.6316,924234.512,969083.3022,10399418.13,1049450.359,771859.6543,294145.8406,1139807.472,1464527.829,811380.9495,Tendencia
2021-09-16,954474.5834,924156.6232,969032.1373,10386952.9,1049450.359,771859.6543,293701.1627,1139807.472,1464527.829,811380.9495,Tendencia
2021-09-17,954349.4822,923988.7631,968921.8705,10297465.43,1049450.359,771859.6543,292742.8265,1139807.472,1464527.829,811380.9495,Tendencia
2021-09-20,954308.411,924218.7571,968588.2274,9955034.382,1046504.526,771859.6543,303982.2587,1126978.545,1464527.829,813640.8568,Tendencia
2021-09-21,955345.7002,925242.8391,969807.4728,10014041.83,1053096.769,771859.6543,300451.7183,1132617.926,1464527.829,815479.7514,Tendencia
2021-09-22,952333.6881,922515.4181,966688.1458,10221859.14,1087545.784,771859.6543,295637.0147,1087406.139,1464527.829,822258.7815,Tendencia
2021-09-23,955256.0756,926208.6226,969866.698,10361517.89,1114361.25,771859.6543,294985.3433,1096118.867,1464527.829,822258.7815,Tendencia
2021-09-24,955726.0221,925869.3237,970584.9301,10371825.73,1094485.098,771859.6543,287031.0987,1118297.152,1464527.829,822258.7815,Tendencia
2021-09-27,953597.0948,922842.4162,968468.6861,10338614.12,1073617.494,771859.6543,280124.3737,1120261.579,1464527.829,822258.7815,Tendencia
2021-09-28,945355.9793,913189.3332,959468.7546,10009309.87,1025983.706,771859.6543,283200.7412,1079294.923,1464527.829,822258.7815,Tendencia
2021-09-29,941563.8488,909541.9629,955296.3468,9996504.476,1016962.446,771859.6543,281867.9732,1075999.891,1464527.829,805485.6888,Tendencia
2021-09-30,941772.7621,910240.8775,955438.1238,10025715.38,1026826.36,771859.6543,283939.9784,1075303.009,1464527.829,801032.1904,Tendencia
2021-10-01,942960.7526,910492.0908,956815.9732,10052253.61,1001680.011,769548.2895,284032.3872,1086772.513,1464527.829,812501.4877,Tendencia
2021-10-04,932369.0873,900695.5597,945090.5722,9788361.451,1001680.011,754438.2164,281657.1116,1056987.242,1486641.035,779791.888,Tendencia
2021-10-05,932482.9055,902202.9474,946011.2421,10010005.48,1025553.012,757376.0911,281983.4029,1069739.815,1396737.18,790334.3476,Tendencia
2021-10-06,934211.2589,904169.1834,948141.914,10094201.76,1038039.65,767019.0161,281233.6765,1071924.447,1370743.518,798492.3249,Tendencia
2021-10-07,935770.7002,905878.011,949820.4045,10211123.42,1056844.54,776523.3045,277464.1989,1057723.847,1385755.573,798492.3249,Tendencia
2021-10-08,935127.5556,905028.3649,949052.6571,10132334.73,1044608.738,773276.0353,280282.6398,1060390.345,1384035.669,798492.3249,Tendencia
2021-10-11,933472.3726,903017.3983,947268.1584,10097368.14,1037788.718,763325.0527,278043.8521,1045611.367,1395969.213,798492.3249,Tendencia
2021-10-12,933141.4494,902588.5868,947018.6961,10126721.77,1043152.725,763567.2363,273275.4609,1040213.832,1400428.345,798492.3249,Tendencia
2021-10-13,933168.8816,902551.7975,947156.0382,10224724.24,1043152.725,772255.5634,271432.3915,1042687.9,1390193.483,798492.3249,Tendencia
2021-10-14,933150.2535,902455.7985,947269.5852,10450087.32,1043152.725,775918.9578,268216.2225,1055506.946,1381614.939,798492.3249,Tendencia
2021-10-15,934039.9626,902786.8238,948309.2495,10579528.28,1043152.725,801586.5427,261608.2135,1043394.664,1393314.956,798492.3249,Tendencia
2021-10-18,931652.2159,900667.1689,946222.9896,10800990.65,1043152.725,781046.2076,253171.7953,1077386.224,1372760.343,798492.3249,Tendencia
2021-10-19,932389.1273,901516.0197,946957.2249,10803968.24,1043152.725,779071.1983,254689.5918,1092325.757,1370573.221,798492.3249,Tendencia
2021-10-20,935453.919,904181.1615,949964.376,10737487.81,1043152.725,786572.142,254252.1346,1109243.82,1397430.182,798492.3249,Tendencia
2021-10-21,933552.6427,902206.8924,948188.1907,11012450.79,1043152.725,782076.1798,248443.2454,1105718.629,1397430.182,798492.3249,Tendencia
2021-10-22,938533.7801,906754.6841,953391.3782,11022282.43,1043152.725,804490.7234,244203.9694,1161065.176,1397430.182,798492.3249,Tendencia
2021-10-25,934934.0019,902815.1045,950151.2361,11549182.22,1043152.725,807911.7317,229209.0552,1147989.721,1379031.724,798492.3249,Tendencia
2021-10-26,935728.7246,903949.1099,950936.0393,11842683.32,1043152.725,795359.0481,230321.4315,1197855.55,1385253.573,798492.3249,Tendencia
2021-10-27,934928.1152,902931.8895,950216.353,11879277.81,1042829.545,791658.6068,225960.655,1197855.55,1396678.294,798492.3249,Tendencia
2021-10-28,929744.3006,897604.2843,945208.2919,12161208.43,1022014.282,779470.9811,217546.1177,1197855.55,1373971.582,798492.3249,Tendencia
2021-10-29,928245.5363,895439.7287,943950.986,12452125.78,996449.4682,796179.328,210116.2638,1197855.55,1340798.953,798492.3249,Tendencia
2021-11-01,929260.5279,895591.8952,945119.3825,12816404.91,986147.7892,808421.0109,203624.7035,1197855.55,1358651.987,798492.3249,Tendencia
2021-11-02,929048.1017,895001.3189,944835.2532,12799174.54,967332.2554,809628.9758,203624.7035,1197855.55,1365377.38,798492.3249,Tendencia
2021-11-03,925693.0629,892205.8294,941483.2206,13038836.82,968732.8282,793571.9285,203624.7035,1197855.55,1344771.969,798492.3249,Tendencia
2021-11-04,921403.568,886721.5539,936737.1488,13767319.84,887720.1077,772613.215,203624.7035,1197855.55,1383546.157,798492.3249,Tendencia
2021-11-05,922666.0059,887892.2631,937922.719,13716162.26,899388.0603,763464.4496,203624.7035,1197855.55,1427759.08,798492.3249,Tendencia
2021-11-08,920964.8895,885769.7041,936153.805,13713538.77,868490.0952,763464.4496,203624.7035,1197855.55,1417265.577,798492.3249,Tendencia
2021-11-09,921129.8781,886009.3965,936331.1094,13194028.74,866451.3109,763464.4496,203624.7035,1197855.55,1417265.577,798492.3249,Tendencia
2021-11-10,922474.4094,887962.7075,937776.0059,13046482.27,897064.5857,763464.4496,203624.7035,1197855.55,1417265.577,798492.3249,Tendencia
2021-11-11,921429.5305,886444.7262,936653.13,13235633.18,873274.0168,763464.4496,203624.7035,1197855.55,1417265.577,798492.3249,Tendencia
2021-11-12,921429.5305,886444.7262,936653.13,13210227.89,873274.0168,763464.4496,203624.7035,1197855.55,1417265.577,798492.3249,Tendencia
2021-11-15,921839.1811,887039.8591,937093.3597,13071355.53,882601.2404,763464.4496,203624.7035,1197855.55,1417265.577,798492.3249,Tendencia
2021-11-16,921759.7422,886875.7241,937012.9937,13261041.6,878052.6719,763464.4496,203624.7035,1199387.257,1417265.577,798492.3249,Tendencia
2021-11-17,923415.6089,889038.9247,938817.3532,13198371.51,902124.3381,763464.4496,203624.7035,1206974.894,1417265.577,798492.3249,Tendencia
2021-11-18,921274.9146,885698.7217,936540.5007,13751653.29,840339.0847,763464.4496,203624.7035,1214195.031,1417265.577,798492.3249,Tendencia
2021-11-19,917997.781,881669.4394,932943.6205,14168585.78,807039.5789,763464.4496,203624.7035,1191250.288,1417265.577,798492.3249,Tendencia
2021-11-22,918526.3803,881962.5121,933560.4309,13954266.32,792451.5426,763464.4496,203624.7035,1205329.735,1417265.577,798492.3249,Tendencia
2021-11-23,919554.2034,883039.5106,934707.7079,13720829.26,792451.5426,763464.4496,203624.7035,1218021.343,1417265.577,798492.3249,Tendencia
2021-11-24,918512.7197,881948.1978,933545.1827,13952187.75,792451.5426,763464.4496,203624.7035,1205161.053,1417265.577,798492.3249,Tendencia
2021-11-26,920683.1841,884222.5067,935967.8992,13546637.63,792451.5426,763464.4496,203624.7035,1231962.05,1417265.577,798492.3249,Tendencia
2021-11-29,920508.8307,883735.2385,935783.5395,14170369.23,792451.5426,763464.4496,203624.7035,1215388.676,1417265.577,805971.6268,Tendencia
2021-11-30,920110.8965,884360.3356,935316.3897,13969519.65,803225.9374,763464.4496,203624.7035,1244021.572,1417265.577,785851.399,Tendencia
2021-12-01,920543.383,885614.5581,935805.387,13452320.01,832604.1913,763464.4496,203624.7035,1244021.572,1417265.577,781166.1855,Tendencia
2021-12-02,919091.2122,883908.5966,934199.8166,13561189.63,816167.6827,763464.4496,203624.7035,1238438.726,1414051.127,778308.7638,Tendencia
2021-12-03,918384.4449,884325.5661,933732.4775,12965432.64,850253.8332,763464.4496,203624.7035,1224274.282,1381158.259,778308.7638,Tendencia
2021-12-06,921754.1707,887878.8343,937303.5187,12856498.91,865857.8933,763464.4496,203624.7035,1268283.583,1405380.648,778308.7638,Tendencia
2021-12-07,924399.0702,890544.55,939998.6794,13577253.52,881983.7506,763464.4496,203624.7035,1287993.751,1434947.515,778308.7638,Tendencia
2021-12-08,925201.6207,891011.1917,940856.0772,13536683.43,865637.2068,763464.4496,203624.7035,1318915.963,1440681.983,778308.7638,Tendencia
2021-12-09,921921.0531,887408.0932,937550.7409,12981639.2,829299.2411,763464.4496,203624.7035,1315963.316,1401504.089,778308.7638,Tendencia
2021-12-10,921687.0701,886985.0716,937270.0395,12962361.68,821357.1378,763464.4496,203624.7035,1315683.897,1403018.033,778308.7638,Tendencia
2021-12-13,919573.5619,883927.0548,935053.1374,12329443.7,765952.6329,763464.4496,203624.7035,1334596.129,1386732.163,778308.7638,Tendencia
2021-12-14,918978.578,883257.1231,934204.8576,12314815.07,743648.6205,763464.4496,206277.9307,1331603.899,1371661.945,778308.7638,Tendencia
2021-12-15,926557.7043,893857.0598,942195.1337,12873533.5,796567.4373,763464.4496,210039.7426,1363204.067,1387833.188,778308.7638,Tendencia
2021-12-16,915633.7796,879450.0429,931433.7438,12201630.63,742380.1127,763464.4496,199479.5466,1336232.077,1355765.98,778308.7638,Tendencia
2021-12-17,914718.0906,877823.9276,930236.9408,12087114.81,727055.1172,763464.4496,200695.464,1331803.414,1355331.286,778308.7638,Tendencia
2021-12-20,910558.1926,872845.8912,926393.8944,11931639.12,724910.6598,763464.4496,193673.276,1298527.1,1355331.286,778308.7638,Tendencia
2021-12-21,917914.6019,882899.0624,933721.1078,12409878.4,760372.7555,763464.4496,201978.0951,1333439.238,1355331.286,778308.7638,Tendencia
2021-12-22,923989.5047,890710.7693,938709.8285,12759618.02,768872.287,763464.4496,217115.7586,1318476.858,1355331.286,778308.7638,Tendencia
2021-12-23,930112.2094,898313.4312,944088.6536,13032787.73,775148.7122,763464.4496,229625.7218,1337588.728,1355331.286,778308.7638,Tendencia
2021-12-27,936171.3085,906683.0234,950432.8721,13414698.12,809277.2348,763464.4496,234054.372,1381526.939,1355331.286,778308.7638,Tendencia
2021-12-28,934877.4761,904527.8954,948956.4313,13262149.07,792984.6586,763464.4496,234054.372,1381434.255,1355331.286,778308.7638,Tendencia
2021-12-29,935199.872,904374.3287,949228.5967,13174256.18,784589.6749,763464.4496,234054.372,1394462.178,1355331.286,778308.7638,Tendencia
2021-12-30,933916.0513,902530.4878,947804.4214,13030061.93,773736.5404,763464.4496,234054.372,1388819.22,1355331.286,778308.7638,Tendencia
2021-12-31,935961.1684,904255.3371,949905.055,12900766.52,769160.0314,763464.4496,234054.372,1420652.359,1355331.286,778308.7638,Tendencia
2022-01-03,936769.7341,906067.1454,950892.1991,13588672.3,787728.0128,763464.4496,234054.372,1411948.787,1355331.286,778308.7638,Tendencia
2022-01-04,934635.5007,903817.8313,948572.5132,13202474.06,765995.5942,763464.4496,241614.8375,1419936.918,1333873.151,778308.7638,Tendencia
2022-01-05,931312.7352,900245.0871,945160.7937,12527507.82,721903.1195,763464.4496,253694.4927,1469057.817,1280707.581,778308.7638,Reversión
2022-01-06,931091.0792,901099.9906,944922.8562,12546106.43,736914.4715,763464.4496,258296.8324,1436112.028,1280707.581,781586.9197,Reversión
2022-01-07,930033.7331,899306.1278,943370.8488,12188771.81,712566.7046,763464.4496,265713.2293,1438774.453,1280707.581,777441.9165,Reversión
2022-01-10,931601.8401,900442.4321,945295.0426,12328801.92,716568.0753,763464.4496,259589.8861,1453558.476,1280707.581,786818.4304,Reversión
2022-01-11,931074.8393,900328.745,944908.429,12474289.88,727473.5089,763464.4496,258355.79,1428521.351,1280707.581,792869.8694,Reversión
2022-01-12,931623.9709,900377.1961,945841.543,12664976.08,732233.2144,763464.4496,250137.6102,1432932.4,1280707.581,802484.3819,Reversión
2022-01-13,931123.9754,899140.1503,944463.4308,12025314.43,694992.6037,763464.4496,264809.2738,1459877.571,1280707.581,786350.2122,Reversión
2022-01-14,929565.164,896698.8011,942834.1115,12194670.97,686940.898,763464.4496,261262.2146,1438337.327,1299100.995,791420.0272,Reversión
2022-01-18,930667.854,898718.6794,943903.7873,11833437.61,686940.898,763464.4496,265015.6162,1492982.414,1262304.417,771660.2034,Reversión
2022-01-19,929479.6133,896869.2209,942236.4332,11525251.5,659459.689,763464.4496,271866.0604,1487259.622,1274808.76,766658.3879,Reversión
2022-01-20,926273.5936,892782.104,938966.3794,11290065.08,636121.4267,763464.4496,264936.0938,1499301.509,1256002.753,756394.2084,Reversión
2022-01-21,915183.464,883592.5891,928779.208,10689352.77,631732.672,763464.4496,251009.4454,1516805.623,988317.7361,746619.889,Reversión
2022-01-24,912752.9524,878465.5521,926110.0874,10642950.37,583824.9489,763464.4496,240300.276,1570200.346,995414.3879,746619.889,Reversión
2022-01-25,909358.3698,874884.628,922798.9482,10298462.01,577354.599,763464.4496,240300.276,1526661.702,942114.74,746619.889,Reversión
2022-01-26,908183.9702,874473.3255,921679.8067,10446102.2,588940.9702,763464.4496,240300.276,1498584.917,924836.7973,734961.8867,Reversión
2022-01-27,908666.9762,874315.348,921847.3884,9920516.696,567526.7995,763464.4496,240300.276,1498635.691,994257.3268,733665.2581,Reversión
2022-01-28,912887.823,878756.6483,926362.028,10218169.16,590699.6906,763464.4496,240300.276,1534596.04,988240.9424,758381.535,Reversión
2022-01-31,922087.2722,889366.6997,935630.7412,11010838.8,633269.3342,763464.4496,240300.276,1593343.301,1098234.036,769485.3576,Reversión
2022-02-01,925549.5529,892688.7898,939076.0853,11095135.58,637200.3351,763464.4496,240300.276,1622538.675,1144344.418,782796.1909,Reversión
2022-02-02,932275.375,899240.0242,946289.459,11132714.49,666263.7789,763464.4496,240300.276,1642884.217,1144344.418,841691.742,Reversión
2022-02-03,919731.6285,888943.2005,933556.4287,10556244.68,666263.7789,763464.4496,240300.276,1242814.815,1144344.418,813768.103,Reversión
2022-02-04,919808.1711,888996.0854,933638.7889,10854598.17,666263.7789,763464.4496,240300.276,1242814.815,1144344.418,814922.5501,Reversión
2022-02-07,918265.2146,887930.0234,931978.5605,10832135.39,666263.7789,763464.4496,240300.276,1242814.815,1144344.418,791651.0404,Reversión
2022-02-08,918339.8637,887981.6,932058.8832,10977780.88,666263.7789,763464.4496,240300.276,1242814.815,1144344.418,792776.9286,Reversión
2022-02-09,919166.7886,888552.9403,932948.6582,11385988.13,666263.7789,763464.4496,240300.276,1242814.815,1144344.418,805248.9524,Reversión
2022-02-10,918324.0354,888146.2262,932051.9308,11062582.71,669809.3623,763464.4496,240300.276,1242814.815,1144344.418,788346.7881,Crisis
2022-02-11,919015.9531,889604.3387,932882.1,10426941.74,717806.5209,763464.4496,240300.276,1242814.815,1144344.418,763679.0439,Crisis
2022-02-14,918954.2293,889374.2289,932796.0879,10570556.38,709666.2009,763464.4496,240300.276,1242814.815,1144344.418,770750.7992,Crisis
2022-02-15,917221.1997,886948.4259,930853.2232,11235658.33,652632.8667,763464.4496,240300.276,1242814.815,1144344.418,776907.2665,Crisis
2022-02-16,917399.966,887050.6199,931036.314,11234244.75,652336.2372,763464.4496,240300.276,1242814.815,1144344.418,783330.7512,Crisis
2022-02-17,918238.4968,888781.9709,932041.6179,10575544.15,702602.8776,763464.4496,240300.276,1242814.815,1144344.418,753763.4836,Crisis
2022-02-18,918664.7557,889601.6332,932545.581,10310278.75,725637.3926,763464.4496,240300.276,1242814.815,1144344.418,741615.7703,Crisis
2022-02-22,918564.2726,889538.7749,932442.0335,10085386.3,725637.3926,763464.4496,240300.276,1242814.815,1144344.418,738263.4233,Crisis
2022-02-23,918184.8988,889301.4533,932051.09,9608706.378,725637.3926,763464.4496,240300.276,1242814.815,1144344.418,725606.6424,Crisis
2022-02-24,919054.7773,889845.6157,932947.497,10129493.72,725637.3926,763464.4496,240300.276,1242814.815,1144344.418,754627.7859,Crisis
2022-02-25,919356.2502,890034.2056,933258.1639,10273453.11,725637.3926,763464.4496,240300.276,1242814.815,1144344.418,764685.6153,Crisis
2022-02-28,919458.1014,890097.9197,933363.1212,10551148.11,725637.3926,763464.4496,240300.276,1242814.815,1144344.418,768083.604,Crisis
2022-03-01,919288.4011,889991.7618,933188.2456,10299873.72,725637.3926,763464.4496,240300.276,1242814.815,1144344.418,762422.0124,Crisis
2022-03-02,919375.3427,890046.1491,933277.8387,10516256.81,725637.3926,763464.4496,240300.276,1242814.815,1144344.418,765322.5849,Crisis
2022-03-03,919260.7877,889974.4879,933159.7901,10211813.73,725637.3926,763464.4496,240300.276,1242814.815,1144344.418,761500.7674,Crisis
2022-03-04,918921.0484,889761.9601,932809.6898,10012872.56,725637.3926,763464.4496,240300.276,1242814.815,1144344.418,750166.2831,Crisis
2022-03-07,917978.7217,889172.4768,931838.6251,9457865.093,725637.3926,763464.4496,240300.276,1242814.815,1144344.418,718728.0981,Crisis
2022-03-08,918102.4776,889249.8937,931966.1552,9551713.468,725637.3926,763464.4496,240300.276,1242814.815,1144344.418,722856.8804,Crisis
2022-03-09,919179.0505,889923.3563,933075.5602,10071918.56,725637.3926,763464.4496,240300.276,1242814.815,1144344.418,758773.8263,Crisis
2022-03-10,919010.2062,889817.7338,932901.5667,9948499.916,725637.3926,763464.4496,240300.276,1242814.815,1144344.418,753140.7935,Crisis
2022-03-11,918573.983,889544.8493,932452.04,9620432.014,725637.3926,763464.4496,240300.276,1242814.815,1144344.418,738587.3834,Crisis
2022-03-14,917905.8454,889126.8882,931763.5263,9303241.268,725637.3926,763464.4496,240300.276,1242814.815,1144344.418,716296.7771,Crisis
2022-03-15,918459.3519,889473.1405,932333.913,9843668.541,725637.3926,763464.4496,240300.276,1242814.815,1144344.418,734763.0254,Crisis
2022-03-16,919155.2761,889908.4839,933051.0608,10386070.71,725637.3926,763464.4496,240300.276,1242814.815,1144344.418,757980.6585,Crisis
2022-03-17,919250.4734,889968.0357,933149.1613,10608612.35,725637.3926,763464.4496,240300.276,1242814.815,1144344.418,761156.6584,Crisis
2022-03-18,919640.2429,890211.8605,933550.8175,11139776.13,725637.3926,763464.4496,240300.276,1242814.815,1144344.418,774160.264,Crisis
2022-03-21,919319.0551,889773.0305,933194.3057,11239789.6,718525.0601,763464.4496,240300.276,1242814.815,1144344.418,774023.8644,Crisis
2022-03-22,920217.0913,890526.8618,934140.3377,11518961,724160.0632,763464.4496,240300.276,1242814.815,1144344.418,795444.2114,Crisis
2022-03-23,920307.3609,890950.6248,934415.1832,11321565.48,748092.5151,763464.4496,235305.2782,1242814.815,1144344.418,787829.9077,Crisis
2022-03-24,916683.8634,886058.5266,930502.8739,11923035.35,680436.1964,763464.4496,231720.4929,1242814.815,1144344.418,787829.9077,Crisis
2022-03-25,917365.4146,886975.5809,931234.9627,11823435.91,692239.8384,763464.4496,232476.3413,1242814.815,1144344.418,787829.9077,Crisis
2022-03-28,914626.4928,883558.3774,928619.2497,12261492.36,679248.0002,763464.4496,219619.5717,1242814.815,1144344.418,787829.9077,Crisis
2022-03-29,914093.7921,882825.4756,928027.4169,12416626.8,668370.6423,763464.4496,219619.5717,1242814.815,1144344.418,787829.9077,Crisis
2022-03-30,915271.3335,884445.5638,929335.6705,12159747.49,690840.36,763464.4496,219619.5717,1242814.815,1144344.418,787829.9077,Crisis
2022-03-31,915763.8092,885123.123,929882.8132,11967274.35,700237.7278,763464.4496,219619.5717,1242814.815,1144344.418,787829.9077,Crisis
2022-04-01,916463.5129,886085.7911,930660.187,11884367.26,713589.3967,763464.4496,219619.5717,1242814.815,1144344.418,787829.9077,Crisis
2022-04-04,915673.6028,884999.015,929782.5935,12320711.67,698516.4192,763464.4496,219619.5717,1242814.815,1144344.418,787829.9077,Crisis
2022-04-05,917415.5395,887395.6108,931717.8927,11773417.47,731755.8651,763464.4496,219619.5717,1242814.815,1144344.418,787829.9077,Crisis
2022-04-06,919273.2814,889951.5341,933781.852,11214846.16,767205.0936,763464.4496,219619.5717,1242814.815,1144344.418,787829.9077,Crisis
2022-04-07,919515.8551,890285.2725,934051.3524,11198243.33,771833.8587,763464.4496,219619.5717,1242814.815,1144344.418,787829.9077,Crisis
2022-04-08,920843.3382,892111.6538,935526.1919,10817599.95,797164.7469,763464.4496,219619.5717,1242814.815,1144344.418,787829.9077,Crisis
2022-04-11,922308.5647,894127.5456,937154.0649,10329094.03,825124.0399,763464.4496,219619.5717,1242814.815,1144344.418,787829.9077,Crisis
2022-04-12,922812.006,894820.1915,937713.3904,10268122.53,834730.6519,763464.4496,219619.5717,1242814.815,1144344.418,787829.9077,Crisis
2022-04-13,921959.935,893647.893,936766.7359,10587612.63,818471.5266,763464.4496,219619.5717,1242814.815,1144344.418,787829.9077,Crisis
2022-04-14,923111.8753,895232.7585,938046.5465,10199698.62,840452.7257,763464.4496,219619.5717,1242814.815,1144344.418,787829.9077,Crisis
2022-04-18,922471.9069,894352.2755,937335.5389,10384766.13,828240.9187,763464.4496,219619.5717,1242814.815,1144344.418,787829.9077,Crisis
2022-04-19,921966.0283,893656.2763,936773.5055,10622593.96,818587.7981,763464.4496,219619.5717,1242814.815,1144344.418,787829.9077,Crisis
2022-04-20,922838.8235,894857.0876,937743.1847,10045772.37,835242.3803,763464.4496,219619.5717,1242814.815,1144344.418,787829.9077,Crisis
2022-04-21,924135.9387,896641.688,939184.2853,9818183.552,859993.7912,763464.4496,219619.5717,1242814.815,1144344.418,787829.9077,Crisis
2022-04-22,924135.9387,896641.688,939184.2853,9613141.976,859993.7912,763464.4496,219619.5717,1242814.815,1144344.418,787829.9077,Crisis
2022-04-25,924135.9387,896641.688,939184.2853,9687289.03,859993.7912,763464.4496,219619.5717,1242814.815,1144344.418,787829.9077,Crisis
2022-04-26,924135.9387,896641.688,939184.2853,8929294.749,859993.7912,763464.4496,219619.5717,1242814.815,1144344.418,787829.9077,Crisis
2022-04-27,924135.9387,896641.688,939184.2853,8821122.63,859993.7912,763464.4496,219619.5717,1242814.815,1144344.418,787829.9077,Crisis
2022-04-28,924135.9387,896641.688,939184.2853,9206629.495,859993.7912,763464.4496,219619.5717,1242814.815,1144344.418,787829.9077,Crisis
2022-04-29,924135.9387,896641.688,939184.2853,8780621.986,859993.7912,763464.4496,219619.5717,1242814.815,1144344.418,787829.9077,Crisis
2022-05-02,924135.9387,896641.688,939184.2853,9145465.721,859993.7912,763464.4496,219619.5717,1242814.815,1144344.418,787829.9077,Crisis
2022-05-03,924135.9387,896641.688,939184.2853,9186995.502,859993.7912,763464.4496,219619.5717,1242814.815,1144344.418,787829.9077,Crisis
2022-05-04,924135.9387,896641.688,939184.2853,9552395.314,859993.7912,763464.4496,219619.5717,1242814.815,1144344.418,787829.9077,Crisis
2022-05-05,924135.9387,896641.688,939184.2853,8830705.321,859993.7912,763464.4496,219619.5717,1242814.815,1144344.418,787829.9077,Crisis
2022-05-06,924135.9387,896641.688,939184.2853,8737650.735,859993.7912,763464.4496,219619.5717,1242814.815,1144344.418,787829.9077,Crisis
2022-05-09,924135.9387,896641.688,939184.2853,8023583.694,859993.7912,763464.4496,219619.5717,1242814.815,1144344.418,787829.9077,Crisis
2022-05-10,924135.9387,896641.688,939184.2853,8222122.262,859993.7912,763464.4496,219619.5717,1242814.815,1144344.418,787829.9077,Crisis
2022-05-11,924135.9387,896641.688,939184.2853,7727150.33,859993.7912,763464.4496,219619.5717,1242814.815,1144344.418,787829.9077,Crisis
2022-05-12,924135.9387,896641.688,939184.2853,7631834.189,859993.7912,763464.4496,219619.5717,1242814.815,1144344.418,787829.9077,Crisis
2022-05-13,924135.9387,896641.688,939184.2853,8178508.541,859993.7912,763464.4496,219619.5717,1242814.815,1144344.418,787829.9077,Crisis
2022-05-16,924135.9387,896641.688,939184.2853,7902991.933,859993.7912,763464.4496,219619.5717,1242814.815,1144344.418,787829.9077,Crisis
2022-05-17,924135.9387,896641.688,939184.2853,8271072.144,859993.7912,763464.4496,219619.5717,1242814.815,1144344.418,787829.9077,Crisis
2022-05-18,924135.9387,896641.688,939184.2853,7725332.973,859993.7912,763464.4496,219619.5717,1242814.815,1144344.418,787829.9077,Crisis
2022-05-19,924135.9387,896641.688,939184.2853,7764719.725,859993.7912,763464.4496,219619.5717,1242814.815,1144344.418,787829.9077,Crisis
2022-05-20,924135.9387,896641.688,939184.2853,7511465.21,859993.7912,763464.4496,219619.5717,1242814.815,1144344.418,787829.9077,Crisis
2022-05-23,924135.9387,896641.688,939184.2853,7611109.353,859993.7912,763464.4496,219619.5717,1242814.815,1144344.418,787829.9077,Crisis
2022-05-24,924135.9387,896641.688,939184.2853,7208856.083,859993.7912,763464.4496,219619.5717,1242814.815,1144344.418,787829.9077,Crisis
2022-05-25,924135.9387,896641.688,939184.2853,7519557.517,859993.7912,763464.4496,219619.5717,1242814.815,1144344.418,787829.9077,Crisis
2022-05-26,924135.9387,896641.688,939184.2853,7929209.177,859993.7912,763464.4496,219619.5717,1242814.815,1144344.418,787829.9077,Crisis
2022-05-27,924135.9387,896641.688,939184.2853,8370354.973,859993.7912,763464.4496,219619.5717,1242814.815,1144344.418,787829.9077,Crisis
2022-05-31,924135.9387,896641.688,939184.2853,8369943.463,859993.7912,763464.4496,219619.5717,1242814.815,1144344.418,787829.9077,Crisis
2022-06-01,924135.9387,896641.688,939184.2853,8224695.461,859993.7912,763464.4496,219619.5717,1242814.815,1144344.418,787829.9077,Crisis
2022-06-02,924135.9387,896641.688,939184.2853,8685601.768,859993.7912,763464.4496,219619.5717,1242814.815,1144344.418,787829.9077,Crisis
2022-06-03,924135.9387,896641.688,939184.2853,8190801.703,859993.7912,763464.4496,219619.5717,1242814.815,1144344.418,787829.9077,Crisis
2022-06-06,924135.9387,896641.688,939184.2853,8271275.886,859993.7912,763464.4496,219619.5717,1242814.815,1144344.418,787829.9077,Crisis
2022-06-07,924135.9387,896641.688,939184.2853,8303586.252,859993.7912,763464.4496,219619.5717,1242814.815,1144344.418,787829.9077,Crisis
2022-06-08,924135.9387,896641.688,939184.2853,8278639.576,859993.7912,763464.4496,219619.5717,1242814.815,1144344.418,787829.9077,Crisis
2022-06-09,924135.9387,896641.688,939184.2853,8059079.69,859993.7912,763464.4496,219619.5717,1242814.815,1144344.418,787829.9077,Crisis
2022-06-10,924135.9387,896641.688,939184.2853,7676810.166,859993.7912,763464.4496,219619.5717,1242814.815,1144344.418,787829.9077,Crisis
2022-06-13,924135.9387,896641.688,939184.2853,7130903.316,859993.7912,763464.4496,219619.5717,1242814.815,1144344.418,787829.9077,Crisis
2022-06-14,924135.9387,896641.688,939184.2853,7217104.161,859993.7912,763464.4496,219619.5717,1242814.815,1144344.418,787829.9077,Crisis
2022-06-15,924135.9387,896641.688,939184.2853,7562349.089,859993.7912,763464.4496,219619.5717,1242814.815,1144344.418,787829.9077,Crisis
2022-06-16,924135.9387,896641.688,939184.2853,7090731.655,859993.7912,763464.4496,219619.5717,1242814.815,1144344.418,787829.9077,Crisis
2022-06-17,924135.9387,896641.688,939184.2853,7214654.093,859993.7912,763464.4496,219619.5717,1242814.815,1144344.418,787829.9077,Crisis
2022-06-21,924135.9387,896641.688,939184.2853,7594121.057,859993.7912,763464.4496,219619.5717,1242814.815,1144344.418,787829.9077,Crisis
2022-06-22,924135.9387,896641.688,939184.2853,7552310.304,859993.7912,763464.4496,219619.5717,1242814.815,1144344.418,787829.9077,Crisis
2022-06-23,924135.9387,896641.688,939184.2853,7543396.731,859993.7912,763464.4496,219619.5717,1242814.815,1144344.418,787829.9077,Crisis
2022-06-24,924135.9387,896641.688,939184.2853,7924772.151,859993.7912,763464.4496,219619.5717,1242814.815,1144344.418,787829.9077,Crisis
2022-06-27,924135.9387,896641.688,939184.2853,7833331.41,859993.7912,763464.4496,219619.5717,1242814.815,1144344.418,787829.9077,Crisis
2022-06-28,924135.9387,896641.688,939184.2853,7439628.517,859993.7912,763464.4496,219619.5717,1242814.815,1144344.418,787829.9077,Crisis
2022-06-29,924135.9387,896641.688,939184.2853,7312587.094,859993.7912,763464.4496,219619.5717,1242814.815,1144344.418,787829.9077,Crisis
2022-06-30,924135.9387,896641.688,939184.2853,7153663.641,859993.7912,763464.4496,219619.5717,1242814.815,1144344.418,787829.9077,Crisis
2022-07-01,924135.9387,896641.688,939184.2853,7074984.648,859993.7912,763464.4496,219619.5717,1242814.815,1144344.418,787829.9077,Crisis
2022-07-05,924135.9387,896641.688,939184.2853,7292241.341,859993.7912,763464.4496,219619.5717,1242814.815,1144344.418,787829.9077,Crisis
2022-07-06,924135.9387,896641.688,939184.2853,7321617.593,859993.7912,763464.4496,219619.5717,1242814.815,1144344.418,787829.9077,Crisis
2022-07-07,924135.9387,896641.688,939184.2853,7653728.938,859993.7912,763464.4496,219619.5717,1242814.815,1144344.418,787829.9077,Crisis
2022-07-08,924135.9387,896641.688,939184.2853,7711056.786,859993.7912,763464.4496,219619.5717,1242814.815,1144344.418,787829.9077,Crisis
2022-07-11,924135.9387,896641.688,939184.2853,7325212.214,859993.7912,763464.4496,219619.5717,1242814.815,1144344.418,787829.9077,Crisis
2022-07-12,924135.9387,896641.688,939184.2853,7272743.614,859993.7912,763464.4496,219619.5717,1242814.815,1144344.418,787829.9077,Crisis
2022-07-13,924135.9387,896641.688,939184.2853,7331464.774,859993.7912,763464.4496,219619.5717,1242814.815,1144344.418,787829.9077,Crisis
2022-07-14,924135.9387,896641.688,939184.2853,7373886.638,859993.7912,763464.4496,219619.5717,1242814.815,1144344.418,787829.9077,Crisis
2022-07-15,924135.9387,896641.688,939184.2853,7527326.232,859993.7912,763464.4496,219619.5717,1242814.815,1144344.418,787829.9077,Crisis
2022-07-18,924135.9387,896641.688,939184.2853,7598588.672,859993.7912,763464.4496,219619.5717,1242814.815,1144344.418,787829.9077,Crisis
2022-07-19,924135.9387,896641.688,939184.2853,7911337.534,859993.7912,763464.4496,219619.5717,1242814.815,1144344.418,787829.9077,Crisis
2022-07-20,924135.9387,896641.688,939184.2853,8159451.027,859993.7912,763464.4496,219619.5717,1242814.815,1144344.418,787829.9077,Crisis
2022-07-21,923737.0983,896172.6335,938749.2093,8499498.785,850996.1282,763464.4496,219619.5717,1242814.815,1144344.418,787829.9077,Crisis
2022-07-22,925293.2359,898002.7228,940446.7263,8287292.207,886076.2596,763464.4496,219619.5717,1242814.815,1144344.418,787829.9077,Crisis
2022-07-25,925921.2361,898741.2799,941131.7821,8168884.435,900230.9818,763464.4496,219619.5717,1242814.815,1144344.418,787829.9077,Crisis
2022-07-26,926916.0945,899911.279,942217.0261,7899352.543,922654.4493,763464.4496,219619.5717,1242814.815,1144344.418,787829.9077,Crisis
2022-07-27,926916.0945,899911.279,942217.0261,8438051.712,922654.4493,763464.4496,219619.5717,1242814.815,1144344.418,787829.9077,Crisis
2022-07-28,926916.0945,899911.279,942217.0261,8541559.216,922654.4493,763464.4496,219619.5717,1242814.815,1144344.418,787829.9077,Crisis
2022-07-29,926916.0945,899911.279,942217.0261,8827835.631,922654.4493,763464.4496,219619.5717,1242814.815,1144344.418,787829.9077,Crisis
2022-08-01,927417.1563,900451.7576,942714.4021,8885887.643,922654.4493,763464.4496,222257.602,1242814.815,1144344.418,787829.9077,Crisis
2022-08-02,926959.4338,899958.0278,942260.0466,8928006.573,922654.4493,763464.4496,219847.7483,1242814.815,1144344.418,787829.9077,Crisis
2022-08-03,926017.7144,898942.2268,941325.2545,9141317.31,922654.4493,763464.4496,214925.5792,1242814.815,1144344.418,787829.9077,Crisis
2022-08-04,925846.7025,898757.7621,941155.5007,9245314.783,922654.4493,763464.4496,213971.6246,1242814.815,1144344.418,787829.9077,Crisis
2022-08-05,928676.4692,901810.1359,943964.4514,8950340.757,922654.4493,763464.4496,227944.2956,1242814.815,1144344.418,787829.9077,Crisis
2022-08-08,928364.8683,901474.0225,943655.1426,8735404.219,922654.4493,763464.4496,226405.6894,1242814.815,1144344.418,787829.9077,Crisis
2022-08-09,929345.3074,902531.589,944628.3695,8491950.525,922654.4493,763464.4496,231246.8489,1242814.815,1144344.418,787829.9077,Crisis
2022-08-10,927820.9499,900887.3161,943115.2253,8898029.008,922654.4493,763464.4496,223719.9581,1242814.815,1144344.418,787829.9077,Crisis
2022-08-11,928889.4291,902039.8484,944175.8447,8762978.195,922654.4493,763464.4496,228995.8373,1242814.815,1144344.418,787829.9077,Crisis
2022-08-12,928454.05,901570.2197,943743.6682,9111414.384,922654.4493,763464.4496,226846.0456,1242814.815,1144344.418,787829.9077,Crisis
2022-08-15,928454.05,901570.2197,943743.6682,9280802.405,922654.4493,763464.4496,226846.0456,1242814.815,1144344.418,787829.9077,Crisis
2022-08-16,928454.05,901570.2197,943743.6682,9217913.323,922654.4493,763464.4496,226846.0456,1242814.815,1144344.418,787829.9077,Crisis
2022-08-17,928454.05,901570.2197,943743.6682,9039735.437,922654.4493,763464.4496,226846.0456,1242814.815,1144344.418,787829.9077,Crisis
2022-08-18,928454.05,901570.2197,943743.6682,9127278.735,922654.4493,763464.4496,226846.0456,1242814.815,1144344.418,787829.9077,Crisis
2022-08-19,928454.05,901570.2197,943743.6682,8817231.028,922654.4493,763464.4496,226846.0456,1242814.815,1144344.418,787829.9077,Crisis
2022-08-22,928454.05,901570.2197,943743.6682,8505659.277,922654.4493,763464.4496,226846.0456,1242814.815,1144344.418,787829.9077,Crisis
2022-08-23,928454.05,901570.2197,943743.6682,8602434.19,922654.4493,763464.4496,226846.0456,1242814.815,1144344.418,787829.9077,Crisis
2022-08-24,928454.05,901570.2197,943743.6682,8629290.943,922654.4493,763464.4496,226846.0456,1242814.815,1144344.418,787829.9077,Crisis
2022-08-25,928454.05,901570.2197,943743.6682,8807047.9,922654.4493,763464.4496,226846.0456,1242814.815,1144344.418,787829.9077,Crisis
2022-08-26,928454.05,901570.2197,943743.6682,8288968.924,922654.4493,763464.4496,226846.0456,1242814.815,1144344.418,787829.9077,Crisis
2022-08-29,928454.05,901570.2197,943743.6682,8146843.539,922654.4493,763464.4496,226846.0456,1242814.815,1144344.418,787829.9077,Crisis
2022-08-30,928454.05,901570.2197,943743.6682,7982803.393,922654.4493,763464.4496,226846.0456,1242814.815,1144344.418,787829.9077,Crisis
2022-08-31,928454.05,901570.2197,943743.6682,7882978.267,922654.4493,763464.4496,226846.0456,1242814.815,1144344.418,787829.9077,Crisis
2022-09-01,928454.05,901570.2197,943743.6682,7686766.814,922654.4493,763464.4496,226846.0456,1242814.815,1144344.418,787829.9077,Crisis
2022-09-02,928454.05,901570.2197,943743.6682,7526284.522,922654.4493,763464.4496,226846.0456,1242814.815,1144344.418,787829.9077,Crisis
2022-09-06,928670.3448,901801.237,943953.9274,7508871.705,922654.4493,763464.4496,228008.5809,1242814.815,1144344.418,787829.9077,Crisis
2022-09-07,930104.9201,903333.4589,945348.4711,7711289.433,922654.4493,763464.4496,235719.0949,1242814.815,1144344.418,787829.9077,Crisis
2022-09-08,930915.3232,904199.0235,946136.2601,7827155.935,922654.4493,763464.4496,240074.8265,1242814.815,1144344.418,787829.9077,Crisis
2022-09-09,930915.3232,904199.0235,946136.2601,8072492.754,922654.4493,763464.4496,240074.8265,1242814.815,1144344.418,787829.9077,Crisis
2022-09-12,930915.3232,904199.0235,946136.2601,8170598.324,922654.4493,763464.4496,240074.8265,1242814.815,1144344.418,787829.9077,Crisis
2022-09-13,930915.3232,904199.0235,946136.2601,7619686.729,922654.4493,763464.4496,240074.8265,1242814.815,1144344.418,787829.9077,Crisis
2022-09-14,930915.3232,904199.0235,946136.2601,7752875.176,922654.4493,763464.4496,240074.8265,1242814.815,1144344.418,787829.9077,Crisis
2022-09-15,930915.3232,904199.0235,946136.2601,7717399.705,922654.4493,763464.4496,240074.8265,1242814.815,1144344.418,787829.9077,Crisis
2022-09-16,930915.3232,904199.0235,946136.2601,7755830.708,922654.4493,763464.4496,240074.8265,1242814.815,1144344.418,787829.9077,Crisis
2022-09-19,930915.3232,904199.0235,946136.2601,7872016.371,922654.4493,763464.4496,240074.8265,1242814.815,1144344.418,787829.9077,Crisis
2022-09-20,930915.3232,904199.0235,946136.2601,7800274.999,922654.4493,763464.4496,240074.8265,1242814.815,1144344.418,787829.9077,Crisis
2022-09-21,930915.3232,904199.0235,946136.2601,7688043.923,922654.4493,763464.4496,240074.8265,1242814.815,1144344.418,787829.9077,Crisis
2022-09-22,930915.3232,904199.0235,946136.2601,7407521.042,922654.4493,763464.4496,240074.8265,1242814.815,1144344.418,787829.9077,Crisis
2022-09-23,930915.3232,904199.0235,946136.2601,7207754.056,922654.4493,763464.4496,240074.8265,1242814.815,1144344.418,787829.9077,Crisis
2022-09-26,930915.3232,904199.0235,946136.2601,7150242.207,922654.4493,763464.4496,240074.8265,1242814.815,1144344.418,787829.9077,Crisis
2022-09-27,930915.3232,904199.0235,946136.2601,7255437.803,922654.4493,763464.4496,240074.8265,1242814.815,1144344.418,787829.9077,Crisis
2022-09-28,930915.3232,904199.0235,946136.2601,7448617.833,922654.4493,763464.4496,240074.8265,1242814.815,1144344.418,787829.9077,Crisis
2022-09-29,930915.3232,904199.0235,946136.2601,7081116.931,922654.4493,763464.4496,240074.8265,1242814.815,1144344.418,787829.9077,Crisis
2022-09-30,930715.2573,903989.8937,945943.0142,7007135.278,922654.4493,763464.4496,238964.3012,1242814.815,1144344.418,787829.9077,Reversión
2022-10-03,928388.9303,901246.9556,943781.3047,6870185.139,922654.4493,763464.4496,221015.9918,1242814.815,1144344.418,802134.3711,Reversión
2022-10-04,929936.0248,902333.3669,945421.1629,7128350.75,922654.4493,763464.4496,221015.9918,1242814.815,1144344.418,826530.1509,Reversión
2022-10-05,929827.7267,902257.3171,945306.3713,7032054.001,922654.4493,763464.4496,221015.9918,1242814.815,1144344.418,824822.4231,Reversión
2022-10-06,929822.5752,902253.6995,945300.9108,6987881.573,922654.4493,763464.4496,221015.9918,1242814.815,1144344.418,824741.1892,Reversión
2022-10-07,928409.5524,901261.437,943803.1633,6530358.078,922654.4493,763464.4496,221015.9918,1242814.815,1144344.418,802459.5571,Reversión
2022-10-10,927986.6871,900964.4896,943354.943,6445520.848,922654.4493,763464.4496,221015.9918,1242814.815,1144344.418,795791.4896,Reversión
2022-10-11,927636.0111,900718.2355,942983.2405,6314287.35,922654.4493,763464.4496,221015.9918,1242814.815,1144344.418,790261.7612,Reversión
2022-10-12,927831.9693,900855.8426,943190.9483,6318117.981,922654.4493,763464.4496,221015.9918,1242814.815,1144344.418,793351.7801,Reversión
2022-10-13,928605.5225,901399.0524,944010.8837,6489285.331,922654.4493,763464.4496,221015.9918,1242814.815,1144344.418,805549.764,Reversión
2022-10-14,927316.2724,900493.7064,942644.3303,6103901.805,922654.4493,763464.4496,221015.9918,1242814.815,1144344.418,785219.8744,Reversión
2022-10-17,929074.8116,901728.5998,944508.3114,6483754.054,922654.4493,763464.4496,221015.9918,1242814.815,1144344.418,812949.8758,Reversión
2022-10-18,929487.3619,902018.3037,944945.5982,6517661.994,922654.4493,763464.4496,221015.9918,1242814.815,1144344.418,819455.2877,Reversión
2022-10-19,928899.4676,901605.4686,944322.4538,6592020.995,922654.4493,763464.4496,221015.9918,1242814.815,1144344.418,810184.9177,Reversión
2022-10-20,929074.8116,901728.5998,944508.3114,6452059.841,922654.4493,763464.4496,221015.9918,1242814.815,1144344.418,812949.8758,Reversión
2022-10-21,929673.0169,902148.6757,945142.3851,6643058.195,922654.4493,763464.4496,221015.9918,1242814.815,1144344.418,822382.8389,Crisis
2022-10-24,930129.3085,902470.2437,945625.1641,6632786.422,922654.4493,763464.4496,221015.9918,1242814.815,1144344.418,833686.2479,Crisis
2022-10-25,930442.9364,902692.5225,945956.047,6930877.66,922654.4493,763464.4496,221015.9918,1242814.815,1144344.418,845936.3213,Crisis
2022-10-26,930442.9364,902692.5225,945956.047,6811914.54,922654.4493,763464.4496,221015.9918,1242814.815,1144344.418,845936.3213,Crisis
2022-10-27,930442.9364,902692.5225,945956.047,6784637.22,922654.4493,763464.4496,221015.9918,1242814.815,1144344.418,845936.3213,Crisis
2022-10-28,930442.9364,902692.5225,945956.047,6937529.123,922654.4493,763464.4496,221015.9918,1242814.815,1144344.418,845936.3213,Crisis
2022-10-31,930442.9364,902692.5225,945956.047,6828768.386,922654.4493,763464.4496,221015.9918,1242814.815,1144344.418,845936.3213,Crisis
2022-11-01,930442.9364,902692.5225,945956.047,6790251.31,922654.4493,763464.4496,221015.9918,1242814.815,1144344.418,845936.3213,Crisis
2022-11-02,930442.9364,902692.5225,945956.047,6514115.719,922654.4493,763464.4496,221015.9918,1242814.815,1144344.418,845936.3213,Crisis
2022-11-03,930442.9364,902692.5225,945956.047,6520988.324,922654.4493,763464.4496,221015.9918,1242814.815,1144344.418,845936.3213,Crisis
2022-11-04,930442.9364,902692.5225,945956.047,6599351.385,922654.4493,763464.4496,221015.9918,1242814.815,1144344.418,845936.3213,Crisis
2022-11-07,930442.9364,902692.5225,945956.047,6527008,922654.4493,763464.4496,221015.9918,1242814.815,1144344.418,845936.3213,Crisis
2022-11-08,930442.9364,902692.5225,945956.047,6531331.124,922654.4493,763464.4496,221015.9918,1242814.815,1144344.418,845936.3213,Crisis
2022-11-09,930442.9364,902692.5225,945956.047,6177581.723,922654.4493,763464.4496,221015.9918,1242814.815,1144344.418,845936.3213,Crisis
2022-11-10,930442.9364,902692.5225,945956.047,6860622.8,922654.4493,763464.4496,221015.9918,1242814.815,1144344.418,845936.3213,Crisis
2022-11-11,930442.9364,902692.5225,945956.047,7094654.29,922654.4493,763464.4496,221015.9918,1242814.815,1144344.418,845936.3213,Crisis
2022-11-14,930442.9364,902692.5225,945956.047,7033453.546,922654.4493,763464.4496,221015.9918,1242814.815,1144344.418,845936.3213,Crisis
2022-11-15,930442.9364,902692.5225,945956.047,7183753.011,922654.4493,763464.4496,221015.9918,1242814.815,1144344.418,845936.3213,Crisis
2022-11-16,930442.9364,902692.5225,945956.047,6924681.789,922654.4493,763464.4496,221015.9918,1242814.815,1144344.418,845936.3213,Crisis
2022-11-17,930442.9364,902692.5225,945956.047,6802281.849,922654.4493,763464.4496,221015.9918,1242814.815,1144344.418,845936.3213,Crisis
2022-11-18,930442.9364,902692.5225,945956.047,6696289.73,922654.4493,763464.4496,221015.9918,1242814.815,1144344.418,845936.3213,Crisis
2022-11-21,930442.9364,902692.5225,945956.047,6516801.987,922654.4493,763464.4496,221015.9918,1242814.815,1144344.418,845936.3213,Crisis
2022-11-22,930442.9364,902692.5225,945956.047,6703458.753,922654.4493,763464.4496,221015.9918,1242814.815,1144344.418,845936.3213,Crisis
2022-11-23,930442.9364,902692.5225,945956.047,6968929.575,922654.4493,763464.4496,221015.9918,1242814.815,1144344.418,845936.3213,Crisis
2022-11-25,930442.9364,902692.5225,945956.047,6895334.245,922654.4493,763464.4496,221015.9918,1242814.815,1144344.418,845936.3213,Crisis
2022-11-28,930442.9364,902692.5225,945956.047,6790241.519,922654.4493,763464.4496,221015.9918,1242814.815,1144344.418,845936.3213,Crisis
2022-11-29,930442.9364,902692.5225,945956.047,6717498.471,922654.4493,763464.4496,221015.9918,1242814.815,1144344.418,845936.3213,Crisis
2022-11-30,930442.9364,902692.5225,945956.047,7234217.932,922654.4493,763464.4496,221015.9918,1242814.815,1144344.418,845936.3213,Crisis
2022-12-01,930442.9364,902692.5225,945956.047,7293685.021,922654.4493,763464.4496,221015.9918,1242814.815,1144344.418,845936.3213,Crisis
2022-12-02,930442.9364,902692.5225,945956.047,7242613.14,922654.4493,763464.4496,221015.9918,1242814.815,1144344.418,845936.3213,Crisis
2022-12-05,930442.9364,902692.5225,945956.047,7016998.774,922654.4493,763464.4496,221015.9918,1242814.815,1144344.418,845936.3213,Crisis
2022-12-06,930442.9364,902692.5225,945956.047,6810071.096,922654.4493,763464.4496,221015.9918,1242814.815,1144344.418,845936.3213,Crisis
2022-12-07,930442.9364,902692.5225,945956.047,6770002.844,922654.4493,763464.4496,221015.9918,1242814.815,1144344.418,845936.3213,Crisis
2022-12-08,930442.9364,902692.5225,945956.047,6989629.469,922654.4493,763464.4496,221015.9918,1242814.815,1144344.418,845936.3213,Crisis
2022-12-09,930442.9364,902692.5225,945956.047,7022081.678,922654.4493,763464.4496,221015.9918,1242814.815,1144344.418,845936.3213,Crisis
2022-12-12,930442.9364,902692.5225,945956.047,7008992.786,922654.4493,763464.4496,221015.9918,1242814.815,1144344.418,845936.3213,Crisis
2022-12-13,930442.9364,902692.5225,945956.047,7080886.077,922654.4493,763464.4496,221015.9918,1242814.815,1144344.418,845936.3213,Crisis
2022-12-14,930442.9364,902692.5225,945956.047,6944262.401,922654.4493,763464.4496,221015.9918,1242814.815,1144344.418,845936.3213,Crisis
2022-12-15,930442.9364,902692.5225,945956.047,6720036.439,922654.4493,763464.4496,221015.9918,1242814.815,1144344.418,845936.3213,Crisis
2022-12-16,930442.9364,902692.5225,945956.047,6559319.318,922654.4493,763464.4496,221015.9918,1242814.815,1144344.418,845936.3213,Crisis
2022-12-19,930442.9364,902692.5225,945956.047,6455119.539,922654.4493,763464.4496,221015.9918,1242814.815,1144344.418,845936.3213,Crisis
2022-12-20,930442.9364,902692.5225,945956.047,6295020.035,922654.4493,763464.4496,221015.9918,1242814.815,1144344.418,845936.3213,Crisis
2022-12-21,930442.9364,902692.5225,945956.047,6408090.711,922654.4493,763464.4496,221015.9918,1242814.815,1144344.418,845936.3213,Crisis
2022-12-22,930442.9364,902692.5225,945956.047,6005244.864,922654.4493,763464.4496,221015.9918,1242814.815,1144344.418,845936.3213,Crisis
2022-12-23,930419.3397,902665.8399,945931.133,5964687.555,922108.9963,763464.4496,221015.9918,1242814.815,1144344.418,845936.3213,Crisis
2022-12-27,927572.9656,899447.2308,942925.8675,5547897.363,856313.3045,763464.4496,221015.9918,1242814.815,1144344.418,845936.3213,Crisis
2022-12-28,927349.9804,899195.0847,942690.4347,5544874.288,851158.8643,763464.4496,221015.9918,1242814.815,1144344.418,845936.3213,Crisis
2022-12-29,928837.4403,900877.0674,944260.9282,5814269.257,885542.4175,763464.4496,221015.9918,1242814.815,1144344.418,845936.3213,Crisis
2022-12-30,928866.2928,900909.693,944291.3913,5835455.501,886209.3596,763464.4496,221015.9918,1242814.815,1144344.418,845936.3213,Crisis
2023-01-03,928081.9048,900022.7266,943463.2169,5627776.907,868077.7482,763464.4496,221015.9918,1242814.815,1144344.418,845936.3213,Crisis
2023-01-04,929220.457,901310.1731,944665.3258,5796615.54,894396.0829,763464.4496,221015.9918,1242814.815,1144344.418,845936.3213,Crisis
2023-01-05,927950.7384,899874.4069,943324.7284,5641320.49,865045.7552,763464.4496,221015.9918,1242814.815,1144344.418,845936.3213,Crisis
2023-01-06,929509.0266,901636.4805,944970.0041,5828110.229,901066.5486,763464.4496,221015.9918,1242814.815,1144344.418,845936.3213,Crisis
2023-01-09,931526.4036,903917.6803,947099.9959,6069173.574,947699.4624,763464.4496,221015.9918,1242814.815,1144344.418,845936.3213,Crisis
2023-01-10,932263.5769,904751.2575,947878.32,6156109.938,964739.677,763464.4496,221015.9918,1242814.815,1144344.418,845936.3213,Crisis
2023-01-11,932504.9268,905024.17,948133.1427,6263119.222,970318.6299,763464.4496,221015.9918,1242814.815,1144344.418,845936.3213,Crisis
2023-01-12,933842.853,906537.0637,949545.7551,6382024.799,1001245.619,763464.4496,221015.9918,1242814.815,1144344.418,845936.3213,Crisis
2023-01-13,934860.7264,907688.0496,950620.4487,6472905.545,1024774.391,763464.4496,221015.9918,1242814.815,1144344.418,845936.3213,Crisis
2023-01-17,936967.3015,910070.1124,952844.6179,6712324.541,1073469.173,763464.4496,221015.9918,1242814.815,1144344.418,845936.3213,Crisis
2023-01-18,936114.7008,909106.0128,951944.423,6607853.364,1053760.784,763464.4496,221015.9918,1242814.815,1144344.418,845936.3213,Crisis
2023-01-19,934509.1904,907290.5415,950249.2891,6451999.001,1016648.42,763464.4496,221015.9918,1242814.815,1144344.418,845936.3213,Crisis
2023-01-20,937326.7095,910476.5221,953224.0889,6828454.644,1081777.111,763464.4496,221015.9918,1242814.815,1144344.418,845936.3213,Crisis
2023-01-23,940878.7636,914493.0966,956974.4273,7260183.16,1163885.033,763464.4496,221015.9918,1242814.815,1144344.418,845936.3213,Crisis
2023-01-24,941161.2414,914812.5155,957272.6737,7270778.298,1170414.683,763464.4496,221015.9918,1242814.815,1144344.418,845936.3213,Crisis
2023-01-25,941161.2414,914812.5155,957272.6737,7285917.334,1170414.683,763464.4496,221015.9918,1242814.815,1144344.418,845936.3213,Crisis
2023-01-26,941161.2414,914812.5155,957272.6737,7584902.386,1170414.683,763464.4496,221015.9918,1242814.815,1144344.418,845936.3213,Reversión
2023-01-27,934339.7624,907278.3101,950873.1929,7920356.558,1114716.266,763464.4496,202871.8071,1242814.815,1144344.418,845936.3213,Reversión
2023-01-30,942187.6969,916110.813,958270.9276,7509298.399,1184580.912,763464.4496,215580.2017,1242814.815,1144344.418,845936.3213,Reversión
2023-01-31,942748.781,916691.0367,958674.1318,7684952.188,1163160.526,763464.4496,218002.417,1242814.815,1144344.418,845936.3213,Reversión
2023-02-01,937729.5089,910956.5597,953787.3402,8102220.697,1082847.413,763464.4496,208314.345,1242814.815,1144344.418,845936.3213,Reversión
2023-02-02,929198.0504,902135.4743,945209.1819,8473077.198,1030613.813,744114.1868,199595.3804,1193904.107,1144344.418,845936.3213,Reversión
2023-02-03,931788.6603,902918.1166,949328.6742,8299044.16,1024425.577,809956.4628,184790.6382,1120207.387,1121208.421,845936.3213,Reversión
2023-02-06,932940.8206,903853.2007,950648.6466,8327655.633,1024964.847,818325.0614,182886.554,1121627.948,1135067.912,845936.3213,Reversión
2023-02-07,929599.4886,900072.9393,947327.9674,8605845.877,970732.3036,818809.1934,180930.7839,1088279.039,1130506.56,845936.3213,Reversión
2023-02-08,931274.9799,901580.7197,949292.285,8607840.562,970732.3036,833056.5534,176796.2816,1135909.272,1118467.004,845936.3213,Reversión
2023-02-09,932326.4543,902325.7612,950679.3346,8657888.391,970732.3036,845574.9156,170567.0844,1167749.753,1130384.599,845936.3213,Crisis
2023-02-10,934659.2495,904531.337,953066.2316,8287168.991,970732.3036,855593.9714,170567.0844,1189535.101,1175148.203,845936.3213,Crisis
2023-02-13,933747.2309,903611.5347,952187.4671,8406004.798,970732.3036,855593.9714,170567.0844,1159023.952,1142004.26,845936.3213,Crisis
2023-02-14,933679.953,903549.0594,952122.1448,8815004.91,970732.3036,855593.9714,170567.0844,1158735.083,1137894.525,845936.3213,Crisis
2023-02-15,933789.0114,903685.7908,952224.7525,8843065.522,970732.3036,855593.9714,170567.0844,1172141.362,1133577.826,845936.3213,Crisis
2023-02-16,934595.929,904492.0336,953002.9479,8505480.579,970732.3036,855593.9714,170567.0844,1196377.362,1165243.469,845936.3213,Crisis
2023-02-17,934721.5399,904607.1998,953125.0442,8434345.391,970732.3036,855593.9714,170567.0844,1196377.362,1173374.176,845936.3213,Crisis
2023-02-21,935199.3223,905045.2542,953589.4588,8120454.722,970732.3036,855593.9714,170567.0844,1196377.362,1204300.725,845936.3213,Crisis
2023-02-22,935324.2283,905159.7742,953710.87,8179532.515,970732.3036,855593.9714,170567.0844,1196377.362,1212385.808,845936.3213,Crisis
2023-02-23,935324.2283,905159.7742,953710.87,8775814.991,970732.3036,855593.9714,170567.0844,1196377.362,1212385.808,845936.3213,Crisis
2023-02-24,935324.2283,905159.7742,953710.87,8608354.069,970732.3036,855593.9714,170567.0844,1196377.362,1212385.808,845936.3213,Crisis
2023-02-27,935324.2283,905159.7742,953710.87,8783424.653,970732.3036,855593.9714,170567.0844,1196377.362,1212385.808,845936.3213,Crisis
2023-02-28,935324.2283,905159.7742,953710.87,8713960.489,970732.3036,855593.9714,170567.0844,1196377.362,1212385.808,845936.3213,Crisis
2023-03-01,935324.2283,905159.7742,953710.87,8549663.931,970732.3036,855593.9714,170567.0844,1196377.362,1212385.808,845936.3213,Crisis
2023-03-02,935408.7426,905237.0031,953792.9196,8552389.19,970732.3036,855593.9714,170567.0844,1196377.362,1214454.643,845936.3213,Crisis
2023-03-03,935933.6853,905716.6946,954302.5535,8791216.889,970732.3036,855593.9714,170567.0844,1196377.362,1227304.775,845936.3213,Crisis
2023-03-06,935432.6026,905258.8064,953816.0839,8673077.653,970732.3036,855593.9714,170567.0844,1196377.362,1215038.716,845936.3213,Crisis
2023-03-07,934866.3023,904741.3224,953266.2985,8539062.97,970732.3036,855593.9714,170567.0844,1196377.362,1201176.184,845936.3213,Crisis
2023-03-08,935394.4278,905223.9223,953779.0223,8670054.825,970732.3036,855593.9714,170567.0844,1196377.362,1214104.228,845936.3213,Crisis
2023-03-09,935378.5034,905209.3707,953763.5623,8372446.248,970732.3036,855593.9714,170567.0844,1196377.362,1213714.415,845936.3213,Crisis
2023-03-10,934937.1912,904716.648,953363.6809,8254526.026,970732.3036,855593.9714,168710.2263,1196377.362,1213714.415,845936.3213,Crisis
2023-03-13,936183.1948,905897.1837,954557.5377,8280424.521,970732.3036,855593.9714,169721.8586,1196377.362,1238228.525,845936.3213,Crisis
2023-03-14,938460.4605,908387.9064,956636.9656,8652524.625,970732.3036,855593.9714,178262.4234,1196377.362,1244261.241,845936.3213,Crisis
2023-03-15,939342.3377,909051.7386,957534.7873,8691131.648,970732.3036,855593.9714,175529.0555,1196377.362,1281596.682,845936.3213,Crisis
2023-03-16,941278.1339,910985.7807,959358.8013,9062353.402,970732.3036,855593.9714,179108.7082,1196377.362,1308047.92,845936.3213,Crisis
2023-03-17,939218.1766,908923.6246,957419.0472,9031361.541,970732.3036,855593.9714,175217.7898,1196377.362,1280373.289,845936.3213,Crisis
2023-03-20,939232.6018,909087.7865,957386.5464,9099848.136,970732.3036,855593.9714,178252.7014,1196377.362,1263141.024,845936.3213,Crisis
2023-03-21,942545.4811,912786.598,960388.4098,9358812.246,970732.3036,855593.9714,192191.9185,1196377.362,1263141.024,845936.3213,Crisis
2023-03-22,941058.9607,911126.9062,959041.4452,9305195.878,970732.3036,855593.9714,185937.2594,1196377.362,1263141.024,845936.3213,Crisis
2023-03-23,941306.3301,911403.0928,959265.5914,9523368.587,970732.3036,855593.9714,186978.0872,1196377.362,1263141.024,845936.3213,Crisis
2023-03-24,940887.8861,910935.9024,958886.4313,9429426.887,970732.3036,855593.9714,185217.449,1196377.362,1263141.024,845936.3213,Crisis
2023-03-27,941211.5435,911297.2641,959179.7034,9373920.669,970732.3036,855593.9714,186579.2645,1196377.362,1263141.024,845936.3213,Crisis
2023-03-28,941199.9848,911284.3589,959169.2299,9299922.319,970732.3036,855593.9714,186530.6304,1196377.362,1263141.024,845936.3213,Crisis
2023-03-29,941199.9848,911284.3589,959169.2299,9507769.141,970732.3036,855593.9714,186530.6304,1196377.362,1263141.024,845936.3213,Crisis
2023-03-30,941199.9848,911284.3589,959169.2299,9626205.324,970732.3036,855593.9714,186530.6304,1196377.362,1263141.024,845936.3213,Crisis
2023-03-31,941199.9848,911284.3589,959169.2299,9878287.227,970732.3036,855593.9714,186530.6304,1196377.362,1263141.024,845936.3213,Crisis
2023-04-03,941199.9848,911284.3589,959169.2299,9781440.894,970732.3036,855593.9714,186530.6304,1196377.362,1263141.024,845936.3213,Crisis
2023-04-04,941199.9848,911284.3589,959169.2299,9661287.606,970732.3036,855593.9714,186530.6304,1196377.362,1263141.024,845936.3213,Crisis
2023-04-05,941199.9848,911284.3589,959169.2299,9437523.79,970732.3036,855593.9714,186530.6304,1196377.362,1263141.024,845936.3213,Crisis
2023-04-06,941199.9848,911284.3589,959169.2299,9489774.501,970732.3036,855593.9714,186530.6304,1196377.362,1263141.024,845936.3213,Crisis
2023-04-10,941199.9848,911284.3589,959169.2299,9585007.888,970732.3036,855593.9714,186530.6304,1196377.362,1263141.024,845936.3213,Crisis
2023-04-11,941199.9848,911284.3589,959169.2299,9506430.766,970732.3036,855593.9714,186530.6304,1196377.362,1263141.024,845936.3213,Crisis
2023-04-12,941199.9848,911284.3589,959169.2299,9273714.866,970732.3036,855593.9714,186530.6304,1196377.362,1263141.024,845936.3213,Crisis
2023-04-13,941199.9848,911284.3589,959169.2299,9395019.468,970732.3036,855593.9714,186530.6304,1196377.362,1263141.024,845936.3213,Crisis
2023-04-14,941199.9848,911284.3589,959169.2299,9443372.272,970732.3036,855593.9714,186530.6304,1196377.362,1263141.024,845936.3213,Crisis
2023-04-17,941199.9848,911284.3589,959169.2299,9491708.172,970732.3036,855593.9714,186530.6304,1196377.362,1263141.024,845936.3213,Crisis
2023-04-18,941199.9848,911284.3589,959169.2299,9590319.266,970732.3036,855593.9714,186530.6304,1196377.362,1263141.024,845936.3213,Crisis
2023-04-19,941199.9848,911284.3589,959169.2299,9593278.247,970732.3036,855593.9714,186530.6304,1196377.362,1263141.024,845936.3213,Crisis
2023-04-20,941199.9848,911284.3589,959169.2299,9229580.489,970732.3036,855593.9714,186530.6304,1196377.362,1263141.024,845936.3213,Crisis
2023-04-21,941199.9848,911284.3589,959169.2299,9276143.057,970732.3036,855593.9714,186530.6304,1196377.362,1263141.024,845936.3213,Crisis
2023-04-24,941199.9848,911284.3589,959169.2299,9232301.997,970732.3036,855593.9714,186530.6304,1196377.362,1263141.024,845936.3213,Crisis
2023-04-25,941199.9848,911284.3589,959169.2299,8999760.894,970732.3036,855593.9714,186530.6304,1196377.362,1263141.024,845936.3213,Crisis
2023-04-26,941199.9848,911284.3589,959169.2299,9083929.97,970732.3036,855593.9714,186530.6304,1196377.362,1263141.024,845936.3213,Crisis
2023-04-27,941199.9848,911284.3589,959169.2299,9306862.509,970732.3036,855593.9714,186530.6304,1196377.362,1263141.024,845936.3213,Crisis
2023-04-28,941199.9848,911284.3589,959169.2299,9445853.741,970732.3036,855593.9714,186530.6304,1196377.362,1263141.024,845936.3213,Crisis
2023-05-01,941199.9848,911284.3589,959169.2299,9636291.31,970732.3036,855593.9714,186530.6304,1196377.362,1263141.024,845936.3213,Crisis
2023-05-02,941199.9848,911284.3589,959169.2299,9458467.677,970732.3036,855593.9714,186530.6304,1196377.362,1263141.024,845936.3213,Crisis
2023-05-03,941199.9848,911284.3589,959169.2299,9376980.466,970732.3036,855593.9714,186530.6304,1196377.362,1263141.024,845936.3213,Crisis
2023-05-04,941199.9848,911284.3589,959169.2299,9329086.805,970732.3036,855593.9714,186530.6304,1196377.362,1263141.024,845936.3213,Crisis
2023-05-05,941199.9848,911284.3589,959169.2299,9672123.738,970732.3036,855593.9714,186530.6304,1196377.362,1263141.024,845936.3213,Crisis
2023-05-08,941199.9848,911284.3589,959169.2299,9812571.995,970732.3036,855593.9714,186530.6304,1196377.362,1263141.024,845936.3213,Crisis
2023-05-09,941199.9848,911284.3589,959169.2299,9667337.346,970732.3036,855593.9714,186530.6304,1196377.362,1263141.024,845936.3213,Crisis
2023-05-10,941199.9848,911284.3589,959169.2299,9767545.795,970732.3036,855593.9714,186530.6304,1196377.362,1263141.024,845936.3213,Crisis
2023-05-11,941199.9848,911284.3589,959169.2299,9792826.412,970732.3036,855593.9714,186530.6304,1196377.362,1263141.024,845936.3213,Crisis
2023-05-12,941199.9848,911284.3589,959169.2299,9682066.064,970732.3036,855593.9714,186530.6304,1196377.362,1263141.024,845936.3213,Crisis
2023-05-15,941199.9848,911284.3589,959169.2299,9793443.844,970732.3036,855593.9714,186530.6304,1196377.362,1263141.024,845936.3213,Tendencia
2023-05-16,941199.9848,911284.3589,959169.2299,9870177.987,970732.3036,855593.9714,186530.6304,1196377.362,1263141.024,845936.3213,Tendencia
2023-05-17,940807.2582,910952.6897,958745.1407,10182550.71,970732.3036,849988.7677,186530.6304,1196377.362,1263141.024,845936.3213,Tendencia
2023-05-18,937926.361,908131.4892,955725.5642,10602672.19,938970.6509,830580.5791,186530.6304,1196377.362,1263141.024,845936.3213,Tendencia
2023-05-19,938476.6551,908074.0343,956472.5985,10531950.65,945886.9547,843906.3306,183174.7432,1196377.362,1276913.25,845936.3213,Tendencia
2023-05-22,937193.6207,905962.5985,955452.0316,10614443.67,948503.8219,852621.5966,177604.0496,1196377.362,1284928.94,845936.3213,Tendencia
2023-05-23,939142.1384,907867.4396,957376.4585,10455268.84,963015.7106,852762.1956,177791.9517,1196377.362,1308873.61,845936.3213,Tendencia
2023-05-24,938858.94,908452.4425,956889.6905,10411773.44,967476.3508,840392.1044,180526.05,1196377.362,1278652.776,845936.3213,Tendencia
2023-05-25,927243.6203,895206.6026,945069.933,11966743.53,728591.2087,840210.8775,179022.3837,1198231.655,1298606.646,845936.3213,Tendencia
2023-05-26,917547.6216,883325.0365,936028.8473,12338734.98,707401.0152,840210.8775,169264.4112,1155975.602,1289904.133,845936.3213,Tendencia
2023-05-30,916412.7755,881614.848,935050.5585,12693637.66,674757.1338,844030.7997,168157.5633,1166415.137,1302878.981,845936.3213,Tendencia
2023-05-31,916832.6626,882001.4463,935516.3919,12251336.83,702142.4186,851436.9973,165817.3574,1156839.603,1295586.435,845936.3213,Tendencia
2023-06-01,908938.4617,873448.0706,927758.1409,12730843.32,669101.9261,836418.9355,161425.1868,1117165.442,1269981.292,845936.3213,Tendencia
2023-06-02,908265.6331,872741.7563,927050.8771,12718149.73,676236.5756,826038.1115,158293.0098,1115975.412,1278347.92,845936.3213,Tendencia
2023-06-05,906718.1296,871172.2292,925544.5509,12739944.14,678817.9396,819131.968,154409.3403,1120967.643,1268665.164,845936.3213,Tendencia
2023-06-06,905413.2228,869879.057,924245.2087,12679432.05,687373.0099,810537.63,150527.7596,1122072.6,1262463.614,845936.3213,Tendencia
2023-06-07,906348.8614,870887.7598,925250.5268,12412353.42,706817.8711,806871.32,145551.0735,1152845.879,1262463.614,845936.3213,Tendencia
2023-06-08,903423.6741,867379.5718,922523.2187,12769888.72,689689.8102,806871.32,139385.5994,1148835.3,1262463.614,845936.3213,Tendencia
2023-06-09,903769.0334,867833.2292,922821.0792,12941701.61,685387.0091,806871.32,141821.7746,1147321.216,1262463.614,845936.3213,Tendencia
2023-06-12,900394.4053,864168.2373,919537.3545,13186938.98,673604.3632,806871.32,138786.8046,1122359.052,1245413.539,845936.3213,Tendencia
2023-06-13,895714.9942,859159.7956,915100.9703,13622764.49,648179.2178,806871.32,133961.7693,1120995.745,1210822.287,845936.3213,Tendencia
2023-06-14,894899.1066,858511.4063,914265.8342,14019036.86,644920.7804,806871.32,135532.7209,1112823.239,1196531.054,845936.3213,Tendencia
2023-06-15,894062.8106,857875.4458,913458.4243,13968193.28,643344.5675,806871.32,135990.4181,1115680.113,1177263.341,845936.3213,Tendencia
2023-06-16,895639.6474,858999.7483,915056.6981,13990903.76,642274.8187,806871.32,133604.2532,1128961.801,1213190.305,845936.3213,Tendencia
2023-06-20,892289.9657,855114.9659,911870.3993,14384227.66,626061.0152,806871.32,128633.2434,1115930.472,1205969.193,845936.3213,Tendencia
2023-06-21,896791.5023,860155.257,916198.3628,14025315.54,637128.8971,806871.32,135789.805,1126457.172,1232982.31,845936.3213,Tendencia
2023-06-22,895876.4406,858957.9186,915294.0298,14118969.32,637418.738,806871.32,133385.0023,1113778.376,1238174.054,845936.3213,Tendencia
2023-06-23,896905.9617,860447.6436,916214.5703,13862693.5,649246.0871,806871.32,137125.2824,1098712.503,1234115.522,845936.3213,Tendencia
2023-06-26,903089.2885,867470.2939,922238.5192,13308597.07,672103.8061,806871.32,144386.3958,1137726.52,1255409.697,845936.3213,Tendencia
2023-06-27,900389.4676,863849.045,919716.7452,13691933.81,654072.7197,806871.32,140109.1088,1105071.1,1252405.357,853900.5512,Tendencia
2023-06-28,900853.6743,864111.7017,920422.8582,13625234.3,665073.9724,806871.32,137293.3928,1111769.471,1218777.346,867250.7204,Tendencia
2023-06-29,900617.1288,864135.8292,920099.307,13559069.1,669349.8186,806871.32,136705.028,1126080.387,1222994.017,859457.0126,Tendencia
2023-06-30,897152.9515,860330.8811,916816.205,13954737.91,647898.266,806871.32,134711.1458,1112431.742,1190710.137,863786.8317,Tendencia
2023-07-03,894731.0463,857154.253,914553.671,14176821.93,646289.2775,806871.32,126296.3705,1112431.742,1188206.454,865230.0121,Tendencia
2023-07-05,895831.1895,857846.4334,915855.1142,14215427.98,647680.7467,806871.32,125092.131,1112431.742,1176452.494,878580.1813,Tendencia
2023-07-06,896715.4562,859316.3631,916529.2831,14073625.94,653778.429,806871.32,127792.5509,1125687.213,1195058.608,866745.446,Tendencia
2023-07-07,896640.6525,859477.0829,916391.1599,14134142.94,653778.429,806871.32,128751.7978,1131169.461,1197008.754,862199.2554,Tendencia
2023-07-10,893116.3167,856862.4584,912542.7979,13998566.02,653778.429,806871.32,130943.0501,1117764.283,1187494.879,840334.0105,Tendencia
2023-07-11,893409.4725,856883.3891,912858.2893,14063090.06,653778.429,806871.32,130861.2087,1102031.105,1191448.052,845313.1664,Tendencia
2023-07-12,893476.1272,856420.1304,913059.4868,14438748.34,653778.429,806871.32,129861.0619,1075811.552,1181328.061,858230.2592,Tendencia
2023-07-13,896332.8504,857685.5308,916610.7071,14991562.18,631562.5314,806871.32,127174.2799,1075187.902,1164674.167,898713.5652,Tendencia
2023-07-14,898642.4008,859661.4334,918953.4975,14910590.37,637487.3133,802137.0636,125592.2113,1090742.098,1186141.612,905063.8147,Tendencia
2023-07-17,895341.715,856266.3788,915770.4711,15220958.47,624228.8883,808817.347,123042.5943,1084746.455,1165318.217,899507.3534,Tendencia
2023-07-18,890432.012,851906.9699,910982.2772,15499178.76,610472.1641,813172.859,123042.5943,1079847.215,1103661.653,893084.9615,Tendencia
2023-07-19,887252.3259,849302.2935,907479.1019,15406107.05,615826.3324,798077.6471,123042.5943,1066280.096,1100596.415,880600.7228,Tendencia
2023-07-20,893535.2287,855583.167,913542.1495,14648857.53,635864.3381,830296.6557,123042.5943,1112497.241,1170014.984,860178.7139,Tendencia
2023-07-21,895180.2652,857147.4884,915353.7474,14342158.27,631678.721,830058.0362,123042.5943,1140796.175,1170014.984,866095.9982,Tendencia
2023-07-24,897620.6445,859214.9548,918004.6967,14501952.56,631678.721,837217.8057,123042.5943,1149875.191,1170014.984,876992.6606,Tendencia
2023-07-25,897816.3198,859222.3071,918223.761,14689157.89,631678.721,835248.8532,123042.5943,1140076.71,1170014.984,881899.6185,Tendencia
2023-07-26,905097.5064,864744.3019,926151.5785,14656731.99,631678.721,841096.0788,123042.5943,1126029.949,1170014.984,932846.455,Tendencia
2023-07-27,901597.0793,860726.9424,922434.6038,14662081.61,631678.721,840499.3934,123042.5943,1033676.841,1170014.984,933784.639,Tendencia
2023-07-28,904271.5948,862769.1065,925327.0712,15031708.56,631678.721,830940.3908,123042.5943,1033676.841,1170014.984,956732.3526,Tendencia
2023-07-31,904703.9231,863336.5047,925794.8357,15055210.88,631678.721,830940.3908,123042.5943,1048620.541,1170014.984,955495.1973,Tendencia
2023-08-01,905259.1205,863572.6366,926374.3187,14929935.65,631678.721,830940.3908,123042.5943,1035512.067,1170014.984,963917.216,Tendencia
2023-08-02,908640.7986,866636.65,929975.8494,14331662.58,631678.721,830940.3908,123042.5943,1062303.182,1170014.984,982096.4795,Tendencia
2023-08-03,908782.3642,866802.2751,930128.2714,14444051.57,631678.721,830940.3908,123042.5943,1065875.049,1170014.984,982096.4795,Tendencia
2023-08-04,909093.342,867166.1043,930463.0976,14468248.07,631678.721,830940.3908,123042.5943,1073721.384,1170014.984,982096.4795,Tendencia
2023-08-07,907797.6296,865824.1948,929078.5611,14645827.7,631678.721,822662.9446,123042.5943,1055127.021,1170014.984,982096.4795,Tendencia
2023-08-08,908756.3325,866834.4132,930113.189,14448480.07,631678.721,836083.597,123042.5943,1067629.488,1170014.984,975013.1128,Tendencia
2023-08-09,911342.6848,869286.7925,932846.2541,13884836.21,631678.721,848385.8467,123042.5943,1091326.996,1170014.984,987822.0453,Tendencia
2023-08-10,910979.5077,868955.1746,932461.1677,13891527.93,631678.721,844206.6565,123042.5943,1089636.528,1170014.984,987600.5048,Tendencia
2023-08-11,911618.4029,869660.564,933145.2475,13524370.05,631678.721,845089.5587,123042.5943,1102713.36,1170014.984,988561.2348,Tendencia
2023-08-14,909354.1775,867599.16,930760.1587,14127117.89,631678.721,832375.2281,123042.5943,1088201.257,1170014.984,975479.7557,Tendencia
2023-08-15,911769.9684,869786.1393,933307.4364,14056089.23,631678.721,849445.4191,123042.5943,1101724.511,1170014.984,986935.0863,Tendencia
2023-08-16,914278.2737,872203.5366,935966.2859,13838117.41,631678.721,864749.6262,123042.5943,1126155.475,1170014.984,994917.1485,Tendencia
2023-08-17,915116.5924,873327.8959,936889.4306,13704440.09,631678.721,868423.5786,123042.5943,1155498.261,1170014.984,985900.5853,Tendencia
2023-08-18,919499.5793,877465.5391,941456.4846,13638691.27,631678.721,868423.5786,123042.5943,1189977.431,1183770.999,1004081.367,Tendencia
2023-08-21,921712.6996,879658.1334,943783.9423,14599191.48,631678.721,868423.5786,123042.5943,1217915.385,1194773.823,997356.0298,Tendencia
2023-08-22,922851.3544,880775.9896,944907.4948,14356182.5,631678.721,868423.5786,123042.5943,1208252.65,1209054.187,992108.6725,Tendencia
2023-08-23,928043.8751,885962.7657,950246.7057,14749348.13,631678.721,868423.5786,123042.5943,1236148.278,1251134.191,967793.688,Tendencia
2023-08-24,917828.6171,876421.3266,939750.5288,14610421.01,631678.721,868423.5786,123042.5943,1204681.481,1190794.138,953385.5196,Tendencia
2023-08-25,921670.1436,879981.2152,943657.5183,14487418.79,631678.721,872511.8381,123042.5943,1199430.22,1217423.348,953385.5196,Tendencia
2023-08-28,923198.4348,881461.0317,945268.3659,14673952.23,631678.721,871726.1772,123042.5943,1219427.728,1223363.686,953385.5196,Tendencia
2023-08-29,929005.8201,886757.9753,951194.7102,15334567.6,631678.721,883315.1743,123042.5943,1210853.97,1258274.317,953385.5196,Tendencia
2023-08-30,930315.3621,888118.8108,952516.6726,15439635.4,631678.721,884362.7887,123042.5943,1210853.97,1271969.298,944423.9398,Tendencia
2023-08-31,932338.5611,889769.8335,954647.0911,15487648.61,631678.721,903212.3569,123042.5943,1210853.97,1269072.302,942374.0048,Tendencia
2023-09-01,935495.1083,892629.7974,957870.4472,15177034.85,631678.721,910752.4978,123042.5943,1210853.97,1287215.252,945622.9511,Tendencia
2023-09-05,935023.1868,892147.7872,957395.2837,15327196.01,631678.721,916250.5886,123042.5943,1210853.97,1281251.566,944875.7005,Tendencia
2023-09-06,936777.3348,893555.7952,959206.0599,14948600.97,631678.721,928605.2788,123042.5943,1210853.97,1287781.571,953771.1625,Tendencia
2023-09-07,937239.1975,894010.9515,959675.3728,14785837.23,631678.721,936966.553,123042.5943,1210853.97,1295255.104,948339.0564,Tendencia
2023-09-08,936714.7989,893639.4576,959129.8311,14619578.27,631678.721,936966.553,123042.5943,1210853.97,1296224.959,940733.8151,Reversión
2023-09-11,936148.1332,893159.6784,958548.2703,14861673.14,631678.721,936966.553,123042.5943,1210853.97,1288922.59,937066.8062,Reversión
2023-09-12,938458.1452,895291.5012,960912.081,14688562.17,631678.721,936966.553,124377.6656,1210853.97,1319358.504,947795.7726,Reversión
2023-09-13,937538.9219,894436.7241,959962.2479,14854137.98,631678.721,936966.553,122643.9049,1210853.97,1322854.027,938492.9,Reversión
2023-09-14,934382.3486,891439.1264,956756.8098,14924726.46,631678.721,936966.553,120500.7848,1210853.97,1289299.182,926862.6936,Reversión
2023-09-15,935316.6084,892364.2549,957838.7197,14509779.04,631678.721,936966.553,121175.319,1253196.963,1277870.666,929596.7845,Reversión
2023-09-18,935214.6751,892650.1613,957707.1914,14424152.53,631678.721,936966.553,125107.8801,1244503.276,1269693.581,924162.3823,Reversión
2023-09-19,935181.7561,892561.0782,957643.9257,14339338.36,631678.721,936966.553,124581.2367,1234723.402,1275488.339,925303.0022,Reversión
2023-09-20,935938.38,893065.7006,958539.9207,13976882.16,631678.721,936966.553,126269.0854,1255680.583,1243617.295,954107.5612,Reversión
2023-09-21,936128.4018,893218.0288,958889.3997,13593523.7,622302.8253,936966.553,129243.3222,1270971.389,1236695.786,959847.6853,Reversión
2023-09-22,936788.3509,894439.3555,959436.9994,13593769.18,631299.9233,936966.553,133914.0363,1257970.377,1222723.943,958449.6164,Reversión
2023-09-25,939113.2169,896965.3064,961682.3229,13768760.14,640585.1176,936966.553,136253.8776,1251178.715,1238788.289,964777.8791,Reversión
2023-09-26,936661.4473,894632.3803,959245.2418,13623107.7,635866.5056,936966.553,134670.615,1258436.108,1220921.14,946087.2363,Reversión
2023-09-27,937277.6343,895078.6919,959787.7934,13702464.04,644317.2484,936966.553,132673.6177,1251195.906,1215577.083,960583.3321,Reversión
2023-09-28,939006.4624,897008.5019,961470.3201,13911659.07,653739.0315,936966.553,135917.3662,1251195.906,1207659.285,973608.021,Reversión
2023-09-29,939835.0319,898315.7267,962188.9523,14034148.76,664104.6007,936966.553,138035.7288,1251195.906,1207659.285,962938.1953,Reversión
2023-10-02,941217.4081,899388.009,963628.8647,14355949.95,664104.6007,936966.553,138797.0188,1251195.906,1207659.285,987295.1321,Reversión
2023-10-03,940022.6758,898203.5472,962396.6589,13991556.08,664104.6007,936966.553,136000.1114,1251195.906,1207659.285,974491.1372,Reversión
2023-10-04,942646.118,901036.8926,965091.3361,14292998.33,664104.6007,936966.553,144070.8627,1251195.906,1207659.285,995168.7065,Reversión
2023-10-05,942400.2392,900788.7007,964837.9555,14400677.58,664104.6007,936966.553,143458.5142,1251195.906,1207659.285,992675.2565,Reversión
2023-10-06,942451.951,900857.2882,964890.466,14679945.65,664104.6007,936966.553,143723.3158,1251195.906,1207659.285,992675.2565,Reversión
2023-10-09,941043.5723,899613.5843,963378.8827,14585978.12,664104.6007,936966.553,143248.8985,1226200.788,1207659.285,980720.8968,Reversión
2023-10-10,940957.1229,899654.5793,963245.4085,14729415.02,664104.6007,936966.553,145427.9353,1204928.313,1207659.285,983226.9718,Reversión
2023-10-11,939415.9825,898364.704,961598.4704,14952385.52,664104.6007,936966.553,145080.3884,1185503.639,1207659.285,965621.0197,Reversión
2023-10-12,939344.3789,898029.1844,961597.871,14918323.4,664104.6007,936966.553,142807.5624,1198657.144,1188774.169,976229.8067,Reversión
2023-10-13,939568.6728,897832.0924,961949.1291,14482239.87,664104.6007,936966.553,138532.2171,1232864.234,1170606.917,987210.9,Reversión
2023-10-16,939063.4295,897578.2346,961338.5774,14684210.11,664104.6007,936966.553,140076.8597,1209529.619,1187523.58,975343.1705,Reversión
2023-10-17,938087.0794,896758.954,960328.0192,14242502.92,664104.6007,936966.553,140589.9055,1199234.962,1170738.492,971114.4441,Reversión
2023-10-18,937193.4331,895322.8412,959536.4,13697447.57,664104.6007,936966.553,133876.2269,1224628.442,1139373.576,983118.652,Reversión
2023-10-19,941735.7865,898686.6149,964024.6274,13506353.21,664104.6007,936966.553,124491.1913,1239655.037,1322297.314,984550.8863,Reversión
2023-10-20,943017.4882,899511.826,965354.3958,13235198.57,664104.6007,936966.553,121459.5713,1254681.633,1346999.388,999215.0028,Reversión
2023-10-23,942495.2237,898873.9252,964886.3836,13593171.42,664104.6007,936966.553,121511.1346,1235320.404,1327695.653,1011451.332,Reversión
2023-10-24,943439.5868,899747.0231,965986.9458,13812797.1,664104.6007,936966.553,124055.0319,1240594.102,1305305.876,1028468.577,Reversión
2023-10-25,944599.6603,900709.6812,967266.3455,13258772.59,664104.6007,936966.553,121705.9354,1287624.358,1312766.975,1028468.577,Reversión
2023-10-26,942571.4439,898686.9826,964970.3405,12831269.32,664104.6007,936966.553,117890.0895,1250028.744,1336820.379,1018935.139,Reversión
2023-10-27,944004.4127,900030.2266,966449.2354,12930819.63,664104.6007,936966.553,118772.4367,1258007.187,1354509.501,1018018.532,Reversión
2023-10-30,945762.4152,900790.7566,968854.0665,13021410.98,664104.6007,936966.553,113077.3171,1283147.586,1316417.121,1037100.545,Reversión
2023-10-31,944319.8834,899408.1936,967324.7133,12981488.05,664104.6007,936966.553,111177.6961,1277254.381,1311394.318,1033934.137,Reversión
2023-11-01,949920.2819,904021.633,973795.6019,13414516.59,664104.6007,936966.553,111920.5098,1322108.942,1284876.224,1053682.844,Reversión
2023-11-02,952538.613,906758.4056,976461.8771,13815735.63,664104.6007,940248.7285,118913.4958,1317954.426,1271005.094,1068760.91,Reversión
2023-11-03,953117.395,907229.6516,977331.576,14169005.57,664104.6007,936659.4009,119702.5948,1333768.129,1242029.937,1068760.91,Reversión
2023-11-06,952628.9126,906738.9185,976898.4381,14332062.26,664104.6007,928998.3943,119327.0943,1338855.406,1239451.289,1068760.91,Reversión
2023-11-07,952652.6198,906833.4425,976945.3134,14429456.8,664104.6007,909335.8234,120910.7148,1351659.089,1239772.631,1068760.91,Reversión
2023-11-08,952858.2566,906986.4565,977308.6371,14561860,664104.6007,913237.4468,120872.625,1355728.963,1233994.983,1068760.91,Reversión
2023-11-09,952693.9083,906301.9878,977281.6454,14490205.64,664104.6007,922632.6054,114271.4565,1358993.17,1238161.147,1068760.91,Reversión
2023-11-10,951878.7864,905576.3017,977214.5717,14885107.43,664104.6007,903842.2882,116812.8771,1393842.33,1204210.086,1068760.91,Reversión
2023-11-13,954610.9358,908408.4983,979870.526,15033537.93,664104.6007,909999.9515,121743.3509,1395623.341,1211197.787,1068760.91,Reversión
2023-11-14,956590.8677,910612.1606,982197.5082,15439666.71,664104.6007,886513.6283,129198.9116,1428233.436,1200335.247,1068760.91,Reversión
2023-11-15,954071.8747,908401.4848,980024.0298,15345932.95,664104.6007,886513.6283,130175.1851,1428233.436,1172972.112,1068760.91,Reversión
2023-11-16,953688.8479,908056.3739,979693.6329,15384421.17,664104.6007,886513.6283,130175.1851,1428233.436,1161513.211,1068760.91,Reversión
2023-11-17,953776.8077,908135.6265,979769.5065,15359463.98,664104.6007,886513.6283,130175.1851,1428233.436,1164075.085,1068760.91,Reversión
2023-11-20,953052.8328,907483.3179,979145.0095,15633402.31,664104.6007,886513.6283,130175.1851,1428233.436,1142783.025,1068760.91,Reversión
2023-11-21,953012.2357,907446.7396,979109.9907,15586562.85,664104.6007,886513.6283,130175.1851,1428233.436,1141692.58,1068760.91,Reversión
2023-11-22,952754.2768,907214.316,978887.4767,15288507.78,664104.6007,886513.6283,130175.1851,1428233.436,1134314.278,1068760.91,Reversión
2023-11-24,952622.3355,907095.4356,978773.6649,15097195.97,664104.6007,886513.6283,130175.1851,1428233.436,1130599.354,1068760.91,Reversión
2023-11-27,952655.3216,907125.1565,978802.1185,15198084.54,664104.6007,886513.6283,130175.1851,1428233.436,1131519.565,1068760.91,Reversión
2023-11-28,952669.6982,907138.1099,978814.5197,15234916.29,664104.6007,886513.6283,130175.1851,1428233.436,1131921.2,1068760.91,Reversión
2023-11-29,952822.7817,907276.0396,978946.5687,15245425.97,664104.6007,886513.6283,130175.1851,1428233.436,1136197.855,1068760.91,Reversión
2023-11-30,953095.1204,907521.4195,979181.4866,14892422.22,664104.6007,886513.6283,130175.1851,1428233.436,1143806.117,1068760.91,Reversión
2023-12-01,953791.1843,908148.58,979781.9077,14863347.35,664104.6007,886513.6283,130175.1851,1428233.436,1163251.885,1068760.91,Reversión
2023-12-04,954836.7895,909150.1671,980733.0802,14519815.81,664104.6007,886513.6283,130175.1851,1438723.629,1191227.44,1062413.3,Reversión
2023-12-05,957600.0029,911825.3597,983581.7592,14790741.12,679322.7632,886513.6283,130175.1851,1430946.132,1207770.649,1076549.173,Reversión
2023-12-06,954505.1289,908801.0884,980378.6102,14547657.75,663815.2378,886513.6283,130175.1851,1427169.579,1185427.647,1068577.386,Reversión
2023-12-07,962037.2819,915580.3038,988573.2603,14874747.98,679760.5492,886513.6283,130175.1851,1468260.388,1199411.952,1108447.124,Reversión
2023-12-08,964855.213,918406.7542,991696.981,15083119.46,693035.9465,886513.6283,130175.1851,1494038.747,1204082.194,1108447.124,Reversión
2023-12-11,964197.2947,917521.8377,990834.121,14837984.22,680212.5671,886513.6283,130175.1851,1494038.747,1220348.527,1108447.124,Reversión
2023-12-12,965898.9316,919365.0233,992631.9191,15044857.54,695238.7177,886513.6283,130175.1851,1494038.747,1228601.14,1108447.124,Reversión
2023-12-13,966348.8647,919909.2344,993162.6414,15192789.33,701526.3941,886513.6283,130175.1851,1494038.747,1224362.204,1108447.124,Reversión
2023-12-14,966710.1626,920316.1004,993559.4647,15348799.37,705348.4266,886513.6283,130175.1851,1494038.747,1224362.204,1108447.124,Reversión
2023-12-15,967153.9604,920784.2748,994101.9889,15509689.45,713226.1747,886513.6283,128827.493,1494038.747,1224362.204,1108447.124,Reversión
2023-12-18,968954.972,922829.666,996050.0473,15811428.01,730542.6649,886513.6283,129541.2356,1494038.747,1224362.204,1108447.124,Reversión
2023-12-19,967227.5405,920920.7189,994228.992,15795268.5,723642.2891,888904.9187,126934.9968,1471534.06,1224362.204,1108447.124,Reversión
2023-12-20,967027.7111,920652.6189,993786.944,15363678.61,701861.7658,898481.5243,131946.1837,1476212.462,1224362.204,1112082.042,Reversión
2023-12-21,965566.7171,919368.8399,992325.7674,15655867.3,714685.0335,888618.1761,128290.9444,1449122.253,1224362.204,1095557.275,Reversión
2023-12-22,965533.0653,919396.2573,992260.2375,15595217.32,712350.8818,891026.6559,129258.1976,1456226.929,1224362.204,1087175.459,Reversión
2023-12-26,965519.3946,919364.5607,992322.4694,15742050.88,718901.04,891083.9694,127242.4118,1450365.873,1224362.204,1086920.407,Tendencia
2023-12-27,965157.0134,918837.4247,992018.8819,15824255.75,721382.8081,891485.4265,124470.2852,1438169.684,1224362.204,1095744.059,Tendencia
2023-12-28,965137.7253,918815.001,991994.2704,15753316.56,721382.8081,891255.9974,124470.2852,1436030.53,1224362.204,1096818.295,Tendencia
2023-12-29,966148.8824,919725.7379,993117.8876,15679184.42,721382.8081,899513.6924,124470.2852,1453370.543,1224362.204,1100961.591,Tendencia
2024-01-02,967972.3394,921353.3925,995144.8152,15341435.42,721382.8081,911040.0948,124470.2852,1483874.304,1224362.204,1112624.304,Tendencia
2024-01-03,967727.6188,921154.7954,994894.2605,15103047.16,721382.8081,908548.3611,124470.2852,1491112.89,1224362.204,1106869.594,Tendencia
2024-01-04,966685.283,920130.4297,993753.7139,15165867.38,721382.8081,883382.7172,124470.2852,1480573.534,1224362.204,1126281.604,Tendencia
2024-01-05,966654.9163,920075.8928,993680.8928,15395757.73,721382.8081,885633.6348,124470.2852,1461364.416,1224362.204,1131345.725,Tendencia
2024-01-08,967928.3527,921324.9389,994988.5913,16141882.25,721382.8081,909170.8576,124470.2852,1434678.511,1224362.204,1107483.477,Tendencia
2024-01-09,967426.1442,920519.8164,994388.1088,16279214.86,693371.4045,923012.6267,124470.2852,1439570.116,1224362.204,1091293.939,Tendencia
2024-01-10,967085.2347,919913.3337,994026.0852,16551564.99,683025.442,937403.2618,123701.5112,1407203.195,1224362.204,1089558.122,Tendencia
2024-01-11,966131.6147,918276.9317,993469.7755,16601295.09,676769.3138,946244.9447,120148.1458,1414737.189,1224362.204,1098891.045,Tendencia
2024-01-12,961581.7422,913386.396,989112.6121,16493542.45,678143.0532,942830.2335,115598.3406,1396533.479,1224362.204,1094568.333,Tendencia
2024-01-16,962583.3113,914557.1339,989904.3799,16814525.48,665826.8997,933927.6069,118035.769,1422879.347,1224362.204,1095781.748,Tendencia
2024-01-17,960660.5195,912288.1911,988147.7492,16686588.26,668465.3673,925085.924,115695.5571,1419470.605,1224362.204,1111389.209,Tendencia
2024-01-18,958560.0355,909814.0864,986041.8713,16902107.1,655941.5713,936000.8111,113725.701,1390401.484,1224362.204,1111389.209,Tendencia
2024-01-19,957498.6545,908741.0194,984782.4682,17428933.15,640527.9691,947220.603,113892.0909,1372418.444,1224362.204,1097424.658,Tendencia
2024-01-22,956884.7517,907893.9302,984470.0072,17422123.13,643936.4217,943805.8918,112072.523,1392504.956,1224362.204,1100096.861,Tendencia
2024-01-23,956887.8201,907934.5396,984390.6504,17497422.38,641603.1398,951367.1045,112255.0146,1380421.345,1224362.204,1092303.313,Tendencia
2024-01-24,953364.2598,904239.9831,980528.0988,17890798.71,616000.023,956550.1151,111551.8789,1360996.455,1224362.204,1072646.372,Tendencia
2024-01-25,944809.6196,894786.8912,972977.2268,17713732.73,622463.7513,961916.143,101693.3992,1352334.227,1200568.074,1058457.635,Tendencia
2024-01-26,944407.6596,894480.1717,973019.5361,17622073.78,628246.0188,976103.8353,100334.5032,1338601.26,1173780.693,1056260.93,Tendencia
2024-01-29,944244.7864,894510.0453,972431.1918,18039332.88,614096.1642,976103.8353,104539.5141,1338601.26,1163205.151,1047078.514,Tendencia
2024-01-30,946330.2259,896244.2378,974288.2504,18068894.32,611011.9176,976103.8353,104900.8846,1338601.26,1189755.856,1061227.357,Tendencia
2024-01-31,949102.7407,898513.3942,977727.5632,17680379.55,623100.9805,976103.8353,102546.5126,1338601.26,1187170.556,1113968.655,Tendencia
2024-02-01,948114.1634,897442.9393,976605.553,18046148.7,608559.1003,976103.8353,103406.1355,1338601.26,1180194.318,1113968.655,Tendencia
2024-02-02,947033.2056,896112.8031,975363.3834,18878828.18,592651.2033,976103.8353,102885.9856,1338601.26,1186083.056,1113968.655,Tendencia
2024-02-05,945780.1587,894678.0671,974343.5952,19428095.18,582307.1049,976103.8353,99135.41558,1366719.958,1191376.775,1113968.655,Tendencia
2024-02-06,948541.7995,897601.2224,976988.7838,19222274.18,591404.8401,976103.8353,101347.4333,1380064.223,1204057.11,1113968.655,Tendencia
2024-02-07,946205.6935,895030.414,974203.2834,19680178.66,575786.5927,976103.8353,102705.3004,1337755.195,1197039.857,1113968.655,Tendencia
2024-02-08,946236.1896,895033.6558,974104.1323,19604863.3,571969.4722,976103.8353,103353.4356,1336588.676,1198619.762,1113968.655,Tendencia
2024-02-09,946130.8595,894990.9776,974078.3621,20202785.17,571969.4722,976103.8353,103353.4356,1341765.345,1192895.159,1113968.655,Tendencia
2024-02-12,946083.2418,894930.0152,974015.8519,20145342.79,571969.4722,976103.8353,103353.4356,1339546.82,1193427.727,1113968.655,Tendencia
2024-02-13,946904.0605,895858.2822,974943.7603,20026513.6,571969.4722,976103.8353,103353.4356,1364203.495,1193427.727,1113968.655,Tendencia
2024-02-14,945673.7628,894466.9338,973552.9494,20518912.77,571969.4722,976103.8353,103353.4356,1327246.429,1193427.727,1113968.655,Tendencia
2024-02-15,944668.7816,893330.3968,972416.8514,20410367.84,571969.4722,976103.8353,103353.4356,1297282.521,1193427.727,1113968.655,Tendencia
2024-02-16,945670.027,894462.709,973548.7262,20352591.64,571969.4722,976103.8353,103353.4356,1326886.222,1193427.727,1113968.655,Tendencia
2024-02-20,946947.4367,895542.6754,974989.6682,19604883.44,571969.4722,976103.8353,103353.4356,1331200.292,1193427.727,1124208.709,Tendencia
2024-02-21,948506.5851,896900.2447,976748.7548,19212662.13,571969.4722,976103.8353,103353.4356,1340057.347,1193427.727,1135600.55,Tendencia
2024-02-22,948167.2372,896079.5869,976361.3864,21619898.07,571969.4722,976103.8353,103353.4356,1290430.233,1193427.727,1147868.808,Tendencia
2024-02-23,948259.0312,896282.6399,976466.666,21608331.76,585206.2218,976103.8353,103353.4356,1268913.781,1193427.727,1146833.108,Tendencia
2024-02-26,942497.0338,891569.9967,969968.29,21720436.05,583261.7132,976103.8353,103353.4356,1268913.781,1193427.727,1095928.334,Tendencia
2024-02-27,943850.4471,892741.9623,971495.341,21672527.27,586026.4743,976103.8353,103353.4356,1268913.781,1193427.727,1106364.36,Tendencia
2024-02-28,942028.0115,891483.5096,969494.642,21457770.18,593366.0057,976103.8353,103353.4356,1268913.781,1190557.385,1086448.121,Tendencia
2024-02-29,942405.6189,891535.804,970152.3502,21802851.74,583120.3967,976103.8353,103353.4356,1268913.781,1177556.532,1103018.092,Tendencia
2024-03-01,938449.6809,887765.9085,966072.2142,22512398.89,560726.9242,976103.8353,103353.4356,1268913.781,1156895.428,1092502.548,Tendencia
2024-03-04,933711.3681,883411.4312,960552.6333,22932425.78,543303.3488,976103.8353,103353.4356,1268913.781,1166102.882,1056611.859,Tendencia
2024-03-05,935512.0854,884781.4493,961984.9468,22942182.86,543303.3488,976103.8353,103353.4356,1268913.781,1198318.578,1056611.859,Tendencia
2024-03-06,935596.2478,884845.4815,962051.8907,23461305.24,543303.3488,976103.8353,103353.4356,1268913.781,1199824.283,1056611.859,Tendencia
2024-03-07,935674.4463,885139.4399,962115.8811,24377820.75,543303.3488,976103.8353,105770.2248,1268913.781,1179710.392,1056611.859,Tendencia
2024-03-08,936468.0457,886154.4054,963204.4135,23259339.84,561573.9151,976103.8353,103810.5316,1268913.781,1186569.992,1056611.859,Tendencia
2024-03-11,937588.0696,887146.1137,964096.3606,22873722.06,561573.9151,976103.8353,105249.2245,1268913.781,1193801.32,1056611.859,Tendencia
2024-03-12,936465.6501,886278.9455,963203.4729,24203539.97,561573.9151,976103.8353,105113.0459,1268913.781,1174932.882,1056611.859,Tendencia
2024-03-13,934260.7325,884138.457,961446.1183,23905069.81,561573.9151,976103.8353,100341.102,1268913.781,1177963.014,1056611.859,Tendencia
2024-03-14,932173.3458,882215.4555,959783.2272,23244223.59,561573.9151,976103.8353,96889.24479,1268913.781,1171345.158,1056611.859,Tendencia
2024-03-15,933990.5107,883624.6868,961507.6837,23179980.33,561573.9151,976103.8353,97011.4528,1268913.781,1184454.629,1065068.14,Tendencia
2024-03-18,929339.5905,880474.5523,955920.9967,23488975.4,561573.9151,976103.8353,103078.7433,1268913.781,1161300.805,1008669.028,Tendencia
2024-03-19,929053.6278,880168.3214,955920.7584,23663462.47,561573.9151,976103.8353,101607.8869,1268913.781,1156951.353,1015093.202,Tendencia
2024-03-20,928358.0984,879792.3746,954956.6152,23957305.67,561573.9151,976103.8353,104181.8878,1268913.781,1144088.117,1003466.13,Tendencia
2024-03-21,930535.0939,881594.7564,956950.7272,24136973.67,561573.9151,976103.8353,105481.9762,1268913.781,1152908.737,1010971.991,Tendencia
2024-03-22,927380.1423,879085.7342,953697.5865,24733720.6,561573.9151,976103.8353,105481.9762,1268913.781,1143340.152,989796.0469,Tendencia
2024-03-25,927520.6469,878978.4688,953810.4827,24890850.56,554538.1632,976103.8353,105481.9762,1268913.781,1144333.126,994469.6548,Tendencia
2024-03-26,926545.332,878654.2761,952855.9641,24428108.39,568299.7394,976103.8353,105481.9762,1268913.781,1141119.494,979899.5301,Tendencia
2024-03-27,929293.1384,881285.1194,955411.5328,23955773.29,583623.2483,976103.8353,105481.9762,1268913.781,1169482.273,979899.5301,Tendencia
2024-03-28,929061.5561,881108.9274,955227.3293,23913471.36,583623.2483,976103.8353,105481.9762,1268913.781,1165458.517,979899.5301,Tendencia
2024-04-01,929061.5561,881108.9274,955227.3293,23951400.71,583623.2483,976103.8353,105481.9762,1268913.781,1165458.517,979899.5301,Tendencia
2024-04-02,929061.5561,881108.9274,955227.3293,23672348.28,583623.2483,976103.8353,105481.9762,1268913.781,1165458.517,979899.5301,Tendencia
2024-04-03,929061.5561,881108.9274,955227.3293,23640238.08,583623.2483,976103.8353,105481.9762,1268913.781,1165458.517,979899.5301,Tendencia
2024-04-04,930163.9842,882110.6284,956619.7248,22993453.61,583623.2483,996078.3859,105481.9762,1268913.781,1165458.517,979899.5301,Tendencia
2024-04-05,929602.8688,881927.2489,955782.3742,23449843.7,590557.8025,969216.0204,105481.9762,1268913.781,1165458.517,979899.5301,Tendencia
2024-04-08,928787.5833,880910.0366,954861.5721,23344055.84,584686.3598,968260.283,105481.9762,1268913.781,1165458.517,979899.5301,Tendencia
2024-04-09,927060.9529,878779.1616,952902.255,23010056.37,572748.7368,965762.4683,105481.9762,1268913.781,1165458.517,979899.5301,Tendencia
2024-04-10,928481.5269,880602.2481,954486.7168,23306813.95,584055.5805,964330.2756,105481.9762,1268913.781,1165458.517,979899.5301,Tendencia
2024-04-11,930764.4773,883806.6115,956924.8562,24128873.6,608058.153,948473.7567,105481.9762,1268913.781,1165458.517,979899.5301,Tendencia
2024-04-12,929451.6016,881846.0285,955569.1635,23537607.33,591752.1039,963361.7472,105481.9762,1268913.781,1165458.517,979899.5301,Tendencia
2024-04-15,928237.3114,880052.4277,954307.4853,22912207.63,577090.2087,976134.6986,105481.9762,1268913.781,1165458.517,979899.5301,Tendencia
2024-04-16,928613.8944,880496.944,954742.7911,23167756.02,579264.0537,977661.2781,105481.9762,1268913.781,1165458.517,979899.5301,Tendencia
2024-04-17,929210.4363,881038.9807,955496.239,22429758.43,579264.0537,988042.4847,105481.9762,1268913.781,1165458.517,979899.5301,Tendencia
2024-04-18,929452.1375,881120.0921,955849.7222,22499791.37,576505.032,998525.4115,105481.9762,1268913.781,1165458.517,979899.5301,Tendencia
2024-04-19,922666.8295,873108.9581,948282.7204,20566879.49,539778.0426,975621.1123,103992.4824,1268913.781,1165458.517,979899.5301,Tendencia
2024-04-22,921419.2568,871833.8115,947414.5508,21221261.5,548864.1505,990146.7144,100456.5259,1246652.597,1172331.957,979899.5301,Tendencia
2024-04-23,934171.9615,885247.218,960490.0376,21929738.08,568915.5613,1003052.185,102316.4317,1283840.074,1221267.251,979899.5301,Tendencia
2024-04-24,935035.1732,886137.2976,960342.8069,21504610.39,549961.7257,986571.1724,114656.9284,1313147.457,1173431.192,979899.5301,Tendencia
2024-04-25,941697.4667,893336.8108,966260.8241,22106048,570358.2577,970257.7567,120349.8097,1313147.457,1193893.067,979899.5301,Tendencia
2024-04-26,944676.1193,897067.9425,970318.4701,23209343.72,586643.6343,1003499.138,119013.2186,1316944.765,1186346.715,979899.5301,Tendencia
