k,train_inicio,train_fin,activo,estudio,valido,motivo_fallback,calmar_robusto,calmar_argmax,ema_fast,argmax_ema_fast,ema_gap,argmax_ema_gap,rsi_window,argmax_rsi_window,rsi_lower,argmax_rsi_lower,rsi_upper,argmax_rsi_upper,bb_window,argmax_bb_window,max_hold,argmax_max_hold,bb_k,argmax_bb_k,m_sl,argmax_m_sl,m_tp,argmax_m_tp,variante
0,2015-07-01,2015-12-31,NVDA,global,True,,-0.4469943084,-0.4014641105,9,11,56,58,12,12,37,38,64,64,39,39,5,5,1.700047102,1.6632294,2.011816828,1.935675566,5.582955929,5.990444252,por_activo
0,2015-07-01,2015-12-31,NVDA,Tendencia,False,ningún trial con ≥ 5 operaciones,,,,,,,,,,,,,,,,,,,,,,,por_activo
0,2015-07-01,2015-12-31,NVDA,Reversión,True,,7.00895082,7.00895082,18,18,24,24,10,10,38,38,68,68,29,29,20,20,1.889235207,1.889235207,1.705486748,1.705486748,3.473430121,3.473430121,por_activo
0,2015-07-01,2015-12-31,NVDA,Crisis,False,ningún trial con ≥ 5 operaciones,,,,,,,,,,,,,,,,,,,,,,,por_activo
0,2015-07-01,2015-12-31,AMZN,global,True,,0.7171180185,4.920411566,26,26,72,70,26,27,24,25,68,68,12,11,10,10,1.589954013,1.501879329,1.228607547,1.330713435,1.617102707,1.510572,por_activo
0,2015-07-01,2015-12-31,AMZN,Tendencia,False,ningún trial con ≥ 5 operaciones,,,,,,,,,,,,,,,,,,,,,,,por_activo
0,2015-07-01,2015-12-31,AMZN,Reversión,True,,-0.5019229566,-0.4233244667,29,30,65,59,14,13,29,30,61,62,10,10,37,32,1.599640204,1.631191028,2.910220924,3.066958045,5.499415287,5.270605998,por_activo
0,2015-07-01,2015-12-31,AMZN,Crisis,False,ningún trial con ≥ 5 operaciones,,,,,,,,,,,,,,,,,,,,,,,por_activo
0,2015-07-01,2015-12-31,TSLA,global,False,,,,,,,,,,,,,,,,,,,,,,,,por_activo
0,2015-07-01,2015-12-31,TSLA,Tendencia,False,ningún trial con ≥ 5 operaciones,,,,,,,,,,,,,,,,,,,,,,,por_activo
0,2015-07-01,2015-12-31,TSLA,Reversión,False,ningún trial con ≥ 5 operaciones,,,,,,,,,,,,,,,,,,,,,,,por_activo
0,2015-07-01,2015-12-31,TSLA,Crisis,False,ningún trial con ≥ 5 operaciones,,,,,,,,,,,,,,,,,,,,,,,por_activo
0,2015-07-01,2015-12-31,META,global,False,,,,,,,,,,,,,,,,,,,,,,,,por_activo
0,2015-07-01,2015-12-31,META,Tendencia,False,ningún trial con ≥ 5 operaciones,,,,,,,,,,,,,,,,,,,,,,,por_activo
0,2015-07-01,2015-12-31,META,Reversión,True,,-0.3721708225,-0.3721708225,6,6,94,94,8,8,22,22,78,78,29,29,8,8,2.396421361,2.396421361,1.032706795,1.032706795,2.634324878,2.634324878,por_activo
0,2015-07-01,2015-12-31,META,Crisis,False,ningún trial con ≥ 5 operaciones,,,,,,,,,,,,,,,,,,,,,,,por_activo
0,2015-07-01,2015-12-31,NFLX,global,True,,19.73743099,25.84110095,26,28,23,23,14,13,39,40,65,65,23,23,34,31,1.676713345,1.676713345,1.322866827,1.114603069,1.34912745,1.430024048,por_activo
0,2015-07-01,2015-12-31,NFLX,Tendencia,False,ningún trial con ≥ 5 operaciones,,,,,,,,,,,,,,,,,,,,,,,por_activo
0,2015-07-01,2015-12-31,NFLX,Reversión,True,,5.531394879,5.919875282,17,15,28,19,13,13,40,40,62,63,34,33,29,32,1.677083725,1.760194936,3.949382942,3.907178141,3.570809536,3.502112416,por_activo
0,2015-07-01,2015-12-31,NFLX,Crisis,False,ningún trial con ≥ 5 operaciones,,,,,,,,,,,,,,,,,,,,,,,por_activo
0,2015-07-01,2015-12-31,GOOGL,global,True,,8.869675511,10.74944032,19,19,54,54,17,17,22,21,60,61,16,17,13,5,1.725947722,1.725947722,2.03573159,2.107551223,5.146222357,3.740386327,por_activo
0,2015-07-01,2015-12-31,GOOGL,Tendencia,False,ningún trial con ≥ 5 operaciones,,,,,,,,,,,,,,,,,,,,,,,por_activo
0,2015-07-01,2015-12-31,GOOGL,Reversión,True,,9.196480262,11.39085341,12,11,70,69,7,7,39,39,71,72,11,11,38,38,2.306355739,2.462215954,1.083678161,1.087736399,4.45567878,4.620567849,por_activo
0,2015-07-01,2015-12-31,GOOGL,Crisis,False,ningún trial con ≥ 5 operaciones,,,,,,,,,,,,,,,,,,,,,,,por_activo
1,2015-08-03,2016-01-29,NVDA,global,False,,,,,,,,,,,,,,,,,,,,,,,,por_activo
1,2015-08-03,2016-01-29,NVDA,Tendencia,True,,1.253668602,0.6329965593,29,25,18,16,8,8,22,22,66,60,20,21,34,34,1.78324381,1.776776575,1.347026655,1.235272757,1.451433578,1.54068356,por_activo
1,2015-08-03,2016-01-29,NVDA,Reversión,False,19 días < 20,,,,,,,,,,,,,,,,,,,,,,,por_activo
1,2015-08-03,2016-01-29,NVDA,Crisis,False,ningún trial con ≥ 5 operaciones,,,,,,,,,,,,,,,,,,,,,,,por_activo
1,2015-08-03,2016-01-29,AMZN,global,True,,4.353092357,4.551471771,28,30,70,77,8,7,37,36,66,64,16,16,13,13,2.147688278,2.18139672,1.035185017,1.01373818,5.146586607,5.201373393,por_activo
1,2015-08-03,2016-01-29,AMZN,Tendencia,True,,4.112821602,4.253665536,6,5,86,88,16,17,32,31,60,60,17,17,22,21,1.579468917,1.634129598,2.726998225,2.721437049,4.067016527,4.272845643,por_activo
1,2015-08-03,2016-01-29,AMZN,Reversión,False,19 días < 20,,,,,,,,,,,,,,,,,,,,,,,por_activo
1,2015-08-03,2016-01-29,AMZN,Crisis,False,ningún trial con ≥ 5 operaciones,,,,,,,,,,,,,,,,,,,,,,,por_activo
1,2015-08-03,2016-01-29,TSLA,global,True,,8.75179405,9.794259028,13,12,22,20,7,8,35,34,60,60,24,20,6,5,1.533064112,1.509678096,2.191538559,2.052513581,5.708431487,5.545494076,por_activo
1,2015-08-03,2016-01-29,TSLA,Tendencia,False,ningún trial con ≥ 5 operaciones,,,,,,,,,,,,,,,,,,,,,,,por_activo
1,2015-08-03,2016-01-29,TSLA,Reversión,False,19 días < 20,,,,,,,,,,,,,,,,,,,,,,,por_activo
1,2015-08-03,2016-01-29,TSLA,Crisis,False,ningún trial con ≥ 5 operaciones,,,,,,,,,,,,,,,,,,,,,,,por_activo
1,2015-08-03,2016-01-29,META,global,True,,-1.055092082,-1.006456598,19,23,33,79,9,17,33,37,69,61,16,39,32,33,1.628605849,2.043853425,1.924337072,1.25990771,3.628407634,2.762324453,por_activo
1,2015-08-03,2016-01-29,META,Tendencia,True,,-0.8348541607,-0.7941152374,28,23,71,70,8,8,33,31,73,72,28,30,19,15,1.55704685,1.54097399,1.118895018,1.094691701,1.941039132,1.948860376,por_activo
1,2015-08-03,2016-01-29,META,Reversión,False,19 días < 20,,,,,,,,,,,,,,,,,,,,,,,por_activo
1,2015-08-03,2016-01-29,META,Crisis,False,ningún trial con ≥ 5 operaciones,,,,,,,,,,,,,,,,,,,,,,,por_activo
1,2015-08-03,2016-01-29,NFLX,global,True,,5.158159852,12.86981623,25,23,95,96,10,10,38,39,66,63,19,19,37,38,1.604111528,1.514978304,1.678861566,1.484062438,1.350601581,1.707027213,por_activo
1,2015-08-03,2016-01-29,NFLX,Tendencia,False,ningún trial con ≥ 5 operaciones,,,,,,,,,,,,,,,,,,,,,,,por_activo
1,2015-08-03,2016-01-29,NFLX,Reversión,False,19 días < 20,,,,,,,,,,,,,,,,,,,,,,,por_activo
1,2015-08-03,2016-01-29,NFLX,Crisis,False,ningún trial con ≥ 5 operaciones,,,,,,,,,,,,,,,,,,,,,,,por_activo
1,2015-08-03,2016-01-29,GOOGL,global,False,,,,,,,,,,,,,,,,,,,,,,,,por_activo
1,2015-08-03,2016-01-29,GOOGL,Tendencia,True,,2.732973939,3.625319395,19,22,79,79,16,17,33,31,61,62,26,26,10,8,1.536913988,1.642213615,1.516522235,2.325733147,5.445283209,5.830087433,por_activo
1,2015-08-03,2016-01-29,GOOGL,Reversión,False,19 días < 20,,,,,,,,,,,,,,,,,,,,,,,por_activo
1,2015-08-03,2016-01-29,GOOGL,Crisis,False,ningún trial con ≥ 5 operaciones,,,,,,,,,,,,,,,,,,,,,,,por_activo
2,2015-09-01,2016-02-29,NVDA,global,False,,,,,,,,,,,,,,,,,,,,,,,,por_activo
2,2015-09-01,2016-02-29,NVDA,Tendencia,False,ningún trial con ≥ 5 operaciones,,,,,,,,,,,,,,,,,,,,,,,por_activo
2,2015-09-01,2016-02-29,NVDA,Reversión,True,,2.583563588,6.459540572,8,8,39,39,19,21,26,28,66,66,11,10,7,5,1.6754891,1.658315013,1.173602037,1.372923282,3.441770548,3.441770548,por_activo
2,2015-09-01,2016-02-29,NVDA,Crisis,False,ningún trial con ≥ 5 operaciones,,,,,,,,,,,,,,,,,,,,,,,por_activo
2,2015-09-01,2016-02-29,AMZN,global,True,,15.81297089,16.65551303,17,18,22,12,7,7,29,28,60,61,14,14,20,18,1.871053219,1.843251821,1.31334165,1.419604278,3.684888598,3.59095202,por_activo
2,2015-09-01,2016-02-29,AMZN,Tendencia,True,,1.343651422,1.454651021,14,15,54,57,9,8,28,28,62,62,11,11,36,40,1.633610358,1.637820801,1.044453365,1.012884454,4.158119974,4.158119974,por_activo
2,2015-09-01,2016-02-29,AMZN,Reversión,True,,1.933221172,2.197096833,29,29,24,27,15,15,36,36,73,72,38,38,25,23,1.62116687,1.708486782,1.208790198,1.124840367,3.232086132,3.515621962,por_activo
2,2015-09-01,2016-02-29,AMZN,Crisis,False,ningún trial con ≥ 5 operaciones,,,,,,,,,,,,,,,,,,,,,,,por_activo
2,2015-09-01,2016-02-29,TSLA,global,True,,0.7716990589,1.120414609,28,28,44,43,10,9,36,36,61,60,29,27,12,12,1.55860545,1.592098965,1.397384665,1.459258195,3.912607343,3.912607343,por_activo
2,2015-09-01,2016-02-29,TSLA,Tendencia,False,ningún trial con ≥ 5 operaciones,,,,,,,,,,,,,,,,,,,,,,,por_activo
2,2015-09-01,2016-02-29,TSLA,Reversión,True,,3.628395656,16.06945622,10,10,89,78,9,16,25,24,77,66,19,12,9,5,1.738990047,1.617996698,1.328202878,1.052445819,1.392034736,1.392034736,por_activo
2,2015-09-01,2016-02-29,TSLA,Crisis,False,ningún trial con ≥ 5 operaciones,,,,,,,,,,,,,,,,,,,,,,,por_activo
2,2015-09-01,2016-02-29,META,global,False,,,,,,,,,,,,,,,,,,,,,,,,por_activo
2,2015-09-01,2016-02-29,META,Tendencia,True,,-0.1991357816,0.1120311669,15,18,14,14,14,16,38,37,77,77,38,35,29,31,1.662686992,1.667886424,1.109254173,1.037347057,2.40015639,2.101875957,por_activo
2,2015-09-01,2016-02-29,META,Reversión,True,,2.050330205,2.007168864,22,21,76,80,9,9,24,24,74,74,16,13,37,38,1.702958987,1.723304304,1.977070363,1.839559879,5.810874053,5.953775161,por_activo
2,2015-09-01,2016-02-29,META,Crisis,False,ningún trial con ≥ 5 operaciones,,,,,,,,,,,,,,,,,,,,,,,por_activo
2,2015-09-01,2016-02-29,NFLX,global,True,,9.341430221,12.86896607,28,28,80,80,9,9,39,40,62,62,13,13,10,9,1.713303127,1.689709669,3.601517684,3.742052738,2.561653384,2.825901759,por_activo
2,2015-09-01,2016-02-29,NFLX,Tendencia,False,ningún trial con ≥ 5 operaciones,,,,,,,,,,,,,,,,,,,,,,,por_activo
2,2015-09-01,2016-02-29,NFLX,Reversión,True,,13.84323701,14.68756443,16,16,17,17,16,14,36,36,68,66,11,11,38,37,1.837715085,1.870806733,1.389254321,1.390308885,3.264260914,3.68324137,por_activo
2,2015-09-01,2016-02-29,NFLX,Crisis,False,ningún trial con ≥ 5 operaciones,,,,,,,,,,,,,,,,,,,,,,,por_activo
2,2015-09-01,2016-02-29,GOOGL,global,False,,,,,,,,,,,,,,,,,,,,,,,,por_activo
2,2015-09-01,2016-02-29,GOOGL,Tendencia,True,,0.4327105668,0.4327105668,5,5,71,71,24,24,34,34,61,61,17,17,23,23,1.796538055,1.796538055,1.361331102,1.361331102,3.9103004,3.9103004,por_activo
2,2015-09-01,2016-02-29,GOOGL,Reversión,False,ningún trial con ≥ 5 operaciones,,,,,,,,,,,,,,,,,,,,,,,por_activo
2,2015-09-01,2016-02-29,GOOGL,Crisis,False,ningún trial con ≥ 5 operaciones,,,,,,,,,,,,,,,,,,,,,,,por_activo
3,2015-10-01,2016-03-31,NVDA,global,True,,0.001704219332,0.8706450572,26,17,32,10,18,20,34,34,63,67,30,28,35,33,1.596939252,1.7433873,1.230300797,1.230300797,1.149103218,1.084624151,por_activo
3,2015-10-01,2016-03-31,NVDA,Tendencia,True,,1.910316403,2.260260206,10,9,53,54,20,19,24,24,63,64,13,13,26,24,1.549586761,1.543611043,3.202722367,3.12742594,3.031499118,3.359242501,por_activo
3,2015-10-01,2016-03-31,NVDA,Reversión,True,,1.475840086,2.247410701,27,10,85,71,18,18,23,33,61,70,26,10,36,34,1.921104849,1.58950672,1.106706081,3.876206556,5.767160475,3.168500776,por_activo
3,2015-10-01,2016-03-31,NVDA,Crisis,False,ningún trial con ≥ 5 operaciones,,,,,,,,,,,,,,,,,,,,,,,por_activo
3,2015-10-01,2016-03-31,AMZN,global,True,,3.361780189,4.855947994,9,11,85,76,19,17,32,31,62,61,13,13,36,38,1.733497937,1.802677324,1.129545266,1.303324113,4.6713965,4.429659517,por_activo
3,2015-10-01,2016-03-31,AMZN,Tendencia,True,,1.078650079,1.425635074,14,14,25,31,16,18,39,38,61,60,38,36,20,20,1.769606596,1.833315629,1.084790619,1.027489496,2.756448127,2.875742129,por_activo
3,2015-10-01,2016-03-31,AMZN,Reversión,True,,10.21862744,10.60802062,6,8,53,53,14,14,32,30,71,71,13,12,26,23,1.601069132,1.668949293,2.504922604,2.616649932,3.242372778,3.292528099,por_activo
3,2015-10-01,2016-03-31,AMZN,Crisis,False,ningún trial con ≥ 5 operaciones,,,,,,,,,,,,,,,,,,,,,,,por_activo
3,2015-10-01,2016-03-31,TSLA,global,True,,0.492750022,0.6421328232,9,8,93,93,9,9,22,22,61,61,31,31,5,5,1.537730755,1.502181015,1.436344283,1.550317074,3.673858247,3.673858247,por_activo
3,2015-10-01,2016-03-31,TSLA,Tendencia,False,ningún trial con ≥ 5 operaciones,,,,,,,,,,,,,,,,,,,,,,,por_activo
3,2015-10-01,2016-03-31,TSLA,Reversión,True,,1.240741305,10.71089921,28,26,74,21,14,10,38,22,78,63,37,14,34,34,1.985676635,1.53966969,1.498326974,2.910354727,2.82250165,1.445024254,por_activo
3,2015-10-01,2016-03-31,TSLA,Crisis,False,ningún trial con ≥ 5 operaciones,,,,,,,,,,,,,,,,,,,,,,,por_activo
3,2015-10-01,2016-03-31,META,global,False,,,,,,,,,,,,,,,,,,,,,,,,por_activo
3,2015-10-01,2016-03-31,META,Tendencia,True,,0.1668321434,0.2588916698,22,22,90,83,10,10,20,20,64,64,36,38,37,39,1.590307273,1.619874476,1.059766646,1.045144518,4.069846026,4.19407352,por_activo
3,2015-10-01,2016-03-31,META,Reversión,True,,5.918121416,6.18199933,24,25,16,16,26,28,38,38,61,60,11,10,22,21,1.799196873,1.877459774,1.06517952,1.014357566,2.956731741,2.811731115,por_activo
3,2015-10-01,2016-03-31,META,Crisis,False,ningún trial con ≥ 5 operaciones,,,,,,,,,,,,,,,,,,,,,,,por_activo
3,2015-10-01,2016-03-31,NFLX,global,True,,6.096687765,10.87407098,29,27,89,96,9,8,33,32,70,70,12,12,5,5,1.74930976,1.668152528,1.626096569,1.621870023,3.495989725,3.404465212,por_activo
3,2015-10-01,2016-03-31,NFLX,Tendencia,False,ningún trial con ≥ 5 operaciones,,,,,,,,,,,,,,,,,,,,,,,por_activo
3,2015-10-01,2016-03-31,NFLX,Reversión,True,,20.20910969,22.34333906,6,5,21,13,10,11,39,38,62,61,11,11,12,13,1.985309993,1.993991131,1.227463771,2.290447568,2.112396283,2.104321742,por_activo
3,2015-10-01,2016-03-31,NFLX,Crisis,False,ningún trial con ≥ 5 operaciones,,,,,,,,,,,,,,,,,,,,,,,por_activo
3,2015-10-01,2016-03-31,GOOGL,global,False,,,,,,,,,,,,,,,,,,,,,,,,por_activo
3,2015-10-01,2016-03-31,GOOGL,Tendencia,True,,1.238992595,2.991008397,27,26,76,76,10,10,39,39,61,61,13,12,10,10,1.957672839,1.957672839,1.583216313,1.676081438,5.547944394,5.547944394,por_activo
3,2015-10-01,2016-03-31,GOOGL,Reversión,True,,-0.7828698623,-0.4797512116,30,25,55,48,18,9,38,20,62,64,36,20,37,5,1.695413988,1.650079607,1.069803987,2.48036744,5.377074439,3.204428336,por_activo
3,2015-10-01,2016-03-31,GOOGL,Crisis,False,ningún trial con ≥ 5 operaciones,,,,,,,,,,,,,,,,,,,,,,,por_activo
4,2015-11-02,2016-04-29,NVDA,global,True,,-0.2682804993,1.27420915,10,10,90,89,17,18,28,29,63,63,10,10,36,36,1.645733681,1.601124579,1.358382425,1.230487707,1.331144548,1.543159859,por_activo
4,2015-11-02,2016-04-29,NVDA,Tendencia,True,,2.310643955,2.641415185,20,21,74,77,8,7,21,22,61,60,14,14,30,32,1.554181574,1.554181574,1.27898262,1.176222233,1.742452692,1.742452692,por_activo
4,2015-11-02,2016-04-29,NVDA,Reversión,False,ningún trial con ≥ 5 operaciones,,,,,,,,,,,,,,,,,,,,,,,por_activo
4,2015-11-02,2016-04-29,NVDA,Crisis,False,ningún trial con ≥ 5 operaciones,,,,,,,,,,,,,,,,,,,,,,,por_activo
4,2015-11-02,2016-04-29,AMZN,global,True,,4.485050379,6.851408252,16,18,86,78,8,8,40,38,62,63,13,14,24,21,1.613042304,1.839498273,1.875748816,2.009311813,2.422472905,2.979595326,por_activo
4,2015-11-02,2016-04-29,AMZN,Tendencia,True,,1.306929813,1.364009886,10,14,18,21,13,10,38,38,62,62,25,25,38,36,1.953746497,1.937481129,1.039840823,1.016246108,4.05221909,4.003681744,por_activo
4,2015-11-02,2016-04-29,AMZN,Reversión,False,ningún trial con ≥ 5 operaciones,,,,,,,,,,,,,,,,,,,,,,,por_activo
4,2015-11-02,2016-04-29,AMZN,Crisis,False,ningún trial con ≥ 5 operaciones,,,,,,,,,,,,,,,,,,,,,,,por_activo
4,2015-11-02,2016-04-29,TSLA,global,False,,,,,,,,,,,,,,,,,,,,,,,,por_activo
4,2015-11-02,2016-04-29,TSLA,Tendencia,False,ningún trial con ≥ 5 operaciones,,,,,,,,,,,,,,,,,,,,,,,por_activo
4,2015-11-02,2016-04-29,TSLA,Reversión,True,,-1.573341404,-1.472059329,26,26,72,71,26,25,38,35,70,66,14,16,14,17,1.624566923,1.506564923,1.206413002,1.187617185,4.51352266,4.450360618,por_activo
4,2015-11-02,2016-04-29,TSLA,Crisis,False,ningún trial con ≥ 5 operaciones,,,,,,,,,,,,,,,,,,,,,,,por_activo
4,2015-11-02,2016-04-29,META,global,False,,,,,,,,,,,,,,,,,,,,,,,,por_activo
4,2015-11-02,2016-04-29,META,Tendencia,True,,1.868083978,1.837742804,29,30,93,90,11,10,35,36,75,75,31,31,11,11,1.58893664,1.565438288,1.086135505,1.126695418,5.795719961,5.984877931,por_activo
4,2015-11-02,2016-04-29,META,Reversión,False,ningún trial con ≥ 5 operaciones,,,,,,,,,,,,,,,,,,,,,,,por_activo
4,2015-11-02,2016-04-29,META,Crisis,False,ningún trial con ≥ 5 operaciones,,,,,,,,,,,,,,,,,,,,,,,por_activo
4,2015-11-02,2016-04-29,NFLX,global,True,,-1.13696729,-1.13696729,25,25,88,88,7,7,33,33,62,62,37,37,30,30,2.224692551,2.224692551,1.221555049,1.221555049,5.740175689,5.740175689,por_activo
4,2015-11-02,2016-04-29,NFLX,Tendencia,False,ningún trial con ≥ 5 operaciones,,,,,,,,,,,,,,,,,,,,,,,por_activo
4,2015-11-02,2016-04-29,NFLX,Reversión,False,ningún trial con ≥ 5 operaciones,,,,,,,,,,,,,,,,,,,,,,,por_activo
4,2015-11-02,2016-04-29,NFLX,Crisis,False,ningún trial con ≥ 5 operaciones,,,,,,,,,,,,,,,,,,,,,,,por_activo
4,2015-11-02,2016-04-29,GOOGL,global,False,,,,,,,,,,,,,,,,,,,,,,,,por_activo
4,2015-11-02,2016-04-29,GOOGL,Tendencia,True,,-0.3896218126,-0.3896218126,11,11,90,90,7,7,39,39,68,68,10,10,5,5,1.588569399,1.588569399,2.32160185,2.32160185,1.186242181,1.186242181,por_activo
4,2015-11-02,2016-04-29,GOOGL,Reversión,False,ningún trial con ≥ 5 operaciones,,,,,,,,,,,,,,,,,,,,,,,por_activo
4,2015-11-02,2016-04-29,GOOGL,Crisis,False,ningún trial con ≥ 5 operaciones,,,,,,,,,,,,,,,,,,,,,,,por_activo
5,2015-12-01,2016-05-31,NVDA,global,True,,0.9859781037,2.13014553,6,6,75,72,17,19,39,38,72,72,10,10,23,23,1.684519218,1.683614923,2.679099706,2.323797556,4.373083554,4.246204002,por_activo
5,2015-12-01,2016-05-31,NVDA,Tendencia,True,,-0.6103475639,2.281521012,8,10,16,21,14,10,23,23,61,61,10,10,14,14,1.686429009,1.632004236,1.76320405,1.944686248,4.313613843,3.869338994,por_activo
5,2015-12-01,2016-05-31,NVDA,Reversión,False,ningún trial con ≥ 5 operaciones,,,,,,,,,,,,,,,,,,,,,,,por_activo
5,2015-12-01,2016-05-31,NVDA,Crisis,False,ningún trial con ≥ 5 operaciones,,,,,,,,,,,,,,,,,,,,,,,por_activo
5,2015-12-01,2016-05-31,AMZN,global,True,,12.60150009,12.83727956,25,24,13,12,9,8,28,28,60,60,25,24,5,5,2.061102403,2.05671992,3.284275139,3.19435661,2.076328824,1.87647137,por_activo
5,2015-12-01,2016-05-31,AMZN,Tendencia,True,,1.468139242,1.643906256,26,26,40,38,21,23,32,30,69,68,16,16,31,31,1.592496295,1.537865118,1.798026476,1.768502536,2.793193116,2.895760135,por_activo
5,2015-12-01,2016-05-31,AMZN,Reversión,True,,2.297209186,2.297209186,25,25,100,100,9,9,35,35,60,60,38,38,5,5,1.575202156,1.575202156,3.58384085,3.58384085,2.854626879,2.854626879,por_activo
5,2015-12-01,2016-05-31,AMZN,Crisis,False,ningún trial con ≥ 5 operaciones,,,,,,,,,,,,,,,,,,,,,,,por_activo
5,2015-12-01,2016-05-31,TSLA,global,True,,-0.0966015067,1.314463523,10,8,88,93,12,13,21,21,62,60,20,23,10,10,2.085534167,2.151719894,1.147164142,1.023462869,2.381077711,2.821404774,por_activo
5,2015-12-01,2016-05-31,TSLA,Tendencia,False,ningún trial con ≥ 5 operaciones,,,,,,,,,,,,,,,,,,,,,,,por_activo
5,2015-12-01,2016-05-31,TSLA,Reversión,True,,0.3971872758,0.3971872758,28,28,48,48,18,18,36,36,73,73,27,27,16,16,1.554664056,1.554664056,1.598955752,1.598955752,4.419541215,4.419541215,por_activo
5,2015-12-01,2016-05-31,TSLA,Crisis,False,ningún trial con ≥ 5 operaciones,,,,,,,,,,,,,,,,,,,,,,,por_activo
5,2015-12-01,2016-05-31,META,global,False,,,,,,,,,,,,,,,,,,,,,,,,por_activo
5,2015-12-01,2016-05-31,META,Tendencia,True,,1.44845098,1.316303059,30,30,94,98,21,21,39,39,61,60,14,14,39,37,1.701689994,1.774038349,1.928650472,1.896724679,1.859796008,1.532996003,por_activo
5,2015-12-01,2016-05-31,META,Reversión,False,ningún trial con ≥ 5 operaciones,,,,,,,,,,,,,,,,,,,,,,,por_activo
5,2015-12-01,2016-05-31,META,Crisis,False,ningún trial con ≥ 5 operaciones,,,,,,,,,,,,,,,,,,,,,,,por_activo
5,2015-12-01,2016-05-31,NFLX,global,True,,3.822121141,3.822121141,29,29,80,76,13,13,36,37,71,70,15,15,5,5,1.769014916,1.769014916,1.682616647,1.714381412,5.314515013,4.994733541,por_activo
5,2015-12-01,2016-05-31,NFLX,Tendencia,False,ningún trial con ≥ 5 operaciones,,,,,,,,,,,,,,,,,,,,,,,por_activo
5,2015-12-01,2016-05-31,NFLX,Reversión,False,ningún trial con ≥ 5 operaciones,,,,,,,,,,,,,,,,,,,,,,,por_activo
5,2015-12-01,2016-05-31,NFLX,Crisis,False,ningún trial con ≥ 5 operaciones,,,,,,,,,,,,,,,,,,,,,,,por_activo
5,2015-12-01,2016-05-31,GOOGL,global,True,,6.769620766,7.242488364,24,24,43,43,18,18,36,36,62,62,12,10,32,32,1.545661605,1.545661605,2.818348072,2.841313598,2.51059594,2.51059594,por_activo
5,2015-12-01,2016-05-31,GOOGL,Tendencia,True,,0.2992112181,5.173117391,26,29,70,30,26,9,26,24,60,60,16,19,36,10,1.740112085,1.864894944,1.24686824,2.487454787,3.186523775,3.572297474,por_activo
5,2015-12-01,2016-05-31,GOOGL,Reversión,False,ningún trial con ≥ 5 operaciones,,,,,,,,,,,,,,,,,,,,,,,por_activo
5,2015-12-01,2016-05-31,GOOGL,Crisis,False,ningún trial con ≥ 5 operaciones,,,,,,,,,,,,,,,,,,,,,,,por_activo
6,2016-01-04,2016-06-30,NVDA,global,True,,-0.6752409754,0.4419265321,24,22,56,60,10,12,37,38,78,79,30,30,6,6,1.60001133,1.599981056,3.584613382,3.618572689,4.643389758,4.732497695,por_activo
6,2016-01-04,2016-06-30,NVDA,Tendencia,True,,-1.796185357,-1.082152548,14,22,70,60,22,16,26,31,66,63,29,15,25,33,1.687176774,2.006416084,1.771733567,2.886801807,5.573638141,2.104492729,por_activo
6,2016-01-04,2016-06-30,NVDA,Reversión,True,,-0.08164670938,1.348628547,9,8,32,15,14,14,38,36,64,68,21,19,25,35,1.839887307,1.931943483,1.1932085,1.221330261,4.821085903,4.649229214,por_activo
6,2016-01-04,2016-06-30,NVDA,Crisis,False,ningún trial con ≥ 5 operaciones,,,,,,,,,,,,,,,,,,,,,,,por_activo
6,2016-01-04,2016-06-30,AMZN,global,True,,-0.4697649769,3.296270615,24,22,22,19,18,16,30,32,60,60,10,11,13,15,1.708103206,1.603552408,1.48413556,1.490366221,2.110033675,2.11099812,por_activo
6,2016-01-04,2016-06-30,AMZN,Tendencia,True,,-0.297825066,-0.07691208892,13,10,98,98,9,9,34,32,67,70,17,19,32,30,1.743418028,1.743418028,1.108769091,1.026709288,2.721873927,2.701992324,por_activo
6,2016-01-04,2016-06-30,AMZN,Reversión,False,ningún trial con ≥ 5 operaciones,,,,,,,,,,,,,,,,,,,,,,,por_activo
6,2016-01-04,2016-06-30,AMZN,Crisis,False,ningún trial con ≥ 5 operaciones,,,,,,,,,,,,,,,,,,,,,,,por_activo
6,2016-01-04,2016-06-30,TSLA,global,True,,0.02488251746,3.690595156,24,26,92,24,11,9,40,26,78,78,38,21,28,32,1.737014336,2.114269371,1.493908991,1.087439099,1.654551626,5.433412817,por_activo
6,2016-01-04,2016-06-30,TSLA,Tendencia,True,,0.2024403788,0.2839269921,26,27,22,21,8,8,29,29,74,75,38,40,37,38,1.680285554,1.767269381,1.420197653,1.43513645,1.927326283,2.011548471,por_activo
6,2016-01-04,2016-06-30,TSLA,Reversión,True,,-1.462956393,-1.459224328,27,27,33,33,11,10,34,34,70,71,15,15,5,5,1.609499242,1.662845749,2.652592198,2.529899497,1.839906179,2.250169897,por_activo
6,2016-01-04,2016-06-30,TSLA,Crisis,False,ningún trial con ≥ 5 operaciones,,,,,,,,,,,,,,,,,,,,,,,por_activo
6,2016-01-04,2016-06-30,META,global,True,,0.9883158634,11.32295116,8,11,90,94,7,7,38,39,78,78,22,30,7,9,1.552678691,1.509598744,1.347595649,2.29992504,5.682187812,5.705655686,por_activo
6,2016-01-04,2016-06-30,META,Tendencia,True,,0.7307703948,0.766559672,28,26,90,90,20,22,40,40,64,63,34,35,8,13,2.14361073,2.199394176,2.565347557,2.544829871,5.142018291,5.135419052,por_activo
6,2016-01-04,2016-06-30,META,Reversión,False,ningún trial con ≥ 5 operaciones,,,,,,,,,,,,,,,,,,,,,,,por_activo
6,2016-01-04,2016-06-30,META,Crisis,False,ningún trial con ≥ 5 operaciones,,,,,,,,,,,,,,,,,,,,,,,por_activo
6,2016-01-04,2016-06-30,NFLX,global,True,,-1.176064959,-1.172745374,17,18,40,38,19,20,21,20,75,72,10,10,20,18,1.524412908,1.510373504,1.39459898,1.381562853,1.943246239,1.839685277,por_activo
6,2016-01-04,2016-06-30,NFLX,Tendencia,True,,-0.6216472014,-0.3790463875,8,15,87,17,8,18,39,39,70,73,22,19,22,35,1.731512064,1.744199939,1.358798297,1.843231715,4.245067795,5.940177072,por_activo
6,2016-01-04,2016-06-30,NFLX,Reversión,False,ningún trial con ≥ 5 operaciones,,,,,,,,,,,,,,,,,,,,,,,por_activo
6,2016-01-04,2016-06-30,NFLX,Crisis,False,ningún trial con ≥ 5 operaciones,,,,,,,,,,,,,,,,,,,,,,,por_activo
6,2016-01-04,2016-06-30,GOOGL,global,False,,,,,,,,,,,,,,,,,,,,,,,,por_activo
6,2016-01-04,2016-06-30,GOOGL,Tendencia,True,,1.384016079,1.570191273,16,24,76,17,13,9,37,27,66,66,36,35,28,27,1.824844216,1.634730335,1.596999221,2.705672134,4.354741578,2.60502394,por_activo
6,2016-01-04,2016-06-30,GOOGL,Reversión,True,,1.494243417,1.494243417,17,17,26,26,19,19,24,24,65,65,11,11,9,9,1.583831776,1.583831776,1.592081275,1.592081275,1.797011421,1.797011421,por_activo
6,2016-01-04,2016-06-30,GOOGL,Crisis,False,ningún trial con ≥ 5 operaciones,,,,,,,,,,,,,,,,,,,,,,,por_activo
7,2016-02-01,2016-07-29,NVDA,global,True,,6.322231278,7.454083464,16,18,81,91,17,17,31,30,71,71,11,10,39,38,1.800371791,1.833695476,1.14161911,1.244255107,5.233538138,5.233538138,por_activo
7,2016-02-01,2016-07-29,NVDA,Tendencia,True,,0.3951107635,0.5704780924,14,14,94,93,15,14,23,23,61,61,21,21,11,13,1.769583441,1.566512266,1.911666998,1.854946585,2.765080274,3.158109901,por_activo
7,2016-02-01,2016-07-29,NVDA,Reversión,True,,-1.787329431,-1.779628991,9,11,60,67,26,26,38,37,60,61,30,24,8,9,1.605769574,1.721280403,2.514399662,2.845027855,2.543361219,3.739298469,por_activo
7,2016-02-01,2016-07-29,NVDA,Crisis,False,ningún trial con ≥ 5 operaciones,,,,,,,,,,,,,,,,,,,,,,,por_activo
7,2016-02-01,2016-07-29,AMZN,global,True,,0.1909417276,0.6534485582,29,28,22,27,12,10,33,33,62,61,19,19,10,9,1.615599218,1.565630218,1.854891707,1.764282222,5.273070915,5.437735223,por_activo
7,2016-02-01,2016-07-29,AMZN,Tendencia,False,ningún trial con ≥ 5 operaciones,,,,,,,,,,,,,,,,,,,,,,,por_activo
7,2016-02-01,2016-07-29,AMZN,Reversión,False,ningún trial con ≥ 5 operaciones,,,,,,,,,,,,,,,,,,,,,,,por_activo
7,2016-02-01,2016-07-29,AMZN,Crisis,False,ningún trial con ≥ 5 operaciones,,,,,,,,,,,,,,,,,,,,,,,por_activo
7,2016-02-01,2016-07-29,TSLA,global,True,,0.8465810785,2.903535135,16,15,29,22,8,7,32,33,78,77,25,29,12,12,1.783165171,1.860782518,1.373177857,1.503681899,1.709436163,1.523978099,por_activo
7,2016-02-01,2016-07-29,TSLA,Tendencia,True,,-1.125874922,-1.059050835,28,30,64,65,17,14,38,36,78,79,23,22,22,23,1.563335053,1.583261673,1.377492327,1.329887704,5.264182225,5.451354993,por_activo
7,2016-02-01,2016-07-29,TSLA,Reversión,False,ningún trial con ≥ 5 operaciones,,,,,,,,,,,,,,,,,,,,,,,por_activo
7,2016-02-01,2016-07-29,TSLA,Crisis,False,ningún trial con ≥ 5 operaciones,,,,,,,,,,,,,,,,,,,,,,,por_activo
7,2016-02-01,2016-07-29,META,global,True,,10.93634068,16.06523268,26,26,61,59,18,18,30,30,62,62,17,19,38,33,1.520475189,1.520475189,2.519011974,2.519011974,1.496952757,1.664422032,por_activo
7,2016-02-01,2016-07-29,META,Tendencia,False,ningún trial con ≥ 5 operaciones,,,,,,,,,,,,,,,,,,,,,,,por_activo
7,2016-02-01,2016-07-29,META,Reversión,True,,6.873496614,6.873496614,7,8,19,23,7,7,26,28,63,62,16,16,7,7,1.621115803,1.621115803,3.225760325,3.225760325,5.435964322,5.407812554,por_activo
7,2016-02-01,2016-07-29,META,Crisis,False,ningún trial con ≥ 5 operaciones,,,,,,,,,,,,,,,,,,,,,,,por_activo
7,2016-02-01,2016-07-29,NFLX,global,False,,,,,,,,,,,,,,,,,,,,,,,,por_activo
7,2016-02-01,2016-07-29,NFLX,Tendencia,False,ningún trial con ≥ 5 operaciones,,,,,,,,,,,,,,,,,,,,,,,por_activo
7,2016-02-01,2016-07-29,NFLX,Reversión,True,,2.82070939,3.41210439,12,14,36,35,7,7,32,32,69,69,36,36,14,15,1.780821467,1.744681657,1.06806569,1.023955423,3.012103551,3.413435644,por_activo
7,2016-02-01,2016-07-29,NFLX,Crisis,False,ningún trial con ≥ 5 operaciones,,,,,,,,,,,,,,,,,,,,,,,por_activo
7,2016-02-01,2016-07-29,GOOGL,global,True,,8.785226781,10.77121215,24,23,18,13,12,13,40,39,66,66,11,10,19,18,1.643439315,1.640028082,2.408063087,2.30549858,1.76031121,1.832529219,por_activo
7,2016-02-01,2016-07-29,GOOGL,Tendencia,True,,4.676744628,4.676744628,5,5,91,91,23,23,39,39,70,70,11,11,29,29,1.513373707,1.513373707,1.146688474,1.146688474,1.250513693,1.250513693,por_activo
7,2016-02-01,2016-07-29,GOOGL,Reversión,False,ningún trial con ≥ 5 operaciones,,,,,,,,,,,,,,,,,,,,,,,por_activo
7,2016-02-01,2016-07-29,GOOGL,Crisis,False,ningún trial con ≥ 5 operaciones,,,,,,,,,,,,,,,,,,,,,,,por_activo
8,2016-03-01,2016-08-31,NVDA,global,True,,-1.164551693,-1.293205786,7,5,75,74,25,24,39,39,61,60,34,38,37,37,1.593116044,1.699585934,1.200885756,1.200885756,1.246112289,1.19291378,por_activo
8,2016-03-01,2016-08-31,NVDA,Tendencia,True,,1.96036987,2.220207196,15,15,16,16,10,8,28,28,70,72,20,24,16,11,1.618046364,1.624700591,1.122459773,1.203813863,3.076606127,2.909689415,por_activo
8,2016-03-01,2016-08-31,NVDA,Reversión,True,,0.7012058187,0.9398699376,8,7,20,18,18,15,22,23,62,61,13,15,13,17,2.020244501,2.019301857,1.240007214,1.46931755,2.828992763,3.445023266,por_activo
8,2016-03-01,2016-08-31,NVDA,Crisis,False,ningún trial con ≥ 5 operaciones,,,,,,,,,,,,,,,,,,,,,,,por_activo
8,2016-03-01,2016-08-31,AMZN,global,True,,-1.218882864,1.164718058,11,8,44,39,12,12,26,21,62,64,12,11,10,10,1.690525327,1.836370793,1.334605803,1.268226936,1.307590881,1.302334575,por_activo
8,2016-03-01,2016-08-31,AMZN,Tendencia,False,ningún trial con ≥ 5 operaciones,,,,,,,,,,,,,,,,,,,,,,,por_activo
8,2016-03-01,2016-08-31,AMZN,Reversión,False,ningún trial con ≥ 5 operaciones,,,,,,,,,,,,,,,,,,,,,,,por_activo
8,2016-03-01,2016-08-31,AMZN,Crisis,False,ningún trial con ≥ 5 operaciones,,,,,,,,,,,,,,,,,,,,,,,por_activo
8,2016-03-01,2016-08-31,TSLA,global,True,,0.2247454447,0.5503140375,29,28,20,25,10,11,37,37,67,65,20,21,5,7,1.686788957,1.843336917,1.6945465,1.211493833,1.983524063,1.983524063,por_activo
8,2016-03-01,2016-08-31,TSLA,Tendencia,True,,-1.234281407,-1.202326281,23,25,20,15,11,11,21,21,67,68,19,23,25,24,1.546318752,1.631263579,1.772736722,1.660107068,5.340511924,5.166736343,por_activo
8,2016-03-01,2016-08-31,TSLA,Reversión,True,,44.90427546,44.90427546,18,18,28,27,8,8,23,23,73,73,30,30,39,40,1.577406841,1.575964582,1.167454325,1.167454325,3.308050308,3.308050308,por_activo
8,2016-03-01,2016-08-31,TSLA,Crisis,False,ningún trial con ≥ 5 operaciones,,,,,,,,,,,,,,,,,,,,,,,por_activo
8,2016-03-01,2016-08-31,META,global,False,,,,,,,,,,,,,,,,,,,,,,,,por_activo
8,2016-03-01,2016-08-31,META,Tendencia,False,ningún trial con ≥ 5 operaciones,,,,,,,,,,,,,,,,,,,,,,,por_activo
8,2016-03-01,2016-08-31,META,Reversión,True,,-0.1665566795,-0.1665566795,25,25,49,49,28,28,24,24,61,61,30,30,5,5,1.6248558,1.6248558,2.756156174,2.756156174,3.566831127,3.566831127,por_activo
8,2016-03-01,2016-08-31,META,Crisis,False,ningún trial con ≥ 5 operaciones,,,,,,,,,,,,,,,,,,,,,,,por_activo
8,2016-03-01,2016-08-31,NFLX,global,True,,0.993947993,7.966601253,19,20,84,76,8,9,31,31,62,62,37,40,6,7,1.783455775,1.628377902,2.415628712,2.18196636,2.220086412,2.049414005,por_activo
8,2016-03-01,2016-08-31,NFLX,Tendencia,False,ningún trial con ≥ 5 operaciones,,,,,,,,,,,,,,,,,,,,,,,por_activo
8,2016-03-01,2016-08-31,NFLX,Reversión,True,,6.885913886,7.581016675,8,8,67,67,16,15,40,38,76,78,16,16,40,39,1.569326266,1.62214862,1.755921114,1.563801933,2.727183343,3.064992662,por_activo
8,2016-03-01,2016-08-31,NFLX,Crisis,False,ningún trial con ≥ 5 operaciones,,,,,,,,,,,,,,,,,,,,,,,por_activo
8,2016-03-01,2016-08-31,GOOGL,global,True,,3.108459931,3.517198613,13,13,28,28,12,12,29,30,67,67,13,15,38,38,1.685021104,1.663223574,1.188170895,1.376127929,5.847011039,5.504758172,por_activo
8,2016-03-01,2016-08-31,GOOGL,Tendencia,True,,-0.5971302312,1.037023283,14,17,86,88,11,9,30,33,61,61,14,12,38,40,1.629324982,1.546401075,1.173836622,1.340554693,3.710255019,3.83211633,por_activo
8,2016-03-01,2016-08-31,GOOGL,Reversión,True,,3.612622502,4.147152194,7,7,76,76,9,9,30,30,75,75,13,13,17,17,2.050946865,2.110427322,1.272746954,1.183846847,5.555504326,5.924310303,por_activo
8,2016-03-01,2016-08-31,GOOGL,Crisis,False,ningún trial con ≥ 5 operaciones,,,,,,,,,,,,,,,,,,,,,,,por_activo
9,2016-04-01,2016-09-30,NVDA,global,True,,0.4711325427,3.311086526,16,16,80,79,10,13,24,25,78,77,16,14,20,23,1.662591054,1.682050255,1.754546164,2.098340519,1.828070526,1.071953938,por_activo
9,2016-04-01,2016-09-30,NVDA,Tendencia,True,,1.929495606,2.330199829,14,14,56,57,26,25,31,32,63,63,10,11,10,14,1.718677316,1.711275279,1.074342266,1.004272877,2.332636927,2.412237208,por_activo
9,2016-04-01,2016-09-30,NVDA,Reversión,True,,6.069933021,6.121765537,12,14,80,94,25,25,26,26,64,63,13,13,6,10,2.062149642,2.084390776,1.439326584,1.405094152,1.293815476,1.27631152,por_activo
9,2016-04-01,2016-09-30,NVDA,Crisis,False,12 días < 20,,,,,,,,,,,,,,,,,,,,,,,por_activo
9,2016-04-01,2016-09-30,AMZN,global,True,,0.28588907,1.00489968,14,13,78,70,13,13,22,21,63,66,30,28,6,7,1.594774648,1.508224415,3.661523578,3.288027502,5.544932409,3.878604127,por_activo
9,2016-04-01,2016-09-30,AMZN,Tendencia,False,ningún trial con ≥ 5 operaciones,,,,,,,,,,,,,,,,,,,,,,,por_activo
9,2016-04-01,2016-09-30,AMZN,Reversión,True,,11.93012571,14.505274,28,28,32,40,17,17,24,25,64,65,31,31,6,9,1.810813846,1.577132728,3.729903871,3.912222932,1.098949166,1.086246457,por_activo
9,2016-04-01,2016-09-30,AMZN,Crisis,False,12 días < 20,,,,,,,,,,,,,,,,,,,,,,,por_activo
9,2016-04-01,2016-09-30,TSLA,global,False,,,,,,,,,,,,,,,,,,,,,,,,por_activo
9,2016-04-01,2016-09-30,TSLA,Tendencia,False,ningún trial con ≥ 5 operaciones,,,,,,,,,,,,,,,,,,,,,,,por_activo
9,2016-04-01,2016-09-30,TSLA,Reversión,True,,8.992890884,13.04462645,16,17,68,71,27,27,38,39,78,77,24,21,36,36,1.632914897,1.698048838,1.331858678,1.45890514,5.311850738,5.20788213,por_activo
9,2016-04-01,2016-09-30,TSLA,Crisis,False,12 días < 20,,,,,,,,,,,,,,,,,,,,,,,por_activo
9,2016-04-01,2016-09-30,META,global,False,,,,,,,,,,,,,,,,,,,,,,,,por_activo
9,2016-04-01,2016-09-30,META,Tendencia,False,ningún trial con ≥ 5 operaciones,,,,,,,,,,,,,,,,,,,,,,,por_activo
9,2016-04-01,2016-09-30,META,Reversión,True,,2.993804608,16.05033489,8,5,11,15,10,8,24,22,71,72,16,13,18,19,1.68417746,1.68417746,1.594764351,1.839505451,1.475751168,1.050145221,por_activo
9,2016-04-01,2016-09-30,META,Crisis,False,12 días < 20,,,,,,,,,,,,,,,,,,,,,,,por_activo
9,2016-04-01,2016-09-30,NFLX,global,False,,,,,,,,,,,,,,,,,,,,,,,,por_activo
9,2016-04-01,2016-09-30,NFLX,Tendencia,False,ningún trial con ≥ 5 operaciones,,,,,,,,,,,,,,,,,,,,,,,por_activo
9,2016-04-01,2016-09-30,NFLX,Reversión,True,,35.31365114,36.48405162,7,7,57,54,10,10,37,36,69,68,29,29,38,38,1.56494887,1.56494887,1.039596831,1.039596831,3.169220621,3.243771386,por_activo
9,2016-04-01,2016-09-30,NFLX,Crisis,False,12 días < 20,,,,,,,,,,,,,,,,,,,,,,,por_activo
9,2016-04-01,2016-09-30,GOOGL,global,False,,,,,,,,,,,,,,,,,,,,,,,,por_activo
9,2016-04-01,2016-09-30,GOOGL,Tendencia,False,ningún trial con ≥ 5 operaciones,,,,,,,,,,,,,,,,,,,,,,,por_activo
9,2016-04-01,2016-09-30,GOOGL,Reversión,True,,2.931686665,5.527590186,10,10,64,68,24,26,22,21,61,60,20,23,30,30,1.810452587,1.787637103,1.279248268,1.344256642,5.65165986,5.632128044,por_activo
9,2016-04-01,2016-09-30,GOOGL,Crisis,False,12 días < 20,,,,,,,,,,,,,,,,,,,,,,,por_activo
10,2016-05-02,2016-10-31,NVDA,global,True,,4.724979192,7.781436454,8,6,47,39,20,18,22,23,68,69,12,13,12,13,1.77710334,1.598267039,1.348699153,1.516772174,3.818122861,4.296638415,por_activo
10,2016-05-02,2016-10-31,NVDA,Tendencia,False,11 días < 20,,,,,,,,,,,,,,,,,,,,,,,por_activo
10,2016-05-02,2016-10-31,NVDA,Reversión,True,,4.755406388,8.747476609,29,28,48,52,26,26,38,37,70,70,16,19,10,20,1.954410191,1.9502776,1.523274553,1.586085159,3.601902283,4.097508356,por_activo
10,2016-05-02,2016-10-31,NVDA,Crisis,False,0 días < 20,,,,,,,,,,,,,,,,,,,,,,,por_activo
10,2016-05-02,2016-10-31,AMZN,global,True,,2.655724165,3.374235689,6,6,75,71,23,22,31,30,64,65,14,12,14,13,1.569283159,1.548639116,3.000603152,2.875107185,1.129971967,1.129971967,por_activo
10,2016-05-02,2016-10-31,AMZN,Tendencia,False,11 días < 20,,,,,,,,,,,,,,,,,,,,,,,por_activo
10,2016-05-02,2016-10-31,AMZN,Reversión,True,,16.4489985,16.5669495,16,16,32,30,8,9,37,38,77,77,39,39,11,11,1.887301025,1.875002323,1.426049648,1.187481932,3.5873044,3.55343775,por_activo
10,2016-05-02,2016-10-31,AMZN,Crisis,False,0 días < 20,,,,,,,,,,,,,,,,,,,,,,,por_activo
10,2016-05-02,2016-10-31,TSLA,global,True,,2.926959845,10.41457075,8,7,36,55,12,9,40,37,75,72,11,13,34,36,1.902662121,2.045994939,1.122403658,1.136606326,5.359983233,4.524298353,por_activo
10,2016-05-02,2016-10-31,TSLA,Tendencia,False,11 días < 20,,,,,,,,,,,,,,,,,,,,,,,por_activo
10,2016-05-02,2016-10-31,TSLA,Reversión,True,,12.95555993,14.70142002,13,14,46,36,9,9,36,36,78,77,22,21,24,25,1.756960982,1.71233163,1.303486263,1.170079014,4.341600052,4.338788924,por_activo
10,2016-05-02,2016-10-31,TSLA,Crisis,False,0 días < 20,,,,,,,,,,,,,,,,,,,,,,,por_activo
10,2016-05-02,2016-10-31,META,global,True,,3.319158512,3.216710745,6,6,92,94,16,17,36,36,63,62,15,15,16,17,1.690804634,1.692174839,1.19152,1.260543314,1.621303502,1.550275657,por_activo
10,2016-05-02,2016-10-31,META,Tendencia,False,11 días < 20,,,,,,,,,,,,,,,,,,,,,,,por_activo
10,2016-05-02,2016-10-31,META,Reversión,True,,2.851028099,4.334826525,27,30,54,45,27,28,20,23,62,61,32,34,18,16,1.593938152,1.66416772,2.434262227,2.063393913,5.633104646,5.382192248,por_activo
10,2016-05-02,2016-10-31,META,Crisis,False,0 días < 20,,,,,,,,,,,,,,,,,,,,,,,por_activo
10,2016-05-02,2016-10-31,NFLX,global,True,,15.74806339,16.6132956,16,17,94,94,12,12,36,39,70,69,14,12,38,37,1.68444585,1.704365408,1.719187824,1.541605706,2.693086959,2.711176212,por_activo
10,2016-05-02,2016-10-31,NFLX,Tendencia,False,11 días < 20,,,,,,,,,,,,,,,,,,,,,,,por_activo
10,2016-05-02,2016-10-31,NFLX,Reversión,True,,11.12197327,12.08911377,6,6,88,75,11,10,35,34,61,70,17,16,20,20,1.565973392,1.57914572,3.221566493,2.458520813,2.122861337,2.696023479,por_activo
10,2016-05-02,2016-10-31,NFLX,Crisis,False,0 días < 20,,,,,,,,,,,,,,,,,,,,,,,por_activo
10,2016-05-02,2016-10-31,GOOGL,global,False,,,,,,,,,,,,,,,,,,,,,,,,por_activo
10,2016-05-02,2016-10-31,GOOGL,Tendencia,False,11 días < 20,,,,,,,,,,,,,,,,,,,,,,,por_activo
10,2016-05-02,2016-10-31,GOOGL,Reversión,True,,13.14295221,13.66214413,19,19,15,12,19,19,36,36,68,67,15,15,38,40,1.969233497,1.955565177,1.448143709,1.448143709,5.496447676,5.691929647,por_activo
10,2016-05-02,2016-10-31,GOOGL,Crisis,False,0 días < 20,,,,,,,,,,,,,,,,,,,,,,,por_activo
11,2016-06-01,2016-11-30,NVDA,global,True,,3.219345406,3.211615887,15,19,72,71,7,7,40,39,60,60,27,24,7,7,1.940158513,1.888279298,3.850141216,3.82757022,1.737421181,2.141098908,por_activo
11,2016-06-01,2016-11-30,NVDA,Tendencia,False,0 días < 20,,,,,,,,,,,,,,,,,,,,,,,por_activo
11,2016-06-01,2016-11-30,NVDA,Reversión,True,,4.046045151,10.34467239,29,29,80,73,11,12,38,38,76,78,15,14,28,29,1.63550565,1.63550565,1.26765731,1.034421385,1.1149876,1.087810328,por_activo
11,2016-06-01,2016-11-30,NVDA,Crisis,False,0 días < 20,,,,,,,,,,,,,,,,,,,,,,,por_activo
11,2016-06-01,2016-11-30,AMZN,global,True,,2.591146581,3.513198639,15,15,54,50,7,7,25,26,72,71,12,11,18,15,1.611727584,1.633371443,2.176581717,1.997915238,1.731481018,1.731481018,por_activo
11,2016-06-01,2016-11-30,AMZN,Tendencia,False,0 días < 20,,,,,,,,,,,,,,,,,,,,,,,por_activo
11,2016-06-01,2016-11-30,AMZN,Reversión,True,,6.765218454,10.10682827,24,25,61,67,23,24,31,32,72,72,12,10,27,28,1.819835929,2.051750664,2.854331542,2.551753981,1.299815285,1.401302918,por_activo
11,2016-06-01,2016-11-30,AMZN,Crisis,False,0 días < 20,,,,,,,,,,,,,,,,,,,,,,,por_activo
11,2016-06-01,2016-11-30,TSLA,global,True,,4.368689722,5.417655198,15,13,88,88,11,10,39,39,70,71,15,15,38,34,1.614887856,1.507691618,2.074040421,2.100419709,1.123376933,1.123376933,por_activo
11,2016-06-01,2016-11-30,TSLA,Tendencia,False,0 días < 20,,,,,,,,,,,,,,,,,,,,,,,por_activo
11,2016-06-01,2016-11-30,TSLA,Reversión,True,,3.408743031,16.06891237,10,9,19,19,27,28,40,40,76,77,22,21,14,15,1.695002454,1.741585661,1.372006824,1.934147298,1.433213953,1.362781405,por_activo
11,2016-06-01,2016-11-30,TSLA,Crisis,False,0 días < 20,,,,,,,,,,,,,,,,,,,,,,,por_activo
11,2016-06-01,2016-11-30,META,global,True,,2.69157955,3.865677583,8,9,92,92,9,9,39,38,73,75,16,15,18,18,1.695253827,1.796159001,1.114412503,1.085456131,5.192330695,5.189604837,por_activo
11,2016-06-01,2016-11-30,META,Tendencia,False,0 días < 20,,,,,,,,,,,,,,,,,,,,,,,por_activo
11,2016-06-01,2016-11-30,META,Reversión,True,,40.28866902,40.91801958,6,6,20,19,9,9,35,35,73,73,34,33,28,28,2.752161682,2.591675468,1.282194319,1.848917706,1.90088209,1.939081008,por_activo
11,2016-06-01,2016-11-30,META,Crisis,False,0 días < 20,,,,,,,,,,,,,,,,,,,,,,,por_activo
11,2016-06-01,2016-11-30,NFLX,global,True,,2.257935912,2.944203471,5,5,47,49,7,7,26,26,76,75,17,14,21,21,1.620635732,1.704877496,1.235776278,1.235776278,4.489149933,4.50612075,por_activo
11,2016-06-01,2016-11-30,NFLX,Tendencia,False,0 días < 20,,,,,,,,,,,,,,,,,,,,,,,por_activo
11,2016-06-01,2016-11-30,NFLX,Reversión,True,,24.11105885,25.98084453,18,18,18,20,9,8,31,31,63,64,29,28,12,11,1.555904215,1.540250405,1.5879715,1.581227391,1.871931226,2.002022862,por_activo
11,2016-06-01,2016-11-30,NFLX,Crisis,False,0 días < 20,,,,,,,,,,,,,,,,,,,,,,,por_activo
11,2016-06-01,2016-11-30,GOOGL,global,False,,,,,,,,,,,,,,,,,,,,,,,,por_activo
11,2016-06-01,2016-11-30,GOOGL,Tendencia,False,0 días < 20,,,,,,,,,,,,,,,,,,,,,,,por_activo
11,2016-06-01,2016-11-30,GOOGL,Reversión,True,,4.447636838,11.39904293,18,18,74,75,14,14,32,33,63,61,23,22,18,14,2.451531554,2.420252717,1.339363058,1.431289231,4.528392907,4.844673722,por_activo
11,2016-06-01,2016-11-30,GOOGL,Crisis,False,0 días < 20,,,,,,,,,,,,,,,,,,,,,,,por_activo
12,2016-07-01,2016-12-30,NVDA,global,True,,0.07273780998,1.185709863,7,20,48,45,7,8,39,40,62,61,24,28,23,22,1.691064159,1.694968126,1.94494418,2.031802001,3.335269198,2.204944645,por_activo
12,2016-07-01,2016-12-30,NVDA,Tendencia,False,0 días < 20,,,,,,,,,,,,,,,,,,,,,,,por_activo
12,2016-07-01,2016-12-30,NVDA,Reversión,True,,2.533288792,2.628333994,21,20,80,88,8,7,34,34,74,75,17,19,20,20,2.301718777,2.394482194,2.795103827,2.512186625,1.210182617,1.210182617,por_activo
12,2016-07-01,2016-12-30,NVDA,Crisis,False,0 días < 20,,,,,,,,,,,,,,,,,,,,,,,por_activo
12,2016-07-01,2016-12-30,AMZN,global,False,,,,,,,,,,,,,,,,,,,,,,,,por_activo
12,2016-07-01,2016-12-30,AMZN,Tendencia,False,0 días < 20,,,,,,,,,,,,,,,,,,,,,,,por_activo
12,2016-07-01,2016-12-30,AMZN,Reversión,True,,2.704929618,6.434883094,27,28,16,11,9,8,31,29,77,75,11,15,7,5,1.546343262,1.546343262,3.691294848,3.611445232,2.86563435,3.044072734,por_activo
12,2016-07-01,2016-12-30,AMZN,Crisis,False,0 días < 20,,,,,,,,,,,,,,,,,,,,,,,por_activo
12,2016-07-01,2016-12-30,TSLA,global,True,,0.9489806739,2.4370243,29,29,60,54,16,17,36,36,61,61,16,19,38,38,1.76378077,1.788004665,1.183703531,1.203618371,3.913948985,4.506311215,por_activo
12,2016-07-01,2016-12-30,TSLA,Tendencia,False,0 días < 20,,,,,,,,,,,,,,,,,,,,,,,por_activo
12,2016-07-01,2016-12-30,TSLA,Reversión,True,,6.076188621,7.873334279,8,7,90,92,25,24,38,36,61,60,20,21,36,36,1.78604081,1.865228719,1.432314408,1.487128441,5.709835127,5.905922875,por_activo
12,2016-07-01,2016-12-30,TSLA,Crisis,False,0 días < 20,,,,,,,,,,,,,,,,,,,,,,,por_activo
12,2016-07-01,2016-12-30,META,global,False,,,,,,,,,,,,,,,,,,,,,,,,por_activo
12,2016-07-01,2016-12-30,META,Tendencia,False,0 días < 20,,,,,,,,,,,,,,,,,,,,,,,por_activo
12,2016-07-01,2016-12-30,META,Reversión,True,,3.040138547,6.502038907,15,14,85,96,18,19,36,34,62,60,17,16,7,5,1.702477526,1.680681793,3.260130887,3.244479649,1.783835758,1.642870486,por_activo
12,2016-07-01,2016-12-30,META,Crisis,False,0 días < 20,,,,,,,,,,,,,,,,,,,,,,,por_activo
12,2016-07-01,2016-12-30,NFLX,global,False,,,,,,,,,,,,,,,,,,,,,,,,por_activo
12,2016-07-01,2016-12-30,NFLX,Tendencia,False,0 días < 20,,,,,,,,,,,,,,,,,,,,,,,por_activo
12,2016-07-01,2016-12-30,NFLX,Reversión,True,,9.460399475,12.11173503,20,7,17,66,10,20,40,26,69,70,14,16,12,21,1.687831102,1.68272379,2.914835643,1.502894355,1.820580966,4.825349667,por_activo
12,2016-07-01,2016-12-30,NFLX,Crisis,False,0 días < 20,,,,,,,,,,,,,,,,,,,,,,,por_activo
12,2016-07-01,2016-12-30,GOOGL,global,False,,,,,,,,,,,,,,,,,,,,,,,,por_activo
12,2016-07-01,2016-12-30,GOOGL,Tendencia,False,0 días < 20,,,,,,,,,,,,,,,,,,,,,,,por_activo
12,2016-07-01,2016-12-30,GOOGL,Reversión,True,,1.418345769,2.196130031,17,23,54,58,11,7,38,35,76,75,30,34,35,36,1.599366692,1.627480003,1.603194143,1.08118807,5.704385022,5.504863131,por_activo
12,2016-07-01,2016-12-30,GOOGL,Crisis,False,0 días < 20,,,,,,,,,,,,,,,,,,,,,,,por_activo
13,2016-08-01,2017-01-31,NVDA,global,True,,4.569870565,7.205015897,13,14,93,98,11,12,24,24,66,66,11,10,19,19,1.633860903,1.559845517,2.451016841,2.634613981,1.995932664,1.995932664,por_activo
13,2016-08-01,2017-01-31,NVDA,Tendencia,False,14 días < 20,,,,,,,,,,,,,,,,,,,,,,,por_activo
13,2016-08-01,2017-01-31,NVDA,Reversión,True,,13.76879024,22.75139518,6,10,61,33,10,9,28,25,80,79,12,16,32,36,1.743293256,1.986886172,1.142454689,1.639521778,3.35736469,1.05145117,por_activo
13,2016-08-01,2017-01-31,NVDA,Crisis,False,0 días < 20,,,,,,,,,,,,,,,,,,,,,,,por_activo
13,2016-08-01,2017-01-31,AMZN,global,True,,0.4556176137,0.4556176137,28,28,30,21,7,7,39,39,75,74,30,32,39,39,1.601997187,1.726188881,3.398292664,3.398292664,5.779835376,5.779835376,por_activo
13,2016-08-01,2017-01-31,AMZN,Tendencia,False,14 días < 20,,,,,,,,,,,,,,,,,,,,,,,por_activo
13,2016-08-01,2017-01-31,AMZN,Reversión,True,,0.667606992,2.199902996,25,27,91,79,12,11,33,33,72,70,12,10,32,33,1.641803499,1.537817992,2.245539456,2.45219218,5.558133454,5.672198356,por_activo
13,2016-08-01,2017-01-31,AMZN,Crisis,False,0 días < 20,,,,,,,,,,,,,,,,,,,,,,,por_activo
13,2016-08-01,2017-01-31,TSLA,global,True,,0.4231451953,0.2273696561,29,29,34,37,10,10,39,39,62,62,36,36,34,37,2.281125277,2.297111727,1.216011249,1.268340132,3.695347961,3.704931163,por_activo
13,2016-08-01,2017-01-31,TSLA,Tendencia,False,14 días < 20,,,,,,,,,,,,,,,,,,,,,,,por_activo
13,2016-08-01,2017-01-31,TSLA,Reversión,True,,-0.04814771076,1.066476245,7,7,42,47,8,11,36,35,70,76,15,15,38,40,1.609674408,1.759302329,2.96354055,3.152209029,1.610933739,2.331306702,por_activo
13,2016-08-01,2017-01-31,TSLA,Crisis,False,0 días < 20,,,,,,,,,,,,,,,,,,,,,,,por_activo
13,2016-08-01,2017-01-31,META,global,False,,,,,,,,,,,,,,,,,,,,,,,,por_activo
13,2016-08-01,2017-01-31,META,Tendencia,False,14 días < 20,,,,,,,,,,,,,,,,,,,,,,,por_activo
13,2016-08-01,2017-01-31,META,Reversión,True,,3.41558235,6.484014752,26,20,66,67,17,17,39,39,68,66,18,17,28,34,1.906359812,1.837512443,1.170225196,1.035567539,1.838377233,1.951084297,por_activo
13,2016-08-01,2017-01-31,META,Crisis,False,0 días < 20,,,,,,,,,,,,,,,,,,,,,,,por_activo
13,2016-08-01,2017-01-31,NFLX,global,False,,,,,,,,,,,,,,,,,,,,,,,,por_activo
13,2016-08-01,2017-01-31,NFLX,Tendencia,False,14 días < 20,,,,,,,,,,,,,,,,,,,,,,,por_activo
13,2016-08-01,2017-01-31,NFLX,Reversión,True,,6.83734933,6.704054262,26,25,41,28,9,9,39,39,72,72,25,25,9,9,1.635601697,1.635601697,1.687205211,1.5638908,1.817575959,1.698322623,por_activo
13,2016-08-01,2017-01-31,NFLX,Crisis,False,0 días < 20,,,,,,,,,,,,,,,,,,,,,,,por_activo
13,2016-08-01,2017-01-31,GOOGL,global,False,,,,,,,,,,,,,,,,,,,,,,,,por_activo
13,2016-08-01,2017-01-31,GOOGL,Tendencia,False,14 días < 20,,,,,,,,,,,,,,,,,,,,,,,por_activo
13,2016-08-01,2017-01-31,GOOGL,Reversión,True,,11.84276118,10.82931069,16,19,24,29,9,10,38,39,66,66,30,26,39,40,1.605199406,1.605199406,2.392943495,2.502301475,1.583591314,1.646273777,por_activo
13,2016-08-01,2017-01-31,GOOGL,Crisis,False,0 días < 20,,,,,,,,,,,,,,,,,,,,,,,por_activo
14,2016-09-01,2017-02-28,NVDA,global,True,,15.38762276,15.11716227,10,12,24,25,14,16,37,33,66,65,11,11,29,29,1.726325452,1.758787916,1.096299657,1.096299657,3.259620388,3.166010801,por_activo
14,2016-09-01,2017-02-28,NVDA,Tendencia,True,,0.8678285031,0.8678285031,21,21,53,54,8,8,24,24,60,60,40,38,9,9,1.556272941,1.556272941,3.765440139,3.765440139,2.905180018,2.905180018,por_activo
14,2016-09-01,2017-02-28,NVDA,Reversión,True,,13.99821493,19.22700248,27,29,95,89,10,10,39,39,61,61,11,12,36,29,1.893108542,1.864489019,2.398930518,2.926649653,1.134659601,1.259125752,por_activo
14,2016-09-01,2017-02-28,NVDA,Crisis,False,0 días < 20,,,,,,,,,,,,,,,,,,,,,,,por_activo
14,2016-09-01,2017-02-28,AMZN,global,True,,0.01415279898,0.8440618703,26,24,44,44,8,9,22,22,68,68,34,37,7,9,1.72145785,1.603559362,1.30385548,1.324789613,2.606601302,2.694306734,por_activo
14,2016-09-01,2017-02-28,AMZN,Tendencia,False,ningún trial con ≥ 5 operaciones,,,,,,,,,,,,,,,,,,,,,,,por_activo
14,2016-09-01,2017-02-28,AMZN,Reversión,True,,7.588674826,7.80605249,28,28,43,47,11,10,35,35,74,76,32,34,31,29,1.894521452,2.05826801,1.357959732,1.521561297,1.360296091,1.41075958,por_activo
14,2016-09-01,2017-02-28,AMZN,Crisis,False,0 días < 20,,,,,,,,,,,,,,,,,,,,,,,por_activo
14,2016-09-01,2017-02-28,TSLA,global,True,,-0.8404439424,-0.7585593008,15,16,98,98,26,24,31,29,65,64,15,16,5,5,1.718016052,1.728815718,1.354217178,1.632246577,5.084280098,4.279780977,por_activo
14,2016-09-01,2017-02-28,TSLA,Tendencia,True,,-0.5436769992,-0.4435939091,30,30,94,88,8,9,38,38,69,71,30,27,6,5,1.987953065,2.008027781,1.442439286,1.477528884,1.702496398,1.30023399,por_activo
14,2016-09-01,2017-02-28,TSLA,Reversión,True,,4.833053207,8.783338686,29,27,77,84,11,10,40,40,73,73,10,10,12,6,1.678574557,1.835845091,2.214915885,2.174426421,5.12408226,5.274634727,por_activo
14,2016-09-01,2017-02-28,TSLA,Crisis,False,0 días < 20,,,,,,,,,,,,,,,,,,,,,,,por_activo
14,2016-09-01,2017-02-28,META,global,True,,4.631587414,6.175326878,12,12,18,14,11,11,37,35,61,61,16,16,38,39,1.620266162,1.620266162,1.149098774,1.126753794,1.735593004,1.440221459,por_activo
14,2016-09-01,2017-02-28,META,Tendencia,True,,2.742353596,3.281018977,26,27,63,63,14,14,37,36,61,62,19,19,11,10,1.646481492,1.703484871,1.165864756,1.148307988,5.214297151,5.077004399,por_activo
14,2016-09-01,2017-02-28,META,Reversión,True,,1.409003892,5.125030322,22,22,97,88,14,14,38,39,62,65,20,25,28,25,2.869528795,2.898736118,1.925066119,2.551169672,1.032156058,1.013411797,por_activo
14,2016-09-01,2017-02-28,META,Crisis,False,0 días < 20,,,,,,,,,,,,,,,,,,,,,,,por_activo
14,2016-09-01,2017-02-28,NFLX,global,True,,2.111966582,2.098209415,19,19,89,89,8,8,32,32,73,73,21,23,34,34,1.567167808,1.567167808,1.381595776,1.381595776,2.101613959,1.962161052,por_activo
14,2016-09-01,2017-02-28,NFLX,Tendencia,True,,10.74425493,11.44293629,9,9,72,65,21,21,38,40,65,65,33,33,5,5,1.643507877,1.643507877,1.212559714,1.591934662,1.026052507,1.084783002,por_activo
14,2016-09-01,2017-02-28,NFLX,Reversión,True,,1.857357164,2.018670574,10,9,49,54,10,10,38,38,72,72,13,13,38,38,1.80706744,1.800798619,3.319771078,3.256043373,5.219098301,4.930297732,por_activo
14,2016-09-01,2017-02-28,NFLX,Crisis,False,0 días < 20,,,,,,,,,,,,,,,,,,,,,,,por_activo
14,2016-09-01,2017-02-28,GOOGL,global,True,,1.906857932,3.223695591,26,25,45,46,9,9,22,22,60,60,40,39,19,30,1.627414312,1.540926789,1.057711523,1.065519273,1.578287062,1.582731273,por_activo
14,2016-09-01,2017-02-28,GOOGL,Tendencia,True,,7.888195925,7.888195925,27,26,17,17,9,9,38,38,65,65,12,10,27,30,1.676198063,1.667500772,3.828863865,3.960199627,4.790502864,4.71885954,por_activo
14,2016-09-01,2017-02-28,GOOGL,Reversión,True,,-0.466611685,-0.466611685,24,24,69,69,9,9,40,40,63,63,24,24,8,8,2.956121579,2.956121579,1.891117145,1.891117145,2.050971375,2.050971375,por_activo
14,2016-09-01,2017-02-28,GOOGL,Crisis,False,0 días < 20,,,,,,,,,,,,,,,,,,,,,,,por_activo
15,2016-10-03,2017-03-31,NVDA,global,True,,9.098864048,11.72923363,6,5,97,93,9,8,36,35,76,75,12,11,13,13,1.706054272,1.704494512,1.094470829,1.087245788,1.208915473,1.208474259,por_activo
15,2016-10-03,2017-03-31,NVDA,Tendencia,True,,9.791412671,12.56696404,18,18,23,20,27,28,37,38,65,65,31,33,11,14,1.655360056,1.64513168,1.101092178,1.098519709,3.875880611,3.881023446,por_activo
15,2016-10-03,2017-03-31,NVDA,Reversión,True,,5.277088391,5.37241549,21,23,36,33,26,26,34,33,62,62,35,36,12,12,1.52848463,1.504177078,1.196079645,1.183515694,1.20769339,1.208467648,por_activo
15,2016-10-03,2017-03-31,NVDA,Crisis,False,0 días < 20,,,,,,,,,,,,,,,,,,,,,,,por_activo
15,2016-10-03,2017-03-31,AMZN,global,True,,1.999715753,1.999715753,23,23,88,88,7,7,40,40,66,66,11,11,17,17,2.180728662,2.180728662,2.70666839,2.70666839,1.859600665,1.859600665,por_activo
15,2016-10-03,2017-03-31,AMZN,Tendencia,True,,-0.7487016653,-0.6920599754,7,7,44,49,7,8,26,26,69,69,19,19,8,8,1.620542527,1.620542527,1.101737381,1.047014374,4.834707225,4.998675202,por_activo
15,2016-10-03,2017-03-31,AMZN,Reversión,True,,2.830670849,2.959671785,6,6,59,59,22,22,39,40,61,62,38,38,37,38,1.672675306,1.650675971,1.160673988,1.093809512,5.790056202,5.864384935,por_activo
15,2016-10-03,2017-03-31,AMZN,Crisis,False,0 días < 20,,,,,,,,,,,,,,,,,,,,,,,por_activo
15,2016-10-03,2017-03-31,TSLA,global,True,,-0.1622337621,0.01147927384,18,19,86,90,27,27,28,28,63,63,10,10,6,5,1.560357894,1.647235199,2.409709995,2.410495508,2.974691974,2.3927983,por_activo
15,2016-10-03,2017-03-31,TSLA,Tendencia,True,,-0.9679414012,-0.8668100717,27,26,35,39,8,7,29,30,61,61,12,10,30,32,1.612819794,1.644508138,1.409441514,1.378143408,2.010831779,1.776217532,por_activo
15,2016-10-03,2017-03-31,TSLA,Reversión,False,ningún trial con ≥ 5 operaciones,,,,,,,,,,,,,,,,,,,,,,,por_activo
15,2016-10-03,2017-03-31,TSLA,Crisis,False,0 días < 20,,,,,,,,,,,,,,,,,,,,,,,por_activo
15,2016-10-03,2017-03-31,META,global,True,,0.6993256197,1.608136945,8,11,94,100,24,25,40,40,62,62,15,15,21,21,1.59323931,1.586114098,1.272345908,1.395392186,5.337183693,5.177026776,por_activo
15,2016-10-03,2017-03-31,META,Tendencia,True,,-0.4639138262,-0.3892308226,28,26,28,18,28,25,39,39,60,62,16,18,27,30,1.533378708,1.587055679,1.135479376,1.06147603,3.465991668,3.717121017,por_activo
15,2016-10-03,2017-03-31,META,Reversión,True,,23.68385203,23.98396462,7,7,53,52,8,8,25,25,68,69,33,33,7,7,1.816207473,1.815283693,2.388937908,2.752791829,1.911158937,1.911158937,por_activo
15,2016-10-03,2017-03-31,META,Crisis,False,0 días < 20,,,,,,,,,,,,,,,,,,,,,,,por_activo
15,2016-10-03,2017-03-31,NFLX,global,True,,-0.2777026125,1.633444756,26,27,49,48,9,9,39,38,64,63,17,15,25,21,1.64434995,1.519289249,1.580984006,1.580984006,1.900708221,1.773051078,por_activo
15,2016-10-03,2017-03-31,NFLX,Tendencia,True,,-0.4801234656,-0.4393028857,7,7,89,76,23,25,39,39,60,60,25,26,6,5,1.542260437,1.604596893,1.367141041,1.449812622,3.107210174,3.107210174,por_activo
15,2016-10-03,2017-03-31,NFLX,Reversión,True,,5.707982832,5.955520818,14,14,89,89,15,21,22,20,62,62,14,19,34,27,1.720636351,1.763655353,3.271027645,2.961018583,1.885362273,2.20736304,por_activo
15,2016-10-03,2017-03-31,NFLX,Crisis,False,0 días < 20,,,,,,,,,,,,,,,,,,,,,,,por_activo
15,2016-10-03,2017-03-31,GOOGL,global,False,,,,,,,,,,,,,,,,,,,,,,,,por_activo
15,2016-10-03,2017-03-31,GOOGL,Tendencia,True,,7.750038845,7.750038845,26,26,47,47,7,7,40,40,77,77,11,11,31,31,1.848237895,1.848237895,3.063841016,3.063841016,1.114831691,1.114831691,por_activo
15,2016-10-03,2017-03-31,GOOGL,Reversión,True,,0.8175988811,15.74568501,26,20,48,54,10,10,28,30,69,71,22,15,18,19,2.089742151,2.078376673,1.394368204,3.489201142,3.815012314,1.466135597,por_activo
15,2016-10-03,2017-03-31,GOOGL,Crisis,False,0 días < 20,,,,,,,,,,,,,,,,,,,,,,,por_activo
16,2016-11-01,2017-04-28,NVDA,global,False,,,,,,,,,,,,,,,,,,,,,,,,por_activo
16,2016-11-01,2017-04-28,NVDA,Tendencia,True,,10.25152084,13.26753952,13,13,48,46,10,10,26,26,68,72,34,34,19,20,1.52039573,1.608417756,1.183452589,1.576086263,2.691573557,2.781508681,por_activo
16,2016-11-01,2017-04-28,NVDA,Reversión,True,,2.361721363,2.512916055,15,15,34,44,7,7,21,21,66,66,20,20,39,36,1.657563291,1.657563291,1.749392422,1.699218517,1.76950979,1.548583113,por_activo
16,2016-11-01,2017-04-28,NVDA,Crisis,False,0 días < 20,,,,,,,,,,,,,,,,,,,,,,,por_activo
16,2016-11-01,2017-04-28,AMZN,global,True,,-0.4114375869,1.455734961,14,15,65,62,7,7,36,36,60,61,14,13,14,12,2.071259764,2.091385815,1.680329615,1.99564315,1.371864099,1.195623253,por_activo
16,2016-11-01,2017-04-28,AMZN,Tendencia,False,ningún trial con ≥ 5 operaciones,,,,,,,,,,,,,,,,,,,,,,,por_activo
16,2016-11-01,2017-04-28,AMZN,Reversión,True,,6.373724348,7.747141296,26,27,54,45,16,17,23,22,61,61,10,10,37,37,1.599591279,1.530185532,2.699398373,2.814514584,1.526392998,1.427245177,por_activo
16,2016-11-01,2017-04-28,AMZN,Crisis,False,0 días < 20,,,,,,,,,,,,,,,,,,,,,,,por_activo
16,2016-11-01,2017-04-28,TSLA,global,True,,-0.7111325278,-0.4183954278,17,17,18,13,10,10,26,28,67,67,16,13,23,21,1.679461198,1.818109882,1.443063859,1.423065443,5.401142107,5.232802802,por_activo
16,2016-11-01,2017-04-28,TSLA,Tendencia,True,,-0.5432702975,0.02769601572,28,27,16,20,8,7,39,40,78,78,12,11,25,25,1.932418159,2.033773985,1.878181416,1.868599245,2.723843589,2.878464597,por_activo
16,2016-11-01,2017-04-28,TSLA,Reversión,True,,3.82573186,3.82573186,25,25,40,32,11,11,40,39,78,79,22,23,7,7,1.927035315,1.840101148,3.705574754,3.861630735,4.483591367,4.472294336,por_activo
16,2016-11-01,2017-04-28,TSLA,Crisis,False,0 días < 20,,,,,,,,,,,,,,,,,,,,,,,por_activo
16,2016-11-01,2017-04-28,META,global,False,,,,,,,,,,,,,,,,,,,,,,,,por_activo
16,2016-11-01,2017-04-28,META,Tendencia,False,ningún trial con ≥ 5 operaciones,,,,,,,,,,,,,,,,,,,,,,,por_activo
16,2016-11-01,2017-04-28,META,Reversión,True,,2.264929338,2.267426668,29,29,96,98,8,9,37,37,72,72,14,13,39,37,1.74583655,1.788253509,2.185860733,2.06647781,1.092573232,1.022968601,por_activo
16,2016-11-01,2017-04-28,META,Crisis,False,0 días < 20,,,,,,,,,,,,,,,,,,,,,,,por_activo
16,2016-11-01,2017-04-28,NFLX,global,True,,2.744531453,3.863899179,29,29,95,96,16,16,36,36,62,62,10,14,5,5,1.816742404,1.856978418,1.308267813,1.134431533,4.023602017,4.083767445,por_activo
16,2016-11-01,2017-04-28,NFLX,Tendencia,False,ningún trial con ≥ 5 operaciones,,,,,,,,,,,,,,,,,,,,,,,por_activo
16,2016-11-01,2017-04-28,NFLX,Reversión,True,,19.74287685,20.13352925,27,27,66,62,16,16,38,39,63,64,17,20,26,22,1.604005253,1.5929066,1.206657044,1.035202404,3.630818623,3.56888247,por_activo
16,2016-11-01,2017-04-28,NFLX,Crisis,False,0 días < 20,,,,,,,,,,,,,,,,,,,,,,,por_activo
16,2016-11-01,2017-04-28,GOOGL,global,True,,0.6719328486,5.021963774,26,26,52,52,20,21,34,33,66,66,14,14,16,16,1.610418652,1.545030107,1.220961905,1.220961905,3.050866959,2.159508477,por_activo
16,2016-11-01,2017-04-28,GOOGL,Tendencia,True,,30.18673752,30.18673752,29,29,63,63,8,8,37,37,72,72,11,11,13,13,2.148876066,2.148876066,1.022000186,1.022000186,3.797894308,3.797894308,por_activo
16,2016-11-01,2017-04-28,GOOGL,Reversión,True,,9.782344978,10.16952954,28,17,72,58,22,23,22,23,64,64,16,16,24,30,1.800912338,1.888173972,3.578549041,1.610525003,2.387189004,2.39242719,por_activo
16,2016-11-01,2017-04-28,GOOGL,Crisis,False,0 días < 20,,,,,,,,,,,,,,,,,,,,,,,por_activo
17,2016-12-01,2017-05-31,NVDA,global,True,,6.688718681,10.32506622,12,9,96,94,10,11,36,36,72,72,28,32,20,15,1.944181588,1.985955737,1.067991892,1.015970475,1.879500923,1.872300712,por_activo
17,2016-12-01,2017-05-31,NVDA,Tendencia,True,,6.623802903,7.231518041,21,19,72,55,17,15,24,25,61,60,10,11,40,37,1.846583869,1.73307146,3.477807329,3.477807329,4.437989602,3.062492248,por_activo
17,2016-12-01,2017-05-31,NVDA,Reversión,True,,2.945551302,4.401956154,19,21,65,57,9,8,26,27,67,68,16,19,29,31,1.650212855,1.650212855,1.720702013,1.76623675,3.414357771,3.613331359,por_activo
17,2016-12-01,2017-05-31,NVDA,Crisis,False,0 días < 20,,,,,,,,,,,,,,,,,,,,,,,por_activo
17,2016-12-01,2017-05-31,AMZN,global,True,,0.4897447994,3.884328717,24,23,37,48,7,7,39,39,63,63,10,13,6,6,1.646964007,1.756046212,1.715072113,1.715072113,1.495826207,2.412975395,por_activo
17,2016-12-01,2017-05-31,AMZN,Tendencia,False,ningún trial con ≥ 5 operaciones,,,,,,,,,,,,,,,,,,,,,,,por_activo
17,2016-12-01,2017-05-31,AMZN,Reversión,True,,0.627838355,1.124204364,10,11,79,79,9,9,24,26,66,66,37,38,11,12,1.932837865,2.100273497,2.208688507,1.924744193,1.13203319,1.168456191,por_activo
17,2016-12-01,2017-05-31,AMZN,Crisis,False,0 días < 20,,,,,,,,,,,,,,,,,,,,,,,por_activo
17,2016-12-01,2017-05-31,TSLA,global,True,,0.582061325,1.462354316,15,17,32,21,26,26,26,29,61,60,14,13,38,38,1.586129906,1.861956954,1.181341777,1.515510231,5.582269815,5.91181999,por_activo
17,2016-12-01,2017-05-31,TSLA,Tendencia,True,,-0.1756520568,-0.1092384473,11,11,31,34,22,20,29,28,61,60,25,25,7,6,1.969899725,1.97703631,2.763407999,2.896753523,4.456297859,4.102128626,por_activo
17,2016-12-01,2017-05-31,TSLA,Reversión,False,ningún trial con ≥ 5 operaciones,,,,,,,,,,,,,,,,,,,,,,,por_activo
17,2016-12-01,2017-05-31,TSLA,Crisis,False,0 días < 20,,,,,,,,,,,,,,,,,,,,,,,por_activo
17,2016-12-01,2017-05-31,META,global,False,,,,,,,,,,,,,,,,,,,,,,,,por_activo
17,2016-12-01,2017-05-31,META,Tendencia,False,ningún trial con ≥ 5 operaciones,,,,,,,,,,,,,,,,,,,,,,,por_activo
17,2016-12-01,2017-05-31,META,Reversión,True,,10.9256261,8.990141459,12,10,31,41,15,17,22,20,63,61,10,10,22,32,1.920930259,1.92314769,1.61310225,1.933075212,5.777318809,5.834876958,por_activo
17,2016-12-01,2017-05-31,META,Crisis,False,0 días < 20,,,,,,,,,,,,,,,,,,,,,,,por_activo
17,2016-12-01,2017-05-31,NFLX,global,True,,9.553855038,10.19295933,16,23,79,90,18,20,33,31,61,61,11,11,5,5,1.69705398,1.69705398,2.136117824,2.509075414,4.817196291,4.270276319,por_activo
17,2016-12-01,2017-05-31,NFLX,Tendencia,True,,-0.5933889685,-0.5933889685,13,13,80,80,17,17,38,38,62,62,38,38,6,6,1.621855359,1.64060623,2.318504257,2.318504257,4.110226459,4.110226459,por_activo
17,2016-12-01,2017-05-31,NFLX,Reversión,True,,5.869796497,6.405109646,12,11,26,34,8,8,38,38,62,61,20,13,6,8,1.937088694,1.995265,3.818963174,3.964236116,5.431080611,4.664331874,por_activo
17,2016-12-01,2017-05-31,NFLX,Crisis,False,0 días < 20,,,,,,,,,,,,,,,,,,,,,,,por_activo
17,2016-12-01,2017-05-31,GOOGL,global,True,,9.27766395,10.39874961,8,9,89,95,9,8,38,35,64,62,11,11,39,39,2.040708648,2.021071105,1.109603133,1.115810373,5.467340627,4.119382974,por_activo
17,2016-12-01,2017-05-31,GOOGL,Tendencia,True,,0.6068004934,0.6443334075,26,26,33,26,11,11,20,20,62,62,10,10,30,30,1.702766222,1.717429068,1.626404776,1.628204203,2.803345525,2.855868247,por_activo
17,2016-12-01,2017-05-31,GOOGL,Reversión,True,,0.1683414167,0.3113900538,6,6,60,62,10,10,38,38,71,72,10,10,38,39,1.769005884,1.579843272,2.052112976,2.038571746,5.900094295,5.822444931,por_activo
17,2016-12-01,2017-05-31,GOOGL,Crisis,False,0 días < 20,,,,,,,,,,,,,,,,,,,,,,,por_activo
18,2017-01-03,2017-06-30,NVDA,global,True,,-0.3649639072,1.481275018,18,14,19,12,8,8,37,39,74,75,18,18,20,19,1.829404516,1.80272245,1.963265839,1.782382441,5.474785277,5.75765728,por_activo
18,2017-01-03,2017-06-30,NVDA,Tendencia,False,ningún trial con ≥ 5 operaciones,,,,,,,,,,,,,,,,,,,,,,,por_activo
18,2017-01-03,2017-06-30,NVDA,Reversión,True,,3.86633745,5.783269495,14,17,20,19,26,28,36,35,64,67,20,21,22,22,1.620837095,1.681419726,1.191678924,1.252194138,4.711646508,4.679273282,por_activo
18,2017-01-03,2017-06-30,NVDA,Crisis,False,0 días < 20,,,,,,,,,,,,,,,,,,,,,,,por_activo
18,2017-01-03,2017-06-30,AMZN,global,True,,3.527436104,6.125097291,26,23,28,24,8,8,26,28,74,77,10,10,37,39,1.597266912,1.591386441,1.88041756,1.997063485,2.303331392,2.618383598,por_activo
18,2017-01-03,2017-06-30,AMZN,Tendencia,False,ningún trial con ≥ 5 operaciones,,,,,,,,,,,,,,,,,,,,,,,por_activo
18,2017-01-03,2017-06-30,AMZN,Reversión,True,,1.832373648,2.616701908,19,20,87,77,27,27,39,39,65,67,36,39,26,21,2.00195134,2.023938294,1.907310138,1.688305456,1.0824561,1.0824561,por_activo
18,2017-01-03,2017-06-30,AMZN,Crisis,False,0 días < 20,,,,,,,,,,,,,,,,,,,,,,,por_activo
18,2017-01-03,2017-06-30,TSLA,global,True,,0.9954313452,1.784230405,17,17,17,12,27,27,31,31,66,66,11,12,14,15,1.658140725,1.718449787,1.09963132,1.006670894,3.116343879,3.829690075,por_activo
18,2017-01-03,2017-06-30,TSLA,Tendencia,True,,-0.6439998802,1.8386397,18,17,52,50,20,21,38,40,64,65,12,14,9,6,1.804244692,1.892449293,1.144242338,1.178169521,3.975858347,4.389303092,por_activo
18,2017-01-03,2017-06-30,TSLA,Reversión,True,,-0.2715324974,1.940393131,7,9,54,96,20,18,31,30,61,67,12,13,8,8,1.539034925,1.762812391,3.43071909,3.38227199,4.567913128,4.37439922,por_activo
18,2017-01-03,2017-06-30,TSLA,Crisis,False,0 días < 20,,,,,,,,,,,,,,,,,,,,,,,por_activo
18,2017-01-03,2017-06-30,META,global,True,,2.138402727,2.138402727,6,6,96,98,18,20,26,26,61,60,10,11,27,27,1.744386789,1.706397705,2.126227297,2.126227297,5.875451461,5.894335764,por_activo
18,2017-01-03,2017-06-30,META,Tendencia,False,ningún trial con ≥ 5 operaciones,,,,,,,,,,,,,,,,,,,,,,,por_activo
18,2017-01-03,2017-06-30,META,Reversión,True,,8.717668551,9.808675915,18,21,92,96,7,7,37,37,74,76,34,34,37,35,2.437418034,2.477157081,1.856699341,1.825490019,3.77081156,4.218081019,por_activo
18,2017-01-03,2017-06-30,META,Crisis,False,0 días < 20,,,,,,,,,,,,,,,,,,,,,,,por_activo
18,2017-01-03,2017-06-30,NFLX,global,True,,0.2653031878,0.582805001,15,15,76,82,8,9,36,37,66,66,32,25,8,11,2.573998696,1.938449594,1.14959058,1.133115293,2.02997876,1.943793965,por_activo
18,2017-01-03,2017-06-30,NFLX,Tendencia,True,,0.3389968113,0.3389968113,8,8,94,94,17,17,34,34,62,62,17,17,22,22,1.615161842,1.615161842,1.051637112,1.051637112,1.101125983,1.101125983,por_activo
18,2017-01-03,2017-06-30,NFLX,Reversión,True,,18.89017447,16.53976203,29,29,52,39,11,10,38,38,65,67,13,13,36,37,1.807467942,1.831904601,1.443272685,1.66037089,3.614069219,3.746423534,por_activo
18,2017-01-03,2017-06-30,NFLX,Crisis,False,0 días < 20,,,,,,,,,,,,,,,,,,,,,,,por_activo
18,2017-01-03,2017-06-30,GOOGL,global,True,,2.182553214,3.097584654,15,17,23,18,8,8,37,37,72,73,10,10,36,36,2.183084522,2.183084522,1.089935467,1.09719603,2.62508963,3.064839564,por_activo
18,2017-01-03,2017-06-30,GOOGL,Tendencia,False,ningún trial con ≥ 5 operaciones,,,,,,,,,,,,,,,,,,,,,,,por_activo
18,2017-01-03,2017-06-30,GOOGL,Reversión,True,,0.4388566705,2.842770783,29,25,87,90,26,26,20,20,62,61,26,25,24,23,1.716034303,1.805707335,1.276840002,1.113051993,5.003221142,5.14791592,por_activo
18,2017-01-03,2017-06-30,GOOGL,Crisis,False,0 días < 20,,,,,,,,,,,,,,,,,,,,,,,por_activo
19,2017-02-01,2017-07-31,NVDA,global,True,,9.78743615,12.72688487,28,27,96,96,18,18,33,33,67,67,21,20,24,22,1.582701567,1.613485508,1.556900043,1.556900043,2.093362358,1.803519889,por_activo
19,2017-02-01,2017-07-31,NVDA,Tendencia,False,ningún trial con ≥ 5 operaciones,,,,,,,,,,,,,,,,,,,,,,,por_activo
19,2017-02-01,2017-07-31,NVDA,Reversión,True,,26.36785939,25.60244352,28,28,90,100,16,16,38,38,78,78,22,22,22,22,1.650420841,1.620483968,2.099416704,2.167190759,5.323218621,5.353834783,por_activo
19,2017-02-01,2017-07-31,NVDA,Crisis,False,0 días < 20,,,,,,,,,,,,,,,,,,,,,,,por_activo
19,2017-02-01,2017-07-31,AMZN,global,True,,0.3727971528,0.9319104176,20,19,20,20,10,11,34,36,69,69,28,27,38,40,1.770681575,1.837067443,1.411604126,1.352088787,1.775333162,1.649721843,por_activo
19,2017-02-01,2017-07-31,AMZN,Tendencia,False,ningún trial con ≥ 5 operaciones,,,,,,,,,,,,,,,,,,,,,,,por_activo
19,2017-02-01,2017-07-31,AMZN,Reversión,True,,2.889284278,4.077362157,29,30,22,22,12,12,24,23,62,61,11,11,12,12,1.919668741,1.95956779,3.679217085,3.490398547,4.463565356,4.015514027,por_activo
19,2017-02-01,2017-07-31,AMZN,Crisis,False,0 días < 20,,,,,,,,,,,,,,,,,,,,,,,por_activo
19,2017-02-01,2017-07-31,TSLA,global,True,,11.90902417,13.14666642,28,28,26,33,18,18,38,39,66,67,16,17,21,24,1.584093606,1.546556292,1.891849954,1.998587178,5.409872209,5.432086273,por_activo
19,2017-02-01,2017-07-31,TSLA,Tendencia,False,ningún trial con ≥ 5 operaciones,,,,,,,,,,,,,,,,,,,,,,,por_activo
19,2017-02-01,2017-07-31,TSLA,Reversión,True,,11.59254617,19.1709593,27,28,16,14,10,11,39,38,75,71,12,12,24,22,1.835976439,2.029039998,1.291955673,1.149551024,5.449592785,5.418756935,por_activo
19,2017-02-01,2017-07-31,TSLA,Crisis,False,0 días < 20,,,,,,,,,,,,,,,,,,,,,,,por_activo
19,2017-02-01,2017-07-31,META,global,True,,8.483085293,9.308990448,17,10,72,69,17,16,21,22,60,60,10,11,12,10,1.641449182,1.649971011,2.982285372,2.982285372,5.18711802,5.18711802,por_activo
19,2017-02-01,2017-07-31,META,Tendencia,False,ningún trial con ≥ 5 operaciones,,,,,,,,,,,,,,,,,,,,,,,por_activo
19,2017-02-01,2017-07-31,META,Reversión,True,,33.45313723,34.43024549,24,23,20,19,7,7,39,39,64,63,39,39,30,30,2.942227637,2.966580992,1.846959481,1.941658456,3.232822779,3.345548242,por_activo
19,2017-02-01,2017-07-31,META,Crisis,False,0 días < 20,,,,,,,,,,,,,,,,,,,,,,,por_activo
19,2017-02-01,2017-07-31,NFLX,global,True,,4.908965361,9.568366259,8,8,88,88,23,23,39,39,61,63,26,26,17,20,1.609419565,1.609419565,1.174891721,1.262091231,5.756649475,5.756649475,por_activo
19,2017-02-01,2017-07-31,NFLX,Tendencia,False,ningún trial con ≥ 5 operaciones,,,,,,,,,,,,,,,,,,,,,,,por_activo
19,2017-02-01,2017-07-31,NFLX,Reversión,True,,7.869189063,10.89191279,6,6,54,50,7,8,39,38,72,72,28,29,27,33,2.204664462,2.192283088,3.466382153,3.370325492,4.774488111,4.498587092,por_activo
19,2017-02-01,2017-07-31,NFLX,Crisis,False,0 días < 20,,,,,,,,,,,,,,,,,,,,,,,por_activo
19,2017-02-01,2017-07-31,GOOGL,global,True,,0.3905198053,0.3280027594,12,12,32,32,16,14,32,32,65,65,11,11,35,35,1.663341722,1.774911686,3.633567876,3.871803812,1.510039313,1.320851364,por_activo
19,2017-02-01,2017-07-31,GOOGL,Tendencia,False,ningún trial con ≥ 5 operaciones,,,,,,,,,,,,,,,,,,,,,,,por_activo
19,2017-02-01,2017-07-31,GOOGL,Reversión,True,,2.503924404,4.094946363,23,21,68,68,20,19,26,25,67,65,27,27,23,26,1.560566894,1.538596466,1.149822358,1.124825013,5.683864804,5.934385406,por_activo
19,2017-02-01,2017-07-31,GOOGL,Crisis,False,0 días < 20,,,,,,,,,,,,,,,,,,,,,,,por_activo
20,2017-03-01,2017-08-31,NVDA,global,True,,7.380360383,10.49190257,8,10,88,91,10,14,28,26,66,60,20,20,24,13,1.570636527,1.505715019,2.420986445,3.569497273,3.452995547,3.295450417,por_activo
20,2017-03-01,2017-08-31,NVDA,Tendencia,True,,8.709524398,9.908157421,27,28,92,91,8,8,38,36,72,72,18,21,27,26,1.660983991,1.619429631,3.017464789,3.023703917,5.62254115,5.632409685,por_activo
20,2017-03-01,2017-08-31,NVDA,Reversión,False,ningún trial con ≥ 5 operaciones,,,,,,,,,,,,,,,,,,,,,,,por_activo
20,2017-03-01,2017-08-31,NVDA,Crisis,False,2 días < 20,,,,,,,,,,,,,,,,,,,,,,,por_activo
20,2017-03-01,2017-08-31,AMZN,global,True,,-0.7192012192,-0.7192012192,9,9,78,78,23,23,23,23,61,61,22,22,16,16,1.535239046,1.535239046,2.197125614,2.197125614,3.106293066,3.106293066,por_activo
20,2017-03-01,2017-08-31,AMZN,Tendencia,True,,3.446001944,4.566183955,26,30,79,80,12,11,27,29,60,62,11,11,36,39,2.078070652,2.082060795,2.170995011,1.884683589,4.978362113,5.220143988,por_activo
20,2017-03-01,2017-08-31,AMZN,Reversión,False,ningún trial con ≥ 5 operaciones,,,,,,,,,,,,,,,,,,,,,,,por_activo
20,2017-03-01,2017-08-31,AMZN,Crisis,False,2 días < 20,,,,,,,,,,,,,,,,,,,,,,,por_activo
20,2017-03-01,2017-08-31,TSLA,global,True,,3.616723856,3.616723856,28,28,41,41,8,8,37,37,69,69,24,24,26,26,1.767577419,1.767577419,1.951687544,1.951687544,4.918303292,4.918303292,por_activo
20,2017-03-01,2017-08-31,TSLA,Tendencia,True,,3.35496786,5.682394962,29,30,74,86,8,7,28,28,64,65,36,36,18,19,2.079289571,1.989306893,1.412033421,1.435264421,2.06704118,2.164955289,por_activo
20,2017-03-01,2017-08-31,TSLA,Reversión,False,ningún trial con ≥ 5 operaciones,,,,,,,,,,,,,,,,,,,,,,,por_activo
20,2017-03-01,2017-08-31,TSLA,Crisis,False,2 días < 20,,,,,,,,,,,,,,,,,,,,,,,por_activo
20,2017-03-01,2017-08-31,META,global,True,,0.005830821523,-0.3606675792,6,6,28,32,25,24,37,39,66,66,28,30,32,32,1.669195102,1.571965273,1.300626833,1.325879358,5.413095631,5.413253522,por_activo
20,2017-03-01,2017-08-31,META,Tendencia,True,,10.59638181,9.306105675,26,28,46,22,12,12,31,29,60,60,10,10,10,9,1.986516785,1.961236619,1.874374849,1.554458156,2.972984272,2.487793137,por_activo
20,2017-03-01,2017-08-31,META,Reversión,False,ningún trial con ≥ 5 operaciones,,,,,,,,,,,,,,,,,,,,,,,por_activo
20,2017-03-01,2017-08-31,META,Crisis,False,2 días < 20,,,,,,,,,,,,,,,,,,,,,,,por_activo
20,2017-03-01,2017-08-31,NFLX,global,True,,6.136257178,9.236559765,28,28,39,35,8,8,30,31,62,62,12,12,36,34,1.976018418,1.924616839,2.326686014,2.125926457,1.411341862,1.871168694,por_activo
20,2017-03-01,2017-08-31,NFLX,Tendencia,True,,23.44262543,34.36413398,27,27,78,73,20,21,39,38,64,64,10,11,27,27,1.726769169,1.754035925,2.296102831,2.324689819,3.90183636,4.298340256,por_activo
20,2017-03-01,2017-08-31,NFLX,Reversión,False,ningún trial con ≥ 5 operaciones,,,,,,,,,,,,,,,,,,,,,,,por_activo
20,2017-03-01,2017-08-31,NFLX,Crisis,False,2 días < 20,,,,,,,,,,,,,,,,,,,,,,,por_activo
20,2017-03-01,2017-08-31,GOOGL,global,True,,-1.111846183,-1.111846183,13,13,81,81,8,8,39,39,66,66,25,25,20,20,2.537487773,2.537487773,1.338655671,1.338655671,3.025665776,3.025665776,por_activo
20,2017-03-01,2017-08-31,GOOGL,Tendencia,True,,1.480383315,1.801996377,12,8,76,97,8,7,31,29,63,68,11,11,24,23,1.813748298,1.822997389,3.893587337,3.966128637,2.231079554,2.380342288,por_activo
20,2017-03-01,2017-08-31,GOOGL,Reversión,False,ningún trial con ≥ 5 operaciones,,,,,,,,,,,,,,,,,,,,,,,por_activo
20,2017-03-01,2017-08-31,GOOGL,Crisis,False,2 días < 20,,,,,,,,,,,,,,,,,,,,,,,por_activo
21,2017-04-03,2017-09-29,NVDA,global,True,,2.965948073,4.669828702,17,15,68,65,8,8,38,40,62,62,22,19,36,36,1.629120729,1.576670766,1.987512962,2.163347838,1.643138323,1.280278915,por_activo
21,2017-04-03,2017-09-29,NVDA,Tendencia,True,,5.552522569,6.208118825,10,10,89,85,10,10,28,29,74,74,19,20,8,11,2.19674382,2.239798057,1.047127971,1.10891372,3.725066546,3.725066546,por_activo
21,2017-04-03,2017-09-29,NVDA,Reversión,False,ningún trial con ≥ 5 operaciones,,,,,,,,,,,,,,,,,,,,,,,por_activo
21,2017-04-03,2017-09-29,NVDA,Crisis,False,0 días < 20,,,,,,,,,,,,,,,,,,,,,,,por_activo
21,2017-04-03,2017-09-29,AMZN,global,True,,2.992455642,4.659004356,28,29,84,85,8,8,23,24,65,66,28,28,6,5,1.766793862,1.860885976,1.355106167,1.430206664,2.550913705,2.263116351,por_activo
21,2017-04-03,2017-09-29,AMZN,Tendencia,True,,0.6299187643,1.131604648,11,25,46,35,9,13,22,22,60,67,21,12,34,13,1.784088396,1.998993966,3.693288029,2.819823111,4.349410776,1.088423276,por_activo
21,2017-04-03,2017-09-29,AMZN,Reversión,False,ningún trial con ≥ 5 operaciones,,,,,,,,,,,,,,,,,,,,,,,por_activo
21,2017-04-03,2017-09-29,AMZN,Crisis,False,0 días < 20,,,,,,,,,,,,,,,,,,,,,,,por_activo
21,2017-04-03,2017-09-29,TSLA,global,True,,6.188003142,9.207246835,8,6,43,30,7,8,40,40,61,60,22,20,21,21,1.703427823,1.848139688,1.969640012,2.607182685,5.638703066,5.541869277,por_activo
21,2017-04-03,2017-09-29,TSLA,Tendencia,True,,2.054824615,4.593415762,12,15,74,42,9,16,29,25,65,65,32,12,28,36,1.892604695,1.922109762,1.781103809,1.224931102,4.973571439,4.867133142,por_activo
21,2017-04-03,2017-09-29,TSLA,Reversión,False,ningún trial con ≥ 5 operaciones,,,,,,,,,,,,,,,,,,,,,,,por_activo
21,2017-04-03,2017-09-29,TSLA,Crisis,False,0 días < 20,,,,,,,,,,,,,,,,,,,,,,,por_activo
21,2017-04-03,2017-09-29,META,global,False,,,,,,,,,,,,,,,,,,,,,,,,por_activo
21,2017-04-03,2017-09-29,META,Tendencia,True,,19.04662569,19.8088314,27,29,15,15,8,8,38,39,74,74,23,23,23,25,2.672080722,2.672080722,1.060265124,1.060265124,5.202563742,5.449895182,por_activo
21,2017-04-03,2017-09-29,META,Reversión,True,,-0.3149987164,-0.2862795841,28,29,22,20,9,8,22,21,66,67,19,18,35,35,1.565997909,1.599627066,1.140373661,1.064859224,3.788368443,3.529047532,por_activo
21,2017-04-03,2017-09-29,META,Crisis,False,0 días < 20,,,,,,,,,,,,,,,,,,,,,,,por_activo
21,2017-04-03,2017-09-29,NFLX,global,True,,0.09249515775,3.39858365,15,13,26,32,24,24,34,35,60,61,25,24,16,14,1.701263623,1.654788217,1.116353403,1.462553973,5.895112301,5.894944687,por_activo
21,2017-04-03,2017-09-29,NFLX,Tendencia,True,,10.13148776,12.2349192,26,23,81,76,14,12,32,32,60,60,36,31,28,30,1.58868067,1.554988211,2.732983108,3.212992986,5.59068582,4.909433447,por_activo
21,2017-04-03,2017-09-29,NFLX,Reversión,False,ningún trial con ≥ 5 operaciones,,,,,,,,,,,,,,,,,,,,,,,por_activo
21,2017-04-03,2017-09-29,NFLX,Crisis,False,0 días < 20,,,,,,,,,,,,,,,,,,,,,,,por_activo
21,2017-04-03,2017-09-29,GOOGL,global,True,,4.149223349,1.777260143,16,17,24,28,12,10,40,40,78,76,11,11,10,10,1.629106456,1.658954927,2.838620977,2.889170336,4.18147661,4.000523884,por_activo
21,2017-04-03,2017-09-29,GOOGL,Tendencia,True,,-0.2882864028,-0.1651720725,13,13,30,26,7,7,40,40,77,77,32,32,24,23,2.104586608,2.067401092,2.969921229,3.001119346,1.310414278,1.408050023,por_activo
21,2017-04-03,2017-09-29,GOOGL,Reversión,False,ningún trial con ≥ 5 operaciones,,,,,,,,,,,,,,,,,,,,,,,por_activo
21,2017-04-03,2017-09-29,GOOGL,Crisis,False,0 días < 20,,,,,,,,,,,,,,,,,,,,,,,por_activo
22,2017-05-01,2017-10-31,NVDA,global,True,,-1.773248829,-1.773248829,19,19,38,38,23,23,33,33,63,63,33,33,8,8,1.660730174,1.660730174,1.967606975,1.967606975,1.583541343,1.583541343,por_activo
22,2017-05-01,2017-10-31,NVDA,Tendencia,False,ningún trial con ≥ 5 operaciones,,,,,,,,,,,,,,,,,,,,,,,por_activo
22,2017-05-01,2017-10-31,NVDA,Reversión,True,,3.842860123,4.921504101,27,22,46,100,7,14,39,31,78,63,38,13,36,26,2.935385184,2.25127377,1.243922442,1.294207964,4.996046522,2.784808299,por_activo
22,2017-05-01,2017-10-31,NVDA,Crisis,False,0 días < 20,,,,,,,,,,,,,,,,,,,,,,,por_activo
22,2017-05-01,2017-10-31,AMZN,global,True,,4.576815896,4.96605939,16,16,96,97,8,7,38,38,63,65,21,19,31,33,1.638819978,1.655328593,3.638931924,3.69727806,2.042662281,2.063962526,por_activo
22,2017-05-01,2017-10-31,AMZN,Tendencia,True,,1.194980346,1.172784492,25,25,31,34,28,28,39,39,61,61,28,26,38,39,1.662783135,1.662783135,1.244275585,1.244275585,1.451627416,1.451627416,por_activo
22,2017-05-01,2017-10-31,AMZN,Reversión,True,,4.284265205,4.477765485,20,20,83,90,7,7,38,38,70,69,12,10,32,36,1.667259864,1.638956296,3.149594863,3.025433226,3.57598979,3.287530789,por_activo
22,2017-05-01,2017-10-31,AMZN,Crisis,False,0 días < 20,,,,,,,,,,,,,,,,,,,,,,,por_activo
22,2017-05-01,2017-10-31,TSLA,global,True,,3.14157813,3.14157813,27,27,68,68,20,20,28,28,63,63,18,18,19,19,1.59141588,1.59141588,2.169047294,2.169047294,1.692072245,1.692072245,por_activo
22,2017-05-01,2017-10-31,TSLA,Tendencia,True,,3.695491435,4.26803787,10,9,62,55,9,10,34,33,60,60,32,31,15,16,1.824244354,1.810014598,1.380035847,1.30153736,2.261287189,2.325142495,por_activo
22,2017-05-01,2017-10-31,TSLA,Reversión,True,,14.00451289,17.30405759,24,25,48,53,12,9,27,33,66,67,12,12,23,37,1.852397934,1.637991591,1.963460973,2.39597184,1.832971638,1.769745093,por_activo
22,2017-05-01,2017-10-31,TSLA,Crisis,False,0 días < 20,,,,,,,,,,,,,,,,,,,,,,,por_activo
22,2017-05-01,2017-10-31,META,global,True,,8.309722931,8.82686271,29,28,80,74,9,10,33,33,64,63,23,23,17,17,1.555936783,1.549563282,1.116497477,1.054085554,4.350885906,4.172702078,por_activo
22,2017-05-01,2017-10-31,META,Tendencia,False,ningún trial con ≥ 5 operaciones,,,,,,,,,,,,,,,,,,,,,,,por_activo
22,2017-05-01,2017-10-31,META,Reversión,True,,36.04777644,38.19703051,13,12,20,22,9,11,34,34,62,64,16,18,36,36,1.546834263,1.511718358,1.05346117,1.004116229,4.234617174,4.204979328,por_activo
22,2017-05-01,2017-10-31,META,Crisis,False,0 días < 20,,,,,,,,,,,,,,,,,,,,,,,por_activo
22,2017-05-01,2017-10-31,NFLX,global,True,,16.07622346,16.47677545,26,25,32,38,26,26,33,33,62,62,10,11,29,29,1.720398469,1.743610373,2.131712867,2.200936516,2.249963384,2.325511162,por_activo
22,2017-05-01,2017-10-31,NFLX,Tendencia,True,,4.142908228,4.496113238,15,15,87,87,8,8,30,30,79,79,35,37,39,36,2.221333333,2.277430835,1.188945992,1.265629629,1.900847866,2.054531733,por_activo
22,2017-05-01,2017-10-31,NFLX,Reversión,True,,10.47493075,19.17827265,8,28,54,46,12,11,32,32,70,72,17,31,34,23,1.557925357,1.557925357,1.67592622,2.924482616,5.371380119,1.137698897,por_activo
22,2017-05-01,2017-10-31,NFLX,Crisis,False,0 días < 20,,,,,,,,,,,,,,,,,,,,,,,por_activo
22,2017-05-01,2017-10-31,GOOGL,global,True,,0.3216427264,2.106253091,11,15,56,56,21,21,35,34,66,66,12,11,26,37,1.585448353,1.585448353,1.622725123,1.622725123,2.159162298,2.286796701,por_activo
22,2017-05-01,2017-10-31,GOOGL,Tendencia,False,ningún trial con ≥ 5 operaciones,,,,,,,,,,,,,,,,,,,,,,,por_activo
22,2017-05-01,2017-10-31,GOOGL,Reversión,False,ningún trial con ≥ 5 operaciones,,,,,,,,,,,,,,,,,,,,,,,por_activo
22,2017-05-01,2017-10-31,GOOGL,Crisis,False,0 días < 20,,,,,,,,,,,,,,,,,,,,,,,por_activo
23,2017-06-01,2017-11-30,NVDA,global,True,,11.37622235,12.2273467,7,6,94,99,14,13,21,21,64,64,17,20,29,30,1.670475075,1.556587458,1.930883058,1.930883058,2.789006203,3.036169213,por_activo
23,2017-06-01,2017-11-30,NVDA,Tendencia,True,,12.38632621,14.48157805,29,29,66,66,14,15,35,35,61,61,22,22,29,30,1.543162949,1.52627798,1.045248371,1.045248371,2.711574072,3.0228579,por_activo
23,2017-06-01,2017-11-30,NVDA,Reversión,True,,2.028892613,4.329698381,12,13,68,69,7,7,40,39,63,63,38,39,27,31,1.741550149,1.880146997,1.21524875,1.255408508,5.777557375,5.945353018,por_activo
23,2017-06-01,2017-11-30,NVDA,Crisis,False,0 días < 20,,,,,,,,,,,,,,,,,,,,,,,por_activo
23,2017-06-01,2017-11-30,AMZN,global,True,,14.83021092,14.72797449,27,26,68,73,10,9,28,23,74,74,17,16,10,10,1.630563438,1.638121399,1.303744416,1.302376023,4.883745479,4.832304817,por_activo
23,2017-06-01,2017-11-30,AMZN,Tendencia,True,,-0.2450198151,4.301187604,16,15,35,36,10,9,40,40,67,62,37,37,22,15,1.651149771,1.80998802,2.940054024,3.529632226,1.219469723,1.212347245,por_activo
23,2017-06-01,2017-11-30,AMZN,Reversión,True,,12.41444642,14.34373006,6,7,16,12,8,9,36,37,64,64,20,21,33,34,1.60647836,1.612338693,1.495871886,1.385711776,3.296249448,3.727123901,por_activo
23,2017-06-01,2017-11-30,AMZN,Crisis,False,0 días < 20,,,,,,,,,,,,,,,,,,,,,,,por_activo
23,2017-06-01,2017-11-30,TSLA,global,True,,-0.7094029601,1.552391518,28,29,18,16,8,8,38,37,64,64,36,36,6,6,1.563454141,1.536028924,3.53808356,3.83674083,1.378211867,1.458515207,por_activo
23,2017-06-01,2017-11-30,TSLA,Tendencia,True,,4.925157365,5.331523721,6,11,66,63,10,28,36,23,61,64,38,31,30,29,1.637119982,1.80821637,1.188998969,1.172379924,1.933451271,2.363100637,por_activo
23,2017-06-01,2017-11-30,TSLA,Reversión,True,,3.194495026,3.194495026,10,10,89,89,21,21,38,38,75,75,10,10,9,9,1.562850772,1.562850772,3.395295211,3.395295211,4.349917401,4.349917401,por_activo
23,2017-06-01,2017-11-30,TSLA,Crisis,False,0 días < 20,,,,,,,,,,,,,,,,,,,,,,,por_activo
23,2017-06-01,2017-11-30,META,global,True,,2.809845877,2.925209398,12,14,58,67,9,9,30,29,61,60,25,29,15,15,1.613694413,1.645041207,2.710901144,2.83529671,2.943398568,3.039927345,por_activo
23,2017-06-01,2017-11-30,META,Tendencia,True,,1.29805959,1.269101143,23,25,65,67,23,23,22,22,61,60,28,27,38,36,1.546572303,1.543273638,1.066865985,1.00191724,3.276484736,3.392798513,por_activo
23,2017-06-01,2017-11-30,META,Reversión,False,ningún trial con ≥ 5 operaciones,,,,,,,,,,,,,,,,,,,,,,,por_activo
23,2017-06-01,2017-11-30,META,Crisis,False,0 días < 20,,,,,,,,,,,,,,,,,,,,,,,por_activo
23,2017-06-01,2017-11-30,NFLX,global,True,,1.695092735,4.515664964,10,11,28,27,26,27,27,26,61,61,24,24,10,9,1.644409091,1.644409091,1.092062768,1.004179897,1.874894702,1.852364165,por_activo
23,2017-06-01,2017-11-30,NFLX,Tendencia,True,,7.005561158,7.113586015,29,28,21,21,8,7,38,39,62,62,14,16,39,39,2.753927265,2.702143208,2.570853087,2.425867251,1.355462683,1.385052343,por_activo
23,2017-06-01,2017-11-30,NFLX,Reversión,True,,3.004103712,3.199221454,26,26,94,96,24,24,21,21,62,62,28,28,6,6,1.823319343,1.821509833,1.29826434,1.212951392,5.54728805,5.644964227,por_activo
23,2017-06-01,2017-11-30,NFLX,Crisis,False,0 días < 20,,,,,,,,,,,,,,,,,,,,,,,por_activo
23,2017-06-01,2017-11-30,GOOGL,global,False,,,,,,,,,,,,,,,,,,,,,,,,por_activo
23,2017-06-01,2017-11-30,GOOGL,Tendencia,False,ningún trial con ≥ 5 operaciones,,,,,,,,,,,,,,,,,,,,,,,por_activo
23,2017-06-01,2017-11-30,GOOGL,Reversión,True,,-1.030077118,0.03796854554,28,9,30,37,18,8,25,37,67,62,38,30,38,36,1.612794841,2.105706136,1.174376343,2.85325124,5.344225694,1.080884739,por_activo
23,2017-06-01,2017-11-30,GOOGL,Crisis,False,0 días < 20,,,,,,,,,,,,,,,,,,,,,,,por_activo
24,2017-07-03,2017-12-29,NVDA,global,False,,,,,,,,,,,,,,,,,,,,,,,,por_activo
24,2017-07-03,2017-12-29,NVDA,Tendencia,True,,12.09664717,15.48707288,18,17,82,78,17,18,24,24,62,63,12,13,14,14,1.6831831,1.537245075,1.189962747,1.263647647,5.461290824,4.643353727,por_activo
24,2017-07-03,2017-12-29,NVDA,Reversión,True,,7.114899059,8.96777751,25,24,86,81,27,25,36,38,61,60,21,22,38,37,1.830114879,1.78449978,1.477843413,1.653094024,1.677817367,2.020383871,por_activo
24,2017-07-03,2017-12-29,NVDA,Crisis,False,0 días < 20,,,,,,,,,,,,,,,,,,,,,,,por_activo
24,2017-07-03,2017-12-29,AMZN,global,True,,11.56567716,11.64633464,28,30,16,12,8,8,29,29,64,64,11,11,31,30,1.809524549,1.756954471,1.403690872,1.331207271,5.153472888,5.506609457,por_activo
24,2017-07-03,2017-12-29,AMZN,Tendencia,False,ningún trial con ≥ 5 operaciones,,,,,,,,,,,,,,,,,,,,,,,por_activo
24,2017-07-03,2017-12-29,AMZN,Reversión,True,,15.88099844,15.62208258,27,30,61,53,8,11,38,34,65,62,20,26,38,37,1.64542327,1.741688456,1.363876009,1.321852834,5.198569666,5.820646423,por_activo
24,2017-07-03,2017-12-29,AMZN,Crisis,False,0 días < 20,,,,,,,,,,,,,,,,,,,,,,,por_activo
24,2017-07-03,2017-12-29,TSLA,global,False,,,,,,,,,,,,,,,,,,,,,,,,por_activo
24,2017-07-03,2017-12-29,TSLA,Tendencia,True,,0.6930615337,0.7882441257,10,10,40,47,23,23,31,29,62,63,11,10,18,16,1.52805875,1.509412735,2.680255193,2.598077517,1.341451523,1.341451523,por_activo
24,2017-07-03,2017-12-29,TSLA,Reversión,False,ningún trial con ≥ 5 operaciones,,,,,,,,,,,,,,,,,,,,,,,por_activo
24,2017-07-03,2017-12-29,TSLA,Crisis,False,0 días < 20,,,,,,,,,,,,,,,,,,,,,,,por_activo
24,2017-07-03,2017-12-29,META,global,True,,3.144652576,3.68541107,28,27,32,31,27,27,33,31,60,60,20,20,16,17,1.597108717,1.540150432,1.145297852,1.037160375,3.382313187,3.504379651,por_activo
24,2017-07-03,2017-12-29,META,Tendencia,True,,11.27118521,13.83630328,28,30,94,94,20,19,34,33,62,63,12,12,14,15,1.753499987,1.776716015,1.103936816,1.103936816,3.538674539,3.713033467,por_activo
24,2017-07-03,2017-12-29,META,Reversión,True,,20.00503901,14.33804257,12,12,59,57,12,11,38,39,63,64,16,16,18,18,1.712355311,1.696082876,1.366537827,1.319770499,2.797818734,3.047282734,por_activo
24,2017-07-03,2017-12-29,META,Crisis,False,0 días < 20,,,,,,,,,,,,,,,,,,,,,,,por_activo
24,2017-07-03,2017-12-29,NFLX,global,False,,,,,,,,,,,,,,,,,,,,,,,,por_activo
24,2017-07-03,2017-12-29,NFLX,Tendencia,True,,6.3943204,7.043858774,12,12,74,72,27,28,21,20,62,61,34,35,14,18,1.837894583,1.809191892,1.195197923,1.201160585,2.571525705,2.981899671,por_activo
24,2017-07-03,2017-12-29,NFLX,Reversión,True,,4.267997319,24.39603401,8,16,36,98,8,8,34,39,62,75,36,33,35,26,1.737972706,1.637291351,1.267841164,2.022209546,4.342275188,3.552685782,por_activo
24,2017-07-03,2017-12-29,NFLX,Crisis,False,0 días < 20,,,,,,,,,,,,,,,,,,,,,,,por_activo
24,2017-07-03,2017-12-29,GOOGL,global,True,,2.067758242,3.100147385,24,24,31,99,7,11,33,39,61,70,38,21,38,9,1.66538299,1.590576911,1.105985113,1.519732697,2.100330086,5.749446617,por_activo
24,2017-07-03,2017-12-29,GOOGL,Tendencia,False,ningún trial con ≥ 5 operaciones,,,,,,,,,,,,,,,,,,,,,,,por_activo
24,2017-07-03,2017-12-29,GOOGL,Reversión,True,,3.484076973,3.484076973,12,14,82,88,7,8,40,40,61,62,11,11,29,37,1.773536564,1.839485673,2.927239246,2.927239246,4.621192484,4.621192484,por_activo
24,2017-07-03,2017-12-29,GOOGL,Crisis,False,0 días < 20,,,,,,,,,,,,,,,,,,,,,,,por_activo
25,2017-08-01,2018-01-31,NVDA,global,True,,2.193163503,6.146685657,18,19,17,26,9,9,24,21,64,64,18,19,33,32,1.627217512,1.708751125,1.390455841,1.660118646,1.272211818,2.576853597,por_activo
25,2017-08-01,2018-01-31,NVDA,Tendencia,True,,-0.2697542366,-0.2697542366,14,14,89,89,12,12,40,40,63,63,26,26,5,5,1.852700288,1.852700288,1.115883316,1.115883316,4.417795051,4.417795051,por_activo
25,2017-08-01,2018-01-31,NVDA,Reversión,True,,6.989034403,25.0774281,16,16,53,55,14,15,22,20,72,71,24,22,5,6,1.777452189,1.716084244,3.144348445,3.078418237,1.128471788,1.03624498,por_activo
25,2017-08-01,2018-01-31,NVDA,Crisis,False,0 días < 20,,,,,,,,,,,,,,,,,,,,,,,por_activo
25,2017-08-01,2018-01-31,AMZN,global,True,,4.815974147,4.386157438,6,7,70,70,7,8,31,31,61,62,11,11,35,35,1.971587882,2.049584242,1.285225921,1.351458172,4.085632978,4.195365613,por_activo
25,2017-08-01,2018-01-31,AMZN,Tendencia,False,ningún trial con ≥ 5 operaciones,,,,,,,,,,,,,,,,,,,,,,,por_activo
25,2017-08-01,2018-01-31,AMZN,Reversión,True,,3.372575161,3.528382114,27,27,93,91,11,11,36,35,77,77,11,12,25,24,2.051256604,2.041595541,3.735183328,3.692884693,4.527893773,4.527893773,por_activo
25,2017-08-01,2018-01-31,AMZN,Crisis,False,0 días < 20,,,,,,,,,,,,,,,,,,,,,,,por_activo
25,2017-08-01,2018-01-31,TSLA,global,False,,,,,,,,,,,,,,,,,,,,,,,,por_activo
25,2017-08-01,2018-01-31,TSLA,Tendencia,False,ningún trial con ≥ 5 operaciones,,,,,,,,,,,,,,,,,,,,,,,por_activo
25,2017-08-01,2018-01-31,TSLA,Reversión,True,,3.079319964,5.928956136,12,12,88,89,13,13,36,34,62,63,12,13,11,11,1.938632326,1.928125592,2.056582952,1.785071243,5.697493119,5.151427695,por_activo
25,2017-08-01,2018-01-31,TSLA,Crisis,False,0 días < 20,,,,,,,,,,,,,,,,,,,,,,,por_activo
25,2017-08-01,2018-01-31,META,global,False,,,,,,,,,,,,,,,,,,,,,,,,por_activo
25,2017-08-01,2018-01-31,META,Tendencia,False,ningún trial con ≥ 5 operaciones,,,,,,,,,,,,,,,,,,,,,,,por_activo
25,2017-08-01,2018-01-31,META,Reversión,True,,7.218411914,10.40265976,27,28,28,12,14,15,25,25,62,63,39,39,6,7,1.584384363,1.592150979,3.37148625,3.24065223,5.388604733,5.119250847,por_activo
25,2017-08-01,2018-01-31,META,Crisis,False,0 días < 20,,,,,,,,,,,,,,,,,,,,,,,por_activo
25,2017-08-01,2018-01-31,NFLX,global,True,,-0.4342652693,-0.3245724456,7,5,47,49,8,8,39,39,70,70,36,29,11,5,1.611338101,1.619646411,2.681555194,3.024045552,5.483737948,5.793236535,por_activo
25,2017-08-01,2018-01-31,NFLX,Tendencia,False,ningún trial con ≥ 5 operaciones,,,,,,,,,,,,,,,,,,,,,,,por_activo
25,2017-08-01,2018-01-31,NFLX,Reversión,True,,0.1053259101,0.8014745399,11,11,68,53,12,8,39,40,61,60,34,34,28,25,2.466635544,2.50840075,3.856355855,3.899431169,4.554399659,4.809668233,por_activo
25,2017-08-01,2018-01-31,NFLX,Crisis,False,0 días < 20,,,,,,,,,,,,,,,,,,,,,,,por_activo
25,2017-08-01,2018-01-31,GOOGL,global,True,,-1.396858293,-0.5494262697,6,5,74,71,8,7,28,28,64,63,38,39,6,6,1.565789817,1.656331232,1.663571885,1.58458821,1.698229328,1.567943176,por_activo
25,2017-08-01,2018-01-31,GOOGL,Tendencia,False,ningún trial con ≥ 5 operaciones,,,,,,,,,,,,,,,,,,,,,,,por_activo
25,2017-08-01,2018-01-31,GOOGL,Reversión,True,,1.516960963,3.363867507,28,24,18,49,23,22,23,28,64,67,10,13,18,14,1.534098305,1.515173058,1.750535443,1.649459766,3.513899876,2.995358876,por_activo
25,2017-08-01,2018-01-31,GOOGL,Crisis,False,0 días < 20,,,,,,,,,,,,,,,,,,,,,,,por_activo
26,2017-09-01,2018-02-28,NVDA,global,True,,3.928868154,5.99429636,8,7,70,68,10,15,35,34,61,61,18,18,32,31,1.655614415,1.624033521,1.897346827,1.804191857,1.535286207,1.478141763,por_activo
26,2017-09-01,2018-02-28,NVDA,Tendencia,False,ningún trial con ≥ 5 operaciones,,,,,,,,,,,,,,,,,,,,,,,por_activo
26,2017-09-01,2018-02-28,NVDA,Reversión,True,,4.356950398,22.69138407,10,6,22,54,8,11,26,38,78,60,15,31,6,17,2.060535594,2.063061058,3.133166211,2.959975179,4.23751347,1.001478677,por_activo
26,2017-09-01,2018-02-28,NVDA,Crisis,False,0 días < 20,,,,,,,,,,,,,,,,,,,,,,,por_activo
26,2017-09-01,2018-02-28,AMZN,global,True,,2.318973722,4.208413646,27,27,95,95,9,10,22,20,61,61,12,11,9,8,1.84437311,1.896944692,3.460439827,3.586534523,1.564820995,1.564820995,por_activo
26,2017-09-01,2018-02-28,AMZN,Tendencia,False,ningún trial con ≥ 5 operaciones,,,,,,,,,,,,,,,,,,,,,,,por_activo
26,2017-09-01,2018-02-28,AMZN,Reversión,True,,0.1710340549,3.273176516,22,17,83,91,7,7,31,31,69,70,16,19,36,39,1.908346573,2.017738893,1.336443974,1.269316551,3.555448916,4.105463775,por_activo
26,2017-09-01,2018-02-28,AMZN,Crisis,False,0 días < 20,,,,,,,,,,,,,,,,,,,,,,,por_activo
26,2017-09-01,2018-02-28,TSLA,global,True,,6.287312981,6.287312981,6,6,24,24,10,10,26,26,64,64,11,11,24,24,1.514741931,1.514741931,1.731458348,1.731458348,2.075784946,2.075784946,por_activo
26,2017-09-01,2018-02-28,TSLA,Tendencia,False,ningún trial con ≥ 5 operaciones,,,,,,,,,,,,,,,,,,,,,,,por_activo
26,2017-09-01,2018-02-28,TSLA,Reversión,True,,4.480080123,6.021389042,24,26,73,89,16,14,38,38,62,62,30,31,10,10,1.686002151,1.723516356,2.204675826,2.231372435,5.704587505,5.786818449,por_activo
26,2017-09-01,2018-02-28,TSLA,Crisis,False,0 días < 20,,,,,,,,,,,,,,,,,,,,,,,por_activo
26,2017-09-01,2018-02-28,META,global,False,,,,,,,,,,,,,,,,,,,,,,,,por_activo
26,2017-09-01,2018-02-28,META,Tendencia,False,ningún trial con ≥ 5 operaciones,,,,,,,,,,,,,,,,,,,,,,,por_activo
26,2017-09-01,2018-02-28,META,Reversión,True,,16.10851788,16.10851788,29,27,89,99,8,8,36,36,63,61,26,25,33,32,2.390483171,2.484576071,1.759606697,1.807298654,1.084254585,1.084254585,por_activo
26,2017-09-01,2018-02-28,META,Crisis,False,0 días < 20,,,,,,,,,,,,,,,,,,,,,,,por_activo
26,2017-09-01,2018-02-28,NFLX,global,True,,0.6228716675,0.806311929,14,10,86,86,7,7,38,38,79,79,29,29,8,11,1.642411534,1.505974015,1.960707692,2.102782167,4.956793875,3.681644074,por_activo
26,2017-09-01,2018-02-28,NFLX,Tendencia,False,ningún trial con ≥ 5 operaciones,,,,,,,,,,,,,,,,,,,,,,,por_activo
26,2017-09-01,2018-02-28,NFLX,Reversión,True,,-0.2750572082,-0.1846458523,28,26,74,70,24,20,26,27,62,65,38,38,33,33,1.614382345,1.579295101,2.08969331,2.105585902,2.645756343,2.70930949,por_activo
26,2017-09-01,2018-02-28,NFLX,Crisis,False,0 días < 20,,,,,,,,,,,,,,,,,,,,,,,por_activo
26,2017-09-01,2018-02-28,GOOGL,global,True,,4.036294211,5.176830447,20,20,88,92,12,13,40,40,62,62,34,34,8,8,1.552954533,1.505581897,2.030592293,1.996051368,5.191044336,5.428054204,por_activo
26,2017-09-01,2018-02-28,GOOGL,Tendencia,False,ningún trial con ≥ 5 operaciones,,,,,,,,,,,,,,,,,,,,,,,por_activo
26,2017-09-01,2018-02-28,GOOGL,Reversión,True,,4.467323221,5.760818609,26,29,96,94,26,26,30,33,61,60,32,34,8,9,2.036890363,2.100237664,2.054245792,2.019006931,5.539358793,5.075773204,por_activo
26,2017-09-01,2018-02-28,GOOGL,Crisis,False,0 días < 20,,,,,,,,,,,,,,,,,,,,,,,por_activo
27,2017-10-02,2018-03-29,NVDA,global,True,,3.432462425,5.070284016,29,28,96,95,9,10,36,36,61,60,11,12,37,36,1.532869539,1.548205064,2.782598504,2.827080499,2.756426835,2.798021704,por_activo
27,2017-10-02,2018-03-29,NVDA,Tendencia,True,,1.830428224,27.84855399,26,27,88,87,26,28,22,21,75,74,27,28,37,36,1.570879013,1.606239048,2.005886364,2.027988017,1.126087566,1.133638862,por_activo
27,2017-10-02,2018-03-29,NVDA,Reversión,True,,4.193604047,4.341281112,20,19,65,64,11,11,40,40,62,62,35,38,35,35,1.570299054,1.503792894,1.952406746,1.894820465,5.65927798,5.701131081,por_activo
27,2017-10-02,2018-03-29,NVDA,Crisis,False,0 días < 20,,,,,,,,,,,,,,,,,,,,,,,por_activo
27,2017-10-02,2018-03-29,AMZN,global,True,,0.2774354584,0.3319850297,28,26,20,30,17,16,26,28,64,66,11,12,39,40,1.815046567,1.827237843,1.185937291,1.327885632,5.36759796,5.620093567,por_activo
27,2017-10-02,2018-03-29,AMZN,Tendencia,True,,2.673628496,2.938371097,17,17,92,93,19,25,21,21,61,62,13,15,16,13,1.831085252,2.090718089,2.331716093,2.283046103,3.99731867,3.292327297,por_activo
27,2017-10-02,2018-03-29,AMZN,Reversión,True,,-1.409276168,5.560208435,20,6,88,17,8,18,30,36,67,80,26,13,9,36,2.087262078,1.673102451,3.502053079,1.307140577,1.456913452,1.56152334,por_activo
27,2017-10-02,2018-03-29,AMZN,Crisis,False,0 días < 20,,,,,,,,,,,,,,,,,,,,,,,por_activo
27,2017-10-02,2018-03-29,TSLA,global,True,,9.622918,5.081418484,8,10,56,53,12,11,37,35,63,63,12,12,36,38,1.747551029,1.740393092,1.065688321,1.074517848,1.939706667,1.939706667,por_activo
27,2017-10-02,2018-03-29,TSLA,Tendencia,True,,11.4649157,12.9552955,7,7,51,50,18,17,40,39,76,74,36,39,10,8,1.623971686,1.507338335,1.125237691,1.144564412,1.690243172,1.66991875,por_activo
27,2017-10-02,2018-03-29,TSLA,Reversión,True,,5.337476839,5.930666915,17,14,95,95,8,9,37,36,66,70,10,10,38,39,1.582240681,1.626295059,1.144039175,1.144039175,2.42567514,2.195143773,por_activo
27,2017-10-02,2018-03-29,TSLA,Crisis,False,0 días < 20,,,,,,,,,,,,,,,,,,,,,,,por_activo
27,2017-10-02,2018-03-29,META,global,False,,,,,,,,,,,,,,,,,,,,,,,,por_activo
27,2017-10-02,2018-03-29,META,Tendencia,True,,6.988919599,6.988919599,10,10,41,41,17,17,32,32,72,72,13,13,27,27,1.82238948,1.82238948,1.439375061,1.439375061,5.479316924,5.479316924,por_activo
27,2017-10-02,2018-03-29,META,Reversión,True,,20.74528464,21.37975183,25,25,29,30,8,7,20,22,67,69,40,40,26,28,1.934402923,1.972206566,3.389425942,3.389425942,2.012486502,2.067836904,por_activo
27,2017-10-02,2018-03-29,META,Crisis,False,0 días < 20,,,,,,,,,,,,,,,,,,,,,,,por_activo
27,2017-10-02,2018-03-29,NFLX,global,True,,-0.02361538369,4.571521968,7,9,66,57,26,28,21,21,64,64,14,14,23,24,1.605991496,1.664840624,1.336188266,1.346639457,5.027253118,4.813602817,por_activo
27,2017-10-02,2018-03-29,NFLX,Tendencia,True,,0.9204629058,4.628194242,28,28,46,51,7,9,22,22,64,64,16,15,21,25,1.834005339,1.952770082,1.376834981,1.509669973,5.591942539,5.581418959,por_activo
27,2017-10-02,2018-03-29,NFLX,Reversión,True,,2.254105534,3.353535972,11,5,95,85,17,16,37,36,68,72,12,13,11,11,1.594033264,1.607537938,3.700497512,2.857730187,3.867032401,4.105060039,por_activo
27,2017-10-02,2018-03-29,NFLX,Crisis,False,0 días < 20,,,,,,,,,,,,,,,,,,,,,,,por_activo
27,2017-10-02,2018-03-29,GOOGL,global,True,,0.001407469262,1.584626836,12,15,33,29,26,24,28,28,62,63,32,31,38,38,1.73434628,1.763503668,1.239730109,1.087396001,1.388163454,1.36460288,por_activo
27,2017-10-02,2018-03-29,GOOGL,Tendencia,True,,56.70459829,56.70459829,17,17,75,67,13,13,39,37,61,61,19,15,16,12,2.009431933,1.977343777,1.099791743,1.04391328,5.525973168,5.525973168,por_activo
27,2017-10-02,2018-03-29,GOOGL,Reversión,True,,6.972380297,6.962467064,29,29,76,70,26,25,22,23,62,62,34,34,8,8,2.103602978,2.105225197,1.99194911,1.866802203,4.049800287,3.325582693,por_activo
27,2017-10-02,2018-03-29,GOOGL,Crisis,False,0 días < 20,,,,,,,,,,,,,,,,,,,,,,,por_activo
28,2017-11-01,2018-04-30,NVDA,global,True,,3.882619206,8.215967838,18,24,46,47,26,28,22,22,62,63,25,19,5,5,1.655038676,1.762685805,1.337491139,1.338785263,4.956875514,4.896078364,por_activo
28,2017-11-01,2018-04-30,NVDA,Tendencia,True,,11.70207029,14.95038187,8,6,94,89,7,10,33,33,78,78,11,11,8,10,2.337513682,2.260926882,1.290960838,1.04801061,1.095688616,1.133231407,por_activo
28,2017-11-01,2018-04-30,NVDA,Reversión,True,,4.535483218,4.640377251,18,18,17,22,9,9,38,37,76,76,36,36,27,30,1.613873086,1.613873086,1.534530306,1.520731115,5.859387932,5.936043809,por_activo
28,2017-11-01,2018-04-30,NVDA,Crisis,False,17 días < 20,,,,,,,,,,,,,,,,,,,,,,,por_activo
28,2017-11-01,2018-04-30,AMZN,global,True,,1.16967734,4.282160886,9,9,66,66,9,7,26,26,78,80,14,12,26,26,1.737835737,1.737835737,1.419830326,1.419830326,1.247290071,1.059395938,por_activo
28,2017-11-01,2018-04-30,AMZN,Tendencia,True,,1.281197246,3.882784672,12,11,34,34,10,7,24,24,72,74,13,17,17,14,1.911412268,1.911412268,2.275548399,1.974416192,3.224579717,3.224579717,por_activo
28,2017-11-01,2018-04-30,AMZN,Reversión,True,,-0.8366307442,-0.6816826841,24,23,96,95,20,20,37,35,73,72,22,19,21,21,1.600120651,1.600120651,2.022868201,1.985452516,5.624013997,5.559202718,por_activo
28,2017-11-01,2018-04-30,AMZN,Crisis,False,17 días < 20,,,,,,,,,,,,,,,,,,,,,,,por_activo
28,2017-11-01,2018-04-30,TSLA,global,False,,,,,,,,,,,,,,,,,,,,,,,,por_activo
28,2017-11-01,2018-04-30,TSLA,Tendencia,True,,0.5794660629,3.144264151,8,6,93,93,8,10,32,32,75,75,33,32,9,9,1.680112677,1.671114838,1.041934456,1.041934456,4.026770225,4.088946818,por_activo
28,2017-11-01,2018-04-30,TSLA,Reversión,True,,4.929600229,8.64040657,19,23,56,54,8,8,36,36,63,64,12,14,12,10,1.560151984,1.504723443,1.640039304,1.697056133,3.645413269,3.645413269,por_activo
28,2017-11-01,2018-04-30,TSLA,Crisis,False,17 días < 20,,,,,,,,,,,,,,,,,,,,,,,por_activo
28,2017-11-01,2018-04-30,META,global,True,,9.24679044,10.07216918,27,17,42,33,8,7,37,37,60,60,15,34,38,31,1.619450258,1.715225359,2.425426381,2.087233505,3.726636069,3.903706278,por_activo
28,2017-11-01,2018-04-30,META,Tendencia,True,,0.200329466,2.20782932,20,20,94,13,8,7,32,29,67,76,40,13,32,14,2.928579819,1.734928058,1.259285818,1.942956957,1.668598926,5.986464225,por_activo
28,2017-11-01,2018-04-30,META,Reversión,True,,7.561001074,7.561001074,7,7,10,10,9,9,40,40,68,68,28,28,18,18,1.911179164,1.911179164,3.626864639,3.626864639,2.393879227,2.393879227,por_activo
28,2017-11-01,2018-04-30,META,Crisis,False,17 días < 20,,,,,,,,,,,,,,,,,,,,,,,por_activo
28,2017-11-01,2018-04-30,NFLX,global,True,,-0.8754436667,-0.7122150388,22,23,54,50,20,19,39,40,61,60,27,28,5,5,1.640411277,1.5647415,3.912963361,3.915160541,4.572146514,4.69912117,por_activo
28,2017-11-01,2018-04-30,NFLX,Tendencia,True,,1.275360018,2.384212694,27,27,88,93,8,8,39,39,63,63,22,21,8,8,1.725956102,1.571436335,3.447064041,3.7570437,1.215873613,1.127805698,por_activo
28,2017-11-01,2018-04-30,NFLX,Reversión,True,,-0.9412499408,0.8841322804,14,11,73,73,21,22,20,24,60,63,10,10,29,29,1.576809414,1.567629717,3.275390382,3.468892167,1.956661064,3.135330986,por_activo
28,2017-11-01,2018-04-30,NFLX,Crisis,False,17 días < 20,,,,,,,,,,,,,,,,,,,,,,,por_activo
28,2017-11-01,2018-04-30,GOOGL,global,True,,7.379123944,8.851829821,16,17,27,25,7,7,39,39,64,64,18,21,15,13,1.698256812,1.748348066,3.774400998,3.746350887,3.686239743,3.849400176,por_activo
28,2017-11-01,2018-04-30,GOOGL,Tendencia,True,,19.06881607,19.69244533,24,22,98,94,14,12,25,26,60,60,13,14,36,37,1.786636535,1.786636535,1.240775844,1.240775844,5.692946745,5.259896426,por_activo
28,2017-11-01,2018-04-30,GOOGL,Reversión,True,,3.015693407,3.852329456,8,8,14,15,9,9,34,38,78,79,21,21,21,30,1.631978994,1.53691565,2.060044867,2.060044867,5.462704311,4.89276375,por_activo
28,2017-11-01,2018-04-30,GOOGL,Crisis,False,17 días < 20,,,,,,,,,,,,,,,,,,,,,,,por_activo
29,2017-12-01,2018-05-31,NVDA,global,True,,6.052303692,8.715962403,28,26,76,75,10,9,39,39,62,62,17,15,5,5,1.805738959,1.892470775,1.272824177,1.138899944,4.026548316,3.829668029,por_activo
29,2017-12-01,2018-05-31,NVDA,Tendencia,False,ningún trial con ≥ 5 operaciones,,,,,,,,,,,,,,,,,,,,,,,por_activo
29,2017-12-01,2018-05-31,NVDA,Reversión,True,,2.157562357,16.33618779,28,23,78,74,20,20,22,23,72,70,18,18,34,33,1.593873365,1.536139512,1.643816822,1.396417314,1.403566036,4.636639375,por_activo
29,2017-12-01,2018-05-31,NVDA,Crisis,False,ningún trial con ≥ 5 operaciones,,,,,,,,,,,,,,,,,,,,,,,por_activo
29,2017-12-01,2018-05-31,AMZN,global,True,,1.909006187,2.429140662,25,29,85,83,12,13,20,21,73,73,33,37,20,25,1.601046405,1.690999559,1.068112746,1.002376569,1.539202311,1.574667432,por_activo
29,2017-12-01,2018-05-31,AMZN,Tendencia,False,ningún trial con ≥ 5 operaciones,,,,,,,,,,,,,,,,,,,,,,,por_activo
29,2017-12-01,2018-05-31,AMZN,Reversión,True,,5.343509985,6.362062512,14,16,36,29,25,24,37,37,73,74,19,19,24,23,1.82465118,1.808409085,1.133926572,1.123830454,1.36158092,1.505474236,por_activo
29,2017-12-01,2018-05-31,AMZN,Crisis,False,ningún trial con ≥ 5 operaciones,,,,,,,,,,,,,,,,,,,,,,,por_activo
29,2017-12-01,2018-05-31,TSLA,global,False,,,,,,,,,,,,,,,,,,,,,,,,por_activo
29,2017-12-01,2018-05-31,TSLA,Tendencia,False,ningún trial con ≥ 5 operaciones,,,,,,,,,,,,,,,,,,,,,,,por_activo
29,2017-12-01,2018-05-31,TSLA,Reversión,True,,5.436983625,5.62967435,20,20,15,22,16,17,24,26,61,61,17,16,32,33,1.56865591,1.575424845,2.005427654,1.946026754,2.24047061,2.224413002,por_activo
29,2017-12-01,2018-05-31,TSLA,Crisis,False,ningún trial con ≥ 5 operaciones,,,,,,,,,,,,,,,,,,,,,,,por_activo
29,2017-12-01,2018-05-31,META,global,True,,0.9862177001,4.202940383,7,7,50,53,7,7,36,33,68,69,39,39,6,5,1.605777284,1.68769471,3.788438182,3.986861867,2.881395753,2.845193058,por_activo
29,2017-12-01,2018-05-31,META,Tendencia,False,ningún trial con ≥ 5 operaciones,,,,,,,,,,,,,,,,,,,,,,,por_activo
29,2017-12-01,2018-05-31,META,Reversión,True,,9.263434365,10.90646817,13,12,18,15,9,10,22,21,65,65,36,33,35,37,1.585812634,1.563121558,1.091602663,1.270480648,4.507298499,4.581373633,por_activo
29,2017-12-01,2018-05-31,META,Crisis,False,ningún trial con ≥ 5 operaciones,,,,,,,,,,,,,,,,,,,,,,,por_activo
29,2017-12-01,2018-05-31,NFLX,global,True,,0.08338927879,0.7579836165,10,10,25,31,9,10,21,20,64,62,26,29,10,10,1.529890747,1.515983897,1.167140732,1.311773144,2.818495342,2.650443144,por_activo
29,2017-12-01,2018-05-31,NFLX,Tendencia,True,,0.4869304105,0.5797037791,24,27,62,66,10,11,33,36,60,62,11,10,37,34,1.55411384,1.718704197,1.377423006,1.317254787,4.402299063,3.993701854,por_activo
29,2017-12-01,2018-05-31,NFLX,Reversión,True,,1.814652654,2.02876383,18,16,87,83,9,9,22,25,79,78,34,35,22,23,2.644760338,2.634989164,1.718347795,1.598916112,4.952185958,4.979860867,por_activo
29,2017-12-01,2018-05-31,NFLX,Crisis,False,ningún trial con ≥ 5 operaciones,,,,,,,,,,,,,,,,,,,,,,,por_activo
29,2017-12-01,2018-05-31,GOOGL,global,True,,6.412774395,6.72774887,29,29,14,14,13,10,20,20,62,62,16,16,19,19,1.841200183,1.811371742,1.13742022,1.095746478,5.304038772,5.655405354,por_activo
29,2017-12-01,2018-05-31,GOOGL,Tendencia,False,ningún trial con ≥ 5 operaciones,,,,,,,,,,,,,,,,,,,,,,,por_activo
29,2017-12-01,2018-05-31,GOOGL,Reversión,True,,-0.9448952475,8.054135559,26,26,17,33,10,7,38,40,67,70,37,32,35,26,2.228603145,2.224167944,2.484654262,3.811253637,5.775437109,5.160647754,por_activo
29,2017-12-01,2018-05-31,GOOGL,Crisis,False,ningún trial con ≥ 5 operaciones,,,,,,,,,,,,,,,,,,,,,,,por_activo
30,2018-01-02,2018-06-29,NVDA,global,True,,2.858272063,8.649995529,27,23,89,89,8,8,36,36,66,67,19,20,8,6,2.267618351,2.246863013,1.173857316,1.20454418,1.032144371,1.005156958,por_activo
30,2018-01-02,2018-06-29,NVDA,Tendencia,True,,0.5051903957,0.5051903957,28,28,15,15,22,22,39,39,72,72,27,27,35,35,1.516921176,1.516921176,1.002916956,1.002916956,5.298724138,5.298724138,por_activo
30,2018-01-02,2018-06-29,NVDA,Reversión,False,ningún trial con ≥ 5 operaciones,,,,,,,,,,,,,,,,,,,,,,,por_activo
30,2018-01-02,2018-06-29,NVDA,Crisis,False,ningún trial con ≥ 5 operaciones,,,,,,,,,,,,,,,,,,,,,,,por_activo
30,2018-01-02,2018-06-29,AMZN,global,True,,2.087081112,2.266408976,22,21,66,66,22,22,38,37,64,64,34,35,39,40,1.952996519,1.969852234,1.04074384,1.124642236,5.20637458,5.680309418,por_activo
30,2018-01-02,2018-06-29,AMZN,Tendencia,False,ningún trial con ≥ 5 operaciones,,,,,,,,,,,,,,,,,,,,,,,por_activo
30,2018-01-02,2018-06-29,AMZN,Reversión,True,,0.9350628688,4.52891058,11,11,66,71,26,24,37,35,72,72,13,13,9,6,1.65548353,1.65548353,1.115459888,1.040612749,1.631522191,1.512606882,por_activo
30,2018-01-02,2018-06-29,AMZN,Crisis,False,ningún trial con ≥ 5 operaciones,,,,,,,,,,,,,,,,,,,,,,,por_activo
30,2018-01-02,2018-06-29,TSLA,global,True,,0.02851131596,0.02851131596,25,25,15,15,27,27,39,39,75,75,13,13,16,16,1.51115844,1.51115844,1.185309172,1.185309172,3.256250251,3.256250251,por_activo
30,2018-01-02,2018-06-29,TSLA,Tendencia,False,ningún trial con ≥ 5 operaciones,,,,,,,,,,,,,,,,,,,,,,,por_activo
30,2018-01-02,2018-06-29,TSLA,Reversión,False,ningún trial con ≥ 5 operaciones,,,,,,,,,,,,,,,,,,,,,,,por_activo
30,2018-01-02,2018-06-29,TSLA,Crisis,False,ningún trial con ≥ 5 operaciones,,,,,,,,,,,,,,,,,,,,,,,por_activo
30,2018-01-02,2018-06-29,META,global,True,,0.988212544,3.516821256,12,11,44,43,18,18,38,38,64,64,32,28,18,18,1.53238648,1.511671794,1.289309779,1.200302399,1.047122058,1.065294776,por_activo
30,2018-01-02,2018-06-29,META,Tendencia,False,ningún trial con ≥ 5 operaciones,,,,,,,,,,,,,,,,,,,,,,,por_activo
30,2018-01-02,2018-06-29,META,Reversión,False,ningún trial con ≥ 5 operaciones,,,,,,,,,,,,,,,,,,,,,,,por_activo
30,2018-01-02,2018-06-29,META,Crisis,False,ningún trial con ≥ 5 operaciones,,,,,,,,,,,,,,,,,,,,,,,por_activo
30,2018-01-02,2018-06-29,NFLX,global,True,,-0.6120689898,0.3198841721,24,25,17,13,8,9,33,33,74,75,21,22,22,21,2.128499493,2.248435587,1.443571459,1.346583502,1.625919602,2.295273067,por_activo
30,2018-01-02,2018-06-29,NFLX,Tendencia,False,ningún trial con ≥ 5 operaciones,,,,,,,,,,,,,,,,,,,,,,,por_activo
30,2018-01-02,2018-06-29,NFLX,Reversión,True,,-0.1131068248,0.2731986503,29,29,18,14,23,23,40,40,65,66,12,12,6,9,1.639188258,1.639188258,1.75348603,1.914976982,3.609556651,3.784303612,por_activo
30,2018-01-02,2018-06-29,NFLX,Crisis,False,ningún trial con ≥ 5 operaciones,,,,,,,,,,,,,,,,,,,,,,,por_activo
30,2018-01-02,2018-06-29,GOOGL,global,True,,0.6208558348,0.6942977612,24,22,22,14,7,7,33,31,62,60,24,27,36,36,1.625736802,1.577928441,2.76928505,2.736200317,5.499342639,5.562023631,por_activo
30,2018-01-02,2018-06-29,GOOGL,Tendencia,False,ningún trial con ≥ 5 operaciones,,,,,,,,,,,,,,,,,,,,,,,por_activo
30,2018-01-02,2018-06-29,GOOGL,Reversión,True,,2.223546323,2.680966894,7,7,92,93,13,13,32,32,68,67,31,31,36,37,1.610206368,1.619365731,2.401556788,2.396366249,1.916940874,2.331789382,por_activo
30,2018-01-02,2018-06-29,GOOGL,Crisis,False,ningún trial con ≥ 5 operaciones,,,,,,,,,,,,,,,,,,,,,,,por_activo
31,2018-02-01,2018-07-31,NVDA,global,True,,12.0867806,17.5903674,26,26,34,32,8,8,38,40,78,77,26,26,5,5,2.393186942,2.440088862,3.5651788,3.569996117,1.399959803,1.396438811,por_activo
31,2018-02-01,2018-07-31,NVDA,Tendencia,False,ningún trial con ≥ 5 operaciones,,,,,,,,,,,,,,,,,,,,,,,por_activo
31,2018-02-01,2018-07-31,NVDA,Reversión,False,9 días < 20,,,,,,,,,,,,,,,,,,,,,,,por_activo
31,2018-02-01,2018-07-31,NVDA,Crisis,False,ningún trial con ≥ 5 operaciones,,,,,,,,,,,,,,,,,,,,,,,por_activo
31,2018-02-01,2018-07-31,AMZN,global,True,,6.893100616,8.881747591,6,8,12,10,8,7,37,40,70,69,36,40,37,31,1.643747302,1.657013372,1.265653876,1.253466814,4.243980821,4.235984321,por_activo
31,2018-02-01,2018-07-31,AMZN,Tendencia,True,,5.801107795,7.660131682,27,25,23,39,10,10,36,36,73,73,11,17,21,21,1.972358095,2.057810957,1.210793911,1.210793911,5.702805605,5.903337075,por_activo
31,2018-02-01,2018-07-31,AMZN,Reversión,False,9 días < 20,,,,,,,,,,,,,,,,,,,,,,,por_activo
31,2018-02-01,2018-07-31,AMZN,Crisis,False,ningún trial con ≥ 5 operaciones,,,,,,,,,,,,,,,,,,,,,,,por_activo
31,2018-02-01,2018-07-31,TSLA,global,True,,4.462526451,4.800333961,26,24,63,90,10,9,38,36,65,65,22,17,9,15,1.524804516,1.624355006,2.574374856,2.509705072,3.310645196,3.549447006,por_activo
31,2018-02-01,2018-07-31,TSLA,Tendencia,False,ningún trial con ≥ 5 operaciones,,,,,,,,,,,,,,,,,,,,,,,por_activo
31,2018-02-01,2018-07-31,TSLA,Reversión,False,9 días < 20,,,,,,,,,,,,,,,,,,,,,,,por_activo
31,2018-02-01,2018-07-31,TSLA,Crisis,False,ningún trial con ≥ 5 operaciones,,,,,,,,,,,,,,,,,,,,,,,por_activo
31,2018-02-01,2018-07-31,META,global,True,,0.5091763054,1.136333808,16,14,55,62,10,10,21,21,62,62,37,34,24,24,1.725262627,1.776170586,1.67959605,1.67959605,4.380622035,5.163000258,por_activo
31,2018-02-01,2018-07-31,META,Tendencia,True,,7.581818997,12.87051696,21,19,20,14,9,9,21,22,76,75,21,24,17,17,1.549671205,1.549671205,1.277416087,1.083074757,4.141289896,4.016515711,por_activo
31,2018-02-01,2018-07-31,META,Reversión,False,9 días < 20,,,,,,,,,,,,,,,,,,,,,,,por_activo
31,2018-02-01,2018-07-31,META,Crisis,False,ningún trial con ≥ 5 operaciones,,,,,,,,,,,,,,,,,,,,,,,por_activo
31,2018-02-01,2018-07-31,NFLX,global,True,,6.810873572,7.099605148,25,27,90,90,16,16,21,22,61,61,27,28,20,20,1.589511548,1.55377558,1.815701489,1.852026411,2.85931234,3.03234971,por_activo
31,2018-02-01,2018-07-31,NFLX,Tendencia,True,,7.418003824,9.184944491,12,11,58,67,8,9,34,35,63,64,25,26,18,17,1.575602127,1.581660467,1.816792784,1.479724778,5.394936208,5.348109655,por_activo
31,2018-02-01,2018-07-31,NFLX,Reversión,False,9 días < 20,,,,,,,,,,,,,,,,,,,,,,,por_activo
31,2018-02-01,2018-07-31,NFLX,Crisis,False,ningún trial con ≥ 5 operaciones,,,,,,,,,,,,,,,,,,,,,,,por_activo
31,2018-02-01,2018-07-31,GOOGL,global,True,,4.828237978,6.66771512,29,29,96,98,11,11,35,35,77,77,10,10,12,11,1.81867812,1.877639869,2.159263912,2.064114862,5.716544763,5.716544763,por_activo
31,2018-02-01,2018-07-31,GOOGL,Tendencia,True,,7.488400633,11.38345755,5,5,80,79,7,8,28,29,66,67,11,11,6,5,1.557637532,1.5421888,1.342898284,1.193379026,4.614236864,5.268749906,por_activo
31,2018-02-01,2018-07-31,GOOGL,Reversión,False,9 días < 20,,,,,,,,,,,,,,,,,,,,,,,por_activo
31,2018-02-01,2018-07-31,GOOGL,Crisis,False,ningún trial con ≥ 5 operaciones,,,,,,,,,,,,,,,,,,,,,,,por_activo
32,2018-03-01,2018-08-31,NVDA,global,True,,4.050859605,5.099176546,20,20,28,33,11,19,24,28,61,63,14,28,11,5,1.639807791,1.632136526,1.207378099,1.050807831,1.949143056,2.670696373,por_activo
32,2018-03-01,2018-08-31,NVDA,Tendencia,True,,9.661922358,11.17912313,12,10,24,25,9,9,33,35,66,65,22,22,38,40,1.599725042,1.599336469,2.240988547,2.223171428,1.128127463,1.104296111,por_activo
32,2018-03-01,2018-08-31,NVDA,Reversión,False,0 días < 20,,,,,,,,,,,,,,,,,,,,,,,por_activo
32,2018-03-01,2018-08-31,NVDA,Crisis,False,ningún trial con ≥ 5 operaciones,,,,,,,,,,,,,,,,,,,,,,,por_activo
32,2018-03-01,2018-08-31,AMZN,global,False,,,,,,,,,,,,,,,,,,,,,,,,por_activo
32,2018-03-01,2018-08-31,AMZN,Tendencia,True,,8.303867154,4.669066402,28,28,44,24,9,11,36,34,62,61,28,30,36,39,1.920213167,1.785372879,2.376751362,1.890346782,4.649533299,4.857918333,por_activo
32,2018-03-01,2018-08-31,AMZN,Reversión,False,0 días < 20,,,,,,,,,,,,,,,,,,,,,,,por_activo
32,2018-03-01,2018-08-31,AMZN,Crisis,False,ningún trial con ≥ 5 operaciones,,,,,,,,,,,,,,,,,,,,,,,por_activo
32,2018-03-01,2018-08-31,TSLA,global,True,,12.56425452,16.72515345,12,11,90,97,10,13,40,40,66,65,20,23,37,38,1.673937433,1.696742229,1.66781187,1.535764342,5.183563215,5.206871986,por_activo
32,2018-03-01,2018-08-31,TSLA,Tendencia,True,,11.49162903,13.48733768,20,17,24,19,10,9,33,34,68,66,11,12,12,10,1.732541882,1.577197404,1.88236741,1.54543475,5.025061342,5.178756962,por_activo
32,2018-03-01,2018-08-31,TSLA,Reversión,False,0 días < 20,,,,,,,,,,,,,,,,,,,,,,,por_activo
32,2018-03-01,2018-08-31,TSLA,Crisis,False,ningún trial con ≥ 5 operaciones,,,,,,,,,,,,,,,,,,,,,,,por_activo
32,2018-03-01,2018-08-31,META,global,True,,1.824255016,2.308464635,28,28,81,100,8,8,29,29,71,71,20,14,7,8,1.789742301,1.789742301,1.269743864,1.515256421,2.801495557,2.298462972,por_activo
32,2018-03-01,2018-08-31,META,Tendencia,True,,9.307498507,12.28430437,27,25,46,44,26,27,35,36,64,63,12,11,31,28,1.704066535,1.70847564,1.30949846,1.38866888,3.109305977,2.410155716,por_activo
32,2018-03-01,2018-08-31,META,Reversión,False,0 días < 20,,,,,,,,,,,,,,,,,,,,,,,por_activo
32,2018-03-01,2018-08-31,META,Crisis,False,ningún trial con ≥ 5 operaciones,,,,,,,,,,,,,,,,,,,,,,,por_activo
32,2018-03-01,2018-08-31,NFLX,global,True,,2.117098198,3.657341798,18,19,17,16,11,15,40,40,61,60,34,34,8,6,1.595392431,1.554189426,2.689017597,2.615052967,2.8993512,2.952939173,por_activo
32,2018-03-01,2018-08-31,NFLX,Tendencia,True,,7.264976544,7.520680115,7,6,56,48,11,11,24,24,62,60,18,17,31,28,1.762608959,1.727416907,2.561993214,2.504090689,2.619365805,2.619365805,por_activo
32,2018-03-01,2018-08-31,NFLX,Reversión,False,0 días < 20,,,,,,,,,,,,,,,,,,,,,,,por_activo
32,2018-03-01,2018-08-31,NFLX,Crisis,False,ningún trial con ≥ 5 operaciones,,,,,,,,,,,,,,,,,,,,,,,por_activo
32,2018-03-01,2018-08-31,GOOGL,global,True,,5.256316715,5.198191366,6,7,98,98,8,8,40,39,75,75,32,32,37,37,1.816102167,1.767054256,1.141763132,1.225401842,4.069572589,4.172852065,por_activo
32,2018-03-01,2018-08-31,GOOGL,Tendencia,True,,4.053881635,4.321159041,6,7,89,93,8,8,39,38,65,64,35,31,25,25,1.647276765,1.559692543,1.165869525,1.084526706,3.836492211,3.836492211,por_activo
32,2018-03-01,2018-08-31,GOOGL,Reversión,False,0 días < 20,,,,,,,,,,,,,,,,,,,,,,,por_activo
32,2018-03-01,2018-08-31,GOOGL,Crisis,False,ningún trial con ≥ 5 operaciones,,,,,,,,,,,,,,,,,,,,,,,por_activo
33,2018-04-02,2018-09-28,NVDA,global,True,,5.774756456,6.452272921,10,8,93,87,15,17,25,24,60,60,33,31,38,40,1.767633781,1.694398515,1.087450818,1.035320383,3.276045152,3.461406388,por_activo
33,2018-04-02,2018-09-28,NVDA,Tendencia,True,,7.239003979,10.04942983,7,5,60,58,9,9,40,40,61,63,30,29,22,22,1.832851017,1.936319959,1.934607582,2.017898647,3.680532434,3.406203023,por_activo
33,2018-04-02,2018-09-28,NVDA,Reversión,False,0 días < 20,,,,,,,,,,,,,,,,,,,,,,,por_activo
33,2018-04-02,2018-09-28,NVDA,Crisis,False,ningún trial con ≥ 5 operaciones,,,,,,,,,,,,,,,,,,,,,,,por_activo
33,2018-04-02,2018-09-28,AMZN,global,True,,0.3055083278,2.473051299,10,9,55,72,12,11,36,38,63,66,26,27,11,11,1.628789898,1.587250397,1.368420766,1.283727895,2.001849461,1.818826507,por_activo
33,2018-04-02,2018-09-28,AMZN,Tendencia,False,ningún trial con ≥ 5 operaciones,,,,,,,,,,,,,,,,,,,,,,,por_activo
33,2018-04-02,2018-09-28,AMZN,Reversión,False,0 días < 20,,,,,,,,,,,,,,,,,,,,,,,por_activo
33,2018-04-02,2018-09-28,AMZN,Crisis,False,ningún trial con ≥ 5 operaciones,,,,,,,,,,,,,,,,,,,,,,,por_activo
33,2018-04-02,2018-09-28,TSLA,global,True,,10.78798602,14.59097219,14,13,21,18,9,7,40,38,69,68,34,36,12,11,1.639087029,1.722539019,1.486043262,1.334347712,4.889117366,4.715456412,por_activo
33,2018-04-02,2018-09-28,TSLA,Tendencia,True,,10.40077478,12.78825451,11,11,27,24,10,11,38,39,65,65,18,19,8,8,1.778850762,1.799464257,1.110075853,1.140740557,3.579097499,3.981455452,por_activo
33,2018-04-02,2018-09-28,TSLA,Reversión,False,0 días < 20,,,,,,,,,,,,,,,,,,,,,,,por_activo
33,2018-04-02,2018-09-28,TSLA,Crisis,False,ningún trial con ≥ 5 operaciones,,,,,,,,,,,,,,,,,,,,,,,por_activo
33,2018-04-02,2018-09-28,META,global,True,,0.6730883108,0.7408777609,26,27,16,14,21,20,39,39,62,63,26,24,10,10,1.906748365,1.827949767,1.371180694,1.199719899,5.679747127,5.690710246,por_activo
33,2018-04-02,2018-09-28,META,Tendencia,True,,9.169003218,9.482775421,25,24,92,99,8,9,38,38,62,61,34,31,7,7,1.966596563,2.009197356,1.146945069,1.111772712,1.833590909,1.930532995,por_activo
33,2018-04-02,2018-09-28,META,Reversión,False,0 días < 20,,,,,,,,,,,,,,,,,,,,,,,por_activo
33,2018-04-02,2018-09-28,META,Crisis,False,ningún trial con ≥ 5 operaciones,,,,,,,,,,,,,,,,,,,,,,,por_activo
33,2018-04-02,2018-09-28,NFLX,global,True,,10.31785108,9.8762583,28,28,32,28,10,10,37,37,65,65,16,16,7,7,2.1860809,2.1860809,1.260550658,1.132004957,2.720260575,3.162822275,por_activo
33,2018-04-02,2018-09-28,NFLX,Tendencia,True,,3.854682196,3.738159394,26,27,20,21,11,12,27,27,66,66,16,16,32,32,1.576647025,1.576647025,1.063279429,1.063279429,1.804763306,1.776516357,por_activo
33,2018-04-02,2018-09-28,NFLX,Reversión,False,0 días < 20,,,,,,,,,,,,,,,,,,,,,,,por_activo
33,2018-04-02,2018-09-28,NFLX,Crisis,False,ningún trial con ≥ 5 operaciones,,,,,,,,,,,,,,,,,,,,,,,por_activo
33,2018-04-02,2018-09-28,GOOGL,global,True,,22.8574657,22.8574657,7,6,29,32,15,15,39,39,61,61,12,12,6,6,1.740679971,1.767677072,3.312382409,3.290972367,5.294040939,5.270253404,por_activo
33,2018-04-02,2018-09-28,GOOGL,Tendencia,False,ningún trial con ≥ 5 operaciones,,,,,,,,,,,,,,,,,,,,,,,por_activo
33,2018-04-02,2018-09-28,GOOGL,Reversión,False,0 días < 20,,,,,,,,,,,,,,,,,,,,,,,por_activo
33,2018-04-02,2018-09-28,GOOGL,Crisis,False,ningún trial con ≥ 5 operaciones,,,,,,,,,,,,,,,,,,,,,,,por_activo
34,2018-05-01,2018-10-31,NVDA,global,True,,1.993588838,5.099692217,20,18,78,84,9,9,25,25,62,62,27,28,14,16,1.616250199,1.62600377,1.125086535,1.235676021,2.215134128,2.50733724,por_activo
34,2018-05-01,2018-10-31,NVDA,Tendencia,False,ningún trial con ≥ 5 operaciones,,,,,,,,,,,,,,,,,,,,,,,por_activo
34,2018-05-01,2018-10-31,NVDA,Reversión,False,0 días < 20,,,,,,,,,,,,,,,,,,,,,,,por_activo
34,2018-05-01,2018-10-31,NVDA,Crisis,False,ningún trial con ≥ 5 operaciones,,,,,,,,,,,,,,,,,,,,,,,por_activo
34,2018-05-01,2018-10-31,AMZN,global,True,,3.745847443,6.914424074,7,7,82,77,8,9,39,39,79,80,24,26,8,9,1.544570359,1.523685377,2.309280831,2.29665793,2.129846176,2.280100328,por_activo
34,2018-05-01,2018-10-31,AMZN,Tendencia,False,ningún trial con ≥ 5 operaciones,,,,,,,,,,,,,,,,,,,,,,,por_activo
34,2018-05-01,2018-10-31,AMZN,Reversión,False,0 días < 20,,,,,,,,,,,,,,,,,,,,,,,por_activo
34,2018-05-01,2018-10-31,AMZN,Crisis,False,ningún trial con ≥ 5 operaciones,,,,,,,,,,,,,,,,,,,,,,,por_activo
34,2018-05-01,2018-10-31,TSLA,global,True,,8.273349441,10.59234586,16,16,22,25,8,7,35,33,64,66,20,23,23,21,1.583580629,1.589103091,1.380836656,1.376788914,4.49853404,4.384291994,por_activo
34,2018-05-01,2018-10-31,TSLA,Tendencia,False,ningún trial con ≥ 5 operaciones,,,,,,,,,,,,,,,,,,,,,,,por_activo
34,2018-05-01,2018-10-31,TSLA,Reversión,False,0 días < 20,,,,,,,,,,,,,,,,,,,,,,,por_activo
34,2018-05-01,2018-10-31,TSLA,Crisis,False,ningún trial con ≥ 5 operaciones,,,,,,,,,,,,,,,,,,,,,,,por_activo
34,2018-05-01,2018-10-31,META,global,True,,19.74151259,24.79329802,5,7,23,27,9,10,33,34,70,74,12,12,7,9,1.723743888,1.594168785,3.607856625,3.555295629,4.490604283,4.862016035,por_activo
34,2018-05-01,2018-10-31,META,Tendencia,False,ningún trial con ≥ 5 operaciones,,,,,,,,,,,,,,,,,,,,,,,por_activo
34,2018-05-01,2018-10-31,META,Reversión,False,0 días < 20,,,,,,,,,,,,,,,,,,,,,,,por_activo
34,2018-05-01,2018-10-31,META,Crisis,False,ningún trial con ≥ 5 operaciones,,,,,,,,,,,,,,,,,,,,,,,por_activo
34,2018-05-01,2018-10-31,NFLX,global,False,,,,,,,,,,,,,,,,,,,,,,,,por_activo
34,2018-05-01,2018-10-31,NFLX,Tendencia,False,ningún trial con ≥ 5 operaciones,,,,,,,,,,,,,,,,,,,,,,,por_activo
34,2018-05-01,2018-10-31,NFLX,Reversión,False,0 días < 20,,,,,,,,,,,,,,,,,,,,,,,por_activo
34,2018-05-01,2018-10-31,NFLX,Crisis,False,ningún trial con ≥ 5 operaciones,,,,,,,,,,,,,,,,,,,,,,,por_activo
34,2018-05-01,2018-10-31,GOOGL,global,True,,0.1579975109,3.614213121,8,9,21,23,8,7,39,39,68,68,37,33,6,6,1.790082486,1.879634575,1.477016124,1.627056319,4.91651201,5.049212442,por_activo
34,2018-05-01,2018-10-31,GOOGL,Tendencia,False,ningún trial con ≥ 5 operaciones,,,,,,,,,,,,,,,,,,,,,,,por_activo
34,2018-05-01,2018-10-31,GOOGL,Reversión,False,0 días < 20,,,,,,,,,,,,,,,,,,,,,,,por_activo
34,2018-05-01,2018-10-31,GOOGL,Crisis,False,ningún trial con ≥ 5 operaciones,,,,,,,,,,,,,,,,,,,,,,,por_activo
35,2018-06-01,2018-11-30,NVDA,global,True,,1.04848428,1.167599273,14,14,93,94,9,9,36,40,61,62,17,20,21,14,1.740507743,1.850286026,3.380611798,3.009769859,4.170521204,4.170521204,por_activo
35,2018-06-01,2018-11-30,NVDA,Tendencia,False,ningún trial con ≥ 5 operaciones,,,,,,,,,,,,,,,,,,,,,,,por_activo
35,2018-06-01,2018-11-30,NVDA,Reversión,True,,10.69160194,10.75299094,30,29,56,49,7,7,40,39,69,69,28,28,24,24,1.661216325,1.661216325,1.986979466,2.27535017,1.459056819,1.46570224,por_activo
35,2018-06-01,2018-11-30,NVDA,Crisis,False,ningún trial con ≥ 5 operaciones,,,,,,,,,,,,,,,,,,,,,,,por_activo
35,2018-06-01,2018-11-30,AMZN,global,True,,-0.5091126859,0.121337087,26,28,89,90,8,9,27,27,62,62,38,40,38,38,1.652708037,1.77652528,1.131320173,1.087453144,3.013334229,2.954038249,por_activo
35,2018-06-01,2018-11-30,AMZN,Tendencia,False,ningún trial con ≥ 5 operaciones,,,,,,,,,,,,,,,,,,,,,,,por_activo
35,2018-06-01,2018-11-30,AMZN,Reversión,False,ningún trial con ≥ 5 operaciones,,,,,,,,,,,,,,,,,,,,,,,por_activo
35,2018-06-01,2018-11-30,AMZN,Crisis,False,ningún trial con ≥ 5 operaciones,,,,,,,,,,,,,,,,,,,,,,,por_activo
35,2018-06-01,2018-11-30,TSLA,global,True,,8.47883989,11.16190612,28,26,30,23,7,9,29,33,61,60,38,36,35,33,2.041768568,2.004428077,1.23269686,1.038742526,4.412423737,4.798114953,por_activo
35,2018-06-01,2018-11-30,TSLA,Tendencia,False,ningún trial con ≥ 5 operaciones,,,,,,,,,,,,,,,,,,,,,,,por_activo
35,2018-06-01,2018-11-30,TSLA,Reversión,False,ningún trial con ≥ 5 operaciones,,,,,,,,,,,,,,,,,,,,,,,por_activo
35,2018-06-01,2018-11-30,TSLA,Crisis,False,ningún trial con ≥ 5 operaciones,,,,,,,,,,,,,,,,,,,,,,,por_activo
35,2018-06-01,2018-11-30,META,global,True,,12.42908775,19.02797607,7,7,91,86,9,10,35,35,74,74,13,13,7,6,1.569957169,1.727387126,1.210263266,1.220114742,5.31009563,5.190667324,por_activo
35,2018-06-01,2018-11-30,META,Tendencia,False,ningún trial con ≥ 5 operaciones,,,,,,,,,,,,,,,,,,,,,,,por_activo
35,2018-06-01,2018-11-30,META,Reversión,False,ningún trial con ≥ 5 operaciones,,,,,,,,,,,,,,,,,,,,,,,por_activo
35,2018-06-01,2018-11-30,META,Crisis,False,ningún trial con ≥ 5 operaciones,,,,,,,,,,,,,,,,,,,,,,,por_activo
35,2018-06-01,2018-11-30,NFLX,global,True,,7.256193096,7.09429801,28,29,30,31,22,22,39,37,70,73,16,11,34,37,1.779564181,1.661671777,1.082590541,1.29920383,1.668298955,1.507867871,por_activo
35,2018-06-01,2018-11-30,NFLX,Tendencia,False,ningún trial con ≥ 5 operaciones,,,,,,,,,,,,,,,,,,,,,,,por_activo
35,2018-06-01,2018-11-30,NFLX,Reversión,False,ningún trial con ≥ 5 operaciones,,,,,,,,,,,,,,,,,,,,,,,por_activo
35,2018-06-01,2018-11-30,NFLX,Crisis,False,ningún trial con ≥ 5 operaciones,,,,,,,,,,,,,,,,,,,,,,,por_activo
35,2018-06-01,2018-11-30,GOOGL,global,False,,,,,,,,,,,,,,,,,,,,,,,,por_activo
35,2018-06-01,2018-11-30,GOOGL,Tendencia,False,ningún trial con ≥ 5 operaciones,,,,,,,,,,,,,,,,,,,,,,,por_activo
35,2018-06-01,2018-11-30,GOOGL,Reversión,False,ningún trial con ≥ 5 operaciones,,,,,,,,,,,,,,,,,,,,,,,por_activo
35,2018-06-01,2018-11-30,GOOGL,Crisis,False,ningún trial con ≥ 5 operaciones,,,,,,,,,,,,,,,,,,,,,,,por_activo
36,2018-07-02,2018-12-31,NVDA,global,True,,2.241077904,6.024749789,25,24,14,15,18,19,37,39,61,63,12,12,5,6,1.753731327,1.7395146,2.536407215,2.536407215,2.242479415,2.695881249,por_activo
36,2018-07-02,2018-12-31,NVDA,Tendencia,False,ningún trial con ≥ 5 operaciones,,,,,,,,,,,,,,,,,,,,,,,por_activo
36,2018-07-02,2018-12-31,NVDA,Reversión,True,,6.09042935,7.778898497,23,23,31,35,19,18,31,30,63,62,17,17,32,31,1.884549196,1.839652182,1.22880841,1.212237791,1.181969251,1.271407853,por_activo
36,2018-07-02,2018-12-31,NVDA,Crisis,False,ningún trial con ≥ 5 operaciones,,,,,,,,,,,,,,,,,,,,,,,por_activo
36,2018-07-02,2018-12-31,AMZN,global,True,,0.5009694877,3.810117889,20,21,66,67,14,23,38,40,73,71,34,10,28,28,1.569495728,1.559257061,2.736261057,1.719043741,1.442050719,2.851350118,por_activo
36,2018-07-02,2018-12-31,AMZN,Tendencia,False,ningún trial con ≥ 5 operaciones,,,,,,,,,,,,,,,,,,,,,,,por_activo
36,2018-07-02,2018-12-31,AMZN,Reversión,True,,3.862984017,4.378239982,15,15,51,38,9,9,40,40,73,74,14,16,30,33,2.364060387,2.472602226,1.35025618,2.232233707,2.046497536,1.339885283,por_activo
36,2018-07-02,2018-12-31,AMZN,Crisis,False,ningún trial con ≥ 5 operaciones,,,,,,,,,,,,,,,,,,,,,,,por_activo
36,2018-07-02,2018-12-31,TSLA,global,True,,5.738069418,7.57278056,28,30,86,85,8,7,37,38,77,78,12,10,12,12,1.5748559,1.78672501,1.368685976,1.40206653,2.159099945,2.699035104,por_activo
36,2018-07-02,2018-12-31,TSLA,Tendencia,False,ningún trial con ≥ 5 operaciones,,,,,,,,,,,,,,,,,,,,,,,por_activo
36,2018-07-02,2018-12-31,TSLA,Reversión,True,,1.580695882,1.834517172,22,22,11,11,9,8,36,37,61,61,16,16,29,26,2.212174754,2.149221416,1.321117059,1.179486891,1.313600609,1.244193923,por_activo
36,2018-07-02,2018-12-31,TSLA,Crisis,False,ningún trial con ≥ 5 operaciones,,,,,,,,,,,,,,,,,,,,,,,por_activo
36,2018-07-02,2018-12-31,META,global,True,,15.87059829,35.60644378,28,29,38,43,8,8,31,30,72,74,12,18,22,18,1.647520186,1.592264709,1.102600441,1.086524571,1.655373845,2.310834978,por_activo
36,2018-07-02,2018-12-31,META,Tendencia,False,ningún trial con ≥ 5 operaciones,,,,,,,,,,,,,,,,,,,,,,,por_activo
36,2018-07-02,2018-12-31,META,Reversión,True,,0.3903212342,0.6416548327,22,24,74,78,7,7,29,29,60,61,12,10,36,37,1.806305152,1.702087331,1.12390077,1.069958815,4.029536825,4.25899345,por_activo
36,2018-07-02,2018-12-31,META,Crisis,False,ningún trial con ≥ 5 operaciones,,,,,,,,,,,,,,,,,,,,,,,por_activo
36,2018-07-02,2018-12-31,NFLX,global,False,,,,,,,,,,,,,,,,,,,,,,,,por_activo
36,2018-07-02,2018-12-31,NFLX,Tendencia,True,,4.949858598,5.029904281,26,26,76,76,16,16,38,38,76,77,11,11,15,15,2.626972325,2.665327684,1.312822301,1.312822301,1.030706698,1.044524927,por_activo
36,2018-07-02,2018-12-31,NFLX,Reversión,False,ningún trial con ≥ 5 operaciones,,,,,,,,,,,,,,,,,,,,,,,por_activo
36,2018-07-02,2018-12-31,NFLX,Crisis,False,ningún trial con ≥ 5 operaciones,,,,,,,,,,,,,,,,,,,,,,,por_activo
36,2018-07-02,2018-12-31,GOOGL,global,False,,,,,,,,,,,,,,,,,,,,,,,,por_activo
36,2018-07-02,2018-12-31,GOOGL,Tendencia,False,ningún trial con ≥ 5 operaciones,,,,,,,,,,,,,,,,,,,,,,,por_activo
36,2018-07-02,2018-12-31,GOOGL,Reversión,True,,3.460146398,5.803715213,28,28,16,16,8,8,32,33,61,61,33,33,8,9,1.833393226,1.837625069,1.044590265,1.029082593,5.571605483,5.330405505,por_activo
36,2018-07-02,2018-12-31,GOOGL,Crisis,False,ningún trial con ≥ 5 operaciones,,,,,,,,,,,,,,,,,,,,,,,por_activo
37,2018-08-01,2019-01-31,NVDA,global,True,,4.205890618,4.205890618,18,18,73,73,7,7,32,32,68,68,21,21,5,5,1.98485994,1.98485994,2.892560163,2.892560163,2.534155415,2.534155415,por_activo
37,2018-08-01,2019-01-31,NVDA,Tendencia,False,19 días < 20,,,,,,,,,,,,,,,,,,,,,,,por_activo
37,2018-08-01,2019-01-31,NVDA,Reversión,True,,-1.337405314,-0.8369740449,6,13,66,71,8,8,36,36,76,66,33,33,36,37,1.665191672,1.81581379,2.176226496,1.464057278,4.573765166,3.835375695,por_activo
37,2018-08-01,2019-01-31,NVDA,Crisis,False,ningún trial con ≥ 5 operaciones,,,,,,,,,,,,,,,,,,,,,,,por_activo
37,2018-08-01,2019-01-31,AMZN,global,True,,6.799104888,10.38546985,23,21,12,11,8,12,38,35,70,70,19,19,30,22,1.678314459,1.529917212,3.093688701,3.536620332,1.182264415,1.0627434,por_activo
37,2018-08-01,2019-01-31,AMZN,Tendencia,False,19 días < 20,,,,,,,,,,,,,,,,,,,,,,,por_activo
37,2018-08-01,2019-01-31,AMZN,Reversión,True,,1.275269042,7.226399497,16,25,81,78,26,8,38,32,60,78,13,12,32,10,1.608714392,2.504030821,3.016392607,1.726031596,3.36792716,1.10288103,por_activo
37,2018-08-01,2019-01-31,AMZN,Crisis,False,ningún trial con ≥ 5 operaciones,,,,,,,,,,,,,,,,,,,,,,,por_activo
37,2018-08-01,2019-01-31,TSLA,global,True,,16.80580396,18.91945002,20,23,83,86,15,14,32,31,63,63,17,17,14,14,1.55261996,1.51461981,1.628882261,1.218800207,4.566425314,4.223296816,por_activo
37,2018-08-01,2019-01-31,TSLA,Tendencia,False,19 días < 20,,,,,,,,,,,,,,,,,,,,,,,por_activo
37,2018-08-01,2019-01-31,TSLA,Reversión,True,,2.682732455,2.84395402,25,28,91,92,12,13,35,36,62,67,11,11,28,25,1.659766142,1.818828925,1.639582839,1.639582839,3.410140708,3.645947027,por_activo
37,2018-08-01,2019-01-31,TSLA,Crisis,False,ningún trial con ≥ 5 operaciones,,,,,,,,,,,,,,,,,,,,,,,por_activo
37,2018-08-01,2019-01-31,META,global,True,,7.374377885,7.374377885,28,28,84,84,10,10,36,36,70,70,12,12,8,8,1.756267665,1.756267665,3.901493139,3.901493139,5.229144009,5.229144009,por_activo
37,2018-08-01,2019-01-31,META,Tendencia,False,19 días < 20,,,,,,,,,,,,,,,,,,,,,,,por_activo
37,2018-08-01,2019-01-31,META,Reversión,True,,8.394798669,9.560506799,27,28,18,19,8,8,25,25,73,74,10,11,20,21,1.524631436,1.517513394,3.727689197,3.700533363,1.524676306,1.768457712,por_activo
37,2018-08-01,2019-01-31,META,Crisis,False,ningún trial con ≥ 5 operaciones,,,,,,,,,,,,,,,,,,,,,,,por_activo
37,2018-08-01,2019-01-31,NFLX,global,True,,2.989721919,2.989721919,11,11,91,91,9,9,36,36,78,78,21,21,11,11,1.740164811,1.740164811,1.346548052,1.346548052,5.565098649,5.565098649,por_activo
37,2018-08-01,2019-01-31,NFLX,Tendencia,False,19 días < 20,,,,,,,,,,,,,,,,,,,,,,,por_activo
37,2018-08-01,2019-01-31,NFLX,Reversión,True,,5.679993955,5.679993955,24,24,64,64,7,7,36,36,73,73,25,25,13,13,1.796188438,1.796188438,3.68191204,3.68191204,1.020054702,1.020054702,por_activo
37,2018-08-01,2019-01-31,NFLX,Crisis,False,ningún trial con ≥ 5 operaciones,,,,,,,,,,,,,,,,,,,,,,,por_activo
37,2018-08-01,2019-01-31,GOOGL,global,False,,,,,,,,,,,,,,,,,,,,,,,,por_activo
37,2018-08-01,2019-01-31,GOOGL,Tendencia,False,19 días < 20,,,,,,,,,,,,,,,,,,,,,,,por_activo
37,2018-08-01,2019-01-31,GOOGL,Reversión,True,,3.810508629,4.677061403,21,21,95,95,13,13,34,34,62,62,39,39,34,37,1.634460355,1.576101064,1.090924477,1.082181957,1.899944748,2.1133964,por_activo
37,2018-08-01,2019-01-31,GOOGL,Crisis,False,ningún trial con ≥ 5 operaciones,,,,,,,,,,,,,,,,,,,,,,,por_activo
38,2018-09-04,2019-02-28,NVDA,global,True,,4.690527061,12.30401372,7,8,33,33,8,7,36,35,65,63,11,11,15,12,1.58582056,1.632859403,1.11045849,1.05670834,5.43332127,5.621072706,por_activo
38,2018-09-04,2019-02-28,NVDA,Tendencia,False,0 días < 20,,,,,,,,,,,,,,,,,,,,,,,por_activo
38,2018-09-04,2019-02-28,NVDA,Reversión,True,,1.667113017,2.569210729,26,26,14,19,9,10,24,22,63,63,13,15,31,31,1.547655612,1.521808609,2.737606827,2.576674271,2.244690639,2.383888341,por_activo
38,2018-09-04,2019-02-28,NVDA,Crisis,False,ningún trial con ≥ 5 operaciones,,,,,,,,,,,,,,,,,,,,,,,por_activo
38,2018-09-04,2019-02-28,AMZN,global,False,,,,,,,,,,,,,,,,,,,,,,,,por_activo
38,2018-09-04,2019-02-28,AMZN,Tendencia,False,0 días < 20,,,,,,,,,,,,,,,,,,,,,,,por_activo
38,2018-09-04,2019-02-28,AMZN,Reversión,True,,1.614521353,1.722367322,18,18,70,71,10,11,39,39,61,61,34,33,32,31,2.382472926,2.435543182,2.467777914,2.247814745,4.206239302,4.016145718,por_activo
38,2018-09-04,2019-02-28,AMZN,Crisis,False,ningún trial con ≥ 5 operaciones,,,,,,,,,,,,,,,,,,,,,,,por_activo
38,2018-09-04,2019-02-28,TSLA,global,True,,10.22275302,12.8750521,8,10,82,79,8,8,39,39,61,62,33,34,13,12,1.59765043,1.674303576,1.234446738,1.185853794,2.108361577,1.924789251,por_activo
38,2018-09-04,2019-02-28,TSLA,Tendencia,False,0 días < 20,,,,,,,,,,,,,,,,,,,,,,,por_activo
38,2018-09-04,2019-02-28,TSLA,Reversión,True,,4.123169438,5.175432204,25,24,78,78,9,10,20,23,77,79,11,11,35,37,1.610896582,1.610896582,2.043720814,1.608902018,3.508948895,3.490204388,por_activo
38,2018-09-04,2019-02-28,TSLA,Crisis,False,ningún trial con ≥ 5 operaciones,,,,,,,,,,,,,,,,,,,,,,,por_activo
38,2018-09-04,2019-02-28,META,global,False,,,,,,,,,,,,,,,,,,,,,,,,por_activo
38,2018-09-04,2019-02-28,META,Tendencia,False,0 días < 20,,,,,,,,,,,,,,,,,,,,,,,por_activo
38,2018-09-04,2019-02-28,META,Reversión,True,,4.019234871,6.024692056,25,25,32,32,16,17,34,34,65,65,14,14,6,6,1.926209891,1.999791782,1.154162639,1.365502193,3.373725771,3.079466576,por_activo
38,2018-09-04,2019-02-28,META,Crisis,False,ningún trial con ≥ 5 operaciones,,,,,,,,,,,,,,,,,,,,,,,por_activo
38,2018-09-04,2019-02-28,NFLX,global,False,,,,,,,,,,,,,,,,,,,,,,,,por_activo
38,2018-09-04,2019-02-28,NFLX,Tendencia,False,0 días < 20,,,,,,,,,,,,,,,,,,,,,,,por_activo
38,2018-09-04,2019-02-28,NFLX,Reversión,False,ningún trial con ≥ 5 operaciones,,,,,,,,,,,,,,,,,,,,,,,por_activo
38,2018-09-04,2019-02-28,NFLX,Crisis,False,ningún trial con ≥ 5 operaciones,,,,,,,,,,,,,,,,,,,,,,,por_activo
38,2018-09-04,2019-02-28,GOOGL,global,True,,7.939370626,10.70820339,19,20,40,40,10,11,34,34,67,67,30,28,30,33,1.718111797,1.718111797,1.095098616,1.016516728,1.885915745,1.886742376,por_activo
38,2018-09-04,2019-02-28,GOOGL,Tendencia,False,0 días < 20,,,,,,,,,,,,,,,,,,,,,,,por_activo
38,2018-09-04,2019-02-28,GOOGL,Reversión,True,,0.1446762903,0.1781892519,22,21,78,78,18,18,39,38,62,62,22,21,39,38,1.653427472,1.653312799,1.580358226,1.547342797,4.659289144,4.641768054,por_activo
38,2018-09-04,2019-02-28,GOOGL,Crisis,False,ningún trial con ≥ 5 operaciones,,,,,,,,,,,,,,,,,,,,,,,por_activo
39,2018-10-01,2019-03-29,NVDA,global,True,,12.26167513,20.00167742,26,26,56,48,10,10,38,38,64,65,17,13,38,36,1.958333603,1.860715623,1.032181947,1.100983485,1.858571444,2.165472736,por_activo
39,2018-10-01,2019-03-29,NVDA,Tendencia,False,0 días < 20,,,,,,,,,,,,,,,,,,,,,,,por_activo
39,2018-10-01,2019-03-29,NVDA,Reversión,True,,1.66203657,2.507111004,14,14,79,98,8,7,25,24,61,62,21,23,32,35,1.753462197,1.916253135,2.841457139,2.726087181,1.262638704,1.262638704,por_activo
39,2018-10-01,2019-03-29,NVDA,Crisis,False,ningún trial con ≥ 5 operaciones,,,,,,,,,,,,,,,,,,,,,,,por_activo
39,2018-10-01,2019-03-29,AMZN,global,False,,,,,,,,,,,,,,,,,,,,,,,,por_activo
39,2018-10-01,2019-03-29,AMZN,Tendencia,False,0 días < 20,,,,,,,,,,,,,,,,,,,,,,,por_activo
39,2018-10-01,2019-03-29,AMZN,Reversión,True,,3.831255899,4.106334988,8,8,30,23,24,25,40,40,64,65,37,34,6,6,1.790363102,1.697361284,1.832268396,1.901151459,1.394090649,1.453874478,por_activo
39,2018-10-01,2019-03-29,AMZN,Crisis,False,ningún trial con ≥ 5 operaciones,,,,,,,,,,,,,,,,,,,,,,,por_activo
39,2018-10-01,2019-03-29,TSLA,global,False,,,,,,,,,,,,,,,,,,,,,,,,por_activo
39,2018-10-01,2019-03-29,TSLA,Tendencia,False,0 días < 20,,,,,,,,,,,,,,,,,,,,,,,por_activo
39,2018-10-01,2019-03-29,TSLA,Reversión,False,ningún trial con ≥ 5 operaciones,,,,,,,,,,,,,,,,,,,,,,,por_activo
39,2018-10-01,2019-03-29,TSLA,Crisis,False,ningún trial con ≥ 5 operaciones,,,,,,,,,,,,,,,,,,,,,,,por_activo
39,2018-10-01,2019-03-29,META,global,False,,,,,,,,,,,,,,,,,,,,,,,,por_activo
39,2018-10-01,2019-03-29,META,Tendencia,False,0 días < 20,,,,,,,,,,,,,,,,,,,,,,,por_activo
39,2018-10-01,2019-03-29,META,Reversión,True,,9.174693912,9.670900324,12,12,32,26,25,25,37,38,65,65,14,13,16,15,1.656156872,1.596053933,1.057616887,1.119080056,1.575943552,1.765542815,por_activo
39,2018-10-01,2019-03-29,META,Crisis,False,ningún trial con ≥ 5 operaciones,,,,,,,,,,,,,,,,,,,,,,,por_activo
39,2018-10-01,2019-03-29,NFLX,global,False,,,,,,,,,,,,,,,,,,,,,,,,por_activo
39,2018-10-01,2019-03-29,NFLX,Tendencia,False,0 días < 20,,,,,,,,,,,,,,,,,,,,,,,por_activo
39,2018-10-01,2019-03-29,NFLX,Reversión,False,ningún trial con ≥ 5 operaciones,,,,,,,,,,,,,,,,,,,,,,,por_activo
39,2018-10-01,2019-03-29,NFLX,Crisis,False,ningún trial con ≥ 5 operaciones,,,,,,,,,,,,,,,,,,,,,,,por_activo
39,2018-10-01,2019-03-29,GOOGL,global,True,,5.827839483,6.36917646,9,9,49,49,8,8,36,36,69,70,38,38,39,38,1.649444277,1.649444277,1.328774224,1.255139315,1.036888769,1.036888769,por_activo
39,2018-10-01,2019-03-29,GOOGL,Tendencia,False,0 días < 20,,,,,,,,,,,,,,,,,,,,,,,por_activo
39,2018-10-01,2019-03-29,GOOGL,Reversión,True,,1.680598484,3.844200108,9,9,69,66,10,10,39,39,62,64,10,10,17,17,1.741119635,1.915417409,1.385175137,1.715646538,1.95512169,1.099334619,por_activo
39,2018-10-01,2019-03-29,GOOGL,Crisis,False,ningún trial con ≥ 5 operaciones,,,,,,,,,,,,,,,,,,,,,,,por_activo
40,2018-11-01,2019-04-30,NVDA,global,False,,,,,,,,,,,,,,,,,,,,,,,,por_activo
40,2018-11-01,2019-04-30,NVDA,Tendencia,False,13 días < 20,,,,,,,,,,,,,,,,,,,,,,,por_activo
40,2018-11-01,2019-04-30,NVDA,Reversión,False,ningún trial con ≥ 5 operaciones,,,,,,,,,,,,,,,,,,,,,,,por_activo
40,2018-11-01,2019-04-30,NVDA,Crisis,False,ningún trial con ≥ 5 operaciones,,,,,,,,,,,,,,,,,,,,,,,por_activo
40,2018-11-01,2019-04-30,AMZN,global,True,,2.72207159,16.09017392,26,28,22,30,8,11,37,33,61,61,13,13,7,5,1.687692836,1.686641507,1.983252292,2.421069463,5.518276274,5.528691917,por_activo
40,2018-11-01,2019-04-30,AMZN,Tendencia,False,13 días < 20,,,,,,,,,,,,,,,,,,,,,,,por_activo
40,2018-11-01,2019-04-30,AMZN,Reversión,False,ningún trial con ≥ 5 operaciones,,,,,,,,,,,,,,,,,,,,,,,por_activo
40,2018-11-01,2019-04-30,AMZN,Crisis,False,ningún trial con ≥ 5 operaciones,,,,,,,,,,,,,,,,,,,,,,,por_activo
40,2018-11-01,2019-04-30,TSLA,global,False,,,,,,,,,,,,,,,,,,,,,,,,por_activo
40,2018-11-01,2019-04-30,TSLA,Tendencia,False,13 días < 20,,,,,,,,,,,,,,,,,,,,,,,por_activo
40,2018-11-01,2019-04-30,TSLA,Reversión,False,ningún trial con ≥ 5 operaciones,,,,,,,,,,,,,,,,,,,,,,,por_activo
40,2018-11-01,2019-04-30,TSLA,Crisis,False,ningún trial con ≥ 5 operaciones,,,,,,,,,,,,,,,,,,,,,,,por_activo
40,2018-11-01,2019-04-30,META,global,True,,19.28249393,24.02554326,13,13,34,36,8,10,38,38,69,70,11,11,12,14,1.536809197,1.51247197,3.401428648,3.591156916,5.113028697,5.08007122,por_activo
40,2018-11-01,2019-04-30,META,Tendencia,False,13 días < 20,,,,,,,,,,,,,,,,,,,,,,,por_activo
40,2018-11-01,2019-04-30,META,Reversión,False,ningún trial con ≥ 5 operaciones,,,,,,,,,,,,,,,,,,,,,,,por_activo
40,2018-11-01,2019-04-30,META,Crisis,False,ningún trial con ≥ 5 operaciones,,,,,,,,,,,,,,,,,,,,,,,por_activo
40,2018-11-01,2019-04-30,NFLX,global,False,,,,,,,,,,,,,,,,,,,,,,,,por_activo
40,2018-11-01,2019-04-30,NFLX,Tendencia,False,13 días < 20,,,,,,,,,,,,,,,,,,,,,,,por_activo
40,2018-11-01,2019-04-30,NFLX,Reversión,False,ningún trial con ≥ 5 operaciones,,,,,,,,,,,,,,,,,,,,,,,por_activo
40,2018-11-01,2019-04-30,NFLX,Crisis,False,ningún trial con ≥ 5 operaciones,,,,,,,,,,,,,,,,,,,,,,,por_activo
40,2018-11-01,2019-04-30,GOOGL,global,False,,,,,,,,,,,,,,,,,,,,,,,,por_activo
40,2018-11-01,2019-04-30,GOOGL,Tendencia,False,13 días < 20,,,,,,,,,,,,,,,,,,,,,,,por_activo
40,2018-11-01,2019-04-30,GOOGL,Reversión,False,ningún trial con ≥ 5 operaciones,,,,,,,,,,,,,,,,,,,,,,,por_activo
40,2018-11-01,2019-04-30,GOOGL,Crisis,False,ningún trial con ≥ 5 operaciones,,,,,,,,,,,,,,,,,,,,,,,por_activo
41,2018-12-03,2019-05-31,NVDA,global,True,,-0.4543569754,7.132590886,18,16,41,45,27,7,31,33,61,78,10,10,14,29,1.61177858,1.818109535,1.19444419,2.003563668,5.49308557,1.667715968,por_activo
41,2018-12-03,2019-05-31,NVDA,Tendencia,True,,-1.699404481,-1.687487799,23,20,97,94,8,9,21,23,69,68,10,10,7,5,1.650136826,1.651912828,1.167981925,1.334551785,3.407347534,3.327574048,por_activo
41,2018-12-03,2019-05-31,NVDA,Reversión,False,ningún trial con ≥ 5 operaciones,,,,,,,,,,,,,,,,,,,,,,,por_activo
41,2018-12-03,2019-05-31,NVDA,Crisis,False,ningún trial con ≥ 5 operaciones,,,,,,,,,,,,,,,,,,,,,,,por_activo
41,2018-12-03,2019-05-31,AMZN,global,True,,9.550176555,14.03515181,28,28,24,30,7,7,22,22,71,71,26,21,7,10,1.678025837,1.728281067,1.282325012,1.218809313,1.566243769,1.335327839,por_activo
41,2018-12-03,2019-05-31,AMZN,Tendencia,False,ningún trial con ≥ 5 operaciones,,,,,,,,,,,,,,,,,,,,,,,por_activo
41,2018-12-03,2019-05-31,AMZN,Reversión,False,ningún trial con ≥ 5 operaciones,,,,,,,,,,,,,,,,,,,,,,,por_activo
41,2018-12-03,2019-05-31,AMZN,Crisis,False,ningún trial con ≥ 5 operaciones,,,,,,,,,,,,,,,,,,,,,,,por_activo
41,2018-12-03,2019-05-31,TSLA,global,True,,6.898143111,8.932870329,9,9,98,100,8,8,39,39,62,61,29,30,9,9,1.983485906,2.077418785,2.552550809,2.207475243,2.132937337,2.336251707,por_activo
41,2018-12-03,2019-05-31,TSLA,Tendencia,False,ningún trial con ≥ 5 operaciones,,,,,,,,,,,,,,,,,,,,,,,por_activo
41,2018-12-03,2019-05-31,TSLA,Reversión,False,ningún trial con ≥ 5 operaciones,,,,,,,,,,,,,,,,,,,,,,,por_activo
41,2018-12-03,2019-05-31,TSLA,Crisis,False,ningún trial con ≥ 5 operaciones,,,,,,,,,,,,,,,,,,,,,,,por_activo
41,2018-12-03,2019-05-31,META,global,True,,4.55442314,9.085244149,21,25,69,63,8,8,38,38,63,62,14,16,12,6,2.11403773,2.278706148,3.179755202,3.179755202,3.195929881,3.101714661,por_activo
41,2018-12-03,2019-05-31,META,Tendencia,False,ningún trial con ≥ 5 operaciones,,,,,,,,,,,,,,,,,,,,,,,por_activo
41,2018-12-03,2019-05-31,META,Reversión,False,ningún trial con ≥ 5 operaciones,,,,,,,,,,,,,,,,,,,,,,,por_activo
41,2018-12-03,2019-05-31,META,Crisis,False,ningún trial con ≥ 5 operaciones,,,,,,,,,,,,,,,,,,,,,,,por_activo
41,2018-12-03,2019-05-31,NFLX,global,False,,,,,,,,,,,,,,,,,,,,,,,,por_activo
41,2018-12-03,2019-05-31,NFLX,Tendencia,False,ningún trial con ≥ 5 operaciones,,,,,,,,,,,,,,,,,,,,,,,por_activo
41,2018-12-03,2019-05-31,NFLX,Reversión,False,ningún trial con ≥ 5 operaciones,,,,,,,,,,,,,,,,,,,,,,,por_activo
41,2018-12-03,2019-05-31,NFLX,Crisis,False,ningún trial con ≥ 5 operaciones,,,,,,,,,,,,,,,,,,,,,,,por_activo
41,2018-12-03,2019-05-31,GOOGL,global,True,,2.435249542,5.715762247,8,7,13,17,9,9,35,34,62,62,22,22,20,17,1.687243717,1.764640596,1.20247908,1.185922088,5.653892059,5.653892059,por_activo
41,2018-12-03,2019-05-31,GOOGL,Tendencia,True,,2.274739349,1.515922067,29,28,69,74,12,13,39,39,68,64,16,14,7,7,1.630151884,1.595226134,1.250579281,1.185899492,1.771470677,1.671352047,por_activo
41,2018-12-03,2019-05-31,GOOGL,Reversión,False,ningún trial con ≥ 5 operaciones,,,,,,,,,,,,,,,,,,,,,,,por_activo
41,2018-12-03,2019-05-31,GOOGL,Crisis,False,ningún trial con ≥ 5 operaciones,,,,,,,,,,,,,,,,,,,,,,,por_activo
42,2019-01-02,2019-06-28,NVDA,global,True,,0.3637202487,1.160887388,29,29,96,99,22,19,30,26,70,70,29,27,15,17,1.748042655,1.58109719,1.162443661,1.174543461,1.27343268,1.760301482,por_activo
42,2019-01-02,2019-06-28,NVDA,Tendencia,True,,-0.6694503554,-0.5183150218,24,8,41,44,20,10,39,37,66,67,29,16,30,23,1.658726637,1.684407057,1.650914184,1.66102564,3.44885114,3.716352315,por_activo
42,2019-01-02,2019-06-28,NVDA,Reversión,False,ningún trial con ≥ 5 operaciones,,,,,,,,,,,,,,,,,,,,,,,por_activo
42,2019-01-02,2019-06-28,NVDA,Crisis,False,ningún trial con ≥ 5 operaciones,,,,,,,,,,,,,,,,,,,,,,,por_activo
42,2019-01-02,2019-06-28,AMZN,global,True,,1.533086146,1.533086146,10,10,85,85,12,12,39,39,60,60,26,26,6,6,1.956376188,1.956376188,1.665556257,1.665556257,1.355892491,1.355892491,por_activo
42,2019-01-02,2019-06-28,AMZN,Tendencia,False,ningún trial con ≥ 5 operaciones,,,,,,,,,,,,,,,,,,,,,,,por_activo
42,2019-01-02,2019-06-28,AMZN,Reversión,False,ningún trial con ≥ 5 operaciones,,,,,,,,,,,,,,,,,,,,,,,por_activo
42,2019-01-02,2019-06-28,AMZN,Crisis,False,ningún trial con ≥ 5 operaciones,,,,,,,,,,,,,,,,,,,,,,,por_activo
42,2019-01-02,2019-06-28,TSLA,global,False,,,,,,,,,,,,,,,,,,,,,,,,por_activo
42,2019-01-02,2019-06-28,TSLA,Tendencia,False,ningún trial con ≥ 5 operaciones,,,,,,,,,,,,,,,,,,,,,,,por_activo
42,2019-01-02,2019-06-28,TSLA,Reversión,False,ningún trial con ≥ 5 operaciones,,,,,,,,,,,,,,,,,,,,,,,por_activo
42,2019-01-02,2019-06-28,TSLA,Crisis,False,ningún trial con ≥ 5 operaciones,,,,,,,,,,,,,,,,,,,,,,,por_activo
42,2019-01-02,2019-06-28,META,global,True,,1.498302525,3.161115811,16,17,25,32,16,16,26,28,62,62,11,11,38,38,1.553150273,1.502518057,2.281620946,2.493218251,3.770096126,4.039080466,por_activo
42,2019-01-02,2019-06-28,META,Tendencia,False,ningún trial con ≥ 5 operaciones,,,,,,,,,,,,,,,,,,,,,,,por_activo
42,2019-01-02,2019-06-28,META,Reversión,False,ningún trial con ≥ 5 operaciones,,,,,,,,,,,,,,,,,,,,,,,por_activo
42,2019-01-02,2019-06-28,META,Crisis,False,ningún trial con ≥ 5 operaciones,,,,,,,,,,,,,,,,,,,,,,,por_activo
42,2019-01-02,2019-06-28,NFLX,global,False,,,,,,,,,,,,,,,,,,,,,,,,por_activo
42,2019-01-02,2019-06-28,NFLX,Tendencia,False,ningún trial con ≥ 5 operaciones,,,,,,,,,,,,,,,,,,,,,,,por_activo
42,2019-01-02,2019-06-28,NFLX,Reversión,False,ningún trial con ≥ 5 operaciones,,,,,,,,,,,,,,,,,,,,,,,por_activo
42,2019-01-02,2019-06-28,NFLX,Crisis,False,ningún trial con ≥ 5 operaciones,,,,,,,,,,,,,,,,,,,,,,,por_activo
42,2019-01-02,2019-06-28,GOOGL,global,True,,1.320493447,2.250974211,17,14,32,30,12,15,39,34,62,64,37,32,11,10,1.678352222,1.555223866,1.288962507,1.227596468,1.779877761,1.316371324,por_activo
42,2019-01-02,2019-06-28,GOOGL,Tendencia,True,,-0.5964134176,0.2578325264,13,5,74,49,9,7,23,22,62,75,30,11,35,11,1.752735242,1.787338418,1.140180158,1.680897992,3.522289092,2.262752043,por_activo
42,2019-01-02,2019-06-28,GOOGL,Reversión,False,ningún trial con ≥ 5 operaciones,,,,,,,,,,,,,,,,,,,,,,,por_activo
42,2019-01-02,2019-06-28,GOOGL,Crisis,False,ningún trial con ≥ 5 operaciones,,,,,,,,,,,,,,,,,,,,,,,por_activo
43,2019-02-01,2019-07-31,NVDA,global,True,,-1.216353755,-0.6653452528,28,24,32,27,13,14,38,37,68,65,38,35,39,27,1.691509495,1.588976783,1.272813068,1.373958522,4.172676122,3.331421109,por_activo
43,2019-02-01,2019-07-31,NVDA,Tendencia,True,,-1.629732212,-1.619974078,6,7,94,93,8,7,38,38,71,72,18,20,35,35,1.559318933,1.548561849,1.672428511,1.863946322,5.68048174,5.577636107,por_activo
43,2019-02-01,2019-07-31,NVDA,Reversión,False,ningún trial con ≥ 5 operaciones,,,,,,,,,,,,,,,,,,,,,,,por_activo
43,2019-02-01,2019-07-31,NVDA,Crisis,False,ningún trial con ≥ 5 operaciones,,,,,,,,,,,,,,,,,,,,,,,por_activo
43,2019-02-01,2019-07-31,AMZN,global,False,,,,,,,,,,,,,,,,,,,,,,,,por_activo
43,2019-02-01,2019-07-31,AMZN,Tendencia,True,,-0.1469225979,-0.1469225979,19,19,61,61,11,11,38,38,68,68,36,36,5,5,1.627529134,1.627529134,3.160383303,3.160383303,2.358441479,2.358441479,por_activo
43,2019-02-01,2019-07-31,AMZN,Reversión,True,,10.26403249,10.26403249,11,11,16,16,7,7,39,39,63,63,34,34,35,35,2.903201913,2.903201913,1.069874433,1.069874433,4.22022316,4.22022316,por_activo
43,2019-02-01,2019-07-31,AMZN,Crisis,False,ningún trial con ≥ 5 operaciones,,,,,,,,,,,,,,,,,,,,,,,por_activo
43,2019-02-01,2019-07-31,TSLA,global,False,,,,,,,,,,,,,,,,,,,,,,,,por_activo
43,2019-02-01,2019-07-31,TSLA,Tendencia,True,,-1.617586639,-1.503419068,25,28,60,64,11,14,37,33,80,80,19,18,17,15,1.595575877,1.518060288,1.110913712,1.196321617,4.352427317,4.193028169,por_activo
43,2019-02-01,2019-07-31,TSLA,Reversión,True,,3.813637251,4.508284376,6,6,77,84,26,26,39,38,63,63,11,11,34,32,1.539862375,1.53750216,1.033501084,1.033501084,4.843830231,4.843830231,por_activo
43,2019-02-01,2019-07-31,TSLA,Crisis,False,ningún trial con ≥ 5 operaciones,,,,,,,,,,,,,,,,,,,,,,,por_activo
43,2019-02-01,2019-07-31,META,global,True,,7.763560621,8.604297198,8,7,21,17,17,19,40,40,65,65,13,12,39,40,1.589073296,1.589073296,3.315309694,3.221681392,5.732282662,5.970092498,por_activo
43,2019-02-01,2019-07-31,META,Tendencia,True,,-1.718716191,-1.633281158,12,10,18,16,21,20,40,39,62,63,17,17,36,37,1.652560103,1.586600038,1.936616719,2.022020816,3.058223207,3.449238805,por_activo
43,2019-02-01,2019-07-31,META,Reversión,True,,6.614805635,7.015401496,30,27,19,19,15,15,29,29,61,61,10,11,25,23,1.625360497,1.650634265,1.189055027,1.288454857,2.192548733,2.510553383,por_activo
43,2019-02-01,2019-07-31,META,Crisis,False,ningún trial con ≥ 5 operaciones,,,,,,,,,,,,,,,,,,,,,,,por_activo
43,2019-02-01,2019-07-31,NFLX,global,True,,17.74701653,24.32507483,7,7,34,31,7,7,35,36,60,60,19,17,12,13,1.695769623,1.625145277,1.322619743,1.333906375,5.296488008,5.584749733,por_activo
43,2019-02-01,2019-07-31,NFLX,Tendencia,True,,8.36120287,8.36120287,18,18,62,62,7,7,26,26,70,70,30,30,8,8,1.59118421,1.59118421,3.549050608,3.549050608,2.201859061,2.201859061,por_activo
43,2019-02-01,2019-07-31,NFLX,Reversión,False,ningún trial con ≥ 5 operaciones,,,,,,,,,,,,,,,,,,,,,,,por_activo
43,2019-02-01,2019-07-31,NFLX,Crisis,False,ningún trial con ≥ 5 operaciones,,,,,,,,,,,,,,,,,,,,,,,por_activo
43,2019-02-01,2019-07-31,GOOGL,global,True,,-0.6132121468,-0.6132121468,17,17,31,31,8,8,26,26,65,65,31,31,26,26,1.840722983,1.840722983,1.380047958,1.380047958,3.509696539,3.509696539,por_activo
43,2019-02-01,2019-07-31,GOOGL,Tendencia,True,,1.26768601,1.683069815,18,18,97,97,8,8,25,25,66,67,28,28,9,5,1.767140209,1.713492099,1.83974212,1.692195295,4.848099999,4.848099999,por_activo
43,2019-02-01,2019-07-31,GOOGL,Reversión,True,,1.110708915,1.080033515,28,29,63,67,11,13,27,29,62,60,18,18,15,15,1.768290762,1.790693165,2.366941656,2.192156295,2.811081925,3.192004464,por_activo
43,2019-02-01,2019-07-31,GOOGL,Crisis,False,ningún trial con ≥ 5 operaciones,,,,,,,,,,,,,,,,,,,,,,,por_activo
44,2019-03-01,2019-08-30,NVDA,global,True,,-0.4971845844,-0.1222960452,14,15,90,91,8,7,32,34,72,72,39,39,17,17,1.880365619,1.840265562,2.126014257,2.252754334,1.453260395,1.766188895,por_activo
44,2019-03-01,2019-08-30,NVDA,Tendencia,True,,-0.915986068,-0.871774743,23,18,12,78,14,21,33,29,64,62,14,35,37,27,1.728720203,1.501748076,1.294377374,1.512626339,1.05570897,1.293954428,por_activo
44,2019-03-01,2019-08-30,NVDA,Reversión,True,,6.71212422,8.245162528,26,26,40,36,10,10,40,39,70,69,35,35,12,12,1.617938558,1.574454346,1.384601513,1.397875606,3.405437896,3.966496922,por_activo
44,2019-03-01,2019-08-30,NVDA,Crisis,False,ningún trial con ≥ 5 operaciones,,,,,,,,,,,,,,,,,,,,,,,por_activo
44,2019-03-01,2019-08-30,AMZN,global,True,,-0.07658721774,-0.07658721774,15,15,40,40,13,13,28,28,62,62,23,23,31,31,1.518058383,1.518058383,2.215686918,2.215686918,3.20799306,3.20799306,por_activo
44,2019-03-01,2019-08-30,AMZN,Tendencia,True,,0.5560977857,0.7481742703,28,29,52,32,9,11,26,24,68,67,20,20,22,20,1.636048664,1.618790388,1.623116344,1.568220447,4.738618105,4.249419186,por_activo
44,2019-03-01,2019-08-30,AMZN,Reversión,True,,2.700640022,5.985998851,28,27,92,92,9,9,25,30,62,63,24,24,11,11,1.602215354,1.527594644,1.088660168,1.696564154,5.657286964,5.10152581,por_activo
44,2019-03-01,2019-08-30,AMZN,Crisis,False,ningún trial con ≥ 5 operaciones,,,,,,,,,,,,,,,,,,,,,,,por_activo
44,2019-03-01,2019-08-30,TSLA,global,False,,,,,,,,,,,,,,,,,,,,,,,,por_activo
44,2019-03-01,2019-08-30,TSLA,Tendencia,True,,-1.478498685,-1.446777943,12,13,30,34,22,21,37,37,62,64,10,10,23,19,1.522770276,1.53476299,1.083430826,1.102413819,5.158761488,5.218229885,por_activo
44,2019-03-01,2019-08-30,TSLA,Reversión,False,ningún trial con ≥ 5 operaciones,,,,,,,,,,,,,,,,,,,,,,,por_activo
44,2019-03-01,2019-08-30,TSLA,Crisis,False,ningún trial con ≥ 5 operaciones,,,,,,,,,,,,,,,,,,,,,,,por_activo
44,2019-03-01,2019-08-30,META,global,True,,5.818192139,6.690739031,29,29,69,69,8,8,38,38,61,60,20,19,6,6,1.767131983,1.645470102,1.744314754,1.744314754,1.099371018,1.116319169,por_activo
44,2019-03-01,2019-08-30,META,Tendencia,False,ningún trial con ≥ 5 operaciones,,,,,,,,,,,,,,,,,,,,,,,por_activo
44,2019-03-01,2019-08-30,META,Reversión,True,,1.45550819,1.409564771,27,26,87,87,26,26,22,21,71,71,19,20,6,5,1.606021023,1.541618483,1.507764619,1.353557496,1.158916095,1.116945858,por_activo
44,2019-03-01,2019-08-30,META,Crisis,False,ningún trial con ≥ 5 operaciones,,,,,,,,,,,,,,,,,,,,,,,por_activo
44,2019-03-01,2019-08-30,NFLX,global,True,,2.613629487,2.613629487,26,26,67,67,19,19,29,29,60,60,13,13,22,22,1.571172222,1.571172222,1.121484033,1.121484033,1.812444239,1.812444239,por_activo
44,2019-03-01,2019-08-30,NFLX,Tendencia,False,ningún trial con ≥ 5 operaciones,,,,,,,,,,,,,,,,,,,,,,,por_activo
44,2019-03-01,2019-08-30,NFLX,Reversión,False,ningún trial con ≥ 5 operaciones,,,,,,,,,,,,,,,,,,,,,,,por_activo
44,2019-03-01,2019-08-30,NFLX,Crisis,False,ningún trial con ≥ 5 operaciones,,,,,,,,,,,,,,,,,,,,,,,por_activo
44,2019-03-01,2019-08-30,GOOGL,global,True,,8.324658856,8.382750926,10,10,82,89,11,11,29,28,65,65,16,17,5,5,1.862160672,1.887862085,1.80449138,1.743129621,5.347039367,5.16939316,por_activo
44,2019-03-01,2019-08-30,GOOGL,Tendencia,True,,-1.341326214,-0.6449686981,13,13,74,74,10,10,24,27,72,74,11,13,5,6,1.78715328,1.537047565,1.357612239,1.357612239,3.720608728,3.670264184,por_activo
44,2019-03-01,2019-08-30,GOOGL,Reversión,True,,24.4957161,24.90420821,28,29,38,31,14,12,25,24,60,61,11,11,14,10,1.609600645,1.688154734,3.484602566,3.484602566,1.429621772,1.456793943,por_activo
44,2019-03-01,2019-08-30,GOOGL,Crisis,False,ningún trial con ≥ 5 operaciones,,,,,,,,,,,,,,,,,,,,,,,por_activo
45,2019-04-01,2019-09-30,NVDA,global,True,,0.06034273775,0.2012978995,8,8,96,97,12,13,39,39,69,69,34,36,30,30,1.679372629,1.713154536,1.328599333,1.312122648,1.763333082,1.81794712,por_activo
45,2019-04-01,2019-09-30,NVDA,Tendencia,False,ningún trial con ≥ 5 operaciones,,,,,,,,,,,,,,,,,,,,,,,por_activo
45,2019-04-01,2019-09-30,NVDA,Reversión,True,,0.7545820043,2.915273016,27,30,76,66,16,14,34,33,74,73,16,13,28,27,1.599943387,1.706361448,3.842234409,3.791348552,2.244852506,2.060852976,por_activo
45,2019-04-01,2019-09-30,NVDA,Crisis,False,8 días < 20,,,,,,,,,,,,,,,,,,,,,,,por_activo
45,2019-04-01,2019-09-30,AMZN,global,False,,,,,,,,,,,,,,,,,,,,,,,,por_activo
45,2019-04-01,2019-09-30,AMZN,Tendencia,True,,6.567284752,6.933448337,8,6,20,17,9,9,23,22,61,61,24,23,14,14,1.675591596,1.555146477,1.667340324,1.569154181,1.628411551,1.604183552,por_activo
45,2019-04-01,2019-09-30,AMZN,Reversión,True,,3.75981368,3.550711037,20,21,72,67,10,9,32,35,74,74,22,23,12,11,1.645131779,1.686053319,1.11773908,1.14646084,4.498995642,4.620402313,por_activo
45,2019-04-01,2019-09-30,AMZN,Crisis,False,8 días < 20,,,,,,,,,,,,,,,,,,,,,,,por_activo
45,2019-04-01,2019-09-30,TSLA,global,False,,,,,,,,,,,,,,,,,,,,,,,,por_activo
45,2019-04-01,2019-09-30,TSLA,Tendencia,True,,-0.6431786213,-0.7566933123,10,12,32,27,8,7,40,39,64,62,13,15,14,16,1.624156796,1.596012202,2.1935105,2.219626361,1.880426914,2.022104926,por_activo
45,2019-04-01,2019-09-30,TSLA,Reversión,False,ningún trial con ≥ 5 operaciones,,,,,,,,,,,,,,,,,,,,,,,por_activo
45,2019-04-01,2019-09-30,TSLA,Crisis,False,8 días < 20,,,,,,,,,,,,,,,,,,,,,,,por_activo
45,2019-04-01,2019-09-30,META,global,False,,,,,,,,,,,,,,,,,,,,,,,,por_activo
45,2019-04-01,2019-09-30,META,Tendencia,True,,1.377058708,1.411487331,20,21,77,77,18,15,34,31,62,62,39,40,36,36,1.736722546,1.758059728,1.52160609,1.52160609,5.854324303,5.943254752,por_activo
45,2019-04-01,2019-09-30,META,Reversión,True,,36.74822806,39.02935245,30,30,86,90,14,14,38,38,61,60,23,23,35,35,2.857041748,2.888326521,1.638167195,1.243380477,1.125871979,1.181760304,por_activo
45,2019-04-01,2019-09-30,META,Crisis,False,8 días < 20,,,,,,,,,,,,,,,,,,,,,,,por_activo
45,2019-04-01,2019-09-30,NFLX,global,False,,,,,,,,,,,,,,,,,,,,,,,,por_activo
45,2019-04-01,2019-09-30,NFLX,Tendencia,True,,42.60116956,45.15530748,23,23,12,14,14,14,32,31,61,61,24,25,9,10,1.722531799,1.644411128,3.836804191,3.883708474,1.170575845,1.225162202,por_activo
45,2019-04-01,2019-09-30,NFLX,Reversión,True,,6.415212745,6.415212745,20,19,85,85,9,9,39,39,68,69,13,13,20,20,1.6044091,1.601204226,2.908126815,2.950832236,1.131206138,1.131206138,por_activo
45,2019-04-01,2019-09-30,NFLX,Crisis,False,8 días < 20,,,,,,,,,,,,,,,,,,,,,,,por_activo
45,2019-04-01,2019-09-30,GOOGL,global,True,,3.678967711,4.144689233,7,7,25,23,14,14,27,26,63,63,16,18,39,39,1.55959038,1.55959038,1.049600772,1.044447582,5.518401966,5.518401966,por_activo
45,2019-04-01,2019-09-30,GOOGL,Tendencia,True,,-1.806553107,-1.806553107,7,7,20,20,7,7,38,38,77,77,19,19,24,24,1.536714857,1.536714857,2.734565069,2.734565069,3.271207462,3.271207462,por_activo
45,2019-04-01,2019-09-30,GOOGL,Reversión,True,,17.70445417,21.91629625,11,12,42,31,9,9,20,27,62,62,16,13,16,15,1.653254792,1.643787154,3.478861912,3.37598626,1.979199215,2.102763308,por_activo
45,2019-04-01,2019-09-30,GOOGL,Crisis,False,8 días < 20,,,,,,,,,,,,,,,,,,,,,,,por_activo
46,2019-05-01,2019-10-31,NVDA,global,True,,4.714209001,5.829186569,15,15,62,59,22,22,38,38,61,61,16,14,34,34,1.701053024,1.736778138,1.593539646,1.432130395,5.943835364,5.829435726,por_activo
46,2019-05-01,2019-10-31,NVDA,Tendencia,True,,-1.401576002,-1.385488181,14,15,36,34,24,24,39,39,79,78,29,29,7,7,1.715112035,1.732957729,1.358158246,1.277652972,1.810153389,1.790510058,por_activo
46,2019-05-01,2019-10-31,NVDA,Reversión,True,,15.63777817,14.41271934,18,20,91,95,27,27,23,22,61,60,16,17,25,25,1.696856271,1.696856271,1.310760624,1.310760624,4.911808227,5.160464436,por_activo
46,2019-05-01,2019-10-31,NVDA,Crisis,False,0 días < 20,,,,,,,,,,,,,,,,,,,,,,,por_activo
46,2019-05-01,2019-10-31,AMZN,global,True,,6.268776296,9.197484464,7,11,84,84,12,13,35,35,61,60,37,37,14,13,1.534223786,1.528051015,1.121527109,1.121527109,4.012435795,3.913753901,por_activo
46,2019-05-01,2019-10-31,AMZN,Tendencia,True,,-1.042300462,-0.9069721732,8,11,75,70,9,10,35,34,61,62,16,18,10,11,1.641918507,1.74459512,1.241092777,1.252865536,5.342579751,5.247900155,por_activo
46,2019-05-01,2019-10-31,AMZN,Reversión,True,,8.174964078,9.535842911,22,21,88,88,12,18,39,37,62,63,26,19,38,40,1.559434122,1.54154918,2.344940481,1.874178639,5.756763732,5.607631352,por_activo
46,2019-05-01,2019-10-31,AMZN,Crisis,False,0 días < 20,,,,,,,,,,,,,,,,,,,,,,,por_activo
46,2019-05-01,2019-10-31,TSLA,global,True,,-0.9502799214,-0.2518222453,29,30,54,43,10,8,24,25,68,68,12,13,5,5,1.559755732,1.559755732,1.334747528,1.429729414,1.158002598,1.051268555,por_activo
46,2019-05-01,2019-10-31,TSLA,Tendencia,False,ningún trial con ≥ 5 operaciones,,,,,,,,,,,,,,,,,,,,,,,por_activo
46,2019-05-01,2019-10-31,TSLA,Reversión,True,,26.75326787,27.19667643,6,5,32,25,9,9,38,40,78,78,31,31,38,37,1.600520457,1.581804765,2.360640358,2.637026837,5.853474102,5.530015647,por_activo
46,2019-05-01,2019-10-31,TSLA,Crisis,False,0 días < 20,,,,,,,,,,,,,,,,,,,,,,,por_activo
46,2019-05-01,2019-10-31,META,global,True,,5.301671633,9.980394588,9,9,31,38,9,9,36,33,66,67,18,20,7,10,1.619443244,1.613008191,1.2854448,1.160534829,1.082640166,1.00189144,por_activo
46,2019-05-01,2019-10-31,META,Tendencia,False,ningún trial con ≥ 5 operaciones,,,,,,,,,,,,,,,,,,,,,,,por_activo
46,2019-05-01,2019-10-31,META,Reversión,True,,11.69151201,12.53925254,23,19,87,67,16,20,39,39,70,72,31,22,12,16,1.640542544,1.525908598,1.136335802,1.136335802,5.510791804,5.556486029,por_activo
46,2019-05-01,2019-10-31,META,Crisis,False,0 días < 20,,,,,,,,,,,,,,,,,,,,,,,por_activo
46,2019-05-01,2019-10-31,NFLX,global,True,,3.360976444,4.72346248,16,18,88,90,8,8,26,22,68,72,12,13,33,32,1.781731149,1.605677501,1.346426219,1.291106053,5.301949336,5.238233983,por_activo
46,2019-05-01,2019-10-31,NFLX,Tendencia,True,,-1.041541482,-1.025725927,26,27,86,85,8,8,26,30,64,64,10,10,36,35,1.540525629,1.500444412,1.522365582,1.480591465,2.175071674,2.424488687,por_activo
46,2019-05-01,2019-10-31,NFLX,Reversión,True,,9.520175269,9.527910866,27,30,88,81,9,9,39,39,68,68,14,18,30,28,2.352529401,2.333331047,3.441996077,3.405811163,1.364692552,1.365888629,por_activo
46,2019-05-01,2019-10-31,NFLX,Crisis,False,0 días < 20,,,,,,,,,,,,,,,,,,,,,,,por_activo
46,2019-05-01,2019-10-31,GOOGL,global,False,,,,,,,,,,,,,,,,,,,,,,,,por_activo
46,2019-05-01,2019-10-31,GOOGL,Tendencia,False,ningún trial con ≥ 5 operaciones,,,,,,,,,,,,,,,,,,,,,,,por_activo
46,2019-05-01,2019-10-31,GOOGL,Reversión,True,,5.879088886,6.260376178,27,28,52,30,7,7,39,38,79,78,22,18,12,9,2.106077029,1.904598575,3.208873969,3.412513744,5.217978418,5.217978418,por_activo
46,2019-05-01,2019-10-31,GOOGL,Crisis,False,0 días < 20,,,,,,,,,,,,,,,,,,,,,,,por_activo
47,2019-06-03,2019-11-29,NVDA,global,True,,1.812997257,2.732004769,8,7,87,81,12,11,23,23,64,64,16,17,12,12,1.621117859,1.658073413,2.490767348,2.490767348,2.681322425,2.978762752,por_activo
47,2019-06-03,2019-11-29,NVDA,Tendencia,False,ningún trial con ≥ 5 operaciones,,,,,,,,,,,,,,,,,,,,,,,por_activo
47,2019-06-03,2019-11-29,NVDA,Reversión,True,,10.28140658,12.84511925,11,8,16,16,14,14,24,24,61,61,10,10,20,18,2.132473024,2.193562137,3.731573752,3.565360147,1.166139769,1.207188615,por_activo
47,2019-06-03,2019-11-29,NVDA,Crisis,False,0 días < 20,,,,,,,,,,,,,,,,,,,,,,,por_activo
47,2019-06-03,2019-11-29,AMZN,global,True,,8.161439898,9.493234014,29,29,17,28,8,8,37,37,71,72,12,12,12,13,1.777908738,1.692839293,3.037844583,3.154059407,5.54896684,5.54896684,por_activo
47,2019-06-03,2019-11-29,AMZN,Tendencia,False,ningún trial con ≥ 5 operaciones,,,,,,,,,,,,,,,,,,,,,,,por_activo
47,2019-06-03,2019-11-29,AMZN,Reversión,True,,10.6056381,10.80652002,6,6,77,86,9,8,25,24,67,66,17,17,12,11,1.699080331,1.785417976,1.620359609,1.620359609,5.39017062,5.527076619,por_activo
47,2019-06-03,2019-11-29,AMZN,Crisis,False,0 días < 20,,,,,,,,,,,,,,,,,,,,,,,por_activo
47,2019-06-03,2019-11-29,TSLA,global,False,,,,,,,,,,,,,,,,,,,,,,,,por_activo
47,2019-06-03,2019-11-29,TSLA,Tendencia,False,ningún trial con ≥ 5 operaciones,,,,,,,,,,,,,,,,,,,,,,,por_activo
47,2019-06-03,2019-11-29,TSLA,Reversión,True,,17.62164015,22.40101752,18,18,48,44,9,12,39,40,78,77,30,31,21,23,1.583927462,1.531647376,1.605262382,1.532714525,4.987452005,5.197035085,por_activo
47,2019-06-03,2019-11-29,TSLA,Crisis,False,0 días < 20,,,,,,,,,,,,,,,,,,,,,,,por_activo
47,2019-06-03,2019-11-29,META,global,False,,,,,,,,,,,,,,,,,,,,,,,,por_activo
47,2019-06-03,2019-11-29,META,Tendencia,False,ningún trial con ≥ 5 operaciones,,,,,,,,,,,,,,,,,,,,,,,por_activo
47,2019-06-03,2019-11-29,META,Reversión,True,,11.36028673,22.68563385,10,10,54,53,9,8,26,27,63,64,26,26,5,5,1.632602302,1.575694355,3.460536556,3.833831981,5.158861217,5.377119537,por_activo
47,2019-06-03,2019-11-29,META,Crisis,False,0 días < 20,,,,,,,,,,,,,,,,,,,,,,,por_activo
47,2019-06-03,2019-11-29,NFLX,global,True,,-0.4107525195,-0.4107525195,23,23,24,24,26,26,39,39,60,60,22,22,5,5,1.529558257,1.529558257,1.620782578,1.620782578,1.747821437,1.747821437,por_activo
47,2019-06-03,2019-11-29,NFLX,Tendencia,False,ningún trial con ≥ 5 operaciones,,,,,,,,,,,,,,,,,,,,,,,por_activo
47,2019-06-03,2019-11-29,NFLX,Reversión,True,,6.725199112,11.43501483,16,18,35,70,28,28,32,32,74,74,14,19,19,14,1.66687829,1.630315437,1.562622915,1.102050767,5.484762461,5.295870549,por_activo
47,2019-06-03,2019-11-29,NFLX,Crisis,False,0 días < 20,,,,,,,,,,,,,,,,,,,,,,,por_activo
47,2019-06-03,2019-11-29,GOOGL,global,False,,,,,,,,,,,,,,,,,,,,,,,,por_activo
47,2019-06-03,2019-11-29,GOOGL,Tendencia,False,ningún trial con ≥ 5 operaciones,,,,,,,,,,,,,,,,,,,,,,,por_activo
47,2019-06-03,2019-11-29,GOOGL,Reversión,True,,13.71447981,15.13713419,9,9,100,91,8,8,40,39,70,70,33,33,30,33,2.052372308,2.076848906,3.389023457,3.324012943,5.693730802,5.720490398,por_activo
47,2019-06-03,2019-11-29,GOOGL,Crisis,False,0 días < 20,,,,,,,,,,,,,,,,,,,,,,,por_activo
48,2019-07-01,2019-12-31,NVDA,global,False,,,,,,,,,,,,,,,,,,,,,,,,por_activo
48,2019-07-01,2019-12-31,NVDA,Tendencia,False,ningún trial con ≥ 5 operaciones,,,,,,,,,,,,,,,,,,,,,,,por_activo
48,2019-07-01,2019-12-31,NVDA,Reversión,True,,9.110268493,10.73441205,16,17,88,88,8,8,38,37,64,63,29,29,28,29,1.820399929,1.761642612,3.665540784,3.307422247,1.164733227,1.175983035,por_activo
48,2019-07-01,2019-12-31,NVDA,Crisis,False,0 días < 20,,,,,,,,,,,,,,,,,,,,,,,por_activo
48,2019-07-01,2019-12-31,AMZN,global,True,,8.797311113,10.06118603,6,6,48,45,8,9,32,32,60,60,28,29,36,35,1.617937689,1.62169414,2.100312286,2.02327727,1.622665997,1.660681692,por_activo
48,2019-07-01,2019-12-31,AMZN,Tendencia,True,,11.14364145,11.14364145,15,17,12,13,9,10,34,34,61,61,10,10,17,19,2.029120299,2.040381196,2.530605215,2.767511184,1.514111915,1.514111915,por_activo
48,2019-07-01,2019-12-31,AMZN,Reversión,True,,1.583727582,2.333005378,26,23,44,44,21,24,34,34,78,78,13,13,26,26,1.723245884,1.808540798,1.704429615,1.874204529,4.019228235,2.466175236,por_activo
48,2019-07-01,2019-12-31,AMZN,Crisis,False,0 días < 20,,,,,,,,,,,,,,,,,,,,,,,por_activo
48,2019-07-01,2019-12-31,TSLA,global,True,,-0.9090911447,-0.285858668,22,21,96,63,12,7,38,40,66,72,24,35,20,22,1.75160339,1.951496361,1.277336864,1.492459845,2.888520395,5.2958761,por_activo
48,2019-07-01,2019-12-31,TSLA,Tendencia,True,,-1.190478259,-1.089723801,26,28,28,28,12,11,28,28,71,71,11,13,36,36,1.614651791,1.505697216,1.127270543,1.050950576,3.470591235,3.596910331,por_activo
48,2019-07-01,2019-12-31,TSLA,Reversión,True,,2.627470295,1.695888796,8,11,88,59,11,11,38,38,75,74,34,35,28,31,1.618900131,1.684234799,3.27573242,3.629153326,3.163490925,3.087909508,por_activo
48,2019-07-01,2019-12-31,TSLA,Crisis,False,0 días < 20,,,,,,,,,,,,,,,,,,,,,,,por_activo
48,2019-07-01,2019-12-31,META,global,False,,,,,,,,,,,,,,,,,,,,,,,,por_activo
48,2019-07-01,2019-12-31,META,Tendencia,False,ningún trial con ≥ 5 operaciones,,,,,,,,,,,,,,,,,,,,,,,por_activo
48,2019-07-01,2019-12-31,META,Reversión,True,,-0.6158646665,-0.6158646665,23,23,80,76,25,25,38,38,71,69,15,15,13,13,2.002135271,2.002135271,1.169302506,1.169302506,3.970730894,4.576943393,por_activo
48,2019-07-01,2019-12-31,META,Crisis,False,0 días < 20,,,,,,,,,,,,,,,,,,,,,,,por_activo
48,2019-07-01,2019-12-31,NFLX,global,False,,,,,,,,,,,,,,,,,,,,,,,,por_activo
48,2019-07-01,2019-12-31,NFLX,Tendencia,False,ningún trial con ≥ 5 operaciones,,,,,,,,,,,,,,,,,,,,,,,por_activo
48,2019-07-01,2019-12-31,NFLX,Reversión,True,,0.7590729571,1.990568088,13,21,17,29,26,22,32,38,80,77,11,19,38,39,1.565465198,1.565465198,2.232941707,2.344006889,5.585879452,5.475524297,por_activo
48,2019-07-01,2019-12-31,NFLX,Crisis,False,0 días < 20,,,,,,,,,,,,,,,,,,,,,,,por_activo
48,2019-07-01,2019-12-31,GOOGL,global,False,,,,,,,,,,,,,,,,,,,,,,,,por_activo
48,2019-07-01,2019-12-31,GOOGL,Tendencia,True,,-1.399340645,-1.397920272,26,28,28,35,10,9,36,36,63,64,22,21,20,17,1.93193035,1.855593572,1.160791022,1.156259003,2.827818414,2.8447748,por_activo
48,2019-07-01,2019-12-31,GOOGL,Reversión,True,,1.487957696,3.434886309,22,19,73,41,13,13,26,30,63,63,19,19,36,31,1.583262059,1.667463682,3.77912917,3.917972661,2.744781955,3.594997597,por_activo
48,2019-07-01,2019-12-31,GOOGL,Crisis,False,0 días < 20,,,,,,,,,,,,,,,,,,,,,,,por_activo
49,2019-08-01,2020-01-31,NVDA,global,False,,,,,,,,,,,,,,,,,,,,,,,,por_activo
49,2019-08-01,2020-01-31,NVDA,Tendencia,True,,-0.8788314479,-0.8788314479,16,16,99,99,7,7,23,23,62,62,20,20,34,34,1.767749409,1.767749409,1.357929485,1.357929485,2.850960221,2.850960221,por_activo
49,2019-08-01,2020-01-31,NVDA,Reversión,True,,0.09480872232,0.990392605,10,9,38,31,8,7,34,38,64,65,24,24,10,10,1.71187544,1.666608138,1.942246486,1.868796417,3.715997956,3.571567168,por_activo
49,2019-08-01,2020-01-31,NVDA,Crisis,False,0 días < 20,,,,,,,,,,,,,,,,,,,,,,,por_activo
49,2019-08-01,2020-01-31,AMZN,global,False,,,,,,,,,,,,,,,,,,,,,,,,por_activo
49,2019-08-01,2020-01-31,AMZN,Tendencia,True,,4.411280357,6.417436182,13,11,12,12,8,10,26,24,66,66,16,17,12,15,1.662731038,1.64390509,2.709334484,2.983634141,1.847457817,1.87941971,por_activo
49,2019-08-01,2020-01-31,AMZN,Reversión,False,ningún trial con ≥ 5 operaciones,,,,,,,,,,,,,,,,,,,,,,,por_activo
49,2019-08-01,2020-01-31,AMZN,Crisis,False,0 días < 20,,,,,,,,,,,,,,,,,,,,,,,por_activo
49,2019-08-01,2020-01-31,TSLA,global,True,,-1.151811475,-0.3222721199,22,23,89,78,17,21,29,30,62,63,32,32,18,18,2.043744989,1.989754002,1.684835823,1.406113424,1.403338473,1.403338473,por_activo
49,2019-08-01,2020-01-31,TSLA,Tendencia,True,,-1.321557781,-1.038301581,23,11,91,66,24,23,22,40,61,76,36,35,22,35,1.851285421,1.906027897,3.296474953,1.723516437,2.863356393,1.121022941,por_activo
49,2019-08-01,2020-01-31,TSLA,Reversión,True,,-0.2797108034,0.07321772332,22,22,92,96,9,8,38,38,65,67,11,10,20,20,2.083704769,2.083704769,3.256456109,3.131415452,2.491395512,2.937331576,por_activo
49,2019-08-01,2020-01-31,TSLA,Crisis,False,0 días < 20,,,,,,,,,,,,,,,,,,,,,,,por_activo
49,2019-08-01,2020-01-31,META,global,False,,,,,,,,,,,,,,,,,,,,,,,,por_activo
49,2019-08-01,2020-01-31,META,Tendencia,True,,0.3153407517,1.736038741,10,11,56,46,9,15,37,39,60,66,12,10,38,38,1.785389534,1.893124679,2.011716169,1.212729144,2.963426913,2.930885223,por_activo
49,2019-08-01,2020-01-31,META,Reversión,True,,4.217047849,4.529318804,19,19,37,36,20,19,25,24,77,75,18,18,34,34,1.601992679,1.66638432,1.421386029,1.44000721,1.291893149,1.377900061,por_activo
49,2019-08-01,2020-01-31,META,Crisis,False,0 días < 20,,,,,,,,,,,,,,,,,,,,,,,por_activo
49,2019-08-01,2020-01-31,NFLX,global,True,,4.660469577,6.308703283,14,15,95,84,12,12,34,33,67,67,11,12,38,36,1.844448423,1.900883555,1.226464341,1.184082469,5.690972569,4.445343067,por_activo
49,2019-08-01,2020-01-31,NFLX,Tendencia,True,,1.955750912,5.909775364,26,26,54,55,12,12,34,34,62,61,14,14,14,12,1.561581091,1.556631787,2.666716139,3.01114887,1.6163606,2.222169219,por_activo
49,2019-08-01,2020-01-31,NFLX,Reversión,True,,3.235174997,3.235174997,20,20,13,13,25,25,38,38,62,62,12,12,34,34,1.54487323,1.54487323,3.71334036,3.71334036,1.202952636,1.202952636,por_activo
49,2019-08-01,2020-01-31,NFLX,Crisis,False,0 días < 20,,,,,,,,,,,,,,,,,,,,,,,por_activo
49,2019-08-01,2020-01-31,GOOGL,global,True,,2.523689491,4.546823239,18,18,96,96,19,11,33,31,61,61,13,10,27,29,1.568650637,1.743690942,1.205434857,1.067009838,3.122559977,3.526416017,por_activo
49,2019-08-01,2020-01-31,GOOGL,Tendencia,True,,-0.630438769,-0.4334246849,14,14,86,79,12,12,29,30,61,61,28,27,10,15,1.800954973,1.813369845,1.468981583,1.693711943,4.132289791,2.455759459,por_activo
49,2019-08-01,2020-01-31,GOOGL,Reversión,False,ningún trial con ≥ 5 operaciones,,,,,,,,,,,,,,,,,,,,,,,por_activo
49,2019-08-01,2020-01-31,GOOGL,Crisis,False,0 días < 20,,,,,,,,,,,,,,,,,,,,,,,por_activo
50,2019-09-03,2020-02-28,NVDA,global,True,,4.082283966,4.503988797,28,29,40,46,8,8,21,20,68,70,10,10,22,22,1.916411318,1.761613685,2.327478133,2.096236203,3.236772335,3.325013958,por_activo
50,2019-09-03,2020-02-28,NVDA,Tendencia,True,,-0.3253516146,-0.1279047202,27,27,62,57,27,27,32,33,63,62,37,40,26,28,1.836234643,1.823236737,2.538324898,2.288648975,1.698326571,1.790865903,por_activo
50,2019-09-03,2020-02-28,NVDA,Reversión,False,ningún trial con ≥ 5 operaciones,,,,,,,,,,,,,,,,,,,,,,,por_activo
50,2019-09-03,2020-02-28,NVDA,Crisis,False,0 días < 20,,,,,,,,,,,,,,,,,,,,,,,por_activo
50,2019-09-03,2020-02-28,AMZN,global,False,,,,,,,,,,,,,,,,,,,,,,,,por_activo
50,2019-09-03,2020-02-28,AMZN,Tendencia,True,,12.53297324,28.85918364,19,19,82,79,20,20,37,39,74,73,15,17,16,16,1.726040838,1.696117598,2.650454924,2.937039937,2.807543851,2.095403386,por_activo
50,2019-09-03,2020-02-28,AMZN,Reversión,False,ningún trial con ≥ 5 operaciones,,,,,,,,,,,,,,,,,,,,,,,por_activo
50,2019-09-03,2020-02-28,AMZN,Crisis,False,0 días < 20,,,,,,,,,,,,,,,,,,,,,,,por_activo
50,2019-09-03,2020-02-28,TSLA,global,True,,3.790396116,2.949482037,27,29,34,34,18,22,26,27,79,77,12,12,18,21,1.701729046,1.935933598,1.570776744,1.64160977,1.067101069,1.398456297,por_activo
50,2019-09-03,2020-02-28,TSLA,Tendencia,True,,4.719017804,5.406487035,27,26,82,76,26,25,27,28,80,80,13,13,32,27,1.590772654,1.69803001,1.112890136,1.045170118,2.820612409,2.946400394,por_activo
50,2019-09-03,2020-02-28,TSLA,Reversión,True,,7.51420007,7.900503753,29,30,24,25,25,25,31,31,66,65,14,14,32,33,1.611934318,1.574216734,1.228200215,1.128483842,5.932201356,5.956857573,por_activo
50,2019-09-03,2020-02-28,TSLA,Crisis,False,0 días < 20,,,,,,,,,,,,,,,,,,,,,,,por_activo
50,2019-09-03,2020-02-28,META,global,True,,4.574324022,4.933930481,16,16,24,32,22,20,40,39,60,63,15,17,26,26,1.708028795,1.542912437,2.013695145,1.918470401,3.731303397,3.731303397,por_activo
50,2019-09-03,2020-02-28,META,Tendencia,True,,4.025936619,4.09784799,29,30,90,92,17,15,34,34,62,63,20,20,38,37,1.909778052,1.884192012,3.003823211,2.919923412,5.595120322,5.730740801,por_activo
50,2019-09-03,2020-02-28,META,Reversión,False,ningún trial con ≥ 5 operaciones,,,,,,,,,,,,,,,,,,,,,,,por_activo
50,2019-09-03,2020-02-28,META,Crisis,False,0 días < 20,,,,,,,,,,,,,,,,,,,,,,,por_activo
50,2019-09-03,2020-02-28,NFLX,global,False,,,,,,,,,,,,,,,,,,,,,,,,por_activo
50,2019-09-03,2020-02-28,NFLX,Tendencia,True,,3.655543594,6.468416193,29,19,42,77,19,18,30,30,63,61,11,11,6,6,1.784420721,1.766780327,1.418982148,1.688508399,2.283073885,2.53598346,por_activo
50,2019-09-03,2020-02-28,NFLX,Reversión,True,,1.771863318,1.771863318,28,30,92,98,7,7,33,33,61,61,24,24,7,7,2.732170089,2.732170089,2.601322736,2.701724357,5.234303943,5.325909965,por_activo
50,2019-09-03,2020-02-28,NFLX,Crisis,False,0 días < 20,,,,,,,,,,,,,,,,,,,,,,,por_activo
50,2019-09-03,2020-02-28,GOOGL,global,True,,4.009428313,5.846455128,6,6,76,84,13,14,28,28,70,70,10,10,5,5,1.611957442,1.661841867,3.743888675,3.928931355,1.229558576,1.09719031,por_activo
50,2019-09-03,2020-02-28,GOOGL,Tendencia,True,,1.798561758,2.511704314,29,29,79,82,8,9,39,39,61,60,12,10,38,36,1.571926314,1.511322747,2.285259987,2.379857854,3.058899263,3.222277658,por_activo
50,2019-09-03,2020-02-28,GOOGL,Reversión,False,ningún trial con ≥ 5 operaciones,,,,,,,,,,,,,,,,,,,,,,,por_activo
50,2019-09-03,2020-02-28,GOOGL,Crisis,False,0 días < 20,,,,,,,,,,,,,,,,,,,,,,,por_activo
51,2019-10-01,2020-03-31,NVDA,global,True,,2.97375958,2.321844175,22,22,97,99,27,27,30,29,63,62,18,18,28,29,2.066762165,2.073890088,1.079380692,1.06638798,2.567491418,2.68961207,por_activo
51,2019-10-01,2020-03-31,NVDA,Tendencia,True,,2.711962016,8.460217693,11,14,76,55,12,26,32,32,65,68,12,39,13,11,2.150861245,2.264290928,3.140489035,1.082515592,5.463103665,5.141404643,por_activo
51,2019-10-01,2020-03-31,NVDA,Reversión,False,ningún trial con ≥ 5 operaciones,,,,,,,,,,,,,,,,,,,,,,,por_activo
51,2019-10-01,2020-03-31,NVDA,Crisis,False,10 días < 20,,,,,,,,,,,,,,,,,,,,,,,por_activo
51,2019-10-01,2020-03-31,AMZN,global,True,,7.834946286,8.807234238,20,20,13,27,8,7,38,37,79,77,31,29,30,34,1.813240769,1.890317646,1.213730003,1.115590071,1.685204526,1.932192777,por_activo
51,2019-10-01,2020-03-31,AMZN,Tendencia,True,,13.33406341,15.24472787,28,27,88,87,17,15,25,25,72,73,15,15,13,15,2.248627756,2.234259994,3.652875791,3.623762838,1.679300387,1.959855487,por_activo
51,2019-10-01,2020-03-31,AMZN,Reversión,False,ningún trial con ≥ 5 operaciones,,,,,,,,,,,,,,,,,,,,,,,por_activo
51,2019-10-01,2020-03-31,AMZN,Crisis,False,10 días < 20,,,,,,,,,,,,,,,,,,,,,,,por_activo
51,2019-10-01,2020-03-31,TSLA,global,True,,-0.09300970285,1.000863017,6,6,13,40,12,10,31,31,70,68,39,40,24,24,2.03933918,2.156883057,2.864929701,2.818231824,5.727117025,5.466357486,por_activo
51,2019-10-01,2020-03-31,TSLA,Tendencia,True,,0.3098846953,0.8571134256,13,8,15,14,9,7,37,35,61,61,20,27,27,28,1.772941069,1.772941069,1.028294181,1.000764785,2.236456622,2.581787087,por_activo
51,2019-10-01,2020-03-31,TSLA,Reversión,False,ningún trial con ≥ 5 operaciones,,,,,,,,,,,,,,,,,,,,,,,por_activo
51,2019-10-01,2020-03-31,TSLA,Crisis,False,10 días < 20,,,,,,,,,,,,,,,,,,,,,,,por_activo
51,2019-10-01,2020-03-31,META,global,True,,-0.1931561413,-0.1478079464,7,5,86,84,15,16,40,40,67,67,39,39,13,11,1.876064736,1.806064582,1.465284763,1.378958321,2.066261246,2.606011285,por_activo
51,2019-10-01,2020-03-31,META,Tendencia,True,,0.06456853392,0.6729880864,8,8,16,16,20,20,36,37,73,78,12,10,8,6,1.849782574,1.714772894,1.624131937,1.552523158,2.175853115,2.272179228,por_activo
51,2019-10-01,2020-03-31,META,Reversión,False,ningún trial con ≥ 5 operaciones,,,,,,,,,,,,,,,,,,,,,,,por_activo
51,2019-10-01,2020-03-31,META,Crisis,False,10 días < 20,,,,,,,,,,,,,,,,,,,,,,,por_activo
51,2019-10-01,2020-03-31,NFLX,global,True,,2.224523626,3.106862347,10,8,76,75,15,16,37,37,66,67,14,13,10,9,1.65804242,1.744100441,1.067561664,1.069318759,2.282438098,2.353670979,por_activo
51,2019-10-01,2020-03-31,NFLX,Tendencia,True,,9.372671844,13.13510731,10,8,27,31,16,18,39,37,62,61,37,37,8,8,2.010745183,1.950999752,1.134385014,1.124768621,2.949300725,3.103087587,por_activo
51,2019-10-01,2020-03-31,NFLX,Reversión,False,ningún trial con ≥ 5 operaciones,,,,,,,,,,,,,,,,,,,,,,,por_activo
51,2019-10-01,2020-03-31,NFLX,Crisis,False,10 días < 20,,,,,,,,,,,,,,,,,,,,,,,por_activo
51,2019-10-01,2020-03-31,GOOGL,global,True,,-1.153353107,-0.9076913851,29,30,13,20,8,10,37,36,66,65,37,39,19,16,1.671105015,1.671105015,2.222019086,2.147458791,3.782319161,3.800075346,por_activo
51,2019-10-01,2020-03-31,GOOGL,Tendencia,True,,3.508865106,4.973520206,6,6,68,67,8,7,21,20,64,62,21,22,12,15,1.988832709,1.944108326,1.470013442,1.584343324,2.618726379,2.90716444,por_activo
51,2019-10-01,2020-03-31,GOOGL,Reversión,False,ningún trial con ≥ 5 operaciones,,,,,,,,,,,,,,,,,,,,,,,por_activo
51,2019-10-01,2020-03-31,GOOGL,Crisis,False,10 días < 20,,,,,,,,,,,,,,,,,,,,,,,por_activo
52,2019-11-01,2020-04-30,NVDA,global,True,,1.523846709,4.297069936,28,29,76,82,8,8,38,39,69,69,11,10,7,11,1.663664472,1.754766472,1.840617118,2.081559213,3.585257696,3.176636336,por_activo
52,2019-11-01,2020-04-30,NVDA,Tendencia,True,,5.369483631,8.432084558,13,11,95,100,27,26,39,40,66,65,14,13,10,14,2.18574193,2.173007142,1.161862949,1.166234866,3.093753534,3.249011859,por_activo
52,2019-11-01,2020-04-30,NVDA,Reversión,False,0 días < 20,,,,,,,,,,,,,,,,,,,,,,,por_activo
52,2019-11-01,2020-04-30,NVDA,Crisis,False,ningún trial con ≥ 5 operaciones,,,,,,,,,,,,,,,,,,,,,,,por_activo
52,2019-11-01,2020-04-30,AMZN,global,True,,1.534179729,2.771036161,6,6,55,64,13,13,39,40,63,62,18,18,9,10,1.595495211,1.664365945,1.776536503,1.776536503,5.517962146,5.369781596,por_activo
52,2019-11-01,2020-04-30,AMZN,Tendencia,True,,3.916631445,6.544217534,18,20,92,98,27,26,35,33,66,69,14,14,24,22,2.059486837,2.041916699,2.267828422,2.414058732,5.281960411,5.281960411,por_activo
52,2019-11-01,2020-04-30,AMZN,Reversión,False,0 días < 20,,,,,,,,,,,,,,,,,,,,,,,por_activo
52,2019-11-01,2020-04-30,AMZN,Crisis,False,ningún trial con ≥ 5 operaciones,,,,,,,,,,,,,,,,,,,,,,,por_activo
52,2019-11-01,2020-04-30,TSLA,global,True,,1.098322208,2.535997876,6,6,70,63,8,7,39,39,74,77,38,38,32,31,1.569774745,1.605464817,1.855888736,1.835854985,2.678582972,2.945925616,por_activo
52,2019-11-01,2020-04-30,TSLA,Tendencia,True,,2.757035276,17.65637345,17,17,58,69,9,10,21,22,78,79,37,39,24,25,2.424729829,2.371743389,1.519172048,1.2135788,2.165438291,1.914574047,por_activo
52,2019-11-01,2020-04-30,TSLA,Reversión,False,0 días < 20,,,,,,,,,,,,,,,,,,,,,,,por_activo
52,2019-11-01,2020-04-30,TSLA,Crisis,False,ningún trial con ≥ 5 operaciones,,,,,,,,,,,,,,,,,,,,,,,por_activo
52,2019-11-01,2020-04-30,META,global,True,,-0.5123446627,-0.4279524612,24,24,22,18,8,9,34,35,64,64,38,38,19,23,2.187415184,2.178035856,1.593312662,1.561999101,5.396966306,5.722046736,por_activo
52,2019-11-01,2020-04-30,META,Tendencia,True,,-0.2093054865,1.352135922,7,13,52,31,10,13,30,32,78,64,18,16,29,16,1.792969779,2.08794653,3.419660906,3.612245444,3.289715157,1.929852744,por_activo
52,2019-11-01,2020-04-30,META,Reversión,False,0 días < 20,,,,,,,,,,,,,,,,,,,,,,,por_activo
52,2019-11-01,2020-04-30,META,Crisis,False,ningún trial con ≥ 5 operaciones,,,,,,,,,,,,,,,,,,,,,,,por_activo
52,2019-11-01,2020-04-30,NFLX,global,True,,4.282352324,4.630420931,24,25,15,13,7,8,39,39,66,68,35,36,24,22,2.310772317,2.340096519,1.357243881,1.489043598,5.703635297,5.571591583,por_activo
52,2019-11-01,2020-04-30,NFLX,Tendencia,True,,6.822688165,11.28267606,11,11,46,30,22,24,40,40,64,64,10,12,23,20,1.982980546,1.986278182,2.726549622,2.892734098,5.808084325,5.748404217,por_activo
52,2019-11-01,2020-04-30,NFLX,Reversión,False,0 días < 20,,,,,,,,,,,,,,,,,,,,,,,por_activo
52,2019-11-01,2020-04-30,NFLX,Crisis,False,ningún trial con ≥ 5 operaciones,,,,,,,,,,,,,,,,,,,,,,,por_activo
52,2019-11-01,2020-04-30,GOOGL,global,True,,3.726940766,1.3288453,25,28,88,90,24,24,22,20,65,64,36,37,36,36,2.019358878,2.106355421,1.787735031,1.934456002,1.441986132,1.424513504,por_activo
52,2019-11-01,2020-04-30,GOOGL,Tendencia,True,,-0.5642534923,4.012931828,23,30,88,76,13,17,34,35,73,73,12,28,17,19,1.64923238,1.896680922,1.460641115,1.471790993,5.630314838,1.256247947,por_activo
52,2019-11-01,2020-04-30,GOOGL,Reversión,False,0 días < 20,,,,,,,,,,,,,,,,,,,,,,,por_activo
52,2019-11-01,2020-04-30,GOOGL,Crisis,False,ningún trial con ≥ 5 operaciones,,,,,,,,,,,,,,,,,,,,,,,por_activo
53,2019-12-02,2020-05-29,NVDA,global,True,,1.754662229,2.119494078,15,17,89,86,15,16,39,39,67,67,39,35,20,21,1.808771241,1.582316063,1.154020882,1.17537726,5.675334489,5.475945497,por_activo
53,2019-12-02,2020-05-29,NVDA,Tendencia,True,,12.37431557,11.85554491,20,20,23,20,11,11,36,37,75,75,14,15,24,24,2.174976363,2.348539986,3.346070911,3.740626679,5.841008657,5.711797928,por_activo
53,2019-12-02,2020-05-29,NVDA,Reversión,False,0 días < 20,,,,,,,,,,,,,,,,,,,,,,,por_activo
53,2019-12-02,2020-05-29,NVDA,Crisis,False,ningún trial con ≥ 5 operaciones,,,,,,,,,,,,,,,,,,,,,,,por_activo
53,2019-12-02,2020-05-29,AMZN,global,True,,1.311353316,3.460975384,12,13,92,93,8,11,30,35,62,62,12,11,14,16,1.649401288,1.677230532,1.916853441,1.977371384,2.781198765,3.035212505,por_activo
53,2019-12-02,2020-05-29,AMZN,Tendencia,True,,8.050268343,8.380754272,22,22,79,84,15,16,39,40,78,78,21,20,30,29,1.604266488,1.707719898,1.821882746,1.734418302,5.787105999,5.96393535,por_activo
53,2019-12-02,2020-05-29,AMZN,Reversión,False,0 días < 20,,,,,,,,,,,,,,,,,,,,,,,por_activo
53,2019-12-02,2020-05-29,AMZN,Crisis,False,ningún trial con ≥ 5 operaciones,,,,,,,,,,,,,,,,,,,,,,,por_activo
53,2019-12-02,2020-05-29,TSLA,global,True,,0.1565047592,1.969082104,23,22,86,86,8,8,22,22,63,62,34,34,38,40,1.950988098,2.112297361,1.966115685,1.735333782,1.726588342,1.61507088,por_activo
53,2019-12-02,2020-05-29,TSLA,Tendencia,True,,1.956619253,2.611485131,22,23,30,30,14,13,33,33,61,64,18,16,24,27,2.683190244,2.691594645,1.058465133,1.056179321,4.762247621,5.271809294,por_activo
53,2019-12-02,2020-05-29,TSLA,Reversión,False,0 días < 20,,,,,,,,,,,,,,,,,,,,,,,por_activo
53,2019-12-02,2020-05-29,TSLA,Crisis,False,ningún trial con ≥ 5 operaciones,,,,,,,,,,,,,,,,,,,,,,,por_activo
53,2019-12-02,2020-05-29,META,global,True,,-1.331830725,-1.208292064,17,8,30,32,12,13,37,31,61,60,18,22,10,11,1.744467726,1.73662576,1.700359408,2.062588649,4.674276425,4.079824099,por_activo
53,2019-12-02,2020-05-29,META,Tendencia,True,,5.176977139,6.752841072,28,25,23,26,7,7,25,24,80,80,17,17,14,17,2.297005779,2.344404962,1.219446446,1.2402778,2.124832308,2.467993202,por_activo
53,2019-12-02,2020-05-29,META,Reversión,False,0 días < 20,,,,,,,,,,,,,,,,,,,,,,,por_activo
53,2019-12-02,2020-05-29,META,Crisis,False,ningún trial con ≥ 5 operaciones,,,,,,,,,,,,,,,,,,,,,,,por_activo
53,2019-12-02,2020-05-29,NFLX,global,False,,,,,,,,,,,,,,,,,,,,,,,,por_activo
53,2019-12-02,2020-05-29,NFLX,Tendencia,True,,4.976818341,6.050351492,8,7,73,70,9,9,40,39,78,79,12,11,29,29,1.612762203,1.597929347,1.474007789,1.378740884,5.667679566,5.473224985,por_activo
53,2019-12-02,2020-05-29,NFLX,Reversión,False,0 días < 20,,,,,,,,,,,,,,,,,,,,,,,por_activo
53,2019-12-02,2020-05-29,NFLX,Crisis,False,ningún trial con ≥ 5 operaciones,,,,,,,,,,,,,,,,,,,,,,,por_activo
53,2019-12-02,2020-05-29,GOOGL,global,True,,-1.494853724,-1.476230667,22,23,84,75,10,11,39,39,61,61,16,13,10,11,1.632733768,1.632733768,2.280140207,2.268305105,5.711378897,5.874107516,por_activo
53,2019-12-02,2020-05-29,GOOGL,Tendencia,True,,-0.2871367848,-0.06862444663,28,30,51,54,7,7,39,38,78,78,33,33,27,30,1.593212224,1.590826612,1.145483292,1.151166906,4.998184743,5.002248449,por_activo
53,2019-12-02,2020-05-29,GOOGL,Reversión,False,0 días < 20,,,,,,,,,,,,,,,,,,,,,,,por_activo
53,2019-12-02,2020-05-29,GOOGL,Crisis,False,ningún trial con ≥ 5 operaciones,,,,,,,,,,,,,,,,,,,,,,,por_activo
54,2020-01-02,2020-06-30,NVDA,global,True,,1.323616344,1.593628699,27,29,49,42,26,26,25,23,64,65,38,39,25,26,1.638406939,1.570319176,1.039704292,1.060687297,4.217428235,4.217428235,por_activo
54,2020-01-02,2020-06-30,NVDA,Tendencia,True,,11.21767944,12.1045344,21,23,76,69,25,24,22,23,66,65,30,31,39,39,2.423293401,2.331386734,1.243785792,1.071343472,5.544876724,5.467614996,por_activo
54,2020-01-02,2020-06-30,NVDA,Reversión,False,0 días < 20,,,,,,,,,,,,,,,,,,,,,,,por_activo
54,2020-01-02,2020-06-30,NVDA,Crisis,False,ningún trial con ≥ 5 operaciones,,,,,,,,,,,,,,,,,,,,,,,por_activo
54,2020-01-02,2020-06-30,AMZN,global,True,,0.09928430096,0.138496462,29,29,78,75,7,8,39,38,62,61,36,39,36,37,1.643842618,1.503136718,2.046413715,1.999890442,5.759878194,5.693496036,por_activo
54,2020-01-02,2020-06-30,AMZN,Tendencia,True,,9.27275232,13.00765519,28,27,84,81,23,23,26,28,63,74,18,20,5,8,1.942864058,1.966301687,3.629979809,3.749936375,2.528046908,1.306384823,por_activo
54,2020-01-02,2020-06-30,AMZN,Reversión,False,0 días < 20,,,,,,,,,,,,,,,,,,,,,,,por_activo
54,2020-01-02,2020-06-30,AMZN,Crisis,False,ningún trial con ≥ 5 operaciones,,,,,,,,,,,,,,,,,,,,,,,por_activo
54,2020-01-02,2020-06-30,TSLA,global,True,,-0.9662029904,0.6889595859,20,24,82,78,8,7,34,35,62,62,28,28,32,33,2.079687735,2.120127743,2.935077128,2.840145567,1.313140495,1.465651664,por_activo
54,2020-01-02,2020-06-30,TSLA,Tendencia,True,,26.96304783,28.20310407,30,30,93,93,25,25,24,24,66,66,38,38,36,30,2.464983146,2.461750051,1.167976602,1.114571153,2.530239067,2.550505367,por_activo
54,2020-01-02,2020-06-30,TSLA,Reversión,False,0 días < 20,,,,,,,,,,,,,,,,,,,,,,,por_activo
54,2020-01-02,2020-06-30,TSLA,Crisis,False,ningún trial con ≥ 5 operaciones,,,,,,,,,,,,,,,,,,,,,,,por_activo
54,2020-01-02,2020-06-30,META,global,True,,-1.519338562,-1.352347836,19,20,53,53,10,8,40,40,70,69,39,40,6,6,1.806348339,2.038450608,3.847740747,3.968423576,3.814115684,3.599476297,por_activo
54,2020-01-02,2020-06-30,META,Tendencia,True,,0.127949672,1.571870266,23,16,35,61,23,27,35,26,68,61,33,23,37,20,1.756591908,1.599472215,1.643142162,1.842405748,2.21596412,2.496684107,por_activo
54,2020-01-02,2020-06-30,META,Reversión,False,0 días < 20,,,,,,,,,,,,,,,,,,,,,,,por_activo
54,2020-01-02,2020-06-30,META,Crisis,False,ningún trial con ≥ 5 operaciones,,,,,,,,,,,,,,,,,,,,,,,por_activo
54,2020-01-02,2020-06-30,NFLX,global,True,,0.2065111685,0.2065111685,14,14,62,62,14,14,36,36,62,62,19,19,28,28,1.544626872,1.544626872,1.386951573,1.386951573,4.168787452,4.168787452,por_activo
54,2020-01-02,2020-06-30,NFLX,Tendencia,True,,1.754407469,1.742828106,16,14,37,38,7,7,38,38,72,71,15,15,23,23,1.547586124,1.56918818,1.196664513,1.17842204,2.296646675,2.270940703,por_activo
54,2020-01-02,2020-06-30,NFLX,Reversión,False,0 días < 20,,,,,,,,,,,,,,,,,,,,,,,por_activo
54,2020-01-02,2020-06-30,NFLX,Crisis,False,ningún trial con ≥ 5 operaciones,,,,,,,,,,,,,,,,,,,,,,,por_activo
54,2020-01-02,2020-06-30,GOOGL,global,True,,-1.511193785,-0.3090114961,26,14,21,31,8,7,37,36,62,71,39,22,28,14,2.728794987,1.731871424,1.399893064,1.536078157,3.449729901,1.313253048,por_activo
54,2020-01-02,2020-06-30,GOOGL,Tendencia,True,,3.51209364,3.849962702,12,12,64,56,10,10,22,22,62,62,12,12,36,38,2.063371506,2.138877606,1.128904907,1.065267809,3.612142612,3.704164462,por_activo
54,2020-01-02,2020-06-30,GOOGL,Reversión,False,0 días < 20,,,,,,,,,,,,,,,,,,,,,,,por_activo
54,2020-01-02,2020-06-30,GOOGL,Crisis,False,ningún trial con ≥ 5 operaciones,,,,,,,,,,,,,,,,,,,,,,,por_activo
55,2020-02-03,2020-07-31,NVDA,global,True,,4.101061487,4.289817042,16,17,78,72,26,26,34,34,62,62,16,15,29,29,1.832620561,2.122106325,1.135694503,1.091987721,5.59495798,5.382677853,por_activo
55,2020-02-03,2020-07-31,NVDA,Tendencia,True,,10.30799278,10.92528026,6,7,46,47,9,9,33,33,65,65,39,39,28,29,2.548902251,2.559497089,1.219927887,1.151240567,5.075989844,4.939389524,por_activo
55,2020-02-03,2020-07-31,NVDA,Reversión,False,0 días < 20,,,,,,,,,,,,,,,,,,,,,,,por_activo
55,2020-02-03,2020-07-31,NVDA,Crisis,False,ningún trial con ≥ 5 operaciones,,,,,,,,,,,,,,,,,,,,,,,por_activo
55,2020-02-03,2020-07-31,AMZN,global,True,,1.430472105,0.7970107404,6,6,95,97,15,17,38,39,66,66,37,38,33,33,1.833397448,1.833397448,1.824907158,1.882443204,1.380927961,1.153847391,por_activo
55,2020-02-03,2020-07-31,AMZN,Tendencia,True,,7.299002392,7.988590378,28,28,22,22,27,27,26,25,66,64,39,39,38,37,1.993567251,2.224281643,1.826253637,1.754250692,5.745339797,5.956266551,por_activo
55,2020-02-03,2020-07-31,AMZN,Reversión,False,0 días < 20,,,,,,,,,,,,,,,,,,,,,,,por_activo
55,2020-02-03,2020-07-31,AMZN,Crisis,False,ningún trial con ≥ 5 operaciones,,,,,,,,,,,,,,,,,,,,,,,por_activo
55,2020-02-03,2020-07-31,TSLA,global,True,,2.241057278,4.769238328,26,23,94,96,28,27,24,22,65,65,34,33,28,28,2.010554694,1.984998192,1.519206571,1.564887912,1.311648288,1.26685494,por_activo
55,2020-02-03,2020-07-31,TSLA,Tendencia,True,,62.75787207,63.00149323,9,11,28,28,10,10,21,21,77,78,39,40,18,18,1.775257443,1.838845462,3.303505164,3.476111215,5.32210061,5.391774317,por_activo
55,2020-02-03,2020-07-31,TSLA,Reversión,False,0 días < 20,,,,,,,,,,,,,,,,,,,,,,,por_activo
55,2020-02-03,2020-07-31,TSLA,Crisis,False,ningún trial con ≥ 5 operaciones,,,,,,,,,,,,,,,,,,,,,,,por_activo
55,2020-02-03,2020-07-31,META,global,True,,3.005900103,3.753716171,8,10,56,64,8,8,40,40,76,76,24,24,22,21,1.720877741,1.667025944,1.686099465,1.591307982,1.094567229,1.146360812,por_activo
55,2020-02-03,2020-07-31,META,Tendencia,True,,1.090802518,1.466068828,18,19,56,57,15,14,39,40,74,73,10,10,19,19,1.781143786,1.784281607,1.57817316,1.621335153,2.426838504,2.282585292,por_activo
55,2020-02-03,2020-07-31,META,Reversión,False,0 días < 20,,,,,,,,,,,,,,,,,,,,,,,por_activo
55,2020-02-03,2020-07-31,META,Crisis,False,ningún trial con ≥ 5 operaciones,,,,,,,,,,,,,,,,,,,,,,,por_activo
55,2020-02-03,2020-07-31,NFLX,global,True,,3.349676545,5.206963686,24,24,92,92,7,7,36,34,64,61,38,40,38,38,2.188154723,2.23343924,3.133733596,3.188873388,2.076067353,2.062160695,por_activo
55,2020-02-03,2020-07-31,NFLX,Tendencia,True,,5.985450086,6.674427857,16,16,24,28,18,18,40,40,70,70,18,18,36,35,1.546910812,1.539570984,1.506455697,1.366496343,5.562709246,5.763481555,por_activo
55,2020-02-03,2020-07-31,NFLX,Reversión,False,0 días < 20,,,,,,,,,,,,,,,,,,,,,,,por_activo
55,2020-02-03,2020-07-31,NFLX,Crisis,False,ningún trial con ≥ 5 operaciones,,,,,,,,,,,,,,,,,,,,,,,por_activo
55,2020-02-03,2020-07-31,GOOGL,global,True,,-1.159292224,-1.159292224,15,15,54,54,9,9,32,32,78,78,29,29,39,39,1.647814512,1.647814512,1.433903829,1.433903829,2.591591007,2.591591007,por_activo
55,2020-02-03,2020-07-31,GOOGL,Tendencia,True,,3.459194501,3.622494812,18,14,50,38,24,22,38,39,63,63,36,35,32,30,1.64569311,1.613525669,1.214187609,1.088834205,5.441077903,4.660898375,por_activo
55,2020-02-03,2020-07-31,GOOGL,Reversión,False,0 días < 20,,,,,,,,,,,,,,,,,,,,,,,por_activo
55,2020-02-03,2020-07-31,GOOGL,Crisis,False,ningún trial con ≥ 5 operaciones,,,,,,,,,,,,,,,,,,,,,,,por_activo
56,2020-03-02,2020-08-31,NVDA,global,False,,,,,,,,,,,,,,,,,,,,,,,,por_activo
56,2020-03-02,2020-08-31,NVDA,Tendencia,True,,-0.05468344928,0.7029835981,9,12,89,93,27,26,21,22,65,66,25,25,11,11,1.668185223,1.572221702,1.549655452,1.478546075,1.740530532,1.174967362,por_activo
56,2020-03-02,2020-08-31,NVDA,Reversión,False,0 días < 20,,,,,,,,,,,,,,,,,,,,,,,por_activo
56,2020-03-02,2020-08-31,NVDA,Crisis,False,ningún trial con ≥ 5 operaciones,,,,,,,,,,,,,,,,,,,,,,,por_activo
56,2020-03-02,2020-08-31,AMZN,global,True,,-0.6862538561,-0.05852641288,28,28,52,49,26,27,22,23,62,62,12,12,27,23,1.648752037,1.709362683,1.980827913,2.109299526,5.564074882,5.717012523,por_activo
56,2020-03-02,2020-08-31,AMZN,Tendencia,True,,0.4021362521,0.516012261,13,16,86,86,8,9,32,35,66,64,23,19,38,34,1.858161441,2.017964223,1.763878703,1.951759821,5.809593642,5.716869487,por_activo
56,2020-03-02,2020-08-31,AMZN,Reversión,False,0 días < 20,,,,,,,,,,,,,,,,,,,,,,,por_activo
56,2020-03-02,2020-08-31,AMZN,Crisis,False,ningún trial con ≥ 5 operaciones,,,,,,,,,,,,,,,,,,,,,,,por_activo
56,2020-03-02,2020-08-31,TSLA,global,True,,1.14994349,2.101039853,6,6,87,15,9,16,20,21,63,72,38,17,16,22,1.856093285,1.607756279,1.895180281,1.950327877,1.112240652,1.486546272,por_activo
56,2020-03-02,2020-08-31,TSLA,Tendencia,True,,12.63591035,14.36447957,28,25,28,32,27,28,30,30,68,68,37,36,36,35,2.478021804,2.44484791,1.120533178,1.037550118,5.202515789,5.538989989,por_activo
56,2020-03-02,2020-08-31,TSLA,Reversión,False,0 días < 20,,,,,,,,,,,,,,,,,,,,,,,por_activo
56,2020-03-02,2020-08-31,TSLA,Crisis,False,ningún trial con ≥ 5 operaciones,,,,,,,,,,,,,,,,,,,,,,,por_activo
56,2020-03-02,2020-08-31,META,global,True,,0.3399195193,2.22630636,28,28,43,36,14,14,23,23,63,64,27,26,37,40,1.772105924,1.802847687,1.120315256,1.082636457,1.212569241,1.232499914,por_activo
56,2020-03-02,2020-08-31,META,Tendencia,True,,3.458949081,4.154692249,8,6,72,71,12,11,37,37,73,70,11,10,38,31,1.829344232,1.653237896,2.031300882,2.32016056,5.019107618,5.089538986,por_activo
56,2020-03-02,2020-08-31,META,Reversión,False,0 días < 20,,,,,,,,,,,,,,,,,,,,,,,por_activo
56,2020-03-02,2020-08-31,META,Crisis,False,ningún trial con ≥ 5 operaciones,,,,,,,,,,,,,,,,,,,,,,,por_activo
56,2020-03-02,2020-08-31,NFLX,global,True,,1.757505187,2.547513444,23,21,85,85,8,8,38,38,67,67,22,25,19,19,1.523887235,1.526072499,1.604207342,1.568138612,3.280832658,3.213981095,por_activo
56,2020-03-02,2020-08-31,NFLX,Tendencia,True,,18.38832408,19.72673369,28,27,91,85,14,15,35,35,68,68,38,38,22,21,1.909849097,1.994850978,1.105143559,1.013834686,5.546644262,5.355837996,por_activo
56,2020-03-02,2020-08-31,NFLX,Reversión,False,0 días < 20,,,,,,,,,,,,,,,,,,,,,,,por_activo
56,2020-03-02,2020-08-31,NFLX,Crisis,False,ningún trial con ≥ 5 operaciones,,,,,,,,,,,,,,,,,,,,,,,por_activo
56,2020-03-02,2020-08-31,GOOGL,global,False,,,,,,,,,,,,,,,,,,,,,,,,por_activo
56,2020-03-02,2020-08-31,GOOGL,Tendencia,True,,1.431278593,1.30159383,11,11,87,92,8,7,39,39,61,60,12,12,17,20,2.15055274,2.186621986,3.360744146,3.276141563,5.333838457,5.375015645,por_activo
56,2020-03-02,2020-08-31,GOOGL,Reversión,False,0 días < 20,,,,,,,,,,,,,,,,,,,,,,,por_activo
56,2020-03-02,2020-08-31,GOOGL,Crisis,False,ningún trial con ≥ 5 operaciones,,,,,,,,,,,,,,,,,,,,,,,por_activo
57,2020-04-01,2020-09-30,NVDA,global,False,,,,,,,,,,,,,,,,,,,,,,,,por_activo
57,2020-04-01,2020-09-30,NVDA,Tendencia,True,,-0.02333604989,0.01072964365,15,15,93,81,13,13,23,24,69,68,11,11,25,20,1.885677796,1.765807457,1.089026297,1.058298744,5.585646108,5.585646108,por_activo
57,2020-04-01,2020-09-30,NVDA,Reversión,False,0 días < 20,,,,,,,,,,,,,,,,,,,,,,,por_activo
57,2020-04-01,2020-09-30,NVDA,Crisis,False,ningún trial con ≥ 5 operaciones,,,,,,,,,,,,,,,,,,,,,,,por_activo
57,2020-04-01,2020-09-30,AMZN,global,True,,-1.51495481,-1.50411997,12,10,41,40,8,11,36,34,61,60,14,11,20,19,1.827945194,1.836952332,2.595792007,2.66674974,4.932039689,5.056500076,por_activo
57,2020-04-01,2020-09-30,AMZN,Tendencia,True,,-0.04189255335,0.7621053248,17,16,78,26,8,9,24,21,76,70,36,38,11,7,1.838502239,1.58715733,1.346627201,1.95258908,1.843168661,2.41078588,por_activo
57,2020-04-01,2020-09-30,AMZN,Reversión,False,0 días < 20,,,,,,,,,,,,,,,,,,,,,,,por_activo
57,2020-04-01,2020-09-30,AMZN,Crisis,False,ningún trial con ≥ 5 operaciones,,,,,,,,,,,,,,,,,,,,,,,por_activo
57,2020-04-01,2020-09-30,TSLA,global,True,,0.1198430221,1.139862881,28,29,90,88,20,14,21,26,64,69,10,10,32,36,1.591970853,1.621605519,3.279702494,2.617388685,1.169844431,1.292525396,por_activo
57,2020-04-01,2020-09-30,TSLA,Tendencia,True,,1.304190116,6.572340544,18,10,26,87,8,20,38,28,70,77,24,22,7,36,2.337524079,1.731528589,2.954523233,2.09683101,1.508660531,2.783407288,por_activo
57,2020-04-01,2020-09-30,TSLA,Reversión,False,0 días < 20,,,,,,,,,,,,,,,,,,,,,,,por_activo
57,2020-04-01,2020-09-30,TSLA,Crisis,False,ningún trial con ≥ 5 operaciones,,,,,,,,,,,,,,,,,,,,,,,por_activo
57,2020-04-01,2020-09-30,META,global,True,,0.1780362329,3.995237057,28,29,70,58,13,17,25,27,61,65,11,18,7,6,1.521785985,1.720701145,3.449101349,3.133869612,5.008329504,4.106590834,por_activo
57,2020-04-01,2020-09-30,META,Tendencia,True,,16.23856809,19.00857538,26,30,74,56,8,8,36,35,77,76,24,25,8,9,2.26354704,2.581112197,2.09815854,2.050683882,3.239169233,3.239169233,por_activo
57,2020-04-01,2020-09-30,META,Reversión,False,0 días < 20,,,,,,,,,,,,,,,,,,,,,,,por_activo
57,2020-04-01,2020-09-30,META,Crisis,False,ningún trial con ≥ 5 operaciones,,,,,,,,,,,,,,,,,,,,,,,por_activo
57,2020-04-01,2020-09-30,NFLX,global,False,,,,,,,,,,,,,,,,,,,,,,,,por_activo
57,2020-04-01,2020-09-30,NFLX,Tendencia,True,,9.839349244,10.04392942,9,11,32,32,18,17,35,35,65,66,26,27,15,14,1.605748303,1.535414094,1.253324729,1.150981184,2.106380522,2.065842553,por_activo
57,2020-04-01,2020-09-30,NFLX,Reversión,False,0 días < 20,,,,,,,,,,,,,,,,,,,,,,,por_activo
57,2020-04-01,2020-09-30,NFLX,Crisis,False,ningún trial con ≥ 5 operaciones,,,,,,,,,,,,,,,,,,,,,,,por_activo
57,2020-04-01,2020-09-30,GOOGL,global,True,,-0.6680721611,0.7042960081,29,28,36,39,10,10,27,26,69,68,15,13,30,33,1.572538114,1.6560735,1.51092726,1.167363828,3.49256518,3.745956993,por_activo
57,2020-04-01,2020-09-30,GOOGL,Tendencia,True,,5.4178236,9.224813509,14,13,16,12,17,17,38,38,64,64,21,20,13,11,1.738047869,1.894836802,1.576140454,1.469743007,1.997168345,2.202804421,por_activo
57,2020-04-01,2020-09-30,GOOGL,Reversión,False,0 días < 20,,,,,,,,,,,,,,,,,,,,,,,por_activo
57,2020-04-01,2020-09-30,GOOGL,Crisis,False,ningún trial con ≥ 5 operaciones,,,,,,,,,,,,,,,,,,,,,,,por_activo
58,2020-05-01,2020-10-30,NVDA,global,True,,-1.142460554,-0.8423092176,10,10,18,25,19,19,23,23,62,62,17,19,14,14,1.685218656,1.703118443,1.494585096,1.197734774,4.403025248,4.243069315,por_activo
58,2020-05-01,2020-10-30,NVDA,Tendencia,True,,2.631117257,3.806094223,5,5,41,48,17,18,26,24,62,62,28,30,18,18,2.018366464,2.008581474,1.397255441,1.052137932,1.212741547,1.233621939,por_activo
58,2020-05-01,2020-10-30,NVDA,Reversión,False,0 días < 20,,,,,,,,,,,,,,,,,,,,,,,por_activo
58,2020-05-01,2020-10-30,NVDA,Crisis,False,ningún trial con ≥ 5 operaciones,,,,,,,,,,,,,,,,,,,,,,,por_activo
58,2020-05-01,2020-10-30,AMZN,global,True,,-0.39356046,0.2060668336,29,28,16,17,12,13,36,35,60,60,38,35,20,17,1.608440299,1.757087295,1.615875529,1.746337314,1.433689516,1.386183645,por_activo
58,2020-05-01,2020-10-30,AMZN,Tendencia,True,,-1.127240935,-0.4147637435,5,5,95,95,9,9,37,35,66,66,25,25,35,35,1.649945287,1.693840078,1.217026915,1.255137938,1.197638291,1.045114838,por_activo
58,2020-05-01,2020-10-30,AMZN,Reversión,False,0 días < 20,,,,,,,,,,,,,,,,,,,,,,,por_activo
58,2020-05-01,2020-10-30,AMZN,Crisis,False,ningún trial con ≥ 5 operaciones,,,,,,,,,,,,,,,,,,,,,,,por_activo
58,2020-05-01,2020-10-30,TSLA,global,True,,-0.04132872253,1.280449341,11,13,18,16,11,12,20,20,77,78,37,39,10,9,1.746642891,1.761700434,2.03723869,1.973598857,1.125186863,1.169291597,por_activo
58,2020-05-01,2020-10-30,TSLA,Tendencia,True,,6.415029957,7.122932405,6,6,82,81,28,27,21,22,68,67,10,10,38,34,1.726447269,1.678276969,2.962910695,2.676317827,4.746871329,5.151121381,por_activo
58,2020-05-01,2020-10-30,TSLA,Reversión,False,0 días < 20,,,,,,,,,,,,,,,,,,,,,,,por_activo
58,2020-05-01,2020-10-30,TSLA,Crisis,False,ningún trial con ≥ 5 operaciones,,,,,,,,,,,,,,,,,,,,,,,por_activo
58,2020-05-01,2020-10-30,META,global,False,,,,,,,,,,,,,,,,,,,,,,,,por_activo
58,2020-05-01,2020-10-30,META,Tendencia,True,,1.375149601,1.72118287,27,27,39,48,16,16,39,40,60,60,12,14,13,8,1.921041237,1.833491427,1.056244149,1.809891763,2.69130056,2.69130056,por_activo
58,2020-05-01,2020-10-30,META,Reversión,False,0 días < 20,,,,,,,,,,,,,,,,,,,,,,,por_activo
58,2020-05-01,2020-10-30,META,Crisis,False,ningún trial con ≥ 5 operaciones,,,,,,,,,,,,,,,,,,,,,,,por_activo
58,2020-05-01,2020-10-30,NFLX,global,False,,,,,,,,,,,,,,,,,,,,,,,,por_activo
58,2020-05-01,2020-10-30,NFLX,Tendencia,True,,3.11395155,3.996692373,10,10,13,15,24,24,38,38,62,62,19,18,17,18,1.662758926,1.651769927,3.333191572,3.220107464,2.021548198,2.181687589,por_activo
58,2020-05-01,2020-10-30,NFLX,Reversión,False,0 días < 20,,,,,,,,,,,,,,,,,,,,,,,por_activo
58,2020-05-01,2020-10-30,NFLX,Crisis,False,ningún trial con ≥ 5 operaciones,,,,,,,,,,,,,,,,,,,,,,,por_activo
58,2020-05-01,2020-10-30,GOOGL,global,True,,3.555144323,3.555144323,23,23,61,61,12,12,38,38,62,62,25,25,10,10,1.678951075,1.678951075,1.388652325,1.388652325,4.873046688,4.873046688,por_activo
58,2020-05-01,2020-10-30,GOOGL,Tendencia,True,,-0.8542486523,-0.8542486523,22,22,66,66,7,7,40,40,63,63,25,25,26,26,1.802020963,1.802020963,3.046703732,3.046703732,4.117068432,4.117068432,por_activo
58,2020-05-01,2020-10-30,GOOGL,Reversión,False,0 días < 20,,,,,,,,,,,,,,,,,,,,,,,por_activo
58,2020-05-01,2020-10-30,GOOGL,Crisis,False,ningún trial con ≥ 5 operaciones,,,,,,,,,,,,,,,,,,,,,,,por_activo
59,2020-06-01,2020-11-30,NVDA,global,True,,1.622342221,1.795042265,20,20,87,87,9,11,22,21,65,65,27,27,36,35,1.628979108,1.603668813,1.220400945,1.157032287,5.565433588,5.682240828,por_activo
59,2020-06-01,2020-11-30,NVDA,Tendencia,True,,1.93413464,2.129318397,18,17,30,33,8,7,38,38,66,64,37,35,37,40,1.630394917,1.643919035,1.124541687,1.075001428,1.349705837,1.336072066,por_activo
59,2020-06-01,2020-11-30,NVDA,Reversión,False,9 días < 20,,,,,,,,,,,,,,,,,,,,,,,por_activo
59,2020-06-01,2020-11-30,NVDA,Crisis,False,ningún trial con ≥ 5 operaciones,,,,,,,,,,,,,,,,,,,,,,,por_activo
59,2020-06-01,2020-11-30,AMZN,global,True,,7.353753163,3.91013281,8,8,95,82,9,10,21,22,62,64,28,29,38,36,1.668482706,1.696423446,1.705054618,1.461963498,2.14292078,2.090647867,por_activo
59,2020-06-01,2020-11-30,AMZN,Tendencia,True,,-0.3536889173,-0.0909094537,26,26,64,59,18,18,38,39,62,62,38,40,19,18,1.696639644,1.933237778,1.125882051,1.101769069,5.570032746,5.172149342,por_activo
59,2020-06-01,2020-11-30,AMZN,Reversión,False,9 días < 20,,,,,,,,,,,,,,,,,,,,,,,por_activo
59,2020-06-01,2020-11-30,AMZN,Crisis,False,ningún trial con ≥ 5 operaciones,,,,,,,,,,,,,,,,,,,,,,,por_activo
59,2020-06-01,2020-11-30,TSLA,global,True,,15.95046848,18.09549485,9,7,46,48,9,9,35,36,80,80,10,10,8,8,1.730533023,1.744678699,1.971386833,1.971755886,1.898064692,2.815945462,por_activo
59,2020-06-01,2020-11-30,TSLA,Tendencia,True,,6.060306445,8.356685955,18,23,26,79,8,18,38,26,64,74,38,12,8,14,2.245838465,1.587531939,3.475756092,2.024538822,5.30198206,4.61023827,por_activo
59,2020-06-01,2020-11-30,TSLA,Reversión,False,9 días < 20,,,,,,,,,,,,,,,,,,,,,,,por_activo
59,2020-06-01,2020-11-30,TSLA,Crisis,False,ningún trial con ≥ 5 operaciones,,,,,,,,,,,,,,,,,,,,,,,por_activo
59,2020-06-01,2020-11-30,META,global,False,,,,,,,,,,,,,,,,,,,,,,,,por_activo
59,2020-06-01,2020-11-30,META,Tendencia,True,,3.056581395,3.77655832,19,22,66,66,9,8,38,36,73,73,40,37,35,35,1.579176025,1.579176025,1.084135299,1.003862651,5.65672105,5.025000435,por_activo
59,2020-06-01,2020-11-30,META,Reversión,False,9 días < 20,,,,,,,,,,,,,,,,,,,,,,,por_activo
59,2020-06-01,2020-11-30,META,Crisis,False,ningún trial con ≥ 5 operaciones,,,,,,,,,,,,,,,,,,,,,,,por_activo
59,2020-06-01,2020-11-30,NFLX,global,False,,,,,,,,,,,,,,,,,,,,,,,,por_activo
59,2020-06-01,2020-11-30,NFLX,Tendencia,True,,6.45471745,13.4830324,22,11,86,43,12,8,27,22,61,64,28,11,34,15,1.623520274,1.869144356,1.585623067,1.980415737,1.110879566,4.044610836,por_activo
59,2020-06-01,2020-11-30,NFLX,Reversión,False,9 días < 20,,,,,,,,,,,,,,,,,,,,,,,por_activo
59,2020-06-01,2020-11-30,NFLX,Crisis,False,ningún trial con ≥ 5 operaciones,,,,,,,,,,,,,,,,,,,,,,,por_activo
59,2020-06-01,2020-11-30,GOOGL,global,True,,11.50788659,15.52042937,14,15,90,97,8,8,21,21,70,71,13,13,17,18,1.625023542,1.724033734,2.344395543,2.260656458,5.107272179,4.918588564,por_activo
59,2020-06-01,2020-11-30,GOOGL,Tendencia,True,,2.736684322,3.099739945,7,11,60,67,11,9,35,35,62,61,38,38,10,18,2.127158947,2.076765337,1.211510784,1.045232941,5.783191657,5.765735986,por_activo
59,2020-06-01,2020-11-30,GOOGL,Reversión,False,9 días < 20,,,,,,,,,,,,,,,,,,,,,,,por_activo
59,2020-06-01,2020-11-30,GOOGL,Crisis,False,ningún trial con ≥ 5 operaciones,,,,,,,,,,,,,,,,,,,,,,,por_activo
60,2020-07-01,2020-12-31,NVDA,global,True,,0.06101834249,1.329414933,6,6,15,17,8,9,39,36,64,62,27,27,37,38,1.697172222,1.775930367,2.247874857,2.132908937,1.281073541,1.078024199,por_activo
60,2020-07-01,2020-12-31,NVDA,Tendencia,True,,3.087698686,3.248627107,28,28,26,27,10,11,29,29,71,73,35,33,31,29,2.079651735,2.051897821,1.905042824,1.823913729,1.216319944,1.216319944,por_activo
60,2020-07-01,2020-12-31,NVDA,Reversión,False,ningún trial con ≥ 5 operaciones,,,,,,,,,,,,,,,,,,,,,,,por_activo
60,2020-07-01,2020-12-31,NVDA,Crisis,False,ningún trial con ≥ 5 operaciones,,,,,,,,,,,,,,,,,,,,,,,por_activo
60,2020-07-01,2020-12-31,AMZN,global,False,,,,,,,,,,,,,,,,,,,,,,,,por_activo
60,2020-07-01,2020-12-31,AMZN,Tendencia,True,,-0.643614512,-0.5486468371,19,19,92,97,7,7,21,21,62,63,22,25,30,29,1.860122857,1.993638692,1.156646371,1.149312956,2.831717043,3.135655978,por_activo
60,2020-07-01,2020-12-31,AMZN,Reversión,False,ningún trial con ≥ 5 operaciones,,,,,,,,,,,,,,,,,,,,,,,por_activo
60,2020-07-01,2020-12-31,AMZN,Crisis,False,ningún trial con ≥ 5 operaciones,,,,,,,,,,,,,,,,,,,,,,,por_activo
60,2020-07-01,2020-12-31,TSLA,global,True,,1.099398247,0.6010740392,12,12,32,43,7,7,31,31,78,79,24,23,37,36,1.895055115,1.872562361,3.054603793,3.07736363,1.349067208,1.407304974,por_activo
60,2020-07-01,2020-12-31,TSLA,Tendencia,True,,17.68491284,17.39911939,18,16,91,86,22,21,39,39,72,72,10,10,24,26,1.734282023,1.789599245,3.091444352,3.03399152,2.72892169,2.674979865,por_activo
60,2020-07-01,2020-12-31,TSLA,Reversión,True,,0.008038339508,0.01121467799,14,16,19,19,16,15,24,24,64,64,34,37,7,6,1.622291561,1.738024394,1.451548012,1.451548012,1.892587081,1.894419367,por_activo
60,2020-07-01,2020-12-31,TSLA,Crisis,False,ningún trial con ≥ 5 operaciones,,,,,,,,,,,,,,,,,,,,,,,por_activo
60,2020-07-01,2020-12-31,META,global,True,,4.105537108,3.625492286,9,10,56,56,10,9,36,34,63,63,15,17,7,7,1.659036413,1.688569874,1.724018052,1.317934832,5.1282707,5.501666557,por_activo
60,2020-07-01,2020-12-31,META,Tendencia,True,,2.274809515,5.193909731,14,15,26,34,9,9,40,40,64,64,40,40,40,40,2.938713317,2.9986772,1.213828078,1.301424498,5.525838816,5.858165514,por_activo
60,2020-07-01,2020-12-31,META,Reversión,False,ningún trial con ≥ 5 operaciones,,,,,,,,,,,,,,,,,,,,,,,por_activo
60,2020-07-01,2020-12-31,META,Crisis,False,ningún trial con ≥ 5 operaciones,,,,,,,,,,,,,,,,,,,,,,,por_activo
60,2020-07-01,2020-12-31,NFLX,global,False,,,,,,,,,,,,,,,,,,,,,,,,por_activo
60,2020-07-01,2020-12-31,NFLX,Tendencia,True,,20.97352469,22.72319259,23,22,26,36,8,7,21,21,65,64,11,11,16,16,1.631466741,1.717587831,1.396691019,1.368951337,5.332227666,5.846874967,por_activo
60,2020-07-01,2020-12-31,NFLX,Reversión,False,ningún trial con ≥ 5 operaciones,,,,,,,,,,,,,,,,,,,,,,,por_activo
60,2020-07-01,2020-12-31,NFLX,Crisis,False,ningún trial con ≥ 5 operaciones,,,,,,,,,,,,,,,,,,,,,,,por_activo
60,2020-07-01,2020-12-31,GOOGL,global,False,,,,,,,,,,,,,,,,,,,,,,,,por_activo
60,2020-07-01,2020-12-31,GOOGL,Tendencia,True,,1.965573311,2.215064459,7,8,98,71,8,11,26,29,70,68,36,36,8,13,1.807010747,2.043174042,1.090109425,1.08602635,1.556401415,1.616837954,por_activo
60,2020-07-01,2020-12-31,GOOGL,Reversión,False,ningún trial con ≥ 5 operaciones,,,,,,,,,,,,,,,,,,,,,,,por_activo
60,2020-07-01,2020-12-31,GOOGL,Crisis,False,ningún trial con ≥ 5 operaciones,,,,,,,,,,,,,,,,,,,,,,,por_activo
61,2020-08-03,2021-01-29,NVDA,global,True,,5.458020405,5.889108896,22,23,56,58,9,9,36,35,62,62,38,40,17,16,1.741683502,1.743992198,1.240008693,1.20355578,5.126334297,4.899236819,por_activo
61,2020-08-03,2021-01-29,NVDA,Tendencia,True,,0.2413455544,6.5426802,22,21,87,82,9,10,30,33,61,60,37,34,37,5,1.898306021,2.170998059,2.8749744,2.118966095,5.870395826,2.31755649,por_activo
61,2020-08-03,2021-01-29,NVDA,Reversión,False,ningún trial con ≥ 5 operaciones,,,,,,,,,,,,,,,,,,,,,,,por_activo
61,2020-08-03,2021-01-29,NVDA,Crisis,False,ningún trial con ≥ 5 operaciones,,,,,,,,,,,,,,,,,,,,,,,por_activo
61,2020-08-03,2021-01-29,AMZN,global,False,,,,,,,,,,,,,,,,,,,,,,,,por_activo
61,2020-08-03,2021-01-29,AMZN,Tendencia,False,ningún trial con ≥ 5 operaciones,,,,,,,,,,,,,,,,,,,,,,,por_activo
61,2020-08-03,2021-01-29,AMZN,Reversión,False,ningún trial con ≥ 5 operaciones,,,,,,,,,,,,,,,,,,,,,,,por_activo
61,2020-08-03,2021-01-29,AMZN,Crisis,False,ningún trial con ≥ 5 operaciones,,,,,,,,,,,,,,,,,,,,,,,por_activo
61,2020-08-03,2021-01-29,TSLA,global,True,,10.77676537,10.49824792,10,12,92,96,8,8,40,39,69,69,38,39,37,37,2.426817388,2.518254084,1.324045598,1.324045598,5.073867869,4.772053088,por_activo
61,2020-08-03,2021-01-29,TSLA,Tendencia,True,,0.5167729821,9.246070726,17,17,24,43,8,8,39,39,62,75,38,34,8,6,1.704669314,2.552317144,1.414597184,1.656155334,1.291752078,4.925911438,por_activo
61,2020-08-03,2021-01-29,TSLA,Reversión,False,ningún trial con ≥ 5 operaciones,,,,,,,,,,,,,,,,,,,,,,,por_activo
61,2020-08-03,2021-01-29,TSLA,Crisis,False,ningún trial con ≥ 5 operaciones,,,,,,,,,,,,,,,,,,,,,,,por_activo
61,2020-08-03,2021-01-29,META,global,False,,,,,,,,,,,,,,,,,,,,,,,,por_activo
61,2020-08-03,2021-01-29,META,Tendencia,True,,-1.179201533,0.5944364121,26,27,35,86,19,19,24,31,62,65,25,25,32,32,1.952876964,1.774012267,1.417122236,1.845812821,2.790607128,4.189852086,por_activo
61,2020-08-03,2021-01-29,META,Reversión,False,ningún trial con ≥ 5 operaciones,,,,,,,,,,,,,,,,,,,,,,,por_activo
61,2020-08-03,2021-01-29,META,Crisis,False,ningún trial con ≥ 5 operaciones,,,,,,,,,,,,,,,,,,,,,,,por_activo
61,2020-08-03,2021-01-29,NFLX,global,False,,,,,,,,,,,,,,,,,,,,,,,,por_activo
61,2020-08-03,2021-01-29,NFLX,Tendencia,True,,37.78262865,46.07605435,7,8,91,79,8,10,36,34,64,64,36,24,23,18,1.660306927,1.677006048,3.674134186,2.714982354,3.419079692,1.029114374,por_activo
61,2020-08-03,2021-01-29,NFLX,Reversión,False,ningún trial con ≥ 5 operaciones,,,,,,,,,,,,,,,,,,,,,,,por_activo
61,2020-08-03,2021-01-29,NFLX,Crisis,False,ningún trial con ≥ 5 operaciones,,,,,,,,,,,,,,,,,,,,,,,por_activo
61,2020-08-03,2021-01-29,GOOGL,global,False,,,,,,,,,,,,,,,,,,,,,,,,por_activo
61,2020-08-03,2021-01-29,GOOGL,Tendencia,True,,3.180028087,5.203382202,10,18,84,11,10,9,32,40,72,77,17,13,6,20,1.605263909,1.893638968,1.548943796,1.475746249,3.870911902,3.876571443,por_activo
61,2020-08-03,2021-01-29,GOOGL,Reversión,False,ningún trial con ≥ 5 operaciones,,,,,,,,,,,,,,,,,,,,,,,por_activo
61,2020-08-03,2021-01-29,GOOGL,Crisis,False,ningún trial con ≥ 5 operaciones,,,,,,,,,,,,,,,,,,,,,,,por_activo
62,2020-09-01,2021-02-26,NVDA,global,False,,,,,,,,,,,,,,,,,,,,,,,,por_activo
62,2020-09-01,2021-02-26,NVDA,Tendencia,True,,18.51849694,17.54056749,6,8,93,96,7,8,40,40,62,63,28,34,21,22,2.17775604,1.997775798,1.401670174,1.401670174,2.200996737,1.892901678,por_activo
62,2020-09-01,2021-02-26,NVDA,Reversión,False,ningún trial con ≥ 5 operaciones,,,,,,,,,,,,,,,,,,,,,,,por_activo
62,2020-09-01,2021-02-26,NVDA,Crisis,False,ningún trial con ≥ 5 operaciones,,,,,,,,,,,,,,,,,,,,,,,por_activo
62,2020-09-01,2021-02-26,AMZN,global,False,,,,,,,,,,,,,,,,,,,,,,,,por_activo
62,2020-09-01,2021-02-26,AMZN,Tendencia,True,,4.478749241,5.93782719,18,11,20,89,26,7,38,36,65,65,20,38,22,22,1.565394841,1.53542785,1.670211,3.312789564,4.349197115,5.377962729,por_activo
62,2020-09-01,2021-02-26,AMZN,Reversión,False,ningún trial con ≥ 5 operaciones,,,,,,,,,,,,,,,,,,,,,,,por_activo
62,2020-09-01,2021-02-26,AMZN,Crisis,False,ningún trial con ≥ 5 operaciones,,,,,,,,,,,,,,,,,,,,,,,por_activo
62,2020-09-01,2021-02-26,TSLA,global,True,,5.100896106,12.52825636,7,6,74,75,10,12,24,25,76,77,14,14,37,37,1.556073821,1.547551281,1.833092479,1.775702214,1.633455496,1.459995719,por_activo
62,2020-09-01,2021-02-26,TSLA,Tendencia,True,,3.35727714,6.323548834,10,8,20,23,7,7,30,33,62,63,26,25,36,35,1.613356412,1.578367628,3.303933425,3.334816863,5.696873488,5.742079248,por_activo
62,2020-09-01,2021-02-26,TSLA,Reversión,True,,0.3727635785,0.6660729127,26,24,30,30,7,7,38,38,68,70,19,21,39,40,1.543255598,1.635991362,1.547065108,1.480555616,1.695125077,1.860307811,por_activo
62,2020-09-01,2021-02-26,TSLA,Crisis,False,ningún trial con ≥ 5 operaciones,,,,,,,,,,,,,,,,,,,,,,,por_activo
62,2020-09-01,2021-02-26,META,global,False,,,,,,,,,,,,,,,,,,,,,,,,por_activo
62,2020-09-01,2021-02-26,META,Tendencia,True,,10.83885706,11.57605991,9,6,16,12,8,8,32,32,76,75,21,21,6,6,1.617443272,1.617443272,1.079886601,1.007307471,4.281136519,4.377160683,por_activo
62,2020-09-01,2021-02-26,META,Reversión,False,ningún trial con ≥ 5 operaciones,,,,,,,,,,,,,,,,,,,,,,,por_activo
62,2020-09-01,2021-02-26,META,Crisis,False,ningún trial con ≥ 5 operaciones,,,,,,,,,,,,,,,,,,,,,,,por_activo
62,2020-09-01,2021-02-26,NFLX,global,False,,,,,,,,,,,,,,,,,,,,,,,,por_activo
62,2020-09-01,2021-02-26,NFLX,Tendencia,True,,5.868540027,5.868540027,11,11,79,79,8,8,40,40,63,63,27,27,10,10,2.027045542,2.027045542,1.362696706,1.362696706,3.899375414,3.899375414,por_activo
62,2020-09-01,2021-02-26,NFLX,Reversión,False,ningún trial con ≥ 5 operaciones,,,,,,,,,,,,,,,,,,,,,,,por_activo
62,2020-09-01,2021-02-26,NFLX,Crisis,False,ningún trial con ≥ 5 operaciones,,,,,,,,,,,,,,,,,,,,,,,por_activo
62,2020-09-01,2021-02-26,GOOGL,global,True,,3.128287976,3.128287976,22,22,85,85,9,9,28,28,73,73,13,13,22,22,1.683283374,1.683283374,3.188781202,3.188781202,4.990181683,4.990181683,por_activo
62,2020-09-01,2021-02-26,GOOGL,Tendencia,True,,1.025295855,7.099917303,22,22,22,18,8,11,38,40,78,75,39,39,36,32,1.636780393,1.614101522,1.2776418,1.056135216,5.133159775,5.38977379,por_activo
62,2020-09-01,2021-02-26,GOOGL,Reversión,False,ningún trial con ≥ 5 operaciones,,,,,,,,,,,,,,,,,,,,,,,por_activo
62,2020-09-01,2021-02-26,GOOGL,Crisis,False,ningún trial con ≥ 5 operaciones,,,,,,,,,,,,,,,,,,,,,,,por_activo
63,2020-10-01,2021-03-31,NVDA,global,True,,8.713863584,14.72195568,7,7,86,89,9,9,24,24,60,60,20,20,10,11,1.61655469,1.652644489,1.253436922,1.262709302,3.710329915,3.299595867,por_activo
63,2020-10-01,2021-03-31,NVDA,Tendencia,True,,4.702422244,5.929669613,5,6,93,90,8,8,40,32,62,60,26,22,21,31,1.992376748,1.996196725,2.892906706,3.103564128,1.895126842,2.082151481,por_activo
63,2020-10-01,2021-03-31,NVDA,Reversión,False,ningún trial con ≥ 5 operaciones,,,,,,,,,,,,,,,,,,,,,,,por_activo
63,2020-10-01,2021-03-31,NVDA,Crisis,False,ningún trial con ≥ 5 operaciones,,,,,,,,,,,,,,,,,,,,,,,por_activo
63,2020-10-01,2021-03-31,AMZN,global,True,,3.487164375,3.487164375,29,29,89,89,8,8,40,40,66,66,36,36,24,24,1.685928772,1.685928772,1.071589874,1.071589874,3.351187978,3.351187978,por_activo
63,2020-10-01,2021-03-31,AMZN,Tendencia,False,ningún trial con ≥ 5 operaciones,,,,,,,,,,,,,,,,,,,,,,,por_activo
63,2020-10-01,2021-03-31,AMZN,Reversión,False,ningún trial con ≥ 5 operaciones,,,,,,,,,,,,,,,,,,,,,,,por_activo
63,2020-10-01,2021-03-31,AMZN,Crisis,False,ningún trial con ≥ 5 operaciones,,,,,,,,,,,,,,,,,,,,,,,por_activo
63,2020-10-01,2021-03-31,TSLA,global,True,,0.9423590359,1.478441806,19,16,14,28,10,10,30,32,80,79,27,27,23,35,1.827338118,1.939480614,1.389173872,1.52280823,1.472652776,1.76228307,por_activo
63,2020-10-01,2021-03-31,TSLA,Tendencia,True,,1.751322506,2.657718943,21,21,24,19,12,12,31,29,77,78,13,12,6,7,1.796562609,1.796562609,2.115264262,2.049832423,2.29243605,2.174279512,por_activo
63,2020-10-01,2021-03-31,TSLA,Reversión,True,,0.3619653778,1.814568907,12,15,76,80,9,13,38,40,74,73,30,31,10,9,1.962194856,2.044908803,1.513843864,1.934474963,1.67114604,1.252216241,por_activo
63,2020-10-01,2021-03-31,TSLA,Crisis,False,ningún trial con ≥ 5 operaciones,,,,,,,,,,,,,,,,,,,,,,,por_activo
63,2020-10-01,2021-03-31,META,global,False,,,,,,,,,,,,,,,,,,,,,,,,por_activo
63,2020-10-01,2021-03-31,META,Tendencia,True,,1.849300492,2.261045392,10,10,92,94,9,9,32,32,60,60,11,11,10,6,1.708509108,1.707241485,2.299271059,2.302531607,5.207841244,5.233493738,por_activo
63,2020-10-01,2021-03-31,META,Reversión,False,ningún trial con ≥ 5 operaciones,,,,,,,,,,,,,,,,,,,,,,,por_activo
63,2020-10-01,2021-03-31,META,Crisis,False,ningún trial con ≥ 5 operaciones,,,,,,,,,,,,,,,,,,,,,,,por_activo
63,2020-10-01,2021-03-31,NFLX,global,False,,,,,,,,,,,,,,,,,,,,,,,,por_activo
63,2020-10-01,2021-03-31,NFLX,Tendencia,True,,5.022150369,5.574186645,24,5,29,33,9,15,37,37,62,62,27,12,36,28,2.666743172,1.522877985,1.103524327,2.314612652,3.613430519,3.181256898,por_activo
63,2020-10-01,2021-03-31,NFLX,Reversión,False,ningún trial con ≥ 5 operaciones,,,,,,,,,,,,,,,,,,,,,,,por_activo
63,2020-10-01,2021-03-31,NFLX,Crisis,False,ningún trial con ≥ 5 operaciones,,,,,,,,,,,,,,,,,,,,,,,por_activo
63,2020-10-01,2021-03-31,GOOGL,global,False,,,,,,,,,,,,,,,,,,,,,,,,por_activo
63,2020-10-01,2021-03-31,GOOGL,Tendencia,False,ningún trial con ≥ 5 operaciones,,,,,,,,,,,,,,,,,,,,,,,por_activo
63,2020-10-01,2021-03-31,GOOGL,Reversión,False,ningún trial con ≥ 5 operaciones,,,,,,,,,,,,,,,,,,,,,,,por_activo
63,2020-10-01,2021-03-31,GOOGL,Crisis,False,ningún trial con ≥ 5 operaciones,,,,,,,,,,,,,,,,,,,,,,,por_activo
64,2020-11-02,2021-04-30,NVDA,global,True,,-0.1386463307,-0.1386463307,10,10,84,84,8,8,36,36,72,72,27,27,6,6,2.223669774,2.223669774,1.582519663,1.582519663,5.337230612,5.337230612,por_activo
64,2020-11-02,2021-04-30,NVDA,Tendencia,True,,2.754221506,3.095818013,18,18,45,46,7,7,27,27,78,78,26,26,26,28,1.617690338,1.643804754,1.237960507,1.167735988,2.625947817,2.62914199,por_activo
64,2020-11-02,2021-04-30,NVDA,Reversión,False,ningún trial con ≥ 5 operaciones,,,,,,,,,,,,,,,,,,,,,,,por_activo
64,2020-11-02,2021-04-30,NVDA,Crisis,False,0 días < 20,,,,,,,,,,,,,,,,,,,,,,,por_activo
64,2020-11-02,2021-04-30,AMZN,global,False,,,,,,,,,,,,,,,,,,,,,,,,por_activo
64,2020-11-02,2021-04-30,AMZN,Tendencia,True,,-0.7976510586,-0.7976510586,5,5,50,50,7,7,28,28,70,70,27,27,30,30,1.88406062,1.88406062,1.178119543,1.178119543,5.060750455,5.060750455,por_activo
64,2020-11-02,2021-04-30,AMZN,Reversión,True,,1.886651192,1.886651192,24,23,79,78,8,8,40,40,66,66,30,33,5,5,1.54498612,1.578404997,3.528490628,3.456342563,4.541220036,4.11171448,por_activo
64,2020-11-02,2021-04-30,AMZN,Crisis,False,0 días < 20,,,,,,,,,,,,,,,,,,,,,,,por_activo
64,2020-11-02,2021-04-30,TSLA,global,True,,-0.4045762884,0.8361583988,27,21,29,30,20,20,23,20,67,72,23,24,6,6,1.573727819,1.573727819,2.728923153,2.520306841,1.720323529,1.580162266,por_activo
64,2020-11-02,2021-04-30,TSLA,Tendencia,True,,4.505091131,5.841649868,10,11,33,23,8,8,23,23,71,71,37,40,5,5,1.549303505,1.540208578,1.869833283,1.976671382,1.143774345,1.404120797,por_activo
64,2020-11-02,2021-04-30,TSLA,Reversión,True,,2.546579844,8.735046833,18,18,96,99,7,7,40,40,72,73,27,25,15,18,1.84305135,1.778724476,1.26820772,1.446633103,1.770875076,1.848309075,por_activo
64,2020-11-02,2021-04-30,TSLA,Crisis,False,0 días < 20,,,,,,,,,,,,,,,,,,,,,,,por_activo
64,2020-11-02,2021-04-30,META,global,True,,2.715795465,10.53700321,14,15,83,89,8,7,30,31,61,60,10,10,30,31,1.678181408,1.743673045,2.07358752,2.092664997,1.707915668,1.328725228,por_activo
64,2020-11-02,2021-04-30,META,Tendencia,True,,0.9274061838,3.676226344,6,6,94,91,8,8,38,39,67,67,13,13,8,9,1.574168118,1.569624634,1.52304867,1.416874299,1.548842644,1.230185563,por_activo
64,2020-11-02,2021-04-30,META,Reversión,False,ningún trial con ≥ 5 operaciones,,,,,,,,,,,,,,,,,,,,,,,por_activo
64,2020-11-02,2021-04-30,META,Crisis,False,0 días < 20,,,,,,,,,,,,,,,,,,,,,,,por_activo
64,2020-11-02,2021-04-30,NFLX,global,False,,,,,,,,,,,,,,,,,,,,,,,,por_activo
64,2020-11-02,2021-04-30,NFLX,Tendencia,True,,14.51873034,17.21638171,19,19,55,49,10,10,30,29,62,60,12,10,34,34,1.556625895,1.536217704,1.885203476,1.840340823,1.232499238,1.232499238,por_activo
64,2020-11-02,2021-04-30,NFLX,Reversión,False,ningún trial con ≥ 5 operaciones,,,,,,,,,,,,,,,,,,,,,,,por_activo
64,2020-11-02,2021-04-30,NFLX,Crisis,False,0 días < 20,,,,,,,,,,,,,,,,,,,,,,,por_activo
64,2020-11-02,2021-04-30,GOOGL,global,False,,,,,,,,,,,,,,,,,,,,,,,,por_activo
64,2020-11-02,2021-04-30,GOOGL,Tendencia,False,ningún trial con ≥ 5 operaciones,,,,,,,,,,,,,,,,,,,,,,,por_activo
64,2020-11-02,2021-04-30,GOOGL,Reversión,False,ningún trial con ≥ 5 operaciones,,,,,,,,,,,,,,,,,,,,,,,por_activo
64,2020-11-02,2021-04-30,GOOGL,Crisis,False,0 días < 20,,,,,,,,,,,,,,,,,,,,,,,por_activo
65,2020-12-01,2021-05-28,NVDA,global,True,,7.281972636,7.281972636,28,28,97,98,7,7,39,40,79,80,30,30,7,7,2.241246876,2.238667693,1.717355145,1.717355145,2.044851368,2.044851368,por_activo
65,2020-12-01,2021-05-28,NVDA,Tendencia,True,,14.52902043,14.8991757,7,12,83,61,10,9,33,27,67,70,34,32,39,40,1.795376767,1.914943675,1.489381545,1.429174078,5.162272413,5.231922,por_activo
65,2020-12-01,2021-05-28,NVDA,Reversión,False,ningún trial con ≥ 5 operaciones,,,,,,,,,,,,,,,,,,,,,,,por_activo
65,2020-12-01,2021-05-28,NVDA,Crisis,False,11 días < 20,,,,,,,,,,,,,,,,,,,,,,,por_activo
65,2020-12-01,2021-05-28,AMZN,global,False,,,,,,,,,,,,,,,,,,,,,,,,por_activo
65,2020-12-01,2021-05-28,AMZN,Tendencia,False,ningún trial con ≥ 5 operaciones,,,,,,,,,,,,,,,,,,,,,,,por_activo
65,2020-12-01,2021-05-28,AMZN,Reversión,False,ningún trial con ≥ 5 operaciones,,,,,,,,,,,,,,,,,,,,,,,por_activo
65,2020-12-01,2021-05-28,AMZN,Crisis,False,11 días < 20,,,,,,,,,,,,,,,,,,,,,,,por_activo
65,2020-12-01,2021-05-28,TSLA,global,True,,-0.6695731728,-0.6358856475,23,23,86,99,12,13,39,36,61,63,12,13,33,33,1.924257963,1.884834734,1.875275134,1.825995171,5.880130189,5.887427494,por_activo
65,2020-12-01,2021-05-28,TSLA,Tendencia,True,,0.3939625306,0.8886249038,23,30,96,92,8,7,24,25,69,66,10,19,33,37,2.003177813,2.137872302,1.465337173,2.122082328,5.378747452,5.407526544,por_activo
65,2020-12-01,2021-05-28,TSLA,Reversión,True,,3.561485442,3.658623935,16,24,94,75,9,10,30,31,69,69,12,12,30,15,1.61687803,1.690466959,1.620544539,1.577393711,3.662364838,3.774698207,por_activo
65,2020-12-01,2021-05-28,TSLA,Crisis,False,11 días < 20,,,,,,,,,,,,,,,,,,,,,,,por_activo
65,2020-12-01,2021-05-28,META,global,False,,,,,,,,,,,,,,,,,,,,,,,,por_activo
65,2020-12-01,2021-05-28,META,Tendencia,False,ningún trial con ≥ 5 operaciones,,,,,,,,,,,,,,,,,,,,,,,por_activo
65,2020-12-01,2021-05-28,META,Reversión,False,ningún trial con ≥ 5 operaciones,,,,,,,,,,,,,,,,,,,,,,,por_activo
65,2020-12-01,2021-05-28,META,Crisis,False,11 días < 20,,,,,,,,,,,,,,,,,,,,,,,por_activo
65,2020-12-01,2021-05-28,NFLX,global,False,,,,,,,,,,,,,,,,,,,,,,,,por_activo
65,2020-12-01,2021-05-28,NFLX,Tendencia,False,ningún trial con ≥ 5 operaciones,,,,,,,,,,,,,,,,,,,,,,,por_activo
65,2020-12-01,2021-05-28,NFLX,Reversión,False,ningún trial con ≥ 5 operaciones,,,,,,,,,,,,,,,,,,,,,,,por_activo
65,2020-12-01,2021-05-28,NFLX,Crisis,False,11 días < 20,,,,,,,,,,,,,,,,,,,,,,,por_activo
65,2020-12-01,2021-05-28,GOOGL,global,False,,,,,,,,,,,,,,,,,,,,,,,,por_activo
65,2020-12-01,2021-05-28,GOOGL,Tendencia,False,ningún trial con ≥ 5 operaciones,,,,,,,,,,,,,,,,,,,,,,,por_activo
65,2020-12-01,2021-05-28,GOOGL,Reversión,False,ningún trial con ≥ 5 operaciones,,,,,,,,,,,,,,,,,,,,,,,por_activo
65,2020-12-01,2021-05-28,GOOGL,Crisis,False,11 días < 20,,,,,,,,,,,,,,,,,,,,,,,por_activo
66,2021-01-04,2021-06-30,NVDA,global,True,,10.70126923,14.38538537,29,29,18,19,12,12,38,36,64,63,38,39,34,35,2.115493392,2.093129739,1.644310846,1.508014916,5.423412008,5.424628945,por_activo
66,2021-01-04,2021-06-30,NVDA,Tendencia,True,,1.527610733,1.527610733,30,30,26,26,15,15,29,29,64,64,20,20,12,12,2.241731061,2.241731061,1.317981502,1.317981502,3.692344756,3.692344756,por_activo
66,2021-01-04,2021-06-30,NVDA,Reversión,True,,2.031669343,3.715059746,22,22,44,46,12,12,30,30,74,75,21,21,38,37,2.009430577,1.936502098,1.417605625,1.419800392,4.178880085,4.346083308,por_activo
66,2021-01-04,2021-06-30,NVDA,Crisis,False,0 días < 20,,,,,,,,,,,,,,,,,,,,,,,por_activo
66,2021-01-04,2021-06-30,AMZN,global,True,,3.289156181,3.353167517,26,26,89,87,11,12,30,30,63,63,18,19,35,39,1.644606578,1.572920085,1.830266371,1.697132862,5.324217317,5.608940052,por_activo
66,2021-01-04,2021-06-30,AMZN,Tendencia,False,ningún trial con ≥ 5 operaciones,,,,,,,,,,,,,,,,,,,,,,,por_activo
66,2021-01-04,2021-06-30,AMZN,Reversión,True,,-1.223115415,-1.121542836,28,28,16,49,8,10,20,37,64,67,24,23,8,36,1.714028983,1.953128719,3.321095001,2.776341129,1.309665332,1.096389199,por_activo
66,2021-01-04,2021-06-30,AMZN,Crisis,False,0 días < 20,,,,,,,,,,,,,,,,,,,,,,,por_activo
66,2021-01-04,2021-06-30,TSLA,global,False,,,,,,,,,,,,,,,,,,,,,,,,por_activo
66,2021-01-04,2021-06-30,TSLA,Tendencia,True,,3.786245123,7.685070539,12,15,93,95,12,11,23,23,61,61,10,10,6,6,1.962343638,1.884780684,1.989532539,2.096268868,1.401566576,1.641348652,por_activo
66,2021-01-04,2021-06-30,TSLA,Reversión,True,,15.15013151,15.49613634,17,19,91,91,10,8,38,36,64,64,22,20,38,38,1.818006661,1.818006661,1.133499449,1.096851145,4.79273977,4.790961957,por_activo
66,2021-01-04,2021-06-30,TSLA,Crisis,False,0 días < 20,,,,,,,,,,,,,,,,,,,,,,,por_activo
66,2021-01-04,2021-06-30,META,global,False,,,,,,,,,,,,,,,,,,,,,,,,por_activo
66,2021-01-04,2021-06-30,META,Tendencia,False,ningún trial con ≥ 5 operaciones,,,,,,,,,,,,,,,,,,,,,,,por_activo
66,2021-01-04,2021-06-30,META,Reversión,True,,3.699675489,3.102098948,14,14,95,99,7,7,37,37,68,68,37,37,12,14,1.634590462,1.553310994,1.335907574,1.394306559,2.817240701,2.896228099,por_activo
66,2021-01-04,2021-06-30,META,Crisis,False,0 días < 20,,,,,,,,,,,,,,,,,,,,,,,por_activo
66,2021-01-04,2021-06-30,NFLX,global,False,,,,,,,,,,,,,,,,,,,,,,,,por_activo
66,2021-01-04,2021-06-30,NFLX,Tendencia,True,,4.392451204,9.528745581,12,12,56,56,21,20,22,22,61,60,16,14,20,20,1.640205156,1.749762766,1.292014469,1.054310425,1.920880057,1.434346903,por_activo
66,2021-01-04,2021-06-30,NFLX,Reversión,False,ningún trial con ≥ 5 operaciones,,,,,,,,,,,,,,,,,,,,,,,por_activo
66,2021-01-04,2021-06-30,NFLX,Crisis,False,0 días < 20,,,,,,,,,,,,,,,,,,,,,,,por_activo
66,2021-01-04,2021-06-30,GOOGL,global,False,,,,,,,,,,,,,,,,,,,,,,,,por_activo
66,2021-01-04,2021-06-30,GOOGL,Tendencia,False,ningún trial con ≥ 5 operaciones,,,,,,,,,,,,,,,,,,,,,,,por_activo
66,2021-01-04,2021-06-30,GOOGL,Reversión,True,,2.25283482,2.25283482,15,15,39,39,23,23,37,37,61,61,10,10,8,8,1.632493711,1.632493711,2.706941409,2.706941409,2.915213125,2.915213125,por_activo
66,2021-01-04,2021-06-30,GOOGL,Crisis,False,0 días < 20,,,,,,,,,,,,,,,,,,,,,,,por_activo
67,2021-02-01,2021-07-30,NVDA,global,True,,3.69219162,13.50277458,15,15,82,85,8,9,32,32,66,66,36,37,37,32,2.622333918,2.59727783,1.237329202,1.011720416,4.020215634,4.091228109,por_activo
67,2021-02-01,2021-07-30,NVDA,Tendencia,True,,-0.4738643538,-0.4537493397,21,21,91,93,9,9,40,39,68,68,13,13,21,21,2.83889134,2.80137172,1.040255091,1.027412112,3.778751559,3.778751559,por_activo
67,2021-02-01,2021-07-30,NVDA,Reversión,True,,10.57106272,20.21619396,26,27,92,97,17,16,38,40,68,67,19,18,32,24,1.978085051,2.068750327,2.109684556,1.858903928,5.077634292,5.315650775,por_activo
67,2021-02-01,2021-07-30,NVDA,Crisis,False,0 días < 20,,,,,,,,,,,,,,,,,,,,,,,por_activo
67,2021-02-01,2021-07-30,AMZN,global,False,,,,,,,,,,,,,,,,,,,,,,,,por_activo
67,2021-02-01,2021-07-30,AMZN,Tendencia,True,,0.9913275675,1.331796842,26,30,12,10,12,7,40,40,63,66,20,23,37,35,1.696121489,1.847221227,1.013814179,1.02660342,3.988501185,4.1371971,por_activo
67,2021-02-01,2021-07-30,AMZN,Reversión,True,,0.36050556,0.843182113,10,8,16,13,7,7,39,39,78,78,39,38,10,9,1.647815641,1.755349855,2.860320172,3.07668362,3.810234881,3.879048532,por_activo
67,2021-02-01,2021-07-30,AMZN,Crisis,False,0 días < 20,,,,,,,,,,,,,,,,,,,,,,,por_activo
67,2021-02-01,2021-07-30,TSLA,global,True,,-0.4205249612,0.4702342165,27,28,87,87,14,14,34,32,75,77,10,11,8,6,1.661532337,1.661532337,1.279799691,1.283267961,4.07150478,3.704003862,por_activo
67,2021-02-01,2021-07-30,TSLA,Tendencia,False,ningún trial con ≥ 5 operaciones,,,,,,,,,,,,,,,,,,,,,,,por_activo
67,2021-02-01,2021-07-30,TSLA,Reversión,True,,3.832989947,3.750773002,13,12,94,94,18,18,34,35,74,74,12,10,14,13,1.641450135,1.706669171,1.69961213,1.679077567,3.394722627,3.774739424,por_activo
67,2021-02-01,2021-07-30,TSLA,Crisis,False,0 días < 20,,,,,,,,,,,,,,,,,,,,,,,por_activo
67,2021-02-01,2021-07-30,META,global,False,,,,,,,,,,,,,,,,,,,,,,,,por_activo
67,2021-02-01,2021-07-30,META,Tendencia,False,ningún trial con ≥ 5 operaciones,,,,,,,,,,,,,,,,,,,,,,,por_activo
67,2021-02-01,2021-07-30,META,Reversión,True,,32.02489083,34.61970975,10,8,66,70,10,9,20,20,69,70,13,12,9,11,1.911874561,1.911874561,1.886085557,1.890558721,2.88525102,2.770522516,por_activo
67,2021-02-01,2021-07-30,META,Crisis,False,0 días < 20,,,,,,,,,,,,,,,,,,,,,,,por_activo
67,2021-02-01,2021-07-30,NFLX,global,False,,,,,,,,,,,,,,,,,,,,,,,,por_activo
67,2021-02-01,2021-07-30,NFLX,Tendencia,False,ningún trial con ≥ 5 operaciones,,,,,,,,,,,,,,,,,,,,,,,por_activo
67,2021-02-01,2021-07-30,NFLX,Reversión,True,,4.809379848,5.082427763,8,8,19,20,17,15,20,21,80,80,11,10,39,38,1.597081336,1.534824041,3.453206682,3.366157322,1.429913331,1.608239343,por_activo
67,2021-02-01,2021-07-30,NFLX,Crisis,False,0 días < 20,,,,,,,,,,,,,,,,,,,,,,,por_activo
67,2021-02-01,2021-07-30,GOOGL,global,True,,-1.343977178,-1.343977178,25,25,24,24,18,18,28,28,61,61,38,38,10,10,1.741328033,1.741328033,1.833347138,1.833347138,3.735005094,3.735005094,por_activo
67,2021-02-01,2021-07-30,GOOGL,Tendencia,False,ningún trial con ≥ 5 operaciones,,,,,,,,,,,,,,,,,,,,,,,por_activo
67,2021-02-01,2021-07-30,GOOGL,Reversión,True,,5.74318005,5.825848808,24,24,23,27,25,25,38,38,63,63,19,17,37,37,1.758819665,1.794444409,1.201577629,1.189779051,5.600899037,5.854982237,por_activo
67,2021-02-01,2021-07-30,GOOGL,Crisis,False,0 días < 20,,,,,,,,,,,,,,,,,,,,,,,por_activo
68,2021-03-01,2021-08-31,NVDA,global,True,,3.160077962,5.024292334,5,5,74,74,16,14,39,38,63,64,11,11,19,19,1.643684361,1.772867332,1.447660442,1.32559196,5.620747333,5.575089906,por_activo
68,2021-03-01,2021-08-31,NVDA,Tendencia,True,,2.724469947,3.072766546,14,14,95,93,9,9,36,36,61,63,12,12,33,35,1.727058452,1.736317725,1.576967518,1.576967518,2.869048738,3.468839993,por_activo
68,2021-03-01,2021-08-31,NVDA,Reversión,True,,10.54095672,10.86984482,29,30,80,82,10,10,38,38,78,78,21,20,20,20,1.866015264,1.846805437,2.504953192,2.315434788,4.727982527,4.561888187,por_activo
68,2021-03-01,2021-08-31,NVDA,Crisis,False,0 días < 20,,,,,,,,,,,,,,,,,,,,,,,por_activo
68,2021-03-01,2021-08-31,AMZN,global,True,,2.530548093,2.09432353,28,28,42,44,8,8,31,30,64,64,37,39,9,9,1.640076542,1.6620917,1.803163676,1.809547558,3.219687391,2.840769152,por_activo
68,2021-03-01,2021-08-31,AMZN,Tendencia,True,,-0.1214388552,-0.1203213793,30,30,92,91,27,27,39,39,72,72,26,26,12,12,1.785502852,1.784953544,1.039128783,1.038831496,1.913902757,1.914672212,por_activo
68,2021-03-01,2021-08-31,AMZN,Reversión,True,,4.941402583,5.449569805,26,25,58,58,18,18,24,24,62,61,19,20,29,30,2.186572163,2.198176816,1.105655178,1.052601429,5.015994998,5.155339008,por_activo
68,2021-03-01,2021-08-31,AMZN,Crisis,False,0 días < 20,,,,,,,,,,,,,,,,,,,,,,,por_activo
68,2021-03-01,2021-08-31,TSLA,global,True,,-0.4954995008,2.08165341,16,16,56,38,18,19,38,36,60,60,12,12,18,19,1.62351751,1.676233161,1.572018605,1.290203921,4.768143394,4.698811134,por_activo
68,2021-03-01,2021-08-31,TSLA,Tendencia,False,ningún trial con ≥ 5 operaciones,,,,,,,,,,,,,,,,,,,,,,,por_activo
68,2021-03-01,2021-08-31,TSLA,Reversión,False,ningún trial con ≥ 5 operaciones,,,,,,,,,,,,,,,,,,,,,,,por_activo
68,2021-03-01,2021-08-31,TSLA,Crisis,False,0 días < 20,,,,,,,,,,,,,,,,,,,,,,,por_activo
68,2021-03-01,2021-08-31,META,global,True,,7.459526872,9.444834329,29,30,23,10,7,7,39,40,70,68,11,10,12,12,1.667911105,1.803763968,3.629078243,3.88124341,1.93636232,2.059941873,por_activo
68,2021-03-01,2021-08-31,META,Tendencia,False,ningún trial con ≥ 5 operaciones,,,,,,,,,,,,,,,,,,,,,,,por_activo
68,2021-03-01,2021-08-31,META,Reversión,True,,10.60420647,11.14343197,8,7,72,68,7,7,40,40,60,62,30,29,39,40,2.017605606,1.942530213,2.888925489,2.759099517,5.487629781,5.481174775,por_activo
68,2021-03-01,2021-08-31,META,Crisis,False,0 días < 20,,,,,,,,,,,,,,,,,,,,,,,por_activo
68,2021-03-01,2021-08-31,NFLX,global,True,,3.588562196,3.588562196,27,27,73,73,7,7,36,36,74,74,14,14,16,16,1.574075939,1.574075939,1.395866728,1.395866728,1.102235207,1.102235207,por_activo
68,2021-03-01,2021-08-31,NFLX,Tendencia,False,ningún trial con ≥ 5 operaciones,,,,,,,,,,,,,,,,,,,,,,,por_activo
68,2021-03-01,2021-08-31,NFLX,Reversión,True,,3.567312895,3.74942661,26,26,57,60,8,9,40,40,64,63,25,26,37,37,1.610301273,1.636480867,2.973346027,2.837719322,3.715366245,3.756050792,por_activo
68,2021-03-01,2021-08-31,NFLX,Crisis,False,0 días < 20,,,,,,,,,,,,,,,,,,,,,,,por_activo
68,2021-03-01,2021-08-31,GOOGL,global,True,,2.232018581,2.892504253,23,23,52,51,13,13,24,24,66,66,21,20,35,33,1.695624547,1.671226456,1.271696887,1.207653323,4.605070191,4.356006398,por_activo
68,2021-03-01,2021-08-31,GOOGL,Tendencia,True,,16.32120859,16.84764993,28,26,54,58,10,9,23,20,61,64,13,13,35,37,1.595127777,1.644078261,1.323959206,1.237572802,1.053942233,1.079373847,por_activo
68,2021-03-01,2021-08-31,GOOGL,Reversión,True,,-1.179519417,-1.514599271,12,7,50,47,20,21,20,20,62,62,39,39,28,23,1.698717287,1.787853125,1.141014523,1.082874914,3.898535561,3.907959711,por_activo
68,2021-03-01,2021-08-31,GOOGL,Crisis,False,0 días < 20,,,,,,,,,,,,,,,,,,,,,,,por_activo
69,2021-04-01,2021-09-30,NVDA,global,True,,2.663024433,2.981318127,29,28,15,13,22,22,30,29,65,64,16,16,5,7,1.946535359,1.907629247,2.587859479,2.412797191,4.803576059,4.353626601,por_activo
69,2021-04-01,2021-09-30,NVDA,Tendencia,False,ningún trial con ≥ 5 operaciones,,,,,,,,,,,,,,,,,,,,,,,por_activo
69,2021-04-01,2021-09-30,NVDA,Reversión,True,,4.295677441,6.179839892,28,27,13,21,27,28,22,21,61,62,20,17,28,29,1.86563302,1.989420114,3.644719251,3.821477827,4.510120956,4.370722675,por_activo
69,2021-04-01,2021-09-30,NVDA,Crisis,False,0 días < 20,,,,,,,,,,,,,,,,,,,,,,,por_activo
69,2021-04-01,2021-09-30,AMZN,global,True,,0.4005063439,0.7983452838,28,30,28,29,10,8,38,38,63,63,16,16,38,36,1.655213966,1.64321395,2.277468015,2.229383592,5.559322096,5.275517144,por_activo
69,2021-04-01,2021-09-30,AMZN,Tendencia,True,,3.394033962,3.501513486,24,23,16,16,8,8,34,34,63,63,36,37,20,19,1.721116991,1.811861158,1.030803717,1.003925011,5.458990694,5.458990694,por_activo
69,2021-04-01,2021-09-30,AMZN,Reversión,True,,6.278127079,7.00634249,5,5,63,69,8,7,31,31,63,64,39,40,38,35,1.622613222,1.622073603,1.082528592,1.024641838,5.248306472,5.550089125,por_activo
69,2021-04-01,2021-09-30,AMZN,Crisis,False,0 días < 20,,,,,,,,,,,,,,,,,,,,,,,por_activo
69,2021-04-01,2021-09-30,TSLA,global,True,,9.795105289,9.437174893,18,18,95,93,8,9,36,38,64,64,35,34,12,10,1.530513143,1.611667198,1.28623125,1.320384025,1.662075305,1.625592189,por_activo
69,2021-04-01,2021-09-30,TSLA,Tendencia,True,,12.79677789,12.8148173,12,10,52,52,14,13,24,24,64,65,10,10,38,37,1.63480387,1.697215524,3.257158876,3.170176991,1.588207841,1.590376204,por_activo
69,2021-04-01,2021-09-30,TSLA,Reversión,True,,1.587693276,1.976614877,18,18,22,24,10,10,39,39,79,80,13,14,14,19,1.651111232,1.584036119,1.738943602,1.791327658,1.257729225,1.409728254,por_activo
69,2021-04-01,2021-09-30,TSLA,Crisis,False,0 días < 20,,,,,,,,,,,,,,,,,,,,,,,por_activo
69,2021-04-01,2021-09-30,META,global,True,,55.18951673,55.18951673,9,9,59,59,7,7,39,39,76,76,27,27,18,18,2.108771679,2.108771679,1.787367191,1.787367191,5.132867917,5.132867917,por_activo
69,2021-04-01,2021-09-30,META,Tendencia,True,,3.695026914,7.772809918,12,10,46,48,8,7,34,37,64,65,10,10,15,14,1.920753354,1.936777622,1.277834679,1.410334905,3.822429934,3.820598729,por_activo
69,2021-04-01,2021-09-30,META,Reversión,True,,12.35373067,34.87213395,10,10,14,15,26,27,35,35,62,63,13,15,8,9,1.767855665,1.783095115,2.967291665,3.062387515,1.956548252,2.053571821,por_activo
69,2021-04-01,2021-09-30,META,Crisis,False,0 días < 20,,,,,,,,,,,,,,,,,,,,,,,por_activo
69,2021-04-01,2021-09-30,NFLX,global,True,,6.072749792,6.711840679,16,14,96,100,8,7,39,39,70,71,12,13,10,9,1.554675481,1.543575967,1.748881863,1.681074132,5.471787377,5.311369491,por_activo
69,2021-04-01,2021-09-30,NFLX,Tendencia,False,ningún trial con ≥ 5 operaciones,,,,,,,,,,,,,,,,,,,,,,,por_activo
69,2021-04-01,2021-09-30,NFLX,Reversión,True,,-0.9524554377,-0.9524554377,8,8,32,32,23,23,31,31,70,70,11,11,7,7,1.645725543,1.645725543,1.025119206,1.025119206,5.317706786,5.317706786,por_activo
69,2021-04-01,2021-09-30,NFLX,Crisis,False,0 días < 20,,,,,,,,,,,,,,,,,,,,,,,por_activo
69,2021-04-01,2021-09-30,GOOGL,global,True,,1.968960913,1.854794455,17,17,15,15,12,12,24,25,62,60,14,15,31,27,1.929659184,2.088844198,1.091416995,1.043231294,4.856577282,4.856577282,por_activo
69,2021-04-01,2021-09-30,GOOGL,Tendencia,True,,11.05169828,13.22169822,19,21,95,94,13,12,30,31,75,75,17,17,13,15,1.688310378,1.748828873,1.136587981,1.089131474,1.310371143,1.543911912,por_activo
69,2021-04-01,2021-09-30,GOOGL,Reversión,True,,5.404916553,7.955854847,18,18,39,34,17,18,29,30,64,63,10,10,12,12,1.696017196,1.731829846,2.011897309,2.236934797,5.733809011,5.482406745,por_activo
69,2021-04-01,2021-09-30,GOOGL,Crisis,False,0 días < 20,,,,,,,,,,,,,,,,,,,,,,,por_activo
70,2021-05-03,2021-10-29,NVDA,global,True,,7.235878077,7.62384509,17,17,86,92,9,9,38,38,67,68,18,18,32,33,1.864461023,1.907337209,3.724173025,3.532611986,5.530264993,5.999212153,por_activo
70,2021-05-03,2021-10-29,NVDA,Tendencia,True,,5.570809766,5.570809766,20,24,37,40,15,13,32,31,62,62,17,17,34,35,1.795731854,1.781624786,3.096026703,2.915324342,5.355011591,4.692089747,por_activo
70,2021-05-03,2021-10-29,NVDA,Reversión,True,,0.04541490165,0.2540522921,15,15,39,38,10,9,38,37,64,63,21,20,16,18,1.65021482,1.65021482,3.137261567,3.191614029,2.279755268,2.7613876,por_activo
70,2021-05-03,2021-10-29,NVDA,Crisis,False,0 días < 20,,,,,,,,,,,,,,,,,,,,,,,por_activo
70,2021-05-03,2021-10-29,AMZN,global,False,,,,,,,,,,,,,,,,,,,,,,,,por_activo
70,2021-05-03,2021-10-29,AMZN,Tendencia,True,,1.467264779,3.433666092,8,8,70,39,25,19,39,38,78,66,15,20,25,23,1.653217949,1.653217949,1.375175145,1.375175145,5.381965967,5.229894208,por_activo
70,2021-05-03,2021-10-29,AMZN,Reversión,True,,0.8700434555,0.8700434555,26,26,62,62,11,11,28,28,63,63,29,29,8,8,1.551266256,1.551266256,1.441720557,1.441720557,5.654191414,5.654191414,por_activo
70,2021-05-03,2021-10-29,AMZN,Crisis,False,0 días < 20,,,,,,,,,,,,,,,,,,,,,,,por_activo
70,2021-05-03,2021-10-29,TSLA,global,False,,,,,,,,,,,,,,,,,,,,,,,,por_activo
70,2021-05-03,2021-10-29,TSLA,Tendencia,True,,1.689598246,2.730866702,16,15,38,34,16,17,30,30,62,62,11,10,37,37,2.190731381,2.208235069,2.941763058,2.909933539,5.71162283,5.837721275,por_activo
70,2021-05-03,2021-10-29,TSLA,Reversión,True,,3.294566779,3.294566779,20,20,18,18,26,26,39,39,65,65,10,10,9,9,1.626914648,1.626914648,1.125845325,1.125845325,3.955145639,3.955145639,por_activo
70,2021-05-03,2021-10-29,TSLA,Crisis,False,0 días < 20,,,,,,,,,,,,,,,,,,,,,,,por_activo
70,2021-05-03,2021-10-29,META,global,True,,11.92786391,15.0455106,6,6,75,77,8,7,36,37,74,75,10,12,15,11,1.678471408,1.704917717,1.955233496,1.821813054,1.181245164,1.158096217,por_activo
70,2021-05-03,2021-10-29,META,Tendencia,True,,1.81038175,3.171564224,30,29,26,28,9,8,35,32,74,74,11,12,14,11,1.847972516,1.732658929,1.481510714,1.481510714,1.529783643,1.07563438,por_activo
70,2021-05-03,2021-10-29,META,Reversión,False,ningún trial con ≥ 5 operaciones,,,,,,,,,,,,,,,,,,,,,,,por_activo
70,2021-05-03,2021-10-29,META,Crisis,False,0 días < 20,,,,,,,,,,,,,,,,,,,,,,,por_activo
70,2021-05-03,2021-10-29,NFLX,global,False,,,,,,,,,,,,,,,,,,,,,,,,por_activo
70,2021-05-03,2021-10-29,NFLX,Tendencia,True,,-0.9947619815,0.8002074171,13,17,94,95,10,9,36,36,77,77,17,19,36,39,1.691414546,1.710818956,1.298903603,1.367896673,2.833535224,2.91233754,por_activo
70,2021-05-03,2021-10-29,NFLX,Reversión,True,,6.667577575,6.66854681,26,27,41,41,9,8,38,39,69,69,12,12,13,13,1.973507305,1.84793566,1.068195796,1.068065765,4.676650572,4.676650572,por_activo
70,2021-05-03,2021-10-29,NFLX,Crisis,False,0 días < 20,,,,,,,,,,,,,,,,,,,,,,,por_activo
70,2021-05-03,2021-10-29,GOOGL,global,True,,0.7061058567,2.00020485,17,17,31,36,7,7,36,33,65,64,10,10,16,17,1.587885438,1.504018304,1.017287928,1.017287928,4.106137837,3.712079185,por_activo
70,2021-05-03,2021-10-29,GOOGL,Tendencia,True,,-0.8118598344,-0.08342250351,23,22,34,17,8,7,38,35,76,80,14,19,23,14,2.648148397,2.13631241,1.178380952,1.811979422,2.903573323,2.903573323,por_activo
70,2021-05-03,2021-10-29,GOOGL,Reversión,False,ningún trial con ≥ 5 operaciones,,,,,,,,,,,,,,,,,,,,,,,por_activo
70,2021-05-03,2021-10-29,GOOGL,Crisis,False,0 días < 20,,,,,,,,,,,,,,,,,,,,,,,por_activo
71,2021-06-01,2021-11-30,NVDA,global,True,,1.22905404,2.90222031,14,11,66,65,27,28,38,40,64,61,18,17,20,18,1.552360359,1.558913251,2.437964237,2.226094652,5.690431526,5.973302053,por_activo
71,2021-06-01,2021-11-30,NVDA,Tendencia,True,,3.364143542,3.665823172,26,27,95,92,9,10,39,40,76,75,12,11,21,22,1.765130621,1.765130621,2.156136803,2.073307887,5.535954662,5.639139743,por_activo
71,2021-06-01,2021-11-30,NVDA,Reversión,True,,-1.109881532,-0.2401899114,14,15,17,22,26,28,31,31,64,61,14,17,14,14,1.646550371,1.677589507,1.294563038,1.352093318,2.509784227,2.865720072,por_activo
71,2021-06-01,2021-11-30,NVDA,Crisis,False,0 días < 20,,,,,,,,,,,,,,,,,,,,,,,por_activo
71,2021-06-01,2021-11-30,AMZN,global,True,,4.614591648,5.854973266,10,10,94,92,17,17,39,39,66,66,12,11,10,10,1.649057511,1.512952886,1.149928031,1.085152598,5.105945849,4.933100038,por_activo
71,2021-06-01,2021-11-30,AMZN,Tendencia,True,,3.891722675,5.110140027,13,29,30,43,11,11,31,34,65,65,28,28,34,33,2.266390359,2.254918519,1.176691666,1.102517891,2.278330161,5.04818001,por_activo
71,2021-06-01,2021-11-30,AMZN,Reversión,False,ningún trial con ≥ 5 operaciones,,,,,,,,,,,,,,,,,,,,,,,por_activo
71,2021-06-01,2021-11-30,AMZN,Crisis,False,0 días < 20,,,,,,,,,,,,,,,,,,,,,,,por_activo
71,2021-06-01,2021-11-30,TSLA,global,True,,0.3141145724,0.04841108273,6,6,88,86,14,15,22,21,61,61,39,40,6,5,1.567604778,1.675133164,2.722003113,2.829934135,2.232408466,2.538853549,por_activo
71,2021-06-01,2021-11-30,TSLA,Tendencia,True,,-0.7012602144,0.5340107473,26,7,41,40,18,13,29,27,61,74,34,10,38,14,1.782632114,1.55360378,3.36046539,2.928279038,2.432060318,2.219480521,por_activo
71,2021-06-01,2021-11-30,TSLA,Reversión,False,ningún trial con ≥ 5 operaciones,,,,,,,,,,,,,,,,,,,,,,,por_activo
71,2021-06-01,2021-11-30,TSLA,Crisis,False,0 días < 20,,,,,,,,,,,,,,,,,,,,,,,por_activo
71,2021-06-01,2021-11-30,META,global,True,,2.175236992,2.175236992,28,28,80,80,7,7,34,34,65,65,36,36,18,18,1.644755425,1.644755425,1.811510939,1.811510939,2.576932784,2.576932784,por_activo
71,2021-06-01,2021-11-30,META,Tendencia,True,,7.387564847,7.565695769,28,27,41,51,8,8,36,36,77,77,11,10,20,26,1.639939509,1.568173843,1.61470504,3.099717608,3.369481974,3.154135745,por_activo
71,2021-06-01,2021-11-30,META,Reversión,False,ningún trial con ≥ 5 operaciones,,,,,,,,,,,,,,,,,,,,,,,por_activo
71,2021-06-01,2021-11-30,META,Crisis,False,0 días < 20,,,,,,,,,,,,,,,,,,,,,,,por_activo
71,2021-06-01,2021-11-30,NFLX,global,True,,0.528460244,4.04667099,28,29,79,79,20,24,24,24,65,67,12,12,39,39,1.587169036,1.507437223,1.114801868,1.051555618,4.659646534,4.68234291,por_activo
71,2021-06-01,2021-11-30,NFLX,Tendencia,True,,-1.100028103,1.502091065,6,14,25,51,10,12,38,22,69,78,12,12,11,8,2.027741339,1.59907153,3.790032706,1.100474152,1.659771051,1.358196885,por_activo
71,2021-06-01,2021-11-30,NFLX,Reversión,True,,1.937302893,2.406211033,6,9,26,28,15,15,22,27,62,60,40,40,14,13,1.580913205,1.592357726,1.158238796,1.013066229,1.471102492,1.406789805,por_activo
71,2021-06-01,2021-11-30,NFLX,Crisis,False,0 días < 20,,,,,,,,,,,,,,,,,,,,,,,por_activo
71,2021-06-01,2021-11-30,GOOGL,global,True,,-1.370850311,0.4370492025,15,18,88,92,8,7,39,38,68,68,38,36,39,40,1.906615488,2.066128609,1.209694393,1.339202602,3.069313567,3.061971006,por_activo
71,2021-06-01,2021-11-30,GOOGL,Tendencia,True,,4.219771217,19.07958356,11,18,90,37,18,22,38,29,62,61,36,32,35,38,1.909170319,2.029056967,1.369923842,3.683949202,5.662566506,1.057297135,por_activo
71,2021-06-01,2021-11-30,GOOGL,Reversión,False,ningún trial con ≥ 5 operaciones,,,,,,,,,,,,,,,,,,,,,,,por_activo
71,2021-06-01,2021-11-30,GOOGL,Crisis,False,0 días < 20,,,,,,,,,,,,,,,,,,,,,,,por_activo
72,2021-07-01,2021-12-31,NVDA,global,True,,4.86298601,4.296012537,22,22,92,97,12,12,21,21,64,65,14,14,24,23,1.590397794,1.525521579,1.296062418,1.238066895,1.85724008,1.842391722,por_activo
72,2021-07-01,2021-12-31,NVDA,Tendencia,True,,6.518161488,13.17121913,26,25,90,100,20,18,34,33,73,74,14,13,10,15,1.905134805,2.01953236,1.708019477,1.641786094,5.657718807,4.938025551,por_activo
72,2021-07-01,2021-12-31,NVDA,Reversión,False,15 días < 20,,,,,,,,,,,,,,,,,,,,,,,por_activo
72,2021-07-01,2021-12-31,NVDA,Crisis,False,0 días < 20,,,,,,,,,,,,,,,,,,,,,,,por_activo
72,2021-07-01,2021-12-31,AMZN,global,False,,,,,,,,,,,,,,,,,,,,,,,,por_activo
72,2021-07-01,2021-12-31,AMZN,Tendencia,True,,6.676326182,7.033483722,12,10,45,44,14,14,36,36,79,80,20,22,28,28,1.668349795,1.612160537,3.622704537,3.449538201,2.542911168,2.699671959,por_activo
72,2021-07-01,2021-12-31,AMZN,Reversión,False,15 días < 20,,,,,,,,,,,,,,,,,,,,,,,por_activo
72,2021-07-01,2021-12-31,AMZN,Crisis,False,0 días < 20,,,,,,,,,,,,,,,,,,,,,,,por_activo
72,2021-07-01,2021-12-31,TSLA,global,True,,2.51646745,2.955153334,16,16,26,25,28,28,36,37,67,67,10,10,18,18,1.667566238,1.655325508,1.180403135,1.462889205,5.179222646,5.279970176,por_activo
72,2021-07-01,2021-12-31,TSLA,Tendencia,True,,0.5849159121,1.074448627,14,12,95,100,7,7,35,35,77,77,36,34,14,16,1.969254916,2.006718013,1.34862676,1.375413685,5.113608218,5.082398607,por_activo
72,2021-07-01,2021-12-31,TSLA,Reversión,False,15 días < 20,,,,,,,,,,,,,,,,,,,,,,,por_activo
72,2021-07-01,2021-12-31,TSLA,Crisis,False,0 días < 20,,,,,,,,,,,,,,,,,,,,,,,por_activo
72,2021-07-01,2021-12-31,META,global,True,,16.48259966,17.85902164,10,10,50,44,16,20,39,39,63,63,10,10,26,26,1.637954987,1.554720094,2.071523329,1.832837514,3.034284698,2.917159042,por_activo
72,2021-07-01,2021-12-31,META,Tendencia,True,,17.11459473,23.11723024,7,9,94,84,25,25,38,39,61,62,11,12,19,19,1.68680191,1.715241844,2.923942958,3.007686114,3.292934738,3.173642675,por_activo
72,2021-07-01,2021-12-31,META,Reversión,False,15 días < 20,,,,,,,,,,,,,,,,,,,,,,,por_activo
72,2021-07-01,2021-12-31,META,Crisis,False,0 días < 20,,,,,,,,,,,,,,,,,,,,,,,por_activo
72,2021-07-01,2021-12-31,NFLX,global,True,,-1.338058565,-0.5871984621,24,24,41,41,14,12,21,21,62,62,35,33,18,18,1.548725213,1.507039834,1.410302304,1.448489234,2.47687021,2.408295839,por_activo
72,2021-07-01,2021-12-31,NFLX,Tendencia,True,,0.01709868127,2.310331723,12,10,96,96,7,7,39,40,78,78,37,40,10,10,2.294231719,2.213596771,2.176019608,2.20882262,3.568997043,3.45904981,por_activo
72,2021-07-01,2021-12-31,NFLX,Reversión,False,15 días < 20,,,,,,,,,,,,,,,,,,,,,,,por_activo
72,2021-07-01,2021-12-31,NFLX,Crisis,False,0 días < 20,,,,,,,,,,,,,,,,,,,,,,,por_activo
72,2021-07-01,2021-12-31,GOOGL,global,True,,-0.04971947185,0.09338990054,18,18,56,49,10,8,21,20,66,66,17,15,39,40,1.669242442,1.73362887,1.754896877,1.699253692,5.468075697,5.752190939,por_activo
72,2021-07-01,2021-12-31,GOOGL,Tendencia,True,,4.08544821,4.675319116,18,19,50,52,10,11,24,22,66,66,26,26,34,32,1.680997394,1.680997394,2.569231983,2.472824836,5.87733432,5.87733432,por_activo
72,2021-07-01,2021-12-31,GOOGL,Reversión,False,15 días < 20,,,,,,,,,,,,,,,,,,,,,,,por_activo
72,2021-07-01,2021-12-31,GOOGL,Crisis,False,0 días < 20,,,,,,,,,,,,,,,,,,,,,,,por_activo
73,2021-08-02,2022-01-31,NVDA,global,True,,2.885663681,2.885663681,18,18,96,96,24,24,21,21,60,60,16,16,33,33,1.605564614,1.605564614,2.172495485,2.172495485,1.664148244,1.664148244,por_activo
73,2021-08-02,2022-01-31,NVDA,Tendencia,True,,1.99714881,2.443185108,9,8,44,51,16,16,36,36,75,74,15,14,37,36,1.720508058,1.81784678,1.97524322,1.791090692,5.729799584,5.908622759,por_activo
73,2021-08-02,2022-01-31,NVDA,Reversión,False,18 días < 20,,,,,,,,,,,,,,,,,,,,,,,por_activo
73,2021-08-02,2022-01-31,NVDA,Crisis,False,0 días < 20,,,,,,,,,,,,,,,,,,,,,,,por_activo
73,2021-08-02,2022-01-31,AMZN,global,True,,0.4461991759,3.63523205,28,27,46,26,17,8,35,25,78,76,22,11,17,36,1.600989617,2.070119638,1.114121018,1.348305362,3.727180574,2.881017555,por_activo
73,2021-08-02,2022-01-31,AMZN,Tendencia,True,,5.865595116,10.10546895,8,8,18,29,8,8,28,24,68,76,36,34,9,5,1.721263195,1.678228069,1.728795744,1.895555947,5.480377104,5.320539281,por_activo
73,2021-08-02,2022-01-31,AMZN,Reversión,False,18 días < 20,,,,,,,,,,,,,,,,,,,,,,,por_activo
73,2021-08-02,2022-01-31,AMZN,Crisis,False,0 días < 20,,,,,,,,,,,,,,,,,,,,,,,por_activo
73,2021-08-02,2022-01-31,TSLA,global,True,,3.041311959,3.48563029,18,19,60,59,9,8,22,23,68,69,38,37,14,13,2.017189719,1.976968303,1.867599429,1.841814774,4.650605512,5.164754664,por_activo
73,2021-08-02,2022-01-31,TSLA,Tendencia,True,,2.988486472,4.420735139,28,28,94,93,7,7,38,39,76,76,23,23,36,39,2.106633878,2.457075103,3.587951739,3.818363955,4.188640005,4.357242776,por_activo
73,2021-08-02,2022-01-31,TSLA,Reversión,False,18 días < 20,,,,,,,,,,,,,,,,,,,,,,,por_activo
73,2021-08-02,2022-01-31,TSLA,Crisis,False,0 días < 20,,,,,,,,,,,,,,,,,,,,,,,por_activo
73,2021-08-02,2022-01-31,META,global,False,,,,,,,,,,,,,,,,,,,,,,,,por_activo
73,2021-08-02,2022-01-31,META,Tendencia,True,,8.147349093,11.27321834,27,30,67,56,10,10,22,23,61,63,10,11,38,39,2.009137745,2.018109431,1.860645507,1.749934932,5.385761303,5.427834666,por_activo
73,2021-08-02,2022-01-31,META,Reversión,False,18 días < 20,,,,,,,,,,,,,,,,,,,,,,,por_activo
73,2021-08-02,2022-01-31,META,Crisis,False,0 días < 20,,,,,,,,,,,,,,,,,,,,,,,por_activo
73,2021-08-02,2022-01-31,NFLX,global,True,,-1.452515698,-1.454126767,12,13,66,65,14,15,22,21,60,60,27,27,19,22,1.537378877,1.531884716,1.244247277,1.232043269,5.478778859,5.665507024,por_activo
73,2021-08-02,2022-01-31,NFLX,Tendencia,True,,-1.279537231,-1.111271939,6,11,97,86,16,9,38,39,65,67,32,40,16,35,1.967165276,2.492150627,3.370041171,1.348427497,2.808804645,4.942546684,por_activo
73,2021-08-02,2022-01-31,NFLX,Reversión,False,18 días < 20,,,,,,,,,,,,,,,,,,,,,,,por_activo
73,2021-08-02,2022-01-31,NFLX,Crisis,False,0 días < 20,,,,,,,,,,,,,,,,,,,,,,,por_activo
73,2021-08-02,2022-01-31,GOOGL,global,False,,,,,,,,,,,,,,,,,,,,,,,,por_activo
73,2021-08-02,2022-01-31,GOOGL,Tendencia,True,,11.22675679,9.333058958,25,29,14,16,9,10,22,22,78,78,27,27,14,13,1.53372391,1.503438446,1.629210602,1.636763021,2.2228958,2.097741449,por_activo
73,2021-08-02,2022-01-31,GOOGL,Reversión,False,18 días < 20,,,,,,,,,,,,,,,,,,,,,,,por_activo
73,2021-08-02,2022-01-31,GOOGL,Crisis,False,0 días < 20,,,,,,,,,,,,,,,,,,,,,,,por_activo
74,2021-09-01,2022-02-28,NVDA,global,True,,1.049472791,1.267573697,20,19,47,44,9,8,38,37,61,62,32,32,27,28,1.678461887,1.678461887,2.418862467,2.239020617,4.206390384,4.22591899,por_activo
74,2021-09-01,2022-02-28,NVDA,Tendencia,True,,5.699717572,6.343048134,24,24,18,18,27,27,36,35,63,63,28,29,30,31,1.536385182,1.545647603,3.700239982,3.46390094,1.256687873,1.342184501,por_activo
74,2021-09-01,2022-02-28,NVDA,Reversión,False,ningún trial con ≥ 5 operaciones,,,,,,,,,,,,,,,,,,,,,,,por_activo
74,2021-09-01,2022-02-28,NVDA,Crisis,False,12 días < 20,,,,,,,,,,,,,,,,,,,,,,,por_activo
74,2021-09-01,2022-02-28,AMZN,global,True,,8.02797112,7.901444151,10,10,45,46,8,8,29,29,63,62,30,31,36,36,1.639782534,1.626060844,1.739321852,1.866424575,1.225079204,1.296102477,por_activo
74,2021-09-01,2022-02-28,AMZN,Tendencia,True,,3.973857842,5.295854449,14,14,94,95,19,20,28,28,74,71,21,21,8,9,1.546426004,1.546251653,1.372142785,1.417851956,1.224445792,1.031409861,por_activo
74,2021-09-01,2022-02-28,AMZN,Reversión,False,ningún trial con ≥ 5 operaciones,,,,,,,,,,,,,,,,,,,,,,,por_activo
74,2021-09-01,2022-02-28,AMZN,Crisis,False,12 días < 20,,,,,,,,,,,,,,,,,,,,,,,por_activo
74,2021-09-01,2022-02-28,TSLA,global,True,,2.139002625,2.138386351,18,17,82,72,8,7,22,22,74,76,28,29,22,23,1.796553453,1.641643526,1.426473262,1.387652567,4.807591093,4.815993621,por_activo
74,2021-09-01,2022-02-28,TSLA,Tendencia,True,,3.986345838,4.349825071,20,22,74,75,10,9,20,23,61,61,32,32,39,38,1.933460865,1.94779676,3.174484126,3.082912632,5.724788077,5.724788077,por_activo
74,2021-09-01,2022-02-28,TSLA,Reversión,False,ningún trial con ≥ 5 operaciones,,,,,,,,,,,,,,,,,,,,,,,por_activo
74,2021-09-01,2022-02-28,TSLA,Crisis,False,12 días < 20,,,,,,,,,,,,,,,,,,,,,,,por_activo
74,2021-09-01,2022-02-28,META,global,True,,4.245417941,5.887062584,24,24,83,80,13,13,36,39,61,60,12,13,7,7,1.634165189,1.517635426,1.404040764,1.365376002,4.984168078,4.635676234,por_activo
74,2021-09-01,2022-02-28,META,Tendencia,True,,23.56231473,25.29158853,17,11,71,59,9,8,25,22,60,60,40,32,30,33,2.555248304,2.360926852,3.278629143,3.278629143,1.120435729,1.045559009,por_activo
74,2021-09-01,2022-02-28,META,Reversión,False,ningún trial con ≥ 5 operaciones,,,,,,,,,,,,,,,,,,,,,,,por_activo
74,2021-09-01,2022-02-28,META,Crisis,False,12 días < 20,,,,,,,,,,,,,,,,,,,,,,,por_activo
74,2021-09-01,2022-02-28,NFLX,global,True,,-0.71519141,-0.7209227301,28,27,38,39,8,8,22,21,76,76,36,34,7,7,1.752729669,1.68280806,1.452679789,1.472481802,4.920752813,4.802214309,por_activo
74,2021-09-01,2022-02-28,NFLX,Tendencia,True,,0.4549723687,1.358146338,22,22,64,65,8,9,22,21,64,64,38,37,9,10,1.545258831,1.516733047,1.563416618,1.622835123,2.623632815,2.609927694,por_activo
74,2021-09-01,2022-02-28,NFLX,Reversión,True,,-1.496074205,-1.495988596,25,25,19,19,25,26,38,38,78,78,32,32,33,33,1.874516486,1.646701719,1.014604298,1.005387459,5.104305168,4.702573742,por_activo
74,2021-09-01,2022-02-28,NFLX,Crisis,False,12 días < 20,,,,,,,,,,,,,,,,,,,,,,,por_activo
74,2021-09-01,2022-02-28,GOOGL,global,True,,9.889407335,13.15141551,14,11,96,84,8,7,38,37,78,77,28,33,28,25,1.557182384,1.69752036,1.440787784,1.460379293,1.664132558,1.766746742,por_activo
74,2021-09-01,2022-02-28,GOOGL,Tendencia,True,,5.786083952,7.237663026,23,23,77,75,10,8,37,38,61,60,28,31,36,34,1.589738718,1.730361034,1.740042699,1.611698204,1.119844658,1.074367358,por_activo
74,2021-09-01,2022-02-28,GOOGL,Reversión,False,ningún trial con ≥ 5 operaciones,,,,,,,,,,,,,,,,,,,,,,,por_activo
74,2021-09-01,2022-02-28,GOOGL,Crisis,False,12 días < 20,,,,,,,,,,,,,,,,,,,,,,,por_activo
75,2021-10-01,2022-03-31,NVDA,global,True,,-0.2442810411,1.32219477,22,22,28,12,8,8,22,22,63,62,21,22,22,23,1.566500933,1.649546022,2.332190282,2.298737799,5.442220426,5.614821047,por_activo
75,2021-10-01,2022-03-31,NVDA,Tendencia,True,,1.789651967,2.182549736,24,24,96,93,9,9,31,30,76,75,36,38,37,39,1.652160725,1.652160725,2.220082416,2.180382479,5.288771604,4.975385884,por_activo
75,2021-10-01,2022-03-31,NVDA,Reversión,False,ningún trial con ≥ 5 operaciones,,,,,,,,,,,,,,,,,,,,,,,por_activo
75,2021-10-01,2022-03-31,NVDA,Crisis,False,ningún trial con ≥ 5 operaciones,,,,,,,,,,,,,,,,,,,,,,,por_activo
75,2021-10-01,2022-03-31,AMZN,global,False,,,,,,,,,,,,,,,,,,,,,,,,por_activo
75,2021-10-01,2022-03-31,AMZN,Tendencia,True,,2.541717937,1.850533532,26,27,91,91,9,9,39,39,66,60,36,36,8,16,2.684860757,2.584844827,1.637052912,1.258216996,5.101761503,5.101761503,por_activo
75,2021-10-01,2022-03-31,AMZN,Reversión,False,ningún trial con ≥ 5 operaciones,,,,,,,,,,,,,,,,,,,,,,,por_activo
75,2021-10-01,2022-03-31,AMZN,Crisis,False,ningún trial con ≥ 5 operaciones,,,,,,,,,,,,,,,,,,,,,,,por_activo
75,2021-10-01,2022-03-31,TSLA,global,True,,5.682698272,6.828262379,15,16,98,98,11,12,38,39,64,63,32,34,16,16,1.720337539,1.723000569,2.13337019,1.900839804,3.334489111,3.295719252,por_activo
75,2021-10-01,2022-03-31,TSLA,Tendencia,True,,3.697856859,4.758618201,28,26,34,31,10,10,32,31,61,61,17,16,39,39,2.037054699,2.072631169,3.469909237,3.469909237,4.230046413,4.194688631,por_activo
75,2021-10-01,2022-03-31,TSLA,Reversión,False,ningún trial con ≥ 5 operaciones,,,,,,,,,,,,,,,,,,,,,,,por_activo
75,2021-10-01,2022-03-31,TSLA,Crisis,False,ningún trial con ≥ 5 operaciones,,,,,,,,,,,,,,,,,,,,,,,por_activo
75,2021-10-01,2022-03-31,META,global,False,,,,,,,,,,,,,,,,,,,,,,,,por_activo
75,2021-10-01,2022-03-31,META,Tendencia,True,,23.05386644,29.83371969,10,8,91,88,14,13,35,37,79,79,16,13,35,35,1.534539844,1.625240753,1.136478278,1.136478278,3.77383616,3.823010965,por_activo
75,2021-10-01,2022-03-31,META,Reversión,False,ningún trial con ≥ 5 operaciones,,,,,,,,,,,,,,,,,,,,,,,por_activo
75,2021-10-01,2022-03-31,META,Crisis,False,ningún trial con ≥ 5 operaciones,,,,,,,,,,,,,,,,,,,,,,,por_activo
75,2021-10-01,2022-03-31,NFLX,global,True,,-1.160757401,-1.018369792,29,16,83,76,9,8,39,33,64,69,11,35,26,5,1.963092444,1.68991279,1.276064065,1.733036898,5.706005284,4.718695207,por_activo
75,2021-10-01,2022-03-31,NFLX,Tendencia,True,,1.082237056,3.7850772,8,8,56,57,21,19,26,26,61,61,32,30,6,5,1.564582295,1.552377107,1.401916917,1.571453455,1.06256304,1.035163078,por_activo
75,2021-10-01,2022-03-31,NFLX,Reversión,True,,-1.009734486,-0.9909221849,23,26,57,63,25,24,37,36,74,77,35,34,13,13,1.753403654,1.691456272,1.03506934,1.033010572,2.888065802,2.974371826,por_activo
75,2021-10-01,2022-03-31,NFLX,Crisis,False,ningún trial con ≥ 5 operaciones,,,,,,,,,,,,,,,,,,,,,,,por_activo
75,2021-10-01,2022-03-31,GOOGL,global,False,,,,,,,,,,,,,,,,,,,,,,,,por_activo
75,2021-10-01,2022-03-31,GOOGL,Tendencia,False,ningún trial con ≥ 5 operaciones,,,,,,,,,,,,,,,,,,,,,,,por_activo
75,2021-10-01,2022-03-31,GOOGL,Reversión,False,ningún trial con ≥ 5 operaciones,,,,,,,,,,,,,,,,,,,,,,,por_activo
75,2021-10-01,2022-03-31,GOOGL,Crisis,False,ningún trial con ≥ 5 operaciones,,,,,,,,,,,,,,,,,,,,,,,por_activo
76,2021-11-01,2022-04-29,NVDA,global,True,,1.193616308,1.500970856,26,28,76,71,28,28,32,30,63,64,14,14,25,24,1.791867864,1.77259268,1.132624608,1.066930786,2.819729292,2.978174363,por_activo
76,2021-11-01,2022-04-29,NVDA,Tendencia,True,,-0.1620271166,-0.1620271166,6,6,91,91,23,23,35,34,70,71,28,28,9,9,1.628161361,1.661854012,1.763815965,1.663598948,5.704875156,5.764554591,por_activo
76,2021-11-01,2022-04-29,NVDA,Reversión,False,ningún trial con ≥ 5 operaciones,,,,,,,,,,,,,,,,,,,,,,,por_activo
76,2021-11-01,2022-04-29,NVDA,Crisis,False,ningún trial con ≥ 5 operaciones,,,,,,,,,,,,,,,,,,,,,,,por_activo
76,2021-11-01,2022-04-29,AMZN,global,True,,1.487079284,5.598781247,20,23,62,57,8,8,38,39,76,76,14,13,16,17,1.855629264,1.821553695,1.100659583,1.083892543,3.164628232,3.449403462,por_activo
76,2021-11-01,2022-04-29,AMZN,Tendencia,False,ningún trial con ≥ 5 operaciones,,,,,,,,,,,,,,,,,,,,,,,por_activo
76,2021-11-01,2022-04-29,AMZN,Reversión,False,ningún trial con ≥ 5 operaciones,,,,,,,,,,,,,,,,,,,,,,,por_activo
76,2021-11-01,2022-04-29,AMZN,Crisis,False,ningún trial con ≥ 5 operaciones,,,,,,,,,,,,,,,,,,,,,,,por_activo
76,2021-11-01,2022-04-29,TSLA,global,True,,8.06399089,8.06399089,24,24,18,18,7,7,26,26,65,65,36,36,11,11,1.59947454,1.59947454,1.376808957,1.376808957,2.500169165,2.500169165,por_activo
76,2021-11-01,2022-04-29,TSLA,Tendencia,True,,14.83021499,20.37441591,11,27,58,58,12,25,36,29,66,60,31,10,14,21,1.613230867,1.613230867,1.127130962,2.294592616,3.744606339,4.319919495,por_activo
76,2021-11-01,2022-04-29,TSLA,Reversión,False,ningún trial con ≥ 5 operaciones,,,,,,,,,,,,,,,,,,,,,,,por_activo
76,2021-11-01,2022-04-29,TSLA,Crisis,False,ningún trial con ≥ 5 operaciones,,,,,,,,,,,,,,,,,,,,,,,por_activo
76,2021-11-01,2022-04-29,META,global,True,,1.59983438,1.818248453,18,20,75,74,10,10,31,30,64,63,16,16,36,33,1.572305861,1.701997617,1.293518844,1.236651737,5.610157854,5.633806672,por_activo
76,2021-11-01,2022-04-29,META,Tendencia,False,ningún trial con ≥ 5 operaciones,,,,,,,,,,,,,,,,,,,,,,,por_activo
76,2021-11-01,2022-04-29,META,Reversión,False,ningún trial con ≥ 5 operaciones,,,,,,,,,,,,,,,,,,,,,,,por_activo
76,2021-11-01,2022-04-29,META,Crisis,False,ningún trial con ≥ 5 operaciones,,,,,,,,,,,,,,,,,,,,,,,por_activo
76,2021-11-01,2022-04-29,NFLX,global,False,,,,,,,,,,,,,,,,,,,,,,,,por_activo
76,2021-11-01,2022-04-29,NFLX,Tendencia,False,ningún trial con ≥ 5 operaciones,,,,,,,,,,,,,,,,,,,,,,,por_activo
76,2021-11-01,2022-04-29,NFLX,Reversión,False,ningún trial con ≥ 5 operaciones,,,,,,,,,,,,,,,,,,,,,,,por_activo
76,2021-11-01,2022-04-29,NFLX,Crisis,False,ningún trial con ≥ 5 operaciones,,,,,,,,,,,,,,,,,,,,,,,por_activo
76,2021-11-01,2022-04-29,GOOGL,global,False,,,,,,,,,,,,,,,,,,,,,,,,por_activo
76,2021-11-01,2022-04-29,GOOGL,Tendencia,False,ningún trial con ≥ 5 operaciones,,,,,,,,,,,,,,,,,,,,,,,por_activo
76,2021-11-01,2022-04-29,GOOGL,Reversión,True,,6.772626598,7.650670246,29,30,84,87,7,7,33,30,71,70,22,22,13,13,2.606472237,2.467496423,1.36442188,1.448228033,1.340697715,1.522916193,por_activo
76,2021-11-01,2022-04-29,GOOGL,Crisis,False,ningún trial con ≥ 5 operaciones,,,,,,,,,,,,,,,,,,,,,,,por_activo
77,2021-12-01,2022-05-31,NVDA,global,True,,3.027154641,3.079643893,9,10,12,12,10,11,37,38,61,62,18,19,36,37,1.623282518,1.623282518,1.048508856,1.031717376,5.384250801,4.936481793,por_activo
77,2021-12-01,2022-05-31,NVDA,Tendencia,False,ningún trial con ≥ 5 operaciones,,,,,,,,,,,,,,,,,,,,,,,por_activo
77,2021-12-01,2022-05-31,NVDA,Reversión,False,ningún trial con ≥ 5 operaciones,,,,,,,,,,,,,,,,,,,,,,,por_activo
77,2021-12-01,2022-05-31,NVDA,Crisis,False,ningún trial con ≥ 5 operaciones,,,,,,,,,,,,,,,,,,,,,,,por_activo
77,2021-12-01,2022-05-31,AMZN,global,True,,2.069895078,4.903062862,15,14,35,35,8,8,28,27,60,60,35,36,32,32,1.681032392,1.898759909,1.341290499,1.047709342,5.576013044,5.576013044,por_activo
77,2021-12-01,2022-05-31,AMZN,Tendencia,False,ningún trial con ≥ 5 operaciones,,,,,,,,,,,,,,,,,,,,,,,por_activo
77,2021-12-01,2022-05-31,AMZN,Reversión,True,,1.406860795,3.275275829,19,20,47,41,8,7,38,38,64,65,25,24,5,5,1.526999284,1.519308147,2.557033317,2.480271122,1.165302785,1.22228887,por_activo
77,2021-12-01,2022-05-31,AMZN,Crisis,False,ningún trial con ≥ 5 operaciones,,,,,,,,,,,,,,,,,,,,,,,por_activo
77,2021-12-01,2022-05-31,TSLA,global,True,,0.9665179405,0.9115317412,26,25,48,48,7,7,33,33,77,77,20,20,28,29,2.198547696,2.198547696,1.27739479,1.512226326,3.747732554,3.747732554,por_activo
77,2021-12-01,2022-05-31,TSLA,Tendencia,False,ningún trial con ≥ 5 operaciones,,,,,,,,,,,,,,,,,,,,,,,por_activo
77,2021-12-01,2022-05-31,TSLA,Reversión,False,ningún trial con ≥ 5 operaciones,,,,,,,,,,,,,,,,,,,,,,,por_activo
77,2021-12-01,2022-05-31,TSLA,Crisis,False,ningún trial con ≥ 5 operaciones,,,,,,,,,,,,,,,,,,,,,,,por_activo
77,2021-12-01,2022-05-31,META,global,False,,,,,,,,,,,,,,,,,,,,,,,,por_activo
77,2021-12-01,2022-05-31,META,Tendencia,False,ningún trial con ≥ 5 operaciones,,,,,,,,,,,,,,,,,,,,,,,por_activo
77,2021-12-01,2022-05-31,META,Reversión,False,ningún trial con ≥ 5 operaciones,,,,,,,,,,,,,,,,,,,,,,,por_activo
77,2021-12-01,2022-05-31,META,Crisis,False,ningún trial con ≥ 5 operaciones,,,,,,,,,,,,,,,,,,,,,,,por_activo
77,2021-12-01,2022-05-31,NFLX,global,True,,0.2151661276,0.02883198473,6,5,79,79,10,9,38,38,60,61,11,11,37,36,1.930748786,1.966931936,1.093863075,1.093863075,1.604657871,1.317892179,por_activo
77,2021-12-01,2022-05-31,NFLX,Tendencia,False,ningún trial con ≥ 5 operaciones,,,,,,,,,,,,,,,,,,,,,,,por_activo
77,2021-12-01,2022-05-31,NFLX,Reversión,True,,-1.506947216,-1.506947216,29,29,19,19,22,22,38,38,75,75,27,27,19,19,2.086258066,2.086258066,1.156866884,1.156866884,3.516403146,3.516403146,por_activo
77,2021-12-01,2022-05-31,NFLX,Crisis,False,ningún trial con ≥ 5 operaciones,,,,,,,,,,,,,,,,,,,,,,,por_activo
77,2021-12-01,2022-05-31,GOOGL,global,True,,1.410813999,5.183452923,24,24,97,100,12,9,38,39,80,80,16,15,8,6,1.751643344,1.707353345,2.024862748,2.048119992,5.421134449,5.243829753,por_activo
77,2021-12-01,2022-05-31,GOOGL,Tendencia,False,ningún trial con ≥ 5 operaciones,,,,,,,,,,,,,,,,,,,,,,,por_activo
77,2021-12-01,2022-05-31,GOOGL,Reversión,False,ningún trial con ≥ 5 operaciones,,,,,,,,,,,,,,,,,,,,,,,por_activo
77,2021-12-01,2022-05-31,GOOGL,Crisis,False,ningún trial con ≥ 5 operaciones,,,,,,,,,,,,,,,,,,,,,,,por_activo
78,2022-01-03,2022-06-30,NVDA,global,True,,-0.3561493064,-0.3561493064,29,29,38,38,7,7,29,29,79,79,15,15,25,25,1.74311141,1.74311141,1.401838812,1.401838812,1.533205301,1.533205301,por_activo
78,2022-01-03,2022-06-30,NVDA,Tendencia,False,0 días < 20,,,,,,,,,,,,,,,,,,,,,,,por_activo
78,2022-01-03,2022-06-30,NVDA,Reversión,False,ningún trial con ≥ 5 operaciones,,,,,,,,,,,,,,,,,,,,,,,por_activo
78,2022-01-03,2022-06-30,NVDA,Crisis,False,ningún trial con ≥ 5 operaciones,,,,,,,,,,,,,,,,,,,,,,,por_activo
78,2022-01-03,2022-06-30,AMZN,global,True,,1.285087562,1.364280123,11,11,86,85,15,15,36,37,79,78,11,12,26,24,1.601369794,1.762504696,2.454397738,2.414927458,4.071895978,4.058208012,por_activo
78,2022-01-03,2022-06-30,AMZN,Tendencia,False,0 días < 20,,,,,,,,,,,,,,,,,,,,,,,por_activo
78,2022-01-03,2022-06-30,AMZN,Reversión,False,ningún trial con ≥ 5 operaciones,,,,,,,,,,,,,,,,,,,,,,,por_activo
78,2022-01-03,2022-06-30,AMZN,Crisis,False,ningún trial con ≥ 5 operaciones,,,,,,,,,,,,,,,,,,,,,,,por_activo
78,2022-01-03,2022-06-30,TSLA,global,True,,-0.9023122666,-0.9023122666,26,26,63,63,10,10,39,39,75,75,25,25,9,9,1.549627105,1.549627105,2.220381213,2.220381213,5.361323116,5.361323116,por_activo
78,2022-01-03,2022-06-30,TSLA,Tendencia,False,0 días < 20,,,,,,,,,,,,,,,,,,,,,,,por_activo
78,2022-01-03,2022-06-30,TSLA,Reversión,False,ningún trial con ≥ 5 operaciones,,,,,,,,,,,,,,,,,,,,,,,por_activo
78,2022-01-03,2022-06-30,TSLA,Crisis,False,ningún trial con ≥ 5 operaciones,,,,,,,,,,,,,,,,,,,,,,,por_activo
78,2022-01-03,2022-06-30,META,global,False,,,,,,,,,,,,,,,,,,,,,,,,por_activo
78,2022-01-03,2022-06-30,META,Tendencia,False,0 días < 20,,,,,,,,,,,,,,,,,,,,,,,por_activo
78,2022-01-03,2022-06-30,META,Reversión,False,ningún trial con ≥ 5 operaciones,,,,,,,,,,,,,,,,,,,,,,,por_activo
78,2022-01-03,2022-06-30,META,Crisis,False,ningún trial con ≥ 5 operaciones,,,,,,,,,,,,,,,,,,,,,,,por_activo
78,2022-01-03,2022-06-30,NFLX,global,False,,,,,,,,,,,,,,,,,,,,,,,,por_activo
78,2022-01-03,2022-06-30,NFLX,Tendencia,False,0 días < 20,,,,,,,,,,,,,,,,,,,,,,,por_activo
78,2022-01-03,2022-06-30,NFLX,Reversión,True,,-1.128408249,-1.128408249,13,13,75,75,11,11,33,33,72,72,40,40,25,25,1.784783387,1.784783387,1.102630452,1.102630452,2.437606477,2.437606477,por_activo
78,2022-01-03,2022-06-30,NFLX,Crisis,False,ningún trial con ≥ 5 operaciones,,,,,,,,,,,,,,,,,,,,,,,por_activo
78,2022-01-03,2022-06-30,GOOGL,global,False,,,,,,,,,,,,,,,,,,,,,,,,por_activo
78,2022-01-03,2022-06-30,GOOGL,Tendencia,False,0 días < 20,,,,,,,,,,,,,,,,,,,,,,,por_activo
78,2022-01-03,2022-06-30,GOOGL,Reversión,False,ningún trial con ≥ 5 operaciones,,,,,,,,,,,,,,,,,,,,,,,por_activo
78,2022-01-03,2022-06-30,GOOGL,Crisis,False,ningún trial con ≥ 5 operaciones,,,,,,,,,,,,,,,,,,,,,,,por_activo
79,2022-02-01,2022-07-29,NVDA,global,False,,,,,,,,,,,,,,,,,,,,,,,,por_activo
79,2022-02-01,2022-07-29,NVDA,Tendencia,False,7 días < 20,,,,,,,,,,,,,,,,,,,,,,,por_activo
79,2022-02-01,2022-07-29,NVDA,Reversión,False,0 días < 20,,,,,,,,,,,,,,,,,,,,,,,por_activo
79,2022-02-01,2022-07-29,NVDA,Crisis,False,ningún trial con ≥ 5 operaciones,,,,,,,,,,,,,,,,,,,,,,,por_activo
79,2022-02-01,2022-07-29,AMZN,global,True,,2.117895638,2.125061373,7,8,70,70,12,14,40,40,73,73,10,10,38,39,1.937139227,1.937139227,2.793763717,2.793763717,2.287336468,2.292741522,por_activo
79,2022-02-01,2022-07-29,AMZN,Tendencia,False,7 días < 20,,,,,,,,,,,,,,,,,,,,,,,por_activo
79,2022-02-01,2022-07-29,AMZN,Reversión,False,0 días < 20,,,,,,,,,,,,,,,,,,,,,,,por_activo
79,2022-02-01,2022-07-29,AMZN,Crisis,False,ningún trial con ≥ 5 operaciones,,,,,,,,,,,,,,,,,,,,,,,por_activo
79,2022-02-01,2022-07-29,TSLA,global,False,,,,,,,,,,,,,,,,,,,,,,,,por_activo
79,2022-02-01,2022-07-29,TSLA,Tendencia,False,7 días < 20,,,,,,,,,,,,,,,,,,,,,,,por_activo
79,2022-02-01,2022-07-29,TSLA,Reversión,False,0 días < 20,,,,,,,,,,,,,,,,,,,,,,,por_activo
79,2022-02-01,2022-07-29,TSLA,Crisis,False,ningún trial con ≥ 5 operaciones,,,,,,,,,,,,,,,,,,,,,,,por_activo
79,2022-02-01,2022-07-29,META,global,False,,,,,,,,,,,,,,,,,,,,,,,,por_activo
79,2022-02-01,2022-07-29,META,Tendencia,False,7 días < 20,,,,,,,,,,,,,,,,,,,,,,,por_activo
79,2022-02-01,2022-07-29,META,Reversión,False,0 días < 20,,,,,,,,,,,,,,,,,,,,,,,por_activo
79,2022-02-01,2022-07-29,META,Crisis,False,ningún trial con ≥ 5 operaciones,,,,,,,,,,,,,,,,,,,,,,,por_activo
79,2022-02-01,2022-07-29,NFLX,global,False,,,,,,,,,,,,,,,,,,,,,,,,por_activo
79,2022-02-01,2022-07-29,NFLX,Tendencia,False,7 días < 20,,,,,,,,,,,,,,,,,,,,,,,por_activo
79,2022-02-01,2022-07-29,NFLX,Reversión,False,0 días < 20,,,,,,,,,,,,,,,,,,,,,,,por_activo
79,2022-02-01,2022-07-29,NFLX,Crisis,False,ningún trial con ≥ 5 operaciones,,,,,,,,,,,,,,,,,,,,,,,por_activo
79,2022-02-01,2022-07-29,GOOGL,global,True,,15.79970615,15.53475104,8,8,24,17,9,9,37,39,63,64,13,13,35,37,1.616698437,1.575283005,3.101488364,3.101488364,1.047551755,1.042492354,por_activo
79,2022-02-01,2022-07-29,GOOGL,Tendencia,False,7 días < 20,,,,,,,,,,,,,,,,,,,,,,,por_activo
79,2022-02-01,2022-07-29,GOOGL,Reversión,False,0 días < 20,,,,,,,,,,,,,,,,,,,,,,,por_activo
79,2022-02-01,2022-07-29,GOOGL,Crisis,False,ningún trial con ≥ 5 operaciones,,,,,,,,,,,,,,,,,,,,,,,por_activo
80,2022-03-01,2022-08-31,NVDA,global,True,,7.529269616,8.988173003,27,26,55,55,9,9,36,35,76,76,18,19,12,12,1.595799609,1.559853868,1.1140923,1.083818856,5.0566503,5.0566503,por_activo
80,2022-03-01,2022-08-31,NVDA,Tendencia,False,0 días < 20,,,,,,,,,,,,,,,,,,,,,,,por_activo
80,2022-03-01,2022-08-31,NVDA,Reversión,False,0 días < 20,,,,,,,,,,,,,,,,,,,,,,,por_activo
80,2022-03-01,2022-08-31,NVDA,Crisis,False,ningún trial con ≥ 5 operaciones,,,,,,,,,,,,,,,,,,,,,,,por_activo
80,2022-03-01,2022-08-31,AMZN,global,True,,-0.6068398264,-0.7503426853,24,27,50,51,12,18,34,37,63,63,24,11,15,15,2.007947868,1.75799946,1.796858432,2.09390171,3.78619806,5.522990318,por_activo
80,2022-03-01,2022-08-31,AMZN,Tendencia,False,0 días < 20,,,,,,,,,,,,,,,,,,,,,,,por_activo
80,2022-03-01,2022-08-31,AMZN,Reversión,False,0 días < 20,,,,,,,,,,,,,,,,,,,,,,,por_activo
80,2022-03-01,2022-08-31,AMZN,Crisis,False,ningún trial con ≥ 5 operaciones,,,,,,,,,,,,,,,,,,,,,,,por_activo
80,2022-03-01,2022-08-31,TSLA,global,False,,,,,,,,,,,,,,,,,,,,,,,,por_activo
80,2022-03-01,2022-08-31,TSLA,Tendencia,False,0 días < 20,,,,,,,,,,,,,,,,,,,,,,,por_activo
80,2022-03-01,2022-08-31,TSLA,Reversión,False,0 días < 20,,,,,,,,,,,,,,,,,,,,,,,por_activo
80,2022-03-01,2022-08-31,TSLA,Crisis,True,,0.1602652833,1.370523929,26,26,70,69,8,9,33,34,68,69,16,14,8,7,1.873755991,1.848858363,1.624655767,1.548906767,1.388422613,1.423296833,por_activo
80,2022-03-01,2022-08-31,META,global,False,,,,,,,,,,,,,,,,,,,,,,,,por_activo
80,2022-03-01,2022-08-31,META,Tendencia,False,0 días < 20,,,,,,,,,,,,,,,,,,,,,,,por_activo
80,2022-03-01,2022-08-31,META,Reversión,False,0 días < 20,,,,,,,,,,,,,,,,,,,,,,,por_activo
80,2022-03-01,2022-08-31,META,Crisis,False,ningún trial con ≥ 5 operaciones,,,,,,,,,,,,,,,,,,,,,,,por_activo
80,2022-03-01,2022-08-31,NFLX,global,False,,,,,,,,,,,,,,,,,,,,,,,,por_activo
80,2022-03-01,2022-08-31,NFLX,Tendencia,False,0 días < 20,,,,,,,,,,,,,,,,,,,,,,,por_activo
80,2022-03-01,2022-08-31,NFLX,Reversión,False,0 días < 20,,,,,,,,,,,,,,,,,,,,,,,por_activo
80,2022-03-01,2022-08-31,NFLX,Crisis,False,ningún trial con ≥ 5 operaciones,,,,,,,,,,,,,,,,,,,,,,,por_activo
80,2022-03-01,2022-08-31,GOOGL,global,True,,18.51281877,21.69230563,14,14,78,78,8,8,32,33,62,62,38,38,37,37,1.537818869,1.555731409,3.658578733,3.486368325,2.460224488,2.536266018,por_activo
80,2022-03-01,2022-08-31,GOOGL,Tendencia,False,0 días < 20,,,,,,,,,,,,,,,,,,,,,,,por_activo
80,2022-03-01,2022-08-31,GOOGL,Reversión,False,0 días < 20,,,,,,,,,,,,,,,,,,,,,,,por_activo
80,2022-03-01,2022-08-31,GOOGL,Crisis,False,ningún trial con ≥ 5 operaciones,,,,,,,,,,,,,,,,,,,,,,,por_activo
81,2022-04-01,2022-09-30,NVDA,global,False,,,,,,,,,,,,,,,,,,,,,,,,por_activo
81,2022-04-01,2022-09-30,NVDA,Tendencia,False,0 días < 20,,,,,,,,,,,,,,,,,,,,,,,por_activo
81,2022-04-01,2022-09-30,NVDA,Reversión,False,1 días < 20,,,,,,,,,,,,,,,,,,,,,,,por_activo
81,2022-04-01,2022-09-30,NVDA,Crisis,False,ningún trial con ≥ 5 operaciones,,,,,,,,,,,,,,,,,,,,,,,por_activo
81,2022-04-01,2022-09-30,AMZN,global,False,,,,,,,,,,,,,,,,,,,,,,,,por_activo
81,2022-04-01,2022-09-30,AMZN,Tendencia,False,0 días < 20,,,,,,,,,,,,,,,,,,,,,,,por_activo
81,2022-04-01,2022-09-30,AMZN,Reversión,False,1 días < 20,,,,,,,,,,,,,,,,,,,,,,,por_activo
81,2022-04-01,2022-09-30,AMZN,Crisis,False,ningún trial con ≥ 5 operaciones,,,,,,,,,,,,,,,,,,,,,,,por_activo
81,2022-04-01,2022-09-30,TSLA,global,False,,,,,,,,,,,,,,,,,,,,,,,,por_activo
81,2022-04-01,2022-09-30,TSLA,Tendencia,False,0 días < 20,,,,,,,,,,,,,,,,,,,,,,,por_activo
81,2022-04-01,2022-09-30,TSLA,Reversión,False,1 días < 20,,,,,,,,,,,,,,,,,,,,,,,por_activo
81,2022-04-01,2022-09-30,TSLA,Crisis,False,ningún trial con ≥ 5 operaciones,,,,,,,,,,,,,,,,,,,,,,,por_activo
81,2022-04-01,2022-09-30,META,global,False,,,,,,,,,,,,,,,,,,,,,,,,por_activo
81,2022-04-01,2022-09-30,META,Tendencia,False,0 días < 20,,,,,,,,,,,,,,,,,,,,,,,por_activo
81,2022-04-01,2022-09-30,META,Reversión,False,1 días < 20,,,,,,,,,,,,,,,,,,,,,,,por_activo
81,2022-04-01,2022-09-30,META,Crisis,False,ningún trial con ≥ 5 operaciones,,,,,,,,,,,,,,,,,,,,,,,por_activo
81,2022-04-01,2022-09-30,NFLX,global,False,,,,,,,,,,,,,,,,,,,,,,,,por_activo
81,2022-04-01,2022-09-30,NFLX,Tendencia,False,0 días < 20,,,,,,,,,,,,,,,,,,,,,,,por_activo
81,2022-04-01,2022-09-30,NFLX,Reversión,False,1 días < 20,,,,,,,,,,,,,,,,,,,,,,,por_activo
81,2022-04-01,2022-09-30,NFLX,Crisis,False,ningún trial con ≥ 5 operaciones,,,,,,,,,,,,,,,,,,,,,,,por_activo
81,2022-04-01,2022-09-30,GOOGL,global,False,,,,,,,,,,,,,,,,,,,,,,,,por_activo
81,2022-04-01,2022-09-30,GOOGL,Tendencia,False,0 días < 20,,,,,,,,,,,,,,,,,,,,,,,por_activo
81,2022-04-01,2022-09-30,GOOGL,Reversión,False,1 días < 20,,,,,,,,,,,,,,,,,,,,,,,por_activo
81,2022-04-01,2022-09-30,GOOGL,Crisis,False,ningún trial con ≥ 5 operaciones,,,,,,,,,,,,,,,,,,,,,,,por_activo
82,2022-05-02,2022-10-31,NVDA,global,True,,5.289016277,10.63489483,28,27,55,63,15,14,38,37,78,80,10,10,34,32,1.552022828,1.52366733,1.315025951,1.296087396,3.122270357,2.867675194,por_activo
82,2022-05-02,2022-10-31,NVDA,Tendencia,False,0 días < 20,,,,,,,,,,,,,,,,,,,,,,,por_activo
82,2022-05-02,2022-10-31,NVDA,Reversión,False,15 días < 20,,,,,,,,,,,,,,,,,,,,,,,por_activo
82,2022-05-02,2022-10-31,NVDA,Crisis,False,ningún trial con ≥ 5 operaciones,,,,,,,,,,,,,,,,,,,,,,,por_activo
82,2022-05-02,2022-10-31,AMZN,global,False,,,,,,,,,,,,,,,,,,,,,,,,por_activo
82,2022-05-02,2022-10-31,AMZN,Tendencia,False,0 días < 20,,,,,,,,,,,,,,,,,,,,,,,por_activo
82,2022-05-02,2022-10-31,AMZN,Reversión,False,15 días < 20,,,,,,,,,,,,,,,,,,,,,,,por_activo
82,2022-05-02,2022-10-31,AMZN,Crisis,False,ningún trial con ≥ 5 operaciones,,,,,,,,,,,,,,,,,,,,,,,por_activo
82,2022-05-02,2022-10-31,TSLA,global,False,,,,,,,,,,,,,,,,,,,,,,,,por_activo
82,2022-05-02,2022-10-31,TSLA,Tendencia,False,0 días < 20,,,,,,,,,,,,,,,,,,,,,,,por_activo
82,2022-05-02,2022-10-31,TSLA,Reversión,False,15 días < 20,,,,,,,,,,,,,,,,,,,,,,,por_activo
82,2022-05-02,2022-10-31,TSLA,Crisis,False,ningún trial con ≥ 5 operaciones,,,,,,,,,,,,,,,,,,,,,,,por_activo
82,2022-05-02,2022-10-31,META,global,False,,,,,,,,,,,,,,,,,,,,,,,,por_activo
82,2022-05-02,2022-10-31,META,Tendencia,False,0 días < 20,,,,,,,,,,,,,,,,,,,,,,,por_activo
82,2022-05-02,2022-10-31,META,Reversión,False,15 días < 20,,,,,,,,,,,,,,,,,,,,,,,por_activo
82,2022-05-02,2022-10-31,META,Crisis,False,ningún trial con ≥ 5 operaciones,,,,,,,,,,,,,,,,,,,,,,,por_activo
82,2022-05-02,2022-10-31,NFLX,global,True,,2.798003515,10.48736915,24,25,44,48,20,20,28,27,62,62,14,15,8,9,1.623582993,1.588797075,1.143599341,1.380561233,4.89999888,4.867941077,por_activo
82,2022-05-02,2022-10-31,NFLX,Tendencia,False,0 días < 20,,,,,,,,,,,,,,,,,,,,,,,por_activo
82,2022-05-02,2022-10-31,NFLX,Reversión,False,15 días < 20,,,,,,,,,,,,,,,,,,,,,,,por_activo
82,2022-05-02,2022-10-31,NFLX,Crisis,False,ningún trial con ≥ 5 operaciones,,,,,,,,,,,,,,,,,,,,,,,por_activo
82,2022-05-02,2022-10-31,GOOGL,global,True,,4.748617761,4.748617761,18,18,69,69,10,10,34,34,63,63,11,11,27,27,1.54771817,1.54771817,1.160792802,1.160792802,2.026983919,2.026983919,por_activo
82,2022-05-02,2022-10-31,GOOGL,Tendencia,False,0 días < 20,,,,,,,,,,,,,,,,,,,,,,,por_activo
82,2022-05-02,2022-10-31,GOOGL,Reversión,False,15 días < 20,,,,,,,,,,,,,,,,,,,,,,,por_activo
82,2022-05-02,2022-10-31,GOOGL,Crisis,False,ningún trial con ≥ 5 operaciones,,,,,,,,,,,,,,,,,,,,,,,por_activo
83,2022-06-01,2022-11-30,NVDA,global,True,,1.200344185,4.038192659,18,18,67,67,9,10,36,39,72,72,10,10,20,26,1.622038312,1.671301588,2.195286044,2.454999927,5.493720941,5.493720941,por_activo
83,2022-06-01,2022-11-30,NVDA,Tendencia,False,0 días < 20,,,,,,,,,,,,,,,,,,,,,,,por_activo
83,2022-06-01,2022-11-30,NVDA,Reversión,False,15 días < 20,,,,,,,,,,,,,,,,,,,,,,,por_activo
83,2022-06-01,2022-11-30,NVDA,Crisis,True,,1.010877367,1.273166426,10,10,82,80,7,7,39,40,63,62,12,12,26,26,1.569055614,1.556367072,2.148426744,2.041335193,5.253355728,5.631229189,por_activo
83,2022-06-01,2022-11-30,AMZN,global,True,,4.417092202,3.599998069,23,24,80,73,8,10,38,38,79,77,32,32,17,16,1.549724352,1.582614145,1.427430364,1.433293451,1.207240332,1.221587498,por_activo
83,2022-06-01,2022-11-30,AMZN,Tendencia,False,0 días < 20,,,,,,,,,,,,,,,,,,,,,,,por_activo
83,2022-06-01,2022-11-30,AMZN,Reversión,False,15 días < 20,,,,,,,,,,,,,,,,,,,,,,,por_activo
83,2022-06-01,2022-11-30,AMZN,Crisis,False,ningún trial con ≥ 5 operaciones,,,,,,,,,,,,,,,,,,,,,,,por_activo
83,2022-06-01,2022-11-30,TSLA,global,False,,,,,,,,,,,,,,,,,,,,,,,,por_activo
83,2022-06-01,2022-11-30,TSLA,Tendencia,False,0 días < 20,,,,,,,,,,,,,,,,,,,,,,,por_activo
83,2022-06-01,2022-11-30,TSLA,Reversión,False,15 días < 20,,,,,,,,,,,,,,,,,,,,,,,por_activo
83,2022-06-01,2022-11-30,TSLA,Crisis,False,ningún trial con ≥ 5 operaciones,,,,,,,,,,,,,,,,,,,,,,,por_activo
83,2022-06-01,2022-11-30,META,global,False,,,,,,,,,,,,,,,,,,,,,,,,por_activo
83,2022-06-01,2022-11-30,META,Tendencia,False,0 días < 20,,,,,,,,,,,,,,,,,,,,,,,por_activo
83,2022-06-01,2022-11-30,META,Reversión,False,15 días < 20,,,,,,,,,,,,,,,,,,,,,,,por_activo
83,2022-06-01,2022-11-30,META,Crisis,False,ningún trial con ≥ 5 operaciones,,,,,,,,,,,,,,,,,,,,,,,por_activo
83,2022-06-01,2022-11-30,NFLX,global,True,,4.757265166,9.124604449,23,23,85,81,20,20,37,35,79,80,10,10,10,11,1.765740999,1.873799909,1.026362256,1.009106293,4.22302362,4.812137706,por_activo
83,2022-06-01,2022-11-30,NFLX,Tendencia,False,0 días < 20,,,,,,,,,,,,,,,,,,,,,,,por_activo
83,2022-06-01,2022-11-30,NFLX,Reversión,False,15 días < 20,,,,,,,,,,,,,,,,,,,,,,,por_activo
83,2022-06-01,2022-11-30,NFLX,Crisis,False,ningún trial con ≥ 5 operaciones,,,,,,,,,,,,,,,,,,,,,,,por_activo
83,2022-06-01,2022-11-30,GOOGL,global,False,,,,,,,,,,,,,,,,,,,,,,,,por_activo
83,2022-06-01,2022-11-30,GOOGL,Tendencia,False,0 días < 20,,,,,,,,,,,,,,,,,,,,,,,por_activo
83,2022-06-01,2022-11-30,GOOGL,Reversión,False,15 días < 20,,,,,,,,,,,,,,,,,,,,,,,por_activo
83,2022-06-01,2022-11-30,GOOGL,Crisis,False,ningún trial con ≥ 5 operaciones,,,,,,,,,,,,,,,,,,,,,,,por_activo
84,2022-07-01,2022-12-30,NVDA,global,True,,-0.5751247817,-0.2713208023,24,25,18,20,9,9,35,35,64,64,17,16,6,11,1.580583562,1.554951996,3.031943089,3.085270257,5.588575552,5.608615983,por_activo
84,2022-07-01,2022-12-30,NVDA,Tendencia,False,0 días < 20,,,,,,,,,,,,,,,,,,,,,,,por_activo
84,2022-07-01,2022-12-30,NVDA,Reversión,False,15 días < 20,,,,,,,,,,,,,,,,,,,,,,,por_activo
84,2022-07-01,2022-12-30,NVDA,Crisis,True,,-1.559063878,-1.235717633,29,29,16,19,9,9,38,35,61,61,13,12,6,5,1.804159163,1.697767123,3.357980701,3.723355658,3.431522251,3.921907919,por_activo
84,2022-07-01,2022-12-30,AMZN,global,False,,,,,,,,,,,,,,,,,,,,,,,,por_activo
84,2022-07-01,2022-12-30,AMZN,Tendencia,False,0 días < 20,,,,,,,,,,,,,,,,,,,,,,,por_activo
84,2022-07-01,2022-12-30,AMZN,Reversión,False,15 días < 20,,,,,,,,,,,,,,,,,,,,,,,por_activo
84,2022-07-01,2022-12-30,AMZN,Crisis,False,ningún trial con ≥ 5 operaciones,,,,,,,,,,,,,,,,,,,,,,,por_activo
84,2022-07-01,2022-12-30,TSLA,global,True,,-1.159030362,-1.058186711,13,17,77,77,10,9,40,38,78,78,22,18,28,23,1.701551385,1.999556824,1.36218208,1.36218208,1.336140729,1.336140729,por_activo
84,2022-07-01,2022-12-30,TSLA,Tendencia,False,0 días < 20,,,,,,,,,,,,,,,,,,,,,,,por_activo
84,2022-07-01,2022-12-30,TSLA,Reversión,False,15 días < 20,,,,,,,,,,,,,,,,,,,,,,,por_activo
84,2022-07-01,2022-12-30,TSLA,Crisis,False,ningún trial con ≥ 5 operaciones,,,,,,,,,,,,,,,,,,,,,,,por_activo
84,2022-07-01,2022-12-30,META,global,False,,,,,,,,,,,,,,,,,,,,,,,,por_activo
84,2022-07-01,2022-12-30,META,Tendencia,False,0 días < 20,,,,,,,,,,,,,,,,,,,,,,,por_activo
84,2022-07-01,2022-12-30,META,Reversión,False,15 días < 20,,,,,,,,,,,,,,,,,,,,,,,por_activo
84,2022-07-01,2022-12-30,META,Crisis,False,ningún trial con ≥ 5 operaciones,,,,,,,,,,,,,,,,,,,,,,,por_activo
84,2022-07-01,2022-12-30,NFLX,global,True,,-1.019699899,-1.019699899,7,7,79,79,11,11,24,24,65,65,12,12,20,20,1.681372925,1.681372925,1.796953124,1.796953124,3.401921358,3.401921358,por_activo
84,2022-07-01,2022-12-30,NFLX,Tendencia,False,0 días < 20,,,,,,,,,,,,,,,,,,,,,,,por_activo
84,2022-07-01,2022-12-30,NFLX,Reversión,False,15 días < 20,,,,,,,,,,,,,,,,,,,,,,,por_activo
84,2022-07-01,2022-12-30,NFLX,Crisis,False,ningún trial con ≥ 5 operaciones,,,,,,,,,,,,,,,,,,,,,,,por_activo
84,2022-07-01,2022-12-30,GOOGL,global,False,,,,,,,,,,,,,,,,,,,,,,,,por_activo
84,2022-07-01,2022-12-30,GOOGL,Tendencia,False,0 días < 20,,,,,,,,,,,,,,,,,,,,,,,por_activo
84,2022-07-01,2022-12-30,GOOGL,Reversión,False,15 días < 20,,,,,,,,,,,,,,,,,,,,,,,por_activo
84,2022-07-01,2022-12-30,GOOGL,Crisis,False,ningún trial con ≥ 5 operaciones,,,,,,,,,,,,,,,,,,,,,,,por_activo
85,2022-08-01,2023-01-31,NVDA,global,True,,-1.398239717,-1.398239717,25,25,78,78,9,9,38,38,66,66,14,14,12,12,1.669068523,1.669068523,1.274547838,1.274547838,3.958986092,3.958986092,por_activo
85,2022-08-01,2023-01-31,NVDA,Tendencia,False,0 días < 20,,,,,,,,,,,,,,,,,,,,,,,por_activo
85,2022-08-01,2023-01-31,NVDA,Reversión,False,19 días < 20,,,,,,,,,,,,,,,,,,,,,,,por_activo
85,2022-08-01,2023-01-31,NVDA,Crisis,False,ningún trial con ≥ 5 operaciones,,,,,,,,,,,,,,,,,,,,,,,por_activo
85,2022-08-01,2023-01-31,AMZN,global,True,,2.518833316,3.976778406,20,23,69,71,7,8,31,30,61,61,40,37,8,8,1.594775425,1.720392136,1.895949608,1.963827134,3.89409381,3.41872931,por_activo
85,2022-08-01,2023-01-31,AMZN,Tendencia,False,0 días < 20,,,,,,,,,,,,,,,,,,,,,,,por_activo
85,2022-08-01,2023-01-31,AMZN,Reversión,False,19 días < 20,,,,,,,,,,,,,,,,,,,,,,,por_activo
85,2022-08-01,2023-01-31,AMZN,Crisis,False,ningún trial con ≥ 5 operaciones,,,,,,,,,,,,,,,,,,,,,,,por_activo
85,2022-08-01,2023-01-31,TSLA,global,True,,0.2024565679,0.231951038,28,29,16,12,27,27,35,35,61,61,27,27,13,15,1.587363806,1.549758906,1.185579674,1.185579674,2.161805294,2.20789074,por_activo
85,2022-08-01,2023-01-31,TSLA,Tendencia,False,0 días < 20,,,,,,,,,,,,,,,,,,,,,,,por_activo
85,2022-08-01,2023-01-31,TSLA,Reversión,False,19 días < 20,,,,,,,,,,,,,,,,,,,,,,,por_activo
85,2022-08-01,2023-01-31,TSLA,Crisis,False,ningún trial con ≥ 5 operaciones,,,,,,,,,,,,,,,,,,,,,,,por_activo
85,2022-08-01,2023-01-31,META,global,True,,2.316135965,1.765367839,14,13,99,100,7,7,26,28,62,62,36,36,33,30,1.574091507,1.574091507,1.459391364,1.38405702,1.740751343,1.740751343,por_activo
85,2022-08-01,2023-01-31,META,Tendencia,False,0 días < 20,,,,,,,,,,,,,,,,,,,,,,,por_activo
85,2022-08-01,2023-01-31,META,Reversión,False,19 días < 20,,,,,,,,,,,,,,,,,,,,,,,por_activo
85,2022-08-01,2023-01-31,META,Crisis,False,ningún trial con ≥ 5 operaciones,,,,,,,,,,,,,,,,,,,,,,,por_activo
85,2022-08-01,2023-01-31,NFLX,global,True,,4.438486143,4.667876498,17,17,81,86,7,7,36,37,63,62,35,35,27,24,1.60284707,1.755566068,1.962469533,1.993927135,2.137748378,2.137748378,por_activo
85,2022-08-01,2023-01-31,NFLX,Tendencia,False,0 días < 20,,,,,,,,,,,,,,,,,,,,,,,por_activo
85,2022-08-01,2023-01-31,NFLX,Reversión,False,19 días < 20,,,,,,,,,,,,,,,,,,,,,,,por_activo
85,2022-08-01,2023-01-31,NFLX,Crisis,False,ningún trial con ≥ 5 operaciones,,,,,,,,,,,,,,,,,,,,,,,por_activo
85,2022-08-01,2023-01-31,GOOGL,global,False,,,,,,,,,,,,,,,,,,,,,,,,por_activo
85,2022-08-01,2023-01-31,GOOGL,Tendencia,False,0 días < 20,,,,,,,,,,,,,,,,,,,,,,,por_activo
85,2022-08-01,2023-01-31,GOOGL,Reversión,False,19 días < 20,,,,,,,,,,,,,,,,,,,,,,,por_activo
85,2022-08-01,2023-01-31,GOOGL,Crisis,False,ningún trial con ≥ 5 operaciones,,,,,,,,,,,,,,,,,,,,,,,por_activo
86,2022-09-01,2023-02-28,NVDA,global,True,,-1.079629699,-0.5201734241,25,25,68,69,10,9,35,32,69,66,25,19,16,17,1.73859377,1.866245009,1.541432138,2.033461557,2.73569228,3.58377584,por_activo
86,2022-09-01,2023-02-28,NVDA,Tendencia,False,0 días < 20,,,,,,,,,,,,,,,,,,,,,,,por_activo
86,2022-09-01,2023-02-28,NVDA,Reversión,False,ningún trial con ≥ 5 operaciones,,,,,,,,,,,,,,,,,,,,,,,por_activo
86,2022-09-01,2023-02-28,NVDA,Crisis,False,ningún trial con ≥ 5 operaciones,,,,,,,,,,,,,,,,,,,,,,,por_activo
86,2022-09-01,2023-02-28,AMZN,global,True,,0.1507218511,0.1507218511,29,29,28,28,14,14,40,40,72,72,10,10,31,31,1.722954308,1.722954308,3.672678523,3.672678523,3.834468996,3.834468996,por_activo
86,2022-09-01,2023-02-28,AMZN,Tendencia,False,0 días < 20,,,,,,,,,,,,,,,,,,,,,,,por_activo
86,2022-09-01,2023-02-28,AMZN,Reversión,False,ningún trial con ≥ 5 operaciones,,,,,,,,,,,,,,,,,,,,,,,por_activo
86,2022-09-01,2023-02-28,AMZN,Crisis,False,ningún trial con ≥ 5 operaciones,,,,,,,,,,,,,,,,,,,,,,,por_activo
86,2022-09-01,2023-02-28,TSLA,global,True,,-1.268509601,-1.207566802,29,30,29,29,8,8,32,33,77,77,14,14,12,14,1.578418378,1.578418378,1.978801295,1.796659658,5.727348723,5.816633887,por_activo
86,2022-09-01,2023-02-28,TSLA,Tendencia,False,0 días < 20,,,,,,,,,,,,,,,,,,,,,,,por_activo
86,2022-09-01,2023-02-28,TSLA,Reversión,True,,-1.507114168,-1.506403761,28,28,73,76,16,16,21,20,62,63,16,17,26,26,1.70854927,1.706039127,1.368956611,1.361493417,4.375880721,3.669468434,por_activo
86,2022-09-01,2023-02-28,TSLA,Crisis,False,ningún trial con ≥ 5 operaciones,,,,,,,,,,,,,,,,,,,,,,,por_activo
86,2022-09-01,2023-02-28,META,global,True,,6.564989658,16.80918817,16,15,32,43,24,24,40,38,70,70,11,14,12,11,1.636327411,1.571043242,1.3982619,1.037308321,5.110037811,5.025430267,por_activo
86,2022-09-01,2023-02-28,META,Tendencia,False,0 días < 20,,,,,,,,,,,,,,,,,,,,,,,por_activo
86,2022-09-01,2023-02-28,META,Reversión,False,ningún trial con ≥ 5 operaciones,,,,,,,,,,,,,,,,,,,,,,,por_activo
86,2022-09-01,2023-02-28,META,Crisis,False,ningún trial con ≥ 5 operaciones,,,,,,,,,,,,,,,,,,,,,,,por_activo
86,2022-09-01,2023-02-28,NFLX,global,True,,15.64134593,16.55733011,18,19,86,89,7,7,35,35,64,64,18,17,5,5,1.613349483,1.601327437,1.969737659,1.931271656,3.420096259,3.778896382,por_activo
86,2022-09-01,2023-02-28,NFLX,Tendencia,False,0 días < 20,,,,,,,,,,,,,,,,,,,,,,,por_activo
86,2022-09-01,2023-02-28,NFLX,Reversión,False,ningún trial con ≥ 5 operaciones,,,,,,,,,,,,,,,,,,,,,,,por_activo
86,2022-09-01,2023-02-28,NFLX,Crisis,False,ningún trial con ≥ 5 operaciones,,,,,,,,,,,,,,,,,,,,,,,por_activo
86,2022-09-01,2023-02-28,GOOGL,global,False,,,,,,,,,,,,,,,,,,,,,,,,por_activo
86,2022-09-01,2023-02-28,GOOGL,Tendencia,False,0 días < 20,,,,,,,,,,,,,,,,,,,,,,,por_activo
86,2022-09-01,2023-02-28,GOOGL,Reversión,False,ningún trial con ≥ 5 operaciones,,,,,,,,,,,,,,,,,,,,,,,por_activo
86,2022-09-01,2023-02-28,GOOGL,Crisis,False,ningún trial con ≥ 5 operaciones,,,,,,,,,,,,,,,,,,,,,,,por_activo
87,2022-10-03,2023-03-31,NVDA,global,False,,,,,,,,,,,,,,,,,,,,,,,,por_activo
87,2022-10-03,2023-03-31,NVDA,Tendencia,False,0 días < 20,,,,,,,,,,,,,,,,,,,,,,,por_activo
87,2022-10-03,2023-03-31,NVDA,Reversión,True,,0.1748236967,0.285577697,27,27,55,62,8,8,36,36,73,73,31,32,14,12,1.655747521,1.586080706,1.095857182,1.105559868,3.857368068,4.281648643,por_activo
87,2022-10-03,2023-03-31,NVDA,Crisis,True,,-1.189670432,-0.5256560399,30,30,93,90,9,10,38,35,63,63,16,15,13,15,1.660192935,1.645931108,2.779412413,2.930441969,2.655414938,3.297161353,por_activo
87,2022-10-03,2023-03-31,AMZN,global,True,,4.237494633,5.598167348,9,9,79,80,27,26,38,38,61,61,10,10,33,30,1.523417022,1.522989243,1.391133578,1.179896365,1.456580941,1.456580941,por_activo
87,2022-10-03,2023-03-31,AMZN,Tendencia,False,0 días < 20,,,,,,,,,,,,,,,,,,,,,,,por_activo
87,2022-10-03,2023-03-31,AMZN,Reversión,False,ningún trial con ≥ 5 operaciones,,,,,,,,,,,,,,,,,,,,,,,por_activo
87,2022-10-03,2023-03-31,AMZN,Crisis,False,ningún trial con ≥ 5 operaciones,,,,,,,,,,,,,,,,,,,,,,,por_activo
87,2022-10-03,2023-03-31,TSLA,global,True,,-1.11107136,-1.008535643,10,11,46,52,7,7,31,31,60,60,36,38,38,37,1.687329555,1.758061206,2.682154882,2.636633874,5.73928666,5.610010677,por_activo
87,2022-10-03,2023-03-31,TSLA,Tendencia,False,0 días < 20,,,,,,,,,,,,,,,,,,,,,,,por_activo
87,2022-10-03,2023-03-31,TSLA,Reversión,True,,-1.183940368,-1.02138529,26,18,76,86,17,16,38,38,75,78,36,31,21,21,1.654624962,1.877044772,1.451341528,1.458114999,5.438273434,5.946523031,por_activo
87,2022-10-03,2023-03-31,TSLA,Crisis,False,ningún trial con ≥ 5 operaciones,,,,,,,,,,,,,,,,,,,,,,,por_activo
87,2022-10-03,2023-03-31,META,global,True,,-0.2337860599,0.3790613229,13,12,14,12,12,13,32,30,71,71,12,11,11,12,1.788008259,1.529116335,1.521697943,2.257954867,4.699066503,4.662128156,por_activo
87,2022-10-03,2023-03-31,META,Tendencia,False,0 días < 20,,,,,,,,,,,,,,,,,,,,,,,por_activo
87,2022-10-03,2023-03-31,META,Reversión,False,ningún trial con ≥ 5 operaciones,,,,,,,,,,,,,,,,,,,,,,,por_activo
87,2022-10-03,2023-03-31,META,Crisis,False,ningún trial con ≥ 5 operaciones,,,,,,,,,,,,,,,,,,,,,,,por_activo
87,2022-10-03,2023-03-31,NFLX,global,True,,13.17817239,16.1281772,8,9,81,72,8,8,38,37,66,67,22,31,5,5,1.590981175,1.573452935,2.523391662,2.544560769,3.425256947,3.755788066,por_activo
87,2022-10-03,2023-03-31,NFLX,Tendencia,False,0 días < 20,,,,,,,,,,,,,,,,,,,,,,,por_activo
87,2022-10-03,2023-03-31,NFLX,Reversión,False,ningún trial con ≥ 5 operaciones,,,,,,,,,,,,,,,,,,,,,,,por_activo
87,2022-10-03,2023-03-31,NFLX,Crisis,False,ningún trial con ≥ 5 operaciones,,,,,,,,,,,,,,,,,,,,,,,por_activo
87,2022-10-03,2023-03-31,GOOGL,global,False,,,,,,,,,,,,,,,,,,,,,,,,por_activo
87,2022-10-03,2023-03-31,GOOGL,Tendencia,False,0 días < 20,,,,,,,,,,,,,,,,,,,,,,,por_activo
87,2022-10-03,2023-03-31,GOOGL,Reversión,False,ningún trial con ≥ 5 operaciones,,,,,,,,,,,,,,,,,,,,,,,por_activo
87,2022-10-03,2023-03-31,GOOGL,Crisis,False,ningún trial con ≥ 5 operaciones,,,,,,,,,,,,,,,,,,,,,,,por_activo
88,2022-11-01,2023-04-28,NVDA,global,True,,-0.5686964739,-0.1464237297,28,8,82,36,12,26,31,35,67,60,36,10,39,14,1.727282581,1.752075112,1.076148859,2.388124492,4.382497397,2.759803803,por_activo
88,2022-11-01,2023-04-28,NVDA,Tendencia,False,0 días < 20,,,,,,,,,,,,,,,,,,,,,,,por_activo
88,2022-11-01,2023-04-28,NVDA,Reversión,False,10 días < 20,,,,,,,,,,,,,,,,,,,,,,,por_activo
88,2022-11-01,2023-04-28,NVDA,Crisis,False,ningún trial con ≥ 5 operaciones,,,,,,,,,,,,,,,,,,,,,,,por_activo
88,2022-11-01,2023-04-28,AMZN,global,True,,-0.08683705771,0.4299266031,8,7,95,92,8,8,32,32,63,64,16,20,6,7,1.599807865,1.599807865,2.060532376,1.714098347,5.733015084,5.942531428,por_activo
88,2022-11-01,2023-04-28,AMZN,Tendencia,False,0 días < 20,,,,,,,,,,,,,,,,,,,,,,,por_activo
88,2022-11-01,2023-04-28,AMZN,Reversión,False,10 días < 20,,,,,,,,,,,,,,,,,,,,,,,por_activo
88,2022-11-01,2023-04-28,AMZN,Crisis,False,ningún trial con ≥ 5 operaciones,,,,,,,,,,,,,,,,,,,,,,,por_activo
88,2022-11-01,2023-04-28,TSLA,global,True,,-1.388925569,-1.101455083,24,27,35,21,8,7,35,34,62,62,16,11,10,6,2.16260833,2.201402687,1.182274061,1.272044438,3.295321977,3.26142851,por_activo
88,2022-11-01,2023-04-28,TSLA,Tendencia,False,0 días < 20,,,,,,,,,,,,,,,,,,,,,,,por_activo
88,2022-11-01,2023-04-28,TSLA,Reversión,False,10 días < 20,,,,,,,,,,,,,,,,,,,,,,,por_activo
88,2022-11-01,2023-04-28,TSLA,Crisis,False,ningún trial con ≥ 5 operaciones,,,,,,,,,,,,,,,,,,,,,,,por_activo
88,2022-11-01,2023-04-28,META,global,True,,-1.144950163,-0.8325401229,20,20,89,99,10,10,22,23,62,60,20,22,31,32,1.695450546,1.75125063,1.298225045,1.104889871,3.698900945,3.488522371,por_activo
88,2022-11-01,2023-04-28,META,Tendencia,False,0 días < 20,,,,,,,,,,,,,,,,,,,,,,,por_activo
88,2022-11-01,2023-04-28,META,Reversión,False,10 días < 20,,,,,,,,,,,,,,,,,,,,,,,por_activo
88,2022-11-01,2023-04-28,META,Crisis,False,ningún trial con ≥ 5 operaciones,,,,,,,,,,,,,,,,,,,,,,,por_activo
88,2022-11-01,2023-04-28,NFLX,global,True,,3.172232182,4.729992646,25,27,54,75,10,12,34,35,66,64,13,14,5,5,1.560101769,1.512547493,2.696191712,2.790292007,1.585111507,1.077320268,por_activo
88,2022-11-01,2023-04-28,NFLX,Tendencia,False,0 días < 20,,,,,,,,,,,,,,,,,,,,,,,por_activo
88,2022-11-01,2023-04-28,NFLX,Reversión,False,10 días < 20,,,,,,,,,,,,,,,,,,,,,,,por_activo
88,2022-11-01,2023-04-28,NFLX,Crisis,False,ningún trial con ≥ 5 operaciones,,,,,,,,,,,,,,,,,,,,,,,por_activo
88,2022-11-01,2023-04-28,GOOGL,global,False,,,,,,,,,,,,,,,,,,,,,,,,por_activo
88,2022-11-01,2023-04-28,GOOGL,Tendencia,False,0 días < 20,,,,,,,,,,,,,,,,,,,,,,,por_activo
88,2022-11-01,2023-04-28,GOOGL,Reversión,False,10 días < 20,,,,,,,,,,,,,,,,,,,,,,,por_activo
88,2022-11-01,2023-04-28,GOOGL,Crisis,False,ningún trial con ≥ 5 operaciones,,,,,,,,,,,,,,,,,,,,,,,por_activo
89,2022-12-01,2023-05-31,NVDA,global,True,,1.417890147,1.627146586,16,13,82,59,26,25,34,34,61,62,12,13,13,25,1.630203177,1.7046693,1.111911466,1.47678466,4.400490905,5.15382373,por_activo
89,2022-12-01,2023-05-31,NVDA,Tendencia,False,12 días < 20,,,,,,,,,,,,,,,,,,,,,,,por_activo
89,2022-12-01,2023-05-31,NVDA,Reversión,False,10 días < 20,,,,,,,,,,,,,,,,,,,,,,,por_activo
89,2022-12-01,2023-05-31,NVDA,Crisis,False,ningún trial con ≥ 5 operaciones,,,,,,,,,,,,,,,,,,,,,,,por_activo
89,2022-12-01,2023-05-31,AMZN,global,False,,,,,,,,,,,,,,,,,,,,,,,,por_activo
89,2022-12-01,2023-05-31,AMZN,Tendencia,False,12 días < 20,,,,,,,,,,,,,,,,,,,,,,,por_activo
89,2022-12-01,2023-05-31,AMZN,Reversión,False,10 días < 20,,,,,,,,,,,,,,,,,,,,,,,por_activo
89,2022-12-01,2023-05-31,AMZN,Crisis,False,ningún trial con ≥ 5 operaciones,,,,,,,,,,,,,,,,,,,,,,,por_activo
89,2022-12-01,2023-05-31,TSLA,global,True,,1.189301092,2.264829205,23,23,18,15,8,8,21,21,74,72,35,36,21,21,1.625412054,1.612507298,1.075468462,1.003714779,5.226885413,5.185208357,por_activo
89,2022-12-01,2023-05-31,TSLA,Tendencia,False,12 días < 20,,,,,,,,,,,,,,,,,,,,,,,por_activo
89,2022-12-01,2023-05-31,TSLA,Reversión,False,10 días < 20,,,,,,,,,,,,,,,,,,,,,,,por_activo
89,2022-12-01,2023-05-31,TSLA,Crisis,False,ningún trial con ≥ 5 operaciones,,,,,,,,,,,,,,,,,,,,,,,por_activo
89,2022-12-01,2023-05-31,META,global,True,,-1.06959014,-0.4132404859,28,26,21,24,24,26,33,34,62,60,15,17,9,9,1.827097561,1.815519287,1.175791519,1.136274413,4.934586174,5.209482402,por_activo
89,2022-12-01,2023-05-31,META,Tendencia,False,12 días < 20,,,,,,,,,,,,,,,,,,,,,,,por_activo
89,2022-12-01,2023-05-31,META,Reversión,False,10 días < 20,,,,,,,,,,,,,,,,,,,,,,,por_activo
89,2022-12-01,2023-05-31,META,Crisis,False,ningún trial con ≥ 5 operaciones,,,,,,,,,,,,,,,,,,,,,,,por_activo
89,2022-12-01,2023-05-31,NFLX,global,True,,3.140177509,3.952151876,29,30,90,92,16,17,28,30,62,61,16,17,23,26,1.566976739,1.619761221,2.17534168,2.176167309,3.13430256,3.530906665,por_activo
89,2022-12-01,2023-05-31,NFLX,Tendencia,False,12 días < 20,,,,,,,,,,,,,,,,,,,,,,,por_activo
89,2022-12-01,2023-05-31,NFLX,Reversión,False,10 días < 20,,,,,,,,,,,,,,,,,,,,,,,por_activo
89,2022-12-01,2023-05-31,NFLX,Crisis,False,ningún trial con ≥ 5 operaciones,,,,,,,,,,,,,,,,,,,,,,,por_activo
89,2022-12-01,2023-05-31,GOOGL,global,True,,3.057049752,4.7012819,16,17,80,87,8,8,32,30,66,65,26,26,30,34,1.729748871,1.741697198,1.110608878,1.112722556,5.794819512,5.866079477,por_activo
89,2022-12-01,2023-05-31,GOOGL,Tendencia,False,12 días < 20,,,,,,,,,,,,,,,,,,,,,,,por_activo
89,2022-12-01,2023-05-31,GOOGL,Reversión,False,10 días < 20,,,,,,,,,,,,,,,,,,,,,,,por_activo
89,2022-12-01,2023-05-31,GOOGL,Crisis,False,ningún trial con ≥ 5 operaciones,,,,,,,,,,,,,,,,,,,,,,,por_activo
90,2023-01-03,2023-06-30,NVDA,global,True,,-1.015250307,-0.5947607485,27,27,50,49,20,20,32,31,62,61,10,10,6,5,1.581889922,1.562595671,3.362372375,3.490206336,1.397531803,1.499278886,por_activo
90,2023-01-03,2023-06-30,NVDA,Tendencia,False,ningún trial con ≥ 5 operaciones,,,,,,,,,,,,,,,,,,,,,,,por_activo
90,2023-01-03,2023-06-30,NVDA,Reversión,False,10 días < 20,,,,,,,,,,,,,,,,,,,,,,,por_activo
90,2023-01-03,2023-06-30,NVDA,Crisis,False,ningún trial con ≥ 5 operaciones,,,,,,,,,,,,,,,,,,,,,,,por_activo
90,2023-01-03,2023-06-30,AMZN,global,True,,-1.165595609,1.130332558,10,10,87,87,8,7,36,35,69,68,40,39,22,23,1.64275926,1.721289754,3.799577637,3.923715631,1.142750047,1.126213197,por_activo
90,2023-01-03,2023-06-30,AMZN,Tendencia,True,,-1.847666589,-1.857179777,29,30,71,73,10,10,24,23,65,63,29,27,10,10,1.642645427,1.695427295,1.192318162,1.401517189,5.667526677,5.63223194,por_activo
90,2023-01-03,2023-06-30,AMZN,Reversión,False,10 días < 20,,,,,,,,,,,,,,,,,,,,,,,por_activo
90,2023-01-03,2023-06-30,AMZN,Crisis,False,ningún trial con ≥ 5 operaciones,,,,,,,,,,,,,,,,,,,,,,,por_activo
90,2023-01-03,2023-06-30,TSLA,global,True,,-1.350447241,-1.294508878,8,8,96,97,9,7,24,22,79,79,15,15,33,33,1.60735243,1.610622958,1.43645034,1.343793494,2.272286821,2.22138535,por_activo
90,2023-01-03,2023-06-30,TSLA,Tendencia,True,,-1.427327729,-1.424214417,24,25,94,94,13,11,39,38,64,65,39,39,8,10,1.738396981,1.685291585,1.732562174,1.715735368,4.139519848,4.445698413,por_activo
90,2023-01-03,2023-06-30,TSLA,Reversión,False,10 días < 20,,,,,,,,,,,,,,,,,,,,,,,por_activo
90,2023-01-03,2023-06-30,TSLA,Crisis,False,ningún trial con ≥ 5 operaciones,,,,,,,,,,,,,,,,,,,,,,,por_activo
90,2023-01-03,2023-06-30,META,global,True,,-1.524510895,-1.346264471,21,19,65,48,7,8,24,25,76,76,12,10,36,36,1.699760256,1.817034409,2.044242372,2.501641642,2.203932545,1.039190565,por_activo
90,2023-01-03,2023-06-30,META,Tendencia,True,,-1.900857953,-1.895005128,8,10,14,12,26,26,39,39,61,62,16,16,20,22,1.611170524,1.665645781,1.162784932,1.286683285,5.239455128,5.226147682,por_activo
90,2023-01-03,2023-06-30,META,Reversión,False,10 días < 20,,,,,,,,,,,,,,,,,,,,,,,por_activo
90,2023-01-03,2023-06-30,META,Crisis,False,ningún trial con ≥ 5 operaciones,,,,,,,,,,,,,,,,,,,,,,,por_activo
90,2023-01-03,2023-06-30,NFLX,global,True,,-1.498874189,-0.6766279985,26,27,70,80,9,9,28,38,62,66,32,18,9,38,1.800011189,1.806226138,1.129121732,1.767917736,3.503690219,3.653894395,por_activo
90,2023-01-03,2023-06-30,NFLX,Tendencia,True,,-0.8433657027,-0.585642086,22,24,44,49,16,16,22,32,66,64,27,27,36,38,1.645047459,1.791197628,1.218849912,1.070498868,1.267320961,1.317082666,por_activo
90,2023-01-03,2023-06-30,NFLX,Reversión,False,10 días < 20,,,,,,,,,,,,,,,,,,,,,,,por_activo
90,2023-01-03,2023-06-30,NFLX,Crisis,False,ningún trial con ≥ 5 operaciones,,,,,,,,,,,,,,,,,,,,,,,por_activo
90,2023-01-03,2023-06-30,GOOGL,global,True,,-1.447696554,-1.437761384,24,24,54,51,9,9,34,34,60,61,18,17,16,16,1.570765872,1.569355128,1.688664662,1.976169843,5.656686372,5.890056413,por_activo
90,2023-01-03,2023-06-30,GOOGL,Tendencia,True,,-0.4492108957,-0.02621077573,9,7,64,59,8,8,36,36,76,75,16,17,37,37,1.551737812,1.591151887,1.105252593,1.191756295,1.08008406,1.03108612,por_activo
90,2023-01-03,2023-06-30,GOOGL,Reversión,False,10 días < 20,,,,,,,,,,,,,,,,,,,,,,,por_activo
90,2023-01-03,2023-06-30,GOOGL,Crisis,False,ningún trial con ≥ 5 operaciones,,,,,,,,,,,,,,,,,,,,,,,por_activo
91,2023-02-01,2023-07-31,NVDA,global,False,,,,,,,,,,,,,,,,,,,,,,,,por_activo
91,2023-02-01,2023-07-31,NVDA,Tendencia,True,,2.255181167,2.495487195,13,13,96,97,18,17,39,38,69,69,37,38,8,7,1.802569791,1.837134457,1.706955672,1.060140203,1.199835922,1.274820398,por_activo
91,2023-02-01,2023-07-31,NVDA,Reversión,False,6 días < 20,,,,,,,,,,,,,,,,,,,,,,,por_activo
91,2023-02-01,2023-07-31,NVDA,Crisis,False,ningún trial con ≥ 5 operaciones,,,,,,,,,,,,,,,,,,,,,,,por_activo
91,2023-02-01,2023-07-31,AMZN,global,True,,0.5570523934,1.145310788,19,14,92,92,9,9,21,24,61,61,12,11,37,37,1.635173184,1.594167978,1.231059212,1.248927083,1.654707468,2.176945234,por_activo
91,2023-02-01,2023-07-31,AMZN,Tendencia,False,ningún trial con ≥ 5 operaciones,,,,,,,,,,,,,,,,,,,,,,,por_activo
91,2023-02-01,2023-07-31,AMZN,Reversión,False,6 días < 20,,,,,,,,,,,,,,,,,,,,,,,por_activo
91,2023-02-01,2023-07-31,AMZN,Crisis,False,ningún trial con ≥ 5 operaciones,,,,,,,,,,,,,,,,,,,,,,,por_activo
91,2023-02-01,2023-07-31,TSLA,global,True,,2.322003308,2.354131809,7,5,21,25,8,8,37,36,63,63,11,10,24,28,1.61350368,1.599268636,1.435601436,1.435601436,3.510223371,3.522915046,por_activo
91,2023-02-01,2023-07-31,TSLA,Tendencia,True,,-0.7257576661,-0.2687463773,8,9,30,38,18,19,22,22,67,68,30,29,5,5,1.567221741,1.51210495,1.120301465,1.120103119,4.941661001,5.03122484,por_activo
91,2023-02-01,2023-07-31,TSLA,Reversión,False,6 días < 20,,,,,,,,,,,,,,,,,,,,,,,por_activo
91,2023-02-01,2023-07-31,TSLA,Crisis,False,ningún trial con ≥ 5 operaciones,,,,,,,,,,,,,,,,,,,,,,,por_activo
91,2023-02-01,2023-07-31,META,global,True,,-1.458446723,-1.457358437,26,25,40,57,8,10,21,24,70,69,38,37,35,36,1.541068682,1.690801901,1.707199686,1.867447105,2.864147318,1.928887164,por_activo
91,2023-02-01,2023-07-31,META,Tendencia,True,,0.5464436304,0.4105051964,26,27,23,25,14,14,27,27,64,65,31,34,7,8,1.722388233,1.762690591,2.016524316,2.056523446,4.327767824,4.429636008,por_activo
91,2023-02-01,2023-07-31,META,Reversión,False,6 días < 20,,,,,,,,,,,,,,,,,,,,,,,por_activo
91,2023-02-01,2023-07-31,META,Crisis,False,ningún trial con ≥ 5 operaciones,,,,,,,,,,,,,,,,,,,,,,,por_activo
91,2023-02-01,2023-07-31,NFLX,global,True,,0.9341343537,1.851492629,8,11,28,38,15,15,38,38,61,62,14,12,12,8,1.865046498,1.871372956,1.216283439,1.261049785,1.126590116,1.111112398,por_activo
91,2023-02-01,2023-07-31,NFLX,Tendencia,True,,-0.9147449868,-0.9147449868,15,15,94,94,12,12,39,39,74,74,30,30,11,11,1.680782995,1.680782995,3.303339894,3.303339894,4.386795262,4.386795262,por_activo
91,2023-02-01,2023-07-31,NFLX,Reversión,False,6 días < 20,,,,,,,,,,,,,,,,,,,,,,,por_activo
91,2023-02-01,2023-07-31,NFLX,Crisis,False,ningún trial con ≥ 5 operaciones,,,,,,,,,,,,,,,,,,,,,,,por_activo
91,2023-02-01,2023-07-31,GOOGL,global,True,,0.3613479715,5.728454723,10,7,16,41,10,12,39,39,69,69,11,10,13,7,1.573654015,1.696769805,1.686881073,1.677611211,5.126966631,5.124697463,por_activo
91,2023-02-01,2023-07-31,GOOGL,Tendencia,True,,0.8777272287,1.006940311,25,25,97,100,22,22,34,33,60,60,37,39,33,34,1.552768802,1.590555271,1.063464566,1.019087972,5.523794993,5.636488826,por_activo
91,2023-02-01,2023-07-31,GOOGL,Reversión,False,6 días < 20,,,,,,,,,,,,,,,,,,,,,,,por_activo
91,2023-02-01,2023-07-31,GOOGL,Crisis,False,ningún trial con ≥ 5 operaciones,,,,,,,,,,,,,,,,,,,,,,,por_activo
92,2023-03-01,2023-08-31,NVDA,global,True,,-0.9240064282,-0.8495149232,10,12,95,93,13,12,37,38,63,62,35,34,6,6,1.717647297,1.804798687,1.417387441,1.70925729,5.403496216,5.501400522,por_activo
92,2023-03-01,2023-08-31,NVDA,Tendencia,True,,2.078822298,1.907876108,26,25,87,87,19,21,26,25,72,72,14,10,16,17,1.685796648,1.643782297,1.524595302,1.482616748,5.01890676,5.198914438,por_activo
92,2023-03-01,2023-08-31,NVDA,Reversión,False,1 días < 20,,,,,,,,,,,,,,,,,,,,,,,por_activo
92,2023-03-01,2023-08-31,NVDA,Crisis,False,ningún trial con ≥ 5 operaciones,,,,,,,,,,,,,,,,,,,,,,,por_activo
92,2023-03-01,2023-08-31,AMZN,global,False,,,,,,,,,,,,,,,,,,,,,,,,por_activo
92,2023-03-01,2023-08-31,AMZN,Tendencia,True,,-1.067806024,-0.7407310035,27,22,85,58,10,14,22,22,62,65,10,20,23,14,1.831742928,1.761260584,1.14019583,1.419822005,5.477598704,1.84228994,por_activo
92,2023-03-01,2023-08-31,AMZN,Reversión,False,1 días < 20,,,,,,,,,,,,,,,,,,,,,,,por_activo
92,2023-03-01,2023-08-31,AMZN,Crisis,False,ningún trial con ≥ 5 operaciones,,,,,,,,,,,,,,,,,,,,,,,por_activo
92,2023-03-01,2023-08-31,TSLA,global,True,,0.6264283978,4.283907793,23,26,19,12,7,9,21,21,66,69,10,10,25,31,1.584572381,1.927604017,1.34181671,1.390385021,5.573702504,5.731543907,por_activo
92,2023-03-01,2023-08-31,TSLA,Tendencia,True,,2.143367065,3.393818488,11,8,60,45,16,14,38,30,79,78,10,10,6,14,1.601806752,1.800561289,1.829877892,1.013099109,5.560112647,4.740908733,por_activo
92,2023-03-01,2023-08-31,TSLA,Reversión,False,1 días < 20,,,,,,,,,,,,,,,,,,,,,,,por_activo
92,2023-03-01,2023-08-31,TSLA,Crisis,False,ningún trial con ≥ 5 operaciones,,,,,,,,,,,,,,,,,,,,,,,por_activo
92,2023-03-01,2023-08-31,META,global,True,,6.966909225,8.091252241,16,12,54,51,7,8,39,40,65,65,23,24,8,9,1.731665126,1.619352608,3.234113236,3.193438952,3.706012627,3.46091076,por_activo
92,2023-03-01,2023-08-31,META,Tendencia,True,,-0.5483038856,-0.4842868819,13,11,70,70,19,19,38,40,68,68,19,14,17,17,1.910445643,1.953482037,2.980317326,2.77150896,4.982052933,4.518024572,por_activo
92,2023-03-01,2023-08-31,META,Reversión,False,1 días < 20,,,,,,,,,,,,,,,,,,,,,,,por_activo
92,2023-03-01,2023-08-31,META,Crisis,False,ningún trial con ≥ 5 operaciones,,,,,,,,,,,,,,,,,,,,,,,por_activo
92,2023-03-01,2023-08-31,NFLX,global,True,,-1.345359879,0.4446296162,28,27,72,56,10,10,24,22,66,66,12,10,10,10,1.555410129,1.52285867,3.106340049,3.311020476,5.69338262,5.647695025,por_activo
92,2023-03-01,2023-08-31,NFLX,Tendencia,True,,4.859838433,5.045889519,26,30,94,92,7,7,32,31,68,68,24,26,39,38,1.890187398,1.90938573,1.517681955,1.635213182,1.263132257,1.383828578,por_activo
92,2023-03-01,2023-08-31,NFLX,Reversión,False,1 días < 20,,,,,,,,,,,,,,,,,,,,,,,por_activo
92,2023-03-01,2023-08-31,NFLX,Crisis,False,ningún trial con ≥ 5 operaciones,,,,,,,,,,,,,,,,,,,,,,,por_activo
92,2023-03-01,2023-08-31,GOOGL,global,True,,-0.1867903538,-0.1867903538,28,27,78,78,7,7,33,34,65,65,12,12,10,10,1.61395604,1.61152545,2.174115438,2.174115438,4.128591197,4.351380935,por_activo
92,2023-03-01,2023-08-31,GOOGL,Tendencia,True,,2.213323682,2.652826198,12,14,66,69,20,20,35,35,62,62,17,17,36,32,1.922166066,1.922166066,1.121953787,1.000680273,5.078616402,5.078616402,por_activo
92,2023-03-01,2023-08-31,GOOGL,Reversión,False,1 días < 20,,,,,,,,,,,,,,,,,,,,,,,por_activo
92,2023-03-01,2023-08-31,GOOGL,Crisis,False,ningún trial con ≥ 5 operaciones,,,,,,,,,,,,,,,,,,,,,,,por_activo
93,2023-04-03,2023-09-29,NVDA,global,False,,,,,,,,,,,,,,,,,,,,,,,,por_activo
93,2023-04-03,2023-09-29,NVDA,Tendencia,True,,3.250683162,4.20311441,22,25,24,25,15,14,30,29,62,61,34,35,26,26,1.538756755,1.518993186,1.249102992,1.232086276,1.263704742,1.2906264,por_activo
93,2023-04-03,2023-09-29,NVDA,Reversión,False,ningún trial con ≥ 5 operaciones,,,,,,,,,,,,,,,,,,,,,,,por_activo
93,2023-04-03,2023-09-29,NVDA,Crisis,False,ningún trial con ≥ 5 operaciones,,,,,,,,,,,,,,,,,,,,,,,por_activo
93,2023-04-03,2023-09-29,AMZN,global,True,,-1.062020693,0.9328153576,15,28,35,16,10,15,29,25,67,60,34,28,18,16,2.008619984,1.654524448,1.295278889,3.967663774,4.296679076,1.247318086,por_activo
93,2023-04-03,2023-09-29,AMZN,Tendencia,True,,2.45355726,2.757123293,10,9,20,27,16,16,34,37,63,63,30,30,32,34,1.830972447,1.826722185,1.350720118,1.304677563,1.856619335,2.027866318,por_activo
93,2023-04-03,2023-09-29,AMZN,Reversión,False,ningún trial con ≥ 5 operaciones,,,,,,,,,,,,,,,,,,,,,,,por_activo
93,2023-04-03,2023-09-29,AMZN,Crisis,False,ningún trial con ≥ 5 operaciones,,,,,,,,,,,,,,,,,,,,,,,por_activo
93,2023-04-03,2023-09-29,TSLA,global,True,,1.207252158,1.495669596,12,16,47,65,11,10,39,39,62,65,38,38,40,32,1.592919737,1.616276334,2.044450517,1.824235782,3.282215282,3.023888461,por_activo
93,2023-04-03,2023-09-29,TSLA,Tendencia,True,,1.9173245,0.810271709,20,23,82,88,24,23,31,34,78,77,22,24,22,22,2.034397726,2.033311376,1.06517625,1.060850277,5.863472033,5.900787537,por_activo
93,2023-04-03,2023-09-29,TSLA,Reversión,False,ningún trial con ≥ 5 operaciones,,,,,,,,,,,,,,,,,,,,,,,por_activo
93,2023-04-03,2023-09-29,TSLA,Crisis,False,ningún trial con ≥ 5 operaciones,,,,,,,,,,,,,,,,,,,,,,,por_activo
93,2023-04-03,2023-09-29,META,global,True,,2.905653652,4.098064208,13,14,21,21,7,8,40,40,62,62,36,35,38,35,1.782851422,1.710357308,1.216262441,1.216262441,4.284161284,2.925228205,por_activo
93,2023-04-03,2023-09-29,META,Tendencia,True,,8.927622272,11.61472669,28,29,34,37,7,7,40,40,73,75,28,24,18,17,2.064874765,2.013700425,1.153087314,1.158219097,2.8032889,1.898757703,por_activo
93,2023-04-03,2023-09-29,META,Reversión,False,ningún trial con ≥ 5 operaciones,,,,,,,,,,,,,,,,,,,,,,,por_activo
93,2023-04-03,2023-09-29,META,Crisis,False,ningún trial con ≥ 5 operaciones,,,,,,,,,,,,,,,,,,,,,,,por_activo
93,2023-04-03,2023-09-29,NFLX,global,True,,1.558914311,1.87580929,8,9,90,99,10,11,34,34,63,64,16,17,35,34,1.727488224,1.791407904,1.94979307,1.69773784,4.311243667,4.454103988,por_activo
93,2023-04-03,2023-09-29,NFLX,Tendencia,True,,4.191238214,8.172997495,28,29,47,62,25,28,21,22,67,67,34,30,7,7,1.772234763,1.599477837,1.116532151,1.987921808,5.124256321,5.106415846,por_activo
93,2023-04-03,2023-09-29,NFLX,Reversión,False,ningún trial con ≥ 5 operaciones,,,,,,,,,,,,,,,,,,,,,,,por_activo
93,2023-04-03,2023-09-29,NFLX,Crisis,False,ningún trial con ≥ 5 operaciones,,,,,,,,,,,,,,,,,,,,,,,por_activo
93,2023-04-03,2023-09-29,GOOGL,global,True,,6.965257345,7.972492122,7,6,66,69,9,9,22,23,61,62,11,10,24,26,1.668687066,1.668687066,1.996952307,1.906023519,1.36271273,1.36271273,por_activo
93,2023-04-03,2023-09-29,GOOGL,Tendencia,True,,7.408336745,32.5981599,14,14,72,80,20,18,39,40,61,66,11,11,6,5,1.707418507,1.761629092,1.667782744,2.044850157,2.384822211,2.137468363,por_activo
93,2023-04-03,2023-09-29,GOOGL,Reversión,False,ningún trial con ≥ 5 operaciones,,,,,,,,,,,,,,,,,,,,,,,por_activo
93,2023-04-03,2023-09-29,GOOGL,Crisis,False,ningún trial con ≥ 5 operaciones,,,,,,,,,,,,,,,,,,,,,,,por_activo
94,2023-05-01,2023-10-31,NVDA,global,False,,,,,,,,,,,,,,,,,,,,,,,,por_activo
94,2023-05-01,2023-10-31,NVDA,Tendencia,True,,-0.6082747364,-0.3645087636,28,30,88,94,9,9,32,31,64,63,11,10,32,37,2.067013926,2.230089142,2.046165276,2.069256255,3.575749444,3.776530667,por_activo
94,2023-05-01,2023-10-31,NVDA,Reversión,False,ningún trial con ≥ 5 operaciones,,,,,,,,,,,,,,,,,,,,,,,por_activo
94,2023-05-01,2023-10-31,NVDA,Crisis,False,10 días < 20,,,,,,,,,,,,,,,,,,,,,,,por_activo
94,2023-05-01,2023-10-31,AMZN,global,True,,4.659339452,4.944836593,30,30,25,26,7,7,39,39,60,60,32,31,35,34,2.07845619,2.095604994,1.754904182,1.895104178,3.130867159,3.606406534,por_activo
94,2023-05-01,2023-10-31,AMZN,Tendencia,True,,3.450213116,2.602228143,9,9,49,54,16,16,20,20,62,62,11,13,18,21,1.598195893,1.616124728,1.339390121,1.339390121,1.876544118,1.987284781,por_activo
94,2023-05-01,2023-10-31,AMZN,Reversión,False,ningún trial con ≥ 5 operaciones,,,,,,,,,,,,,,,,,,,,,,,por_activo
94,2023-05-01,2023-10-31,AMZN,Crisis,False,10 días < 20,,,,,,,,,,,,,,,,,,,,,,,por_activo
94,2023-05-01,2023-10-31,TSLA,global,True,,-0.3708301639,0.09743541365,10,9,84,85,16,15,24,23,60,60,28,28,12,13,1.748585186,1.833766318,1.642996961,1.624973184,5.247885353,5.35531829,por_activo
94,2023-05-01,2023-10-31,TSLA,Tendencia,True,,0.5871858699,0.6801385314,6,5,80,77,24,25,32,33,61,60,35,32,20,21,1.980238955,2.006506925,1.780499825,1.760015935,3.402746487,3.554076603,por_activo
94,2023-05-01,2023-10-31,TSLA,Reversión,False,ningún trial con ≥ 5 operaciones,,,,,,,,,,,,,,,,,,,,,,,por_activo
94,2023-05-01,2023-10-31,TSLA,Crisis,False,10 días < 20,,,,,,,,,,,,,,,,,,,,,,,por_activo
94,2023-05-01,2023-10-31,META,global,True,,4.090095173,8.733775573,22,24,79,75,10,9,23,23,61,61,16,15,8,8,2.071244548,2.077943402,1.230436361,1.035004009,1.718180946,1.770245776,por_activo
94,2023-05-01,2023-10-31,META,Tendencia,True,,11.49303112,12.94911676,16,16,41,45,9,10,24,24,62,63,28,28,38,38,1.941855277,1.875115514,1.0761731,1.0761731,1.907928254,2.045806018,por_activo
94,2023-05-01,2023-10-31,META,Reversión,False,ningún trial con ≥ 5 operaciones,,,,,,,,,,,,,,,,,,,,,,,por_activo
94,2023-05-01,2023-10-31,META,Crisis,False,10 días < 20,,,,,,,,,,,,,,,,,,,,,,,por_activo
94,2023-05-01,2023-10-31,NFLX,global,False,,,,,,,,,,,,,,,,,,,,,,,,por_activo
94,2023-05-01,2023-10-31,NFLX,Tendencia,True,,4.376561536,8.98905281,26,27,85,94,11,11,38,40,62,60,23,24,7,5,1.844366642,1.856917696,1.140304554,1.481074097,3.481896499,3.779790889,por_activo
94,2023-05-01,2023-10-31,NFLX,Reversión,True,,5.248282294,5.865712202,28,28,18,15,14,14,32,32,62,62,11,11,37,39,1.593442435,1.640982979,1.918726563,1.789344117,1.892393618,1.933370363,por_activo
94,2023-05-01,2023-10-31,NFLX,Crisis,False,10 días < 20,,,,,,,,,,,,,,,,,,,,,,,por_activo
94,2023-05-01,2023-10-31,GOOGL,global,True,,5.076333701,5.498609356,30,28,36,40,9,9,40,40,65,67,36,37,5,5,1.606789494,1.588320323,3.00317992,3.438495749,3.002208957,3.147425123,por_activo
94,2023-05-01,2023-10-31,GOOGL,Tendencia,True,,25.80825259,27.72825201,22,21,70,80,12,14,22,21,60,61,11,11,6,6,1.782155247,1.807358244,1.220431805,1.158706558,1.921646524,2.212516787,por_activo
94,2023-05-01,2023-10-31,GOOGL,Reversión,False,ningún trial con ≥ 5 operaciones,,,,,,,,,,,,,,,,,,,,,,,por_activo
94,2023-05-01,2023-10-31,GOOGL,Crisis,False,10 días < 20,,,,,,,,,,,,,,,,,,,,,,,por_activo
95,2023-06-01,2023-11-30,NVDA,global,True,,4.41434172,8.557107526,9,11,78,78,7,7,36,36,68,68,21,23,15,6,1.663199956,1.642103554,1.790017888,1.868215049,5.80526468,5.552386463,por_activo
95,2023-06-01,2023-11-30,NVDA,Tendencia,True,,17.53568712,22.24099463,29,27,78,78,7,8,21,20,67,67,27,23,9,9,1.549787081,1.529821116,3.888709057,3.805827677,1.509800089,1.517056211,por_activo
95,2023-06-01,2023-11-30,NVDA,Reversión,False,ningún trial con ≥ 5 operaciones,,,,,,,,,,,,,,,,,,,,,,,por_activo
95,2023-06-01,2023-11-30,NVDA,Crisis,False,0 días < 20,,,,,,,,,,,,,,,,,,,,,,,por_activo
95,2023-06-01,2023-11-30,AMZN,global,True,,1.479078931,1.479078931,23,23,24,24,28,28,40,40,61,61,27,27,5,5,1.541572213,1.541572213,1.012329891,1.012329891,4.648427863,4.648427863,por_activo
95,2023-06-01,2023-11-30,AMZN,Tendencia,True,,2.315588868,2.888367317,25,27,78,79,19,18,33,33,62,65,10,10,20,18,1.550367369,1.542011572,1.199695749,1.343919266,5.614000394,5.342176916,por_activo
95,2023-06-01,2023-11-30,AMZN,Reversión,True,,1.77159756,3.62043873,24,23,40,81,8,10,36,34,69,67,27,32,30,6,1.649262593,1.592248372,1.211429687,2.344618302,3.913812578,2.991509434,por_activo
95,2023-06-01,2023-11-30,AMZN,Crisis,False,0 días < 20,,,,,,,,,,,,,,,,,,,,,,,por_activo
95,2023-06-01,2023-11-30,TSLA,global,True,,2.581146977,3.834954418,28,5,78,75,12,7,32,23,61,67,28,25,36,27,1.724540897,1.967027807,1.15475565,1.501327991,3.466444421,5.573250359,por_activo
95,2023-06-01,2023-11-30,TSLA,Tendencia,True,,2.703750232,3.090622995,26,27,62,66,28,28,20,20,70,70,35,35,25,21,1.93772037,2.111807395,1.054223408,1.00738684,3.363917117,3.305919051,por_activo
95,2023-06-01,2023-11-30,TSLA,Reversión,True,,-0.3688034993,-0.3688034993,21,21,51,51,11,11,38,38,62,62,11,11,26,26,2.521612891,2.521612891,1.122570489,1.122570489,1.170228514,1.170228514,por_activo
95,2023-06-01,2023-11-30,TSLA,Crisis,False,0 días < 20,,,,,,,,,,,,,,,,,,,,,,,por_activo
95,2023-06-01,2023-11-30,META,global,False,,,,,,,,,,,,,,,,,,,,,,,,por_activo
95,2023-06-01,2023-11-30,META,Tendencia,True,,7.493094249,7.574132848,10,10,40,42,22,22,35,36,63,64,26,26,37,38,1.749834119,1.82730675,1.107869343,1.030631344,1.873412549,1.823794098,por_activo
95,2023-06-01,2023-11-30,META,Reversión,True,,2.30874436,2.987436646,7,6,96,97,8,8,28,27,60,61,14,13,14,14,1.627278256,1.573134084,1.153341618,1.078641448,2.007030553,2.113366976,por_activo
95,2023-06-01,2023-11-30,META,Crisis,False,0 días < 20,,,,,,,,,,,,,,,,,,,,,,,por_activo
95,2023-06-01,2023-11-30,NFLX,global,True,,-0.3634406873,1.983008666,13,13,94,81,10,9,38,36,62,62,30,29,16,9,1.945511484,1.945511484,1.162532188,1.22473682,3.838432226,4.362282564,por_activo
95,2023-06-01,2023-11-30,NFLX,Tendencia,True,,9.068857067,9.929816701,12,14,50,52,9,9,38,38,68,68,12,11,20,20,1.85034934,1.991101565,1.173732624,1.155986348,1.556853898,1.69363584,por_activo
95,2023-06-01,2023-11-30,NFLX,Reversión,True,,5.657260391,8.435535822,7,5,14,23,18,16,32,31,69,65,11,10,6,6,1.641259658,1.661586698,1.137046707,1.038186552,5.242268048,4.995500056,por_activo
95,2023-06-01,2023-11-30,NFLX,Crisis,False,0 días < 20,,,,,,,,,,,,,,,,,,,,,,,por_activo
95,2023-06-01,2023-11-30,GOOGL,global,False,,,,,,,,,,,,,,,,,,,,,,,,por_activo
95,2023-06-01,2023-11-30,GOOGL,Tendencia,True,,9.420789558,20.76403355,14,12,74,57,8,8,24,22,62,60,11,12,37,32,1.834978526,1.910551456,1.203724891,1.527554393,1.194936287,1.388220131,por_activo
95,2023-06-01,2023-11-30,GOOGL,Reversión,True,,14.46208392,18.52804713,22,21,40,41,10,12,27,26,60,61,14,14,13,15,1.619264062,1.521701169,2.192109374,2.168554589,1.799806621,1.799806621,por_activo
95,2023-06-01,2023-11-30,GOOGL,Crisis,False,0 días < 20,,,,,,,,,,,,,,,,,,,,,,,por_activo
96,2023-07-03,2023-12-29,NVDA,global,True,,51.76158291,51.95147414,9,10,69,83,8,8,31,31,69,69,19,19,35,40,1.64988218,1.70307532,1.387150131,1.387150131,5.900069399,5.498041842,por_activo
96,2023-07-03,2023-12-29,NVDA,Tendencia,False,ningún trial con ≥ 5 operaciones,,,,,,,,,,,,,,,,,,,,,,,por_activo
96,2023-07-03,2023-12-29,NVDA,Reversión,True,,6.216674133,7.033531394,28,28,91,99,28,28,38,37,72,71,14,16,14,13,1.548180209,1.527729051,1.155435843,1.181570298,3.859099606,4.635057626,por_activo
96,2023-07-03,2023-12-29,NVDA,Crisis,False,0 días < 20,,,,,,,,,,,,,,,,,,,,,,,por_activo
96,2023-07-03,2023-12-29,AMZN,global,True,,32.86343536,33.29477345,24,24,24,20,7,7,40,40,62,62,25,26,36,34,2.291868046,2.348253768,1.610913824,1.593344094,5.210736033,4.936989848,por_activo
96,2023-07-03,2023-12-29,AMZN,Tendencia,False,ningún trial con ≥ 5 operaciones,,,,,,,,,,,,,,,,,,,,,,,por_activo
96,2023-07-03,2023-12-29,AMZN,Reversión,True,,9.711424419,12.21375045,18,17,30,26,8,9,33,33,66,67,11,10,13,11,1.708066482,1.71141011,1.40155512,1.419320319,2.992599563,2.985760165,por_activo
96,2023-07-03,2023-12-29,AMZN,Crisis,False,0 días < 20,,,,,,,,,,,,,,,,,,,,,,,por_activo
96,2023-07-03,2023-12-29,TSLA,global,False,,,,,,,,,,,,,,,,,,,,,,,,por_activo
96,2023-07-03,2023-12-29,TSLA,Tendencia,True,,1.420359543,1.681478614,29,29,40,45,28,28,37,30,66,66,18,14,9,9,1.584641958,1.526500953,1.97893456,1.97893456,5.867275919,5.498839613,por_activo
96,2023-07-03,2023-12-29,TSLA,Reversión,False,ningún trial con ≥ 5 operaciones,,,,,,,,,,,,,,,,,,,,,,,por_activo
96,2023-07-03,2023-12-29,TSLA,Crisis,False,0 días < 20,,,,,,,,,,,,,,,,,,,,,,,por_activo
96,2023-07-03,2023-12-29,META,global,True,,35.7977531,46.01961367,5,7,51,51,7,8,38,40,73,73,25,24,27,30,1.61322257,1.51509145,1.331872818,1.242881912,5.875017983,4.540029114,por_activo
96,2023-07-03,2023-12-29,META,Tendencia,True,,8.525730861,13.24684951,5,9,34,29,7,7,40,40,61,64,19,19,13,10,2.121161217,2.166550834,1.07194909,1.034407996,5.732342861,5.258618845,por_activo
96,2023-07-03,2023-12-29,META,Reversión,True,,38.98843959,41.13712378,29,29,52,57,17,15,26,28,65,66,16,15,24,23,1.580413341,1.597255652,1.128434254,1.024912156,5.292615898,5.551212081,por_activo
96,2023-07-03,2023-12-29,META,Crisis,False,0 días < 20,,,,,,,,,,,,,,,,,,,,,,,por_activo
96,2023-07-03,2023-12-29,NFLX,global,True,,-0.1418460448,3.001345798,17,14,70,70,25,27,36,36,62,62,30,30,10,10,1.527461398,1.51512574,1.358581324,1.358581324,1.159883484,1.427380232,por_activo
96,2023-07-03,2023-12-29,NFLX,Tendencia,False,ningún trial con ≥ 5 operaciones,,,,,,,,,,,,,,,,,,,,,,,por_activo
96,2023-07-03,2023-12-29,NFLX,Reversión,True,,6.958475795,9.659655944,8,8,77,66,27,27,37,37,67,67,12,12,8,7,1.646327199,1.701544242,1.656378533,1.595744243,3.701646623,3.176838286,por_activo
96,2023-07-03,2023-12-29,NFLX,Crisis,False,0 días < 20,,,,,,,,,,,,,,,,,,,,,,,por_activo
96,2023-07-03,2023-12-29,GOOGL,global,False,,,,,,,,,,,,,,,,,,,,,,,,por_activo
96,2023-07-03,2023-12-29,GOOGL,Tendencia,True,,9.721942755,9.845552462,26,27,80,80,10,9,32,29,60,61,38,38,22,24,1.598551163,1.57425439,1.701632086,2.016938163,1.190665615,1.207716543,por_activo
96,2023-07-03,2023-12-29,GOOGL,Reversión,True,,39.09617414,42.3491251,18,18,68,69,10,10,23,23,66,65,14,14,16,15,1.681660878,1.728583662,3.52463851,3.953536905,5.23792026,5.717215393,por_activo
96,2023-07-03,2023-12-29,GOOGL,Crisis,False,0 días < 20,,,,,,,,,,,,,,,,,,,,,,,por_activo
97,2023-08-01,2024-01-31,NVDA,global,False,,,,,,,,,,,,,,,,,,,,,,,,por_activo
97,2023-08-01,2024-01-31,NVDA,Tendencia,True,,8.629880753,9.686708632,29,28,18,10,8,7,21,22,62,63,12,14,18,22,1.803534246,1.840026491,1.276476085,1.231802224,5.007824888,4.554628723,por_activo
97,2023-08-01,2024-01-31,NVDA,Reversión,True,,4.650891622,5.714035553,26,24,96,93,7,7,35,35,73,74,11,11,18,20,2.246595848,2.170079925,1.537851842,1.56174845,3.023261554,3.371693873,por_activo
97,2023-08-01,2024-01-31,NVDA,Crisis,False,0 días < 20,,,,,,,,,,,,,,,,,,,,,,,por_activo
97,2023-08-01,2024-01-31,AMZN,global,False,,,,,,,,,,,,,,,,,,,,,,,,por_activo
97,2023-08-01,2024-01-31,AMZN,Tendencia,False,ningún trial con ≥ 5 operaciones,,,,,,,,,,,,,,,,,,,,,,,por_activo
97,2023-08-01,2024-01-31,AMZN,Reversión,True,,15.7687147,16.09430537,10,12,40,34,11,10,38,37,67,65,13,13,12,12,1.877040283,1.917978533,3.750838334,3.758263177,3.188343623,3.249210299,por_activo
97,2023-08-01,2024-01-31,AMZN,Crisis,False,0 días < 20,,,,,,,,,,,,,,,,,,,,,,,por_activo
97,2023-08-01,2024-01-31,TSLA,global,True,,7.937927949,8.113437549,18,18,88,96,13,14,36,36,63,63,27,25,16,16,1.714485973,1.656828485,1.306255255,1.306255255,4.484402529,4.588088448,por_activo
97,2023-08-01,2024-01-31,TSLA,Tendencia,True,,0.2948619133,0.7826008949,18,17,68,69,12,15,38,39,78,77,38,37,30,30,1.785686876,1.856481145,1.460056353,1.460621239,4.440910137,4.437749033,por_activo
97,2023-08-01,2024-01-31,TSLA,Reversión,True,,10.12671877,10.98353035,24,21,95,96,7,7,21,20,61,61,17,14,20,21,1.524293872,1.502033655,3.941013537,3.941013537,2.270395749,2.602217744,por_activo
97,2023-08-01,2024-01-31,TSLA,Crisis,False,0 días < 20,,,,,,,,,,,,,,,,,,,,,,,por_activo
97,2023-08-01,2024-01-31,META,global,True,,7.266015362,8.678329508,22,22,36,40,11,9,22,22,60,63,20,18,16,15,1.793196928,1.839358987,1.060746073,1.156438137,1.515084531,1.613569031,por_activo
97,2023-08-01,2024-01-31,META,Tendencia,True,,16.70449533,17.72324545,18,22,70,68,8,9,26,23,62,62,33,33,38,39,1.826976418,1.871661511,1.665927299,1.327357977,1.653817919,1.730910737,por_activo
97,2023-08-01,2024-01-31,META,Reversión,True,,24.45107633,26.15490169,26,23,20,23,19,19,38,38,62,62,15,15,12,11,1.599300404,1.532597206,2.059470232,1.906687052,5.530861288,5.539682351,por_activo
97,2023-08-01,2024-01-31,META,Crisis,False,0 días < 20,,,,,,,,,,,,,,,,,,,,,,,por_activo
97,2023-08-01,2024-01-31,NFLX,global,True,,3.627224868,4.158901986,29,29,64,64,8,8,38,37,66,66,20,20,8,7,1.904946969,1.886163554,1.196145904,1.18528953,3.747405574,3.087026685,por_activo
97,2023-08-01,2024-01-31,NFLX,Tendencia,False,ningún trial con ≥ 5 operaciones,,,,,,,,,,,,,,,,,,,,,,,por_activo
97,2023-08-01,2024-01-31,NFLX,Reversión,True,,1.691965995,1.745246312,14,12,54,55,24,24,36,35,61,60,12,12,36,36,1.59978891,1.582698764,3.555920018,3.531957387,2.536353437,2.64146814,por_activo
97,2023-08-01,2024-01-31,NFLX,Crisis,False,0 días < 20,,,,,,,,,,,,,,,,,,,,,,,por_activo
97,2023-08-01,2024-01-31,GOOGL,global,True,,18.51246008,25.6718036,28,27,26,27,9,8,38,37,61,62,11,11,10,10,1.599722752,1.657131802,1.927491968,1.969778627,1.131670468,1.468870393,por_activo
97,2023-08-01,2024-01-31,GOOGL,Tendencia,True,,12.0544565,12.40320106,24,24,93,94,13,15,32,31,63,63,11,12,17,19,1.584740938,1.683492273,2.124301033,2.124301033,5.623989034,5.075178205,por_activo
97,2023-08-01,2024-01-31,GOOGL,Reversión,True,,19.55031205,39.29607406,12,13,70,56,12,12,24,22,62,64,14,12,22,25,1.620606641,1.656998649,1.303471507,1.334993748,5.265914581,4.589138518,por_activo
97,2023-08-01,2024-01-31,GOOGL,Crisis,False,0 días < 20,,,,,,,,,,,,,,,,,,,,,,,por_activo
98,2023-09-01,2024-02-29,NVDA,global,True,,1.69010204,2.45203981,18,17,91,100,14,15,28,27,61,62,18,18,24,22,1.668315679,1.668315679,2.912602561,2.276273108,1.088105367,1.088105367,por_activo
98,2023-09-01,2024-02-29,NVDA,Tendencia,True,,0.6982663092,1.788917856,10,10,54,49,21,21,33,33,69,69,11,11,6,7,1.689408746,1.749113098,3.852851082,3.781156,1.07598928,1.051908535,por_activo
98,2023-09-01,2024-02-29,NVDA,Reversión,True,,6.913230052,9.579224993,30,29,64,68,8,10,39,40,68,66,22,21,10,7,1.655314283,1.675215891,2.198945376,2.222885732,5.56295633,5.558813386,por_activo
98,2023-09-01,2024-02-29,NVDA,Crisis,False,0 días < 20,,,,,,,,,,,,,,,,,,,,,,,por_activo
98,2023-09-01,2024-02-29,AMZN,global,False,,,,,,,,,,,,,,,,,,,,,,,,por_activo
98,2023-09-01,2024-02-29,AMZN,Tendencia,False,ningún trial con ≥ 5 operaciones,,,,,,,,,,,,,,,,,,,,,,,por_activo
98,2023-09-01,2024-02-29,AMZN,Reversión,True,,7.5698712,8.523884757,22,25,50,40,10,11,36,36,63,63,29,30,14,12,1.718509932,1.673972986,3.346926052,3.676696661,5.72451325,5.695284136,por_activo
98,2023-09-01,2024-02-29,AMZN,Crisis,False,0 días < 20,,,,,,,,,,,,,,,,,,,,,,,por_activo
98,2023-09-01,2024-02-29,TSLA,global,True,,-0.4437025703,0.671986852,12,14,88,90,8,12,38,35,62,62,32,30,12,6,1.722043823,1.69387742,1.246092833,1.404540368,1.786134526,1.082023517,por_activo
98,2023-09-01,2024-02-29,TSLA,Tendencia,False,ningún trial con ≥ 5 operaciones,,,,,,,,,,,,,,,,,,,,,,,por_activo
98,2023-09-01,2024-02-29,TSLA,Reversión,True,,11.74736793,12.40886863,15,15,62,69,10,9,22,21,63,66,36,34,12,12,1.578718046,1.70610112,1.394341504,1.366076353,5.275992384,5.700799025,por_activo
98,2023-09-01,2024-02-29,TSLA,Crisis,False,0 días < 20,,,,,,,,,,,,,,,,,,,,,,,por_activo
98,2023-09-01,2024-02-29,META,global,False,,,,,,,,,,,,,,,,,,,,,,,,por_activo
98,2023-09-01,2024-02-29,META,Tendencia,True,,1.369271509,3.012453774,13,13,91,91,16,16,34,34,67,67,33,33,8,6,1.802709598,1.821724659,1.585513961,1.639775208,1.25786077,1.209143247,por_activo
98,2023-09-01,2024-02-29,META,Reversión,True,,11.14714723,12.3503088,27,29,84,73,8,8,21,21,62,61,13,19,14,13,1.714553329,1.78971308,2.365794012,2.264657423,2.0592479,1.948731218,por_activo
98,2023-09-01,2024-02-29,META,Crisis,False,0 días < 20,,,,,,,,,,,,,,,,,,,,,,,por_activo
98,2023-09-01,2024-02-29,NFLX,global,True,,5.849464416,7.430851659,26,27,73,72,8,7,26,25,60,64,12,11,18,25,1.625406248,1.654975062,1.20077572,1.167911227,3.584194649,3.880330319,por_activo
98,2023-09-01,2024-02-29,NFLX,Tendencia,False,ningún trial con ≥ 5 operaciones,,,,,,,,,,,,,,,,,,,,,,,por_activo
98,2023-09-01,2024-02-29,NFLX,Reversión,True,,1.127516961,4.711791104,27,30,51,84,9,12,31,31,73,70,24,24,39,29,1.745808218,1.840863954,1.213701418,1.327817142,1.920485565,1.631757584,por_activo
98,2023-09-01,2024-02-29,NFLX,Crisis,False,0 días < 20,,,,,,,,,,,,,,,,,,,,,,,por_activo
98,2023-09-01,2024-02-29,GOOGL,global,True,,32.49771738,36.75902831,14,14,36,41,8,9,37,38,60,60,12,10,38,37,2.022287918,2.070828665,3.906184896,3.904179052,1.444290712,1.458257063,por_activo
98,2023-09-01,2024-02-29,GOOGL,Tendencia,True,,4.369048715,6.48996142,18,16,18,15,21,23,34,37,64,66,11,11,34,33,1.729148498,1.627523124,1.050042612,1.01025313,1.809264291,1.17395064,por_activo
98,2023-09-01,2024-02-29,GOOGL,Reversión,True,,42.75966871,43.66874227,18,17,20,15,8,8,40,40,64,67,36,32,16,15,1.82220922,1.865723064,3.731079059,3.445449502,5.540985192,5.836293452,por_activo
98,2023-09-01,2024-02-29,GOOGL,Crisis,False,0 días < 20,,,,,,,,,,,,,,,,,,,,,,,por_activo
99,2023-10-02,2024-03-28,NVDA,global,True,,0.2325869973,-0.1806703727,27,29,52,48,17,17,21,21,68,68,25,24,11,11,1.623790855,1.677511902,1.607219114,1.607219114,1.028662551,1.006192977,por_activo
99,2023-10-02,2024-03-28,NVDA,Tendencia,True,,2.60820094,2.940983633,15,16,24,26,13,15,30,30,80,80,12,12,7,9,1.655008841,1.662231038,1.56448734,1.355987931,1.756468699,1.676625371,por_activo
99,2023-10-02,2024-03-28,NVDA,Reversión,True,,2.983580703,2.983580703,9,9,26,26,27,27,22,22,73,73,16,16,38,38,1.701866615,1.701866615,3.955313944,3.955313944,1.037060048,1.037060048,por_activo
99,2023-10-02,2024-03-28,NVDA,Crisis,False,0 días < 20,,,,,,,,,,,,,,,,,,,,,,,por_activo
99,2023-10-02,2024-03-28,AMZN,global,False,,,,,,,,,,,,,,,,,,,,,,,,por_activo
99,2023-10-02,2024-03-28,AMZN,Tendencia,True,,1.454620117,1.454620117,6,5,68,68,21,23,31,32,60,60,12,12,36,35,1.61261482,1.627349322,3.466713446,3.429459936,5.71450809,5.705909138,por_activo
99,2023-10-02,2024-03-28,AMZN,Reversión,False,ningún trial con ≥ 5 operaciones,,,,,,,,,,,,,,,,,,,,,,,por_activo
99,2023-10-02,2024-03-28,AMZN,Crisis,False,0 días < 20,,,,,,,,,,,,,,,,,,,,,,,por_activo
99,2023-10-02,2024-03-28,TSLA,global,False,,,,,,,,,,,,,,,,,,,,,,,,por_activo
99,2023-10-02,2024-03-28,TSLA,Tendencia,True,,4.125956099,4.125956099,9,9,64,64,7,7,24,24,65,65,23,23,15,15,1.691735056,1.691735056,3.543156532,3.543156532,4.275963023,4.275963023,por_activo
99,2023-10-02,2024-03-28,TSLA,Reversión,False,ningún trial con ≥ 5 operaciones,,,,,,,,,,,,,,,,,,,,,,,por_activo
99,2023-10-02,2024-03-28,TSLA,Crisis,False,0 días < 20,,,,,,,,,,,,,,,,,,,,,,,por_activo
99,2023-10-02,2024-03-28,META,global,True,,1.466953426,4.088773659,28,27,66,62,14,15,40,40,65,66,10,12,26,23,1.688332655,1.799418947,1.539115818,1.123102752,5.294380605,5.369841211,por_activo
99,2023-10-02,2024-03-28,META,Tendencia,True,,7.763180704,8.127265933,12,12,94,94,7,7,30,30,78,78,28,28,22,22,1.576322843,1.586579335,1.22038074,1.151663924,1.129510894,1.129510894,por_activo
99,2023-10-02,2024-03-28,META,Reversión,False,ningún trial con ≥ 5 operaciones,,,,,,,,,,,,,,,,,,,,,,,por_activo
99,2023-10-02,2024-03-28,META,Crisis,False,0 días < 20,,,,,,,,,,,,,,,,,,,,,,,por_activo
99,2023-10-02,2024-03-28,NFLX,global,True,,5.713797109,6.17925301,14,13,92,90,14,14,23,23,68,68,12,12,29,31,1.629608578,1.620283462,1.071923518,1.063458417,3.442134657,3.705673928,por_activo
99,2023-10-02,2024-03-28,NFLX,Tendencia,False,ningún trial con ≥ 5 operaciones,,,,,,,,,,,,,,,,,,,,,,,por_activo
99,2023-10-02,2024-03-28,NFLX,Reversión,True,,4.314991535,8.429550882,9,8,21,21,7,7,37,38,60,60,22,23,24,22,1.725879435,1.790147158,1.221950517,1.33238289,3.463734704,3.878325165,por_activo
99,2023-10-02,2024-03-28,NFLX,Crisis,False,0 días < 20,,,,,,,,,,,,,,,,,,,,,,,por_activo
99,2023-10-02,2024-03-28,GOOGL,global,False,,,,,,,,,,,,,,,,,,,,,,,,por_activo
99,2023-10-02,2024-03-28,GOOGL,Tendencia,True,,6.238533494,6.654388674,21,21,22,16,9,10,34,33,79,79,11,11,7,8,1.615461442,1.768954759,3.232331238,3.479739448,3.27391519,3.3355561,por_activo
99,2023-10-02,2024-03-28,GOOGL,Reversión,False,ningún trial con ≥ 5 operaciones,,,,,,,,,,,,,,,,,,,,,,,por_activo
99,2023-10-02,2024-03-28,GOOGL,Crisis,False,0 días < 20,,,,,,,,,,,,,,,,,,,,,,,por_activo
100,2023-10-27,2024-04-26,NVDA,global,True,,-0.8070806053,-0.3336179965,26,25,68,65,11,11,23,25,63,63,19,21,26,25,1.607788777,1.607788777,2.107538949,1.966199006,1.380589935,1.066571189,por_activo
100,2023-10-27,2024-04-26,NVDA,Tendencia,True,,4.542440518,7.004510688,17,16,17,17,12,10,34,34,79,80,11,11,6,5,1.799472182,1.813690757,1.771745122,1.656391083,4.104918789,4.109581475,por_activo
100,2023-10-27,2024-04-26,NVDA,Reversión,False,ningún trial con ≥ 5 operaciones,,,,,,,,,,,,,,,,,,,,,,,por_activo
100,2023-10-27,2024-04-26,NVDA,Crisis,False,0 días < 20,,,,,,,,,,,,,,,,,,,,,,,por_activo
100,2023-10-27,2024-04-26,AMZN,global,True,,2.986401032,5.880409743,16,17,98,98,12,12,33,33,63,65,18,18,12,15,1.680843582,1.752309813,1.116446333,1.034578053,1.16411227,1.434616544,por_activo
100,2023-10-27,2024-04-26,AMZN,Tendencia,True,,10.62488968,10.97403117,16,16,15,25,16,17,36,38,62,62,17,16,10,11,1.879439433,1.874055505,2.860990142,2.885865466,4.417751146,4.168927152,por_activo
100,2023-10-27,2024-04-26,AMZN,Reversión,False,ningún trial con ≥ 5 operaciones,,,,,,,,,,,,,,,,,,,,,,,por_activo
100,2023-10-27,2024-04-26,AMZN,Crisis,False,0 días < 20,,,,,,,,,,,,,,,,,,,,,,,por_activo
100,2023-10-27,2024-04-26,TSLA,global,False,,,,,,,,,,,,,,,,,,,,,,,,por_activo
100,2023-10-27,2024-04-26,TSLA,Tendencia,True,,1.219575979,3.742403375,6,9,42,21,10,11,27,27,79,79,14,13,36,35,1.659705426,1.540033835,1.270731006,1.2491248,2.275402178,2.337062753,por_activo
100,2023-10-27,2024-04-26,TSLA,Reversión,False,ningún trial con ≥ 5 operaciones,,,,,,,,,,,,,,,,,,,,,,,por_activo
100,2023-10-27,2024-04-26,TSLA,Crisis,False,0 días < 20,,,,,,,,,,,,,,,,,,,,,,,por_activo
100,2023-10-27,2024-04-26,META,global,True,,5.834417867,5.834417867,14,14,94,94,8,8,40,40,65,65,19,19,12,12,2.016734533,2.016734533,2.497229921,2.497229921,4.826699712,4.826699712,por_activo
100,2023-10-27,2024-04-26,META,Tendencia,True,,30.32072554,36.23455748,18,16,53,49,15,11,38,36,62,61,14,17,36,7,2.020657371,2.115866035,3.785032675,3.993844816,1.090907003,1.094614629,por_activo
100,2023-10-27,2024-04-26,META,Reversión,False,ningún trial con ≥ 5 operaciones,,,,,,,,,,,,,,,,,,,,,,,por_activo
100,2023-10-27,2024-04-26,META,Crisis,False,0 días < 20,,,,,,,,,,,,,,,,,,,,,,,por_activo
100,2023-10-27,2024-04-26,NFLX,global,True,,6.155821104,8.887738362,22,21,31,34,25,25,30,30,61,60,12,13,10,10,1.625833915,1.69232562,3.591814925,3.565750508,2.740823784,2.740823784,por_activo
100,2023-10-27,2024-04-26,NFLX,Tendencia,True,,2.756265689,2.859351349,23,23,96,98,20,20,22,23,62,60,17,16,9,10,1.850206354,1.701073895,3.700332959,3.724055465,4.231103076,4.862155551,por_activo
100,2023-10-27,2024-04-26,NFLX,Reversión,False,ningún trial con ≥ 5 operaciones,,,,,,,,,,,,,,,,,,,,,,,por_activo
100,2023-10-27,2024-04-26,NFLX,Crisis,False,0 días < 20,,,,,,,,,,,,,,,,,,,,,,,por_activo
100,2023-10-27,2024-04-26,GOOGL,global,False,,,,,,,,,,,,,,,,,,,,,,,,por_activo
100,2023-10-27,2024-04-26,GOOGL,Tendencia,True,,1.139612799,7.951665327,28,30,33,34,26,26,38,38,60,60,16,15,37,40,1.974377238,1.971016941,1.446173809,1.228149552,4.024775199,4.015718518,por_activo
100,2023-10-27,2024-04-26,GOOGL,Reversión,False,ningún trial con ≥ 5 operaciones,,,,,,,,,,,,,,,,,,,,,,,por_activo
100,2023-10-27,2024-04-26,GOOGL,Crisis,False,0 días < 20,,,,,,,,,,,,,,,,,,,,,,,por_activo
0,2015-07-01,2015-12-31,compartido,global,True,,1.519717637,1.307215371,23,23,87,85,8,9,38,39,70,68,10,10,9,10,1.652293667,1.757840033,1.310995799,1.194703025,5.309771378,5.858206758,compartido
0,2015-07-01,2015-12-31,compartido,Tendencia,False,ningún trial con ≥ 30 operaciones,,,,,,,,,,,,,,,,,,,,,,,compartido
0,2015-07-01,2015-12-31,compartido,Reversión,False,ningún trial con ≥ 30 operaciones,,,,,,,,,,,,,,,,,,,,,,,compartido
0,2015-07-01,2015-12-31,compartido,Crisis,False,ningún trial con ≥ 30 operaciones,,,,,,,,,,,,,,,,,,,,,,,compartido
1,2015-08-03,2016-01-29,compartido,global,True,,-1.861809336,-1.861809336,21,21,32,32,14,14,27,27,66,66,28,28,28,28,1.69631404,1.69631404,1.010301663,1.010301663,1.289134255,1.289134255,compartido
1,2015-08-03,2016-01-29,compartido,Tendencia,False,ningún trial con ≥ 30 operaciones,,,,,,,,,,,,,,,,,,,,,,,compartido
1,2015-08-03,2016-01-29,compartido,Reversión,False,19 días < 20,,,,,,,,,,,,,,,,,,,,,,,compartido
1,2015-08-03,2016-01-29,compartido,Crisis,False,ningún trial con ≥ 30 operaciones,,,,,,,,,,,,,,,,,,,,,,,compartido
2,2015-09-01,2016-02-29,compartido,global,False,,,,,,,,,,,,,,,,,,,,,,,,compartido
2,2015-09-01,2016-02-29,compartido,Tendencia,False,ningún trial con ≥ 30 operaciones,,,,,,,,,,,,,,,,,,,,,,,compartido
2,2015-09-01,2016-02-29,compartido,Reversión,True,,-0.3522897679,0.1055076499,23,22,25,21,12,13,40,40,64,66,22,20,5,5,1.602111023,1.602111023,1.329428449,1.444618129,1.457958054,1.430171108,compartido
2,2015-09-01,2016-02-29,compartido,Crisis,False,ningún trial con ≥ 30 operaciones,,,,,,,,,,,,,,,,,,,,,,,compartido
3,2015-10-01,2016-03-31,compartido,global,True,,0.4560676952,1.297212517,30,30,86,86,10,9,40,39,62,62,12,12,38,38,1.784260781,1.953296868,1.373875893,1.411767948,2.932886014,2.977529336,compartido
3,2015-10-01,2016-03-31,compartido,Tendencia,False,ningún trial con ≥ 30 operaciones,,,,,,,,,,,,,,,,,,,,,,,compartido
3,2015-10-01,2016-03-31,compartido,Reversión,True,,-0.1303919415,0.4704892619,8,8,26,42,13,13,28,27,60,61,33,33,25,22,1.663094082,1.669531093,1.376225907,1.250890021,2.353621673,2.284759239,compartido
3,2015-10-01,2016-03-31,compartido,Crisis,False,ningún trial con ≥ 30 operaciones,,,,,,,,,,,,,,,,,,,,,,,compartido
4,2015-11-02,2016-04-29,compartido,global,False,,,,,,,,,,,,,,,,,,,,,,,,compartido
4,2015-11-02,2016-04-29,compartido,Tendencia,False,ningún trial con ≥ 30 operaciones,,,,,,,,,,,,,,,,,,,,,,,compartido
4,2015-11-02,2016-04-29,compartido,Reversión,False,ningún trial con ≥ 30 operaciones,,,,,,,,,,,,,,,,,,,,,,,compartido
4,2015-11-02,2016-04-29,compartido,Crisis,False,ningún trial con ≥ 30 operaciones,,,,,,,,,,,,,,,,,,,,,,,compartido
5,2015-12-01,2016-05-31,compartido,global,True,,-0.2358962355,0.001461910249,12,12,96,98,14,15,28,29,66,65,24,23,38,38,1.663462855,1.656782369,1.230384687,1.13459171,4.643643953,4.295954907,compartido
5,2015-12-01,2016-05-31,compartido,Tendencia,False,ningún trial con ≥ 30 operaciones,,,,,,,,,,,,,,,,,,,,,,,compartido
5,2015-12-01,2016-05-31,compartido,Reversión,False,ningún trial con ≥ 30 operaciones,,,,,,,,,,,,,,,,,,,,,,,compartido
5,2015-12-01,2016-05-31,compartido,Crisis,False,ningún trial con ≥ 30 operaciones,,,,,,,,,,,,,,,,,,,,,,,compartido
6,2016-01-04,2016-06-30,compartido,global,True,,-0.4887255154,-0.1082109497,12,11,23,18,9,9,38,38,66,63,40,39,14,14,1.825431745,1.842512804,1.552009566,1.432770264,5.340630902,5.455413408,compartido
6,2016-01-04,2016-06-30,compartido,Tendencia,True,,-1.616206275,-1.238331964,23,24,62,50,8,7,34,35,76,75,34,33,17,21,1.586317772,1.644807088,1.516413187,1.494585144,3.753192533,3.723718484,compartido
6,2016-01-04,2016-06-30,compartido,Reversión,False,ningún trial con ≥ 30 operaciones,,,,,,,,,,,,,,,,,,,,,,,compartido
6,2016-01-04,2016-06-30,compartido,Crisis,False,ningún trial con ≥ 30 operaciones,,,,,,,,,,,,,,,,,,,,,,,compartido
7,2016-02-01,2016-07-29,compartido,global,True,,3.154750168,5.120955542,12,12,94,85,19,18,34,33,62,62,24,25,19,19,1.744501719,1.746988056,1.051858791,1.052702441,5.050659579,5.788778771,compartido
7,2016-02-01,2016-07-29,compartido,Tendencia,False,ningún trial con ≥ 30 operaciones,,,,,,,,,,,,,,,,,,,,,,,compartido
7,2016-02-01,2016-07-29,compartido,Reversión,False,ningún trial con ≥ 30 operaciones,,,,,,,,,,,,,,,,,,,,,,,compartido
7,2016-02-01,2016-07-29,compartido,Crisis,False,ningún trial con ≥ 30 operaciones,,,,,,,,,,,,,,,,,,,,,,,compartido
8,2016-03-01,2016-08-31,compartido,global,True,,0.1986165183,0.2887460018,16,17,83,82,27,27,39,39,60,60,15,15,36,36,1.846000387,1.894940032,1.06091217,1.06091217,3.521596607,3.398658415,compartido
8,2016-03-01,2016-08-31,compartido,Tendencia,False,ningún trial con ≥ 30 operaciones,,,,,,,,,,,,,,,,,,,,,,,compartido
8,2016-03-01,2016-08-31,compartido,Reversión,True,,3.569919249,6.42729449,6,7,58,58,8,8,28,29,64,63,19,17,13,10,1.668577223,1.774033202,1.989093381,1.989093381,4.225558231,4.225558231,compartido
8,2016-03-01,2016-08-31,compartido,Crisis,False,ningún trial con ≥ 30 operaciones,,,,,,,,,,,,,,,,,,,,,,,compartido
9,2016-04-01,2016-09-30,compartido,global,True,,1.670457148,3.896432795,27,26,20,46,16,12,35,36,66,65,22,17,32,28,1.614274802,1.729316196,1.161715419,1.609255866,2.207046514,2.543768685,compartido
9,2016-04-01,2016-09-30,compartido,Tendencia,False,ningún trial con ≥ 30 operaciones,,,,,,,,,,,,,,,,,,,,,,,compartido
9,2016-04-01,2016-09-30,compartido,Reversión,True,,7.545833383,7.266784862,28,26,26,37,9,10,38,36,63,67,28,28,12,12,2.022168878,1.933555755,1.518624893,1.449177347,5.537180499,5.758612965,compartido
9,2016-04-01,2016-09-30,compartido,Crisis,False,12 días < 20,,,,,,,,,,,,,,,,,,,,,,,compartido
10,2016-05-02,2016-10-31,compartido,global,True,,2.666393065,4.282190429,28,30,77,78,12,13,39,39,60,61,14,14,38,38,1.688701817,1.677894388,1.945987136,1.713696475,2.675052908,2.143221062,compartido
10,2016-05-02,2016-10-31,compartido,Tendencia,False,11 días < 20,,,,,,,,,,,,,,,,,,,,,,,compartido
10,2016-05-02,2016-10-31,compartido,Reversión,True,,4.49930098,6.006493111,27,26,95,94,12,13,39,38,63,63,15,15,23,22,1.914553595,1.881270763,3.522228758,3.47950896,3.390762621,3.476189053,compartido
10,2016-05-02,2016-10-31,compartido,Crisis,False,0 días < 20,,,,,,,,,,,,,,,,,,,,,,,compartido
11,2016-06-01,2016-11-30,compartido,global,True,,4.153998184,4.436509189,6,6,64,69,8,9,30,31,73,72,20,20,39,39,1.596617956,1.593149698,1.105227362,1.088130814,4.67903008,4.822701432,compartido
11,2016-06-01,2016-11-30,compartido,Tendencia,False,0 días < 20,,,,,,,,,,,,,,,,,,,,,,,compartido
11,2016-06-01,2016-11-30,compartido,Reversión,True,,12.18640724,11.65691875,28,28,20,20,16,17,39,40,60,60,15,15,34,31,1.91144304,2.027451867,3.860054906,3.666393914,1.783597748,1.893975029,compartido
11,2016-06-01,2016-11-30,compartido,Crisis,False,0 días < 20,,,,,,,,,,,,,,,,,,,,,,,compartido
12,2016-07-01,2016-12-30,compartido,global,False,,,,,,,,,,,,,,,,,,,,,,,,compartido
12,2016-07-01,2016-12-30,compartido,Tendencia,False,0 días < 20,,,,,,,,,,,,,,,,,,,,,,,compartido
12,2016-07-01,2016-12-30,compartido,Reversión,True,,7.06450154,6.753411749,28,28,96,96,26,24,28,29,77,77,10,11,10,10,1.78044857,1.742578612,1.542158188,1.441820196,3.585168007,3.522896084,compartido
12,2016-07-01,2016-12-30,compartido,Crisis,False,0 días < 20,,,,,,,,,,,,,,,,,,,,,,,compartido
13,2016-08-01,2017-01-31,compartido,global,True,,2.065774351,2.21420572,14,14,67,73,7,7,40,39,65,64,26,28,10,12,1.885419932,1.877117286,1.585732529,1.5428956,1.692092009,1.692092009,compartido
13,2016-08-01,2017-01-31,compartido,Tendencia,False,14 días < 20,,,,,,,,,,,,,,,,,,,,,,,compartido
13,2016-08-01,2017-01-31,compartido,Reversión,True,,3.040771134,4.382358205,28,28,96,98,7,7,40,40,64,66,29,30,38,38,1.785784218,1.967148551,2.284274165,2.331084822,4.711364163,4.68107628,compartido
13,2016-08-01,2017-01-31,compartido,Crisis,False,0 días < 20,,,,,,,,,,,,,,,,,,,,,,,compartido
14,2016-09-01,2017-02-28,compartido,global,False,,,,,,,,,,,,,,,,,,,,,,,,compartido
14,2016-09-01,2017-02-28,compartido,Tendencia,True,,-1.802801362,-1.802801362,22,22,98,98,23,23,29,29,60,60,29,29,16,16,1.542197534,1.542197534,1.07471195,1.07471195,3.972567507,3.972567507,compartido
14,2016-09-01,2017-02-28,compartido,Reversión,False,ningún trial con ≥ 30 operaciones,,,,,,,,,,,,,,,,,,,,,,,compartido
14,2016-09-01,2017-02-28,compartido,Crisis,False,0 días < 20,,,,,,,,,,,,,,,,,,,,,,,compartido
15,2016-10-03,2017-03-31,compartido,global,False,,,,,,,,,,,,,,,,,,,,,,,,compartido
15,2016-10-03,2017-03-31,compartido,Tendencia,True,,0.9047102487,0.3485655284,29,27,50,66,14,15,40,40,63,61,11,11,11,11,1.732454475,1.708022315,1.361836807,1.18233363,4.87210518,4.994019836,compartido
15,2016-10-03,2017-03-31,compartido,Reversión,False,ningún trial con ≥ 30 operaciones,,,,,,,,,,,,,,,,,,,,,,,compartido
15,2016-10-03,2017-03-31,compartido,Crisis,False,0 días < 20,,,,,,,,,,,,,,,,,,,,,,,compartido
16,2016-11-01,2017-04-28,compartido,global,False,,,,,,,,,,,,,,,,,,,,,,,,compartido
16,2016-11-01,2017-04-28,compartido,Tendencia,True,,-1.064991632,-0.4224336437,24,14,16,24,26,25,40,40,64,64,11,11,8,9,1.586545651,1.515272878,1.267976742,1.206551032,5.439031814,3.813345556,compartido
16,2016-11-01,2017-04-28,compartido,Reversión,True,,4.367751664,3.932299851,15,13,96,97,7,7,39,39,61,61,40,39,7,7,1.738074592,1.738074592,2.083937077,1.926312006,5.591043092,5.927949557,compartido
16,2016-11-01,2017-04-28,compartido,Crisis,False,0 días < 20,,,,,,,,,,,,,,,,,,,,,,,compartido
17,2016-12-01,2017-05-31,compartido,global,True,,1.17180069,2.358637356,21,19,96,97,7,8,30,31,65,65,11,11,5,5,1.712051672,1.800051457,2.994657383,3.07497712,5.234274343,5.191319822,compartido
17,2016-12-01,2017-05-31,compartido,Tendencia,True,,-0.6732806872,-0.550016474,29,27,22,32,28,28,22,21,60,60,32,30,22,20,1.584130571,1.548243868,1.05621047,1.25758037,4.524202308,4.40290174,compartido
17,2016-12-01,2017-05-31,compartido,Reversión,True,,4.372028811,5.482153789,15,16,87,78,27,27,27,29,61,60,10,10,25,25,1.544886775,1.598042898,2.290368822,1.915077272,3.121396911,2.864304049,compartido
17,2016-12-01,2017-05-31,compartido,Crisis,False,0 días < 20,,,,,,,,,,,,,,,,,,,,,,,compartido
18,2017-01-03,2017-06-30,compartido,global,True,,1.928799295,1.726497878,16,14,34,33,7,7,40,40,76,76,20,18,18,18,1.621988127,1.672832459,1.128181642,1.138030183,2.74377877,2.346820842,compartido
18,2017-01-03,2017-06-30,compartido,Tendencia,False,ningún trial con ≥ 30 operaciones,,,,,,,,,,,,,,,,,,,,,,,compartido
18,2017-01-03,2017-06-30,compartido,Reversión,True,,5.616171438,11.79189913,30,24,33,28,19,23,34,34,66,65,10,10,23,25,1.837436987,1.888939448,3.87215198,3.962225632,5.376954861,5.45649334,compartido
18,2017-01-03,2017-06-30,compartido,Crisis,False,0 días < 20,,,,,,,,,,,,,,,,,,,,,,,compartido
19,2017-02-01,2017-07-31,compartido,global,True,,1.137011608,2.501071118,23,23,18,20,13,16,35,37,62,64,17,17,27,27,1.658726859,1.661012345,1.431053146,1.133750201,2.17639025,2.192571756,compartido
19,2017-02-01,2017-07-31,compartido,Tendencia,False,ningún trial con ≥ 30 operaciones,,,,,,,,,,,,,,,,,,,,,,,compartido
19,2017-02-01,2017-07-31,compartido,Reversión,True,,7.771324394,12.19893093,28,29,35,35,21,21,39,40,71,71,23,22,12,13,1.563543398,1.507449509,1.223185525,1.143454086,5.032884311,4.665345268,compartido
19,2017-02-01,2017-07-31,compartido,Crisis,False,0 días < 20,,,,,,,,,,,,,,,,,,,,,,,compartido
20,2017-03-01,2017-08-31,compartido,global,True,,5.166500993,3.955959626,30,29,37,35,11,11,39,38,68,68,11,12,8,5,1.729415894,1.757411735,1.583102921,1.613849503,4.111081659,4.477275112,compartido
20,2017-03-01,2017-08-31,compartido,Tendencia,True,,5.343307208,7.683610925,24,26,36,36,8,10,40,40,78,78,17,21,11,11,2.864819359,2.864819359,1.125005192,1.120631922,5.641630179,5.834151417,compartido
20,2017-03-01,2017-08-31,compartido,Reversión,False,ningún trial con ≥ 30 operaciones,,,,,,,,,,,,,,,,,,,,,,,compartido
20,2017-03-01,2017-08-31,compartido,Crisis,False,2 días < 20,,,,,,,,,,,,,,,,,,,,,,,compartido
21,2017-04-03,2017-09-29,compartido,global,True,,3.919565796,5.197547518,26,20,94,71,7,8,38,25,62,65,30,20,35,28,1.563610811,1.614836458,2.211951209,1.82093697,1.942190575,3.922656124,compartido
21,2017-04-03,2017-09-29,compartido,Tendencia,True,,3.937762527,6.991629197,23,22,89,88,17,17,36,36,65,65,10,10,31,32,1.696073718,1.754111136,1.763150338,1.687317275,1.967079988,2.326126851,compartido
21,2017-04-03,2017-09-29,compartido,Reversión,True,,0.5284154333,4.653290891,13,12,28,31,10,11,26,25,64,66,12,13,36,35,1.56182354,1.616427988,1.215990383,1.160785656,1.555503829,1.952322568,compartido
21,2017-04-03,2017-09-29,compartido,Crisis,False,0 días < 20,,,,,,,,,,,,,,,,,,,,,,,compartido
22,2017-05-01,2017-10-31,compartido,global,True,,9.57731452,13.50567282,25,25,71,64,11,13,28,28,67,67,10,10,29,28,1.546997661,1.509663258,2.27056414,2.27056414,3.17535481,3.17535481,compartido
22,2017-05-01,2017-10-31,compartido,Tendencia,False,ningún trial con ≥ 30 operaciones,,,,,,,,,,,,,,,,,,,,,,,compartido
22,2017-05-01,2017-10-31,compartido,Reversión,True,,13.14041766,14.00202513,11,11,92,92,12,12,31,31,62,63,10,10,19,18,1.834890712,1.834890712,3.296199554,3.374494034,4.751541416,5.114127827,compartido
22,2017-05-01,2017-10-31,compartido,Crisis,False,0 días < 20,,,,,,,,,,,,,,,,,,,,,,,compartido
23,2017-06-01,2017-11-30,compartido,global,True,,5.694156214,7.040320009,16,17,82,88,16,16,36,36,61,60,12,14,14,14,1.684491254,1.543155718,1.479816828,1.370436318,2.377180461,2.415717546,compartido
23,2017-06-01,2017-11-30,compartido,Tendencia,True,,0.1838121763,0.5304740293,22,23,12,12,8,8,35,35,69,69,16,16,16,16,1.56323096,1.592021365,3.61651857,3.548343376,1.563974919,1.759598112,compartido
23,2017-06-01,2017-11-30,compartido,Reversión,True,,8.034186793,7.142303527,26,22,66,65,8,8,36,36,66,67,22,22,36,36,1.538164393,1.51708226,1.721247973,1.888769189,2.958776079,2.89573606,compartido
23,2017-06-01,2017-11-30,compartido,Crisis,False,0 días < 20,,,,,,,,,,,,,,,,,,,,,,,compartido
24,2017-07-03,2017-12-29,compartido,global,True,,5.360324563,8.834947014,20,19,58,59,12,12,40,40,68,68,11,12,22,23,1.540215633,1.540302082,1.274027491,1.438203456,2.092864858,1.913891954,compartido
24,2017-07-03,2017-12-29,compartido,Tendencia,False,ningún trial con ≥ 30 operaciones,,,,,,,,,,,,,,,,,,,,,,,compartido
24,2017-07-03,2017-12-29,compartido,Reversión,True,,3.361606219,4.348168305,26,25,14,19,16,16,29,30,62,61,22,21,6,7,1.586050487,1.587127877,1.307694518,1.277797673,4.908660989,4.281357511,compartido
24,2017-07-03,2017-12-29,compartido,Crisis,False,0 días < 20,,,,,,,,,,,,,,,,,,,,,,,compartido
25,2017-08-01,2018-01-31,compartido,global,False,,,,,,,,,,,,,,,,,,,,,,,,compartido
25,2017-08-01,2018-01-31,compartido,Tendencia,False,ningún trial con ≥ 30 operaciones,,,,,,,,,,,,,,,,,,,,,,,compartido
25,2017-08-01,2018-01-31,compartido,Reversión,True,,2.679937204,3.686043172,28,29,82,79,12,13,30,30,68,68,11,10,14,13,1.596483891,1.562607658,3.364611195,3.85986107,3.873138791,4.225037632,compartido
25,2017-08-01,2018-01-31,compartido,Crisis,False,0 días < 20,,,,,,,,,,,,,,,,,,,,,,,compartido
26,2017-09-01,2018-02-28,compartido,global,True,,0.7798904484,2.555485974,28,26,98,100,28,24,31,32,61,61,12,10,31,32,1.60890465,1.610881112,1.589594839,1.710425917,4.813825223,4.233184247,compartido
26,2017-09-01,2018-02-28,compartido,Tendencia,False,ningún trial con ≥ 30 operaciones,,,,,,,,,,,,,,,,,,,,,,,compartido
26,2017-09-01,2018-02-28,compartido,Reversión,True,,3.343726758,3.70892695,29,30,70,70,8,8,36,36,66,67,11,11,13,14,1.663956942,1.731860297,3.815328486,3.814418353,4.887747126,5.240882229,compartido
26,2017-09-01,2018-02-28,compartido,Crisis,False,0 días < 20,,,,,,,,,,,,,,,,,,,,,,,compartido
27,2017-10-02,2018-03-29,compartido,global,True,,3.750052289,3.629691379,19,21,36,25,8,7,34,31,61,61,10,10,12,12,1.710110067,1.888269819,2.931714942,2.922895166,4.308460521,4.547385261,compartido
27,2017-10-02,2018-03-29,compartido,Tendencia,True,,5.631916657,7.287359727,22,21,94,89,7,7,38,38,72,72,13,13,16,16,1.63721875,1.541038482,1.324635711,1.289509808,1.713904436,1.873358104,compartido
27,2017-10-02,2018-03-29,compartido,Reversión,True,,2.680355146,3.133756026,14,12,96,97,9,7,38,40,68,67,11,13,12,12,1.607071924,1.735929301,2.847005675,2.27147261,5.412993909,5.412993909,compartido
27,2017-10-02,2018-03-29,compartido,Crisis,False,0 días < 20,,,,,,,,,,,,,,,,,,,,,,,compartido
28,2017-11-01,2018-04-30,compartido,global,True,,6.623964869,6.922094419,29,30,26,21,9,9,38,37,62,62,11,10,20,20,1.651053835,1.518000785,1.899126453,1.826591944,3.763611363,4.404015426,compartido
28,2017-11-01,2018-04-30,compartido,Tendencia,True,,1.395940575,2.223116483,10,10,89,86,8,8,36,34,77,77,27,25,34,34,1.703536429,1.703536429,1.025835334,1.005569251,5.806050888,5.258259809,compartido
28,2017-11-01,2018-04-30,compartido,Reversión,True,,1.351836306,1.837647865,17,15,88,91,8,8,35,34,61,61,40,40,20,20,1.549352539,1.668311668,2.205984439,2.226565721,3.76678598,3.786162929,compartido
28,2017-11-01,2018-04-30,compartido,Crisis,False,17 días < 20,,,,,,,,,,,,,,,,,,,,,,,compartido
29,2017-12-01,2018-05-31,compartido,global,False,,,,,,,,,,,,,,,,,,,,,,,,compartido
29,2017-12-01,2018-05-31,compartido,Tendencia,False,ningún trial con ≥ 30 operaciones,,,,,,,,,,,,,,,,,,,,,,,compartido
29,2017-12-01,2018-05-31,compartido,Reversión,True,,4.604289001,3.722103754,23,28,28,28,7,8,34,36,73,70,12,12,37,37,1.570722641,1.57594427,3.030914935,3.134669555,4.665846133,4.665846133,compartido
29,2017-12-01,2018-05-31,compartido,Crisis,False,ningún trial con ≥ 30 operaciones,,,,,,,,,,,,,,,,,,,,,,,compartido
30,2018-01-02,2018-06-29,compartido,global,False,,,,,,,,,,,,,,,,,,,,,,,,compartido
30,2018-01-02,2018-06-29,compartido,Tendencia,False,ningún trial con ≥ 30 operaciones,,,,,,,,,,,,,,,,,,,,,,,compartido
30,2018-01-02,2018-06-29,compartido,Reversión,True,,-1.090286083,-0.5238813275,26,26,18,10,9,9,38,38,61,61,22,22,38,35,1.615849487,1.677831692,1.232158794,1.237578494,3.282269823,3.262171534,compartido
30,2018-01-02,2018-06-29,compartido,Crisis,False,ningún trial con ≥ 30 operaciones,,,,,,,,,,,,,,,,,,,,,,,compartido
31,2018-02-01,2018-07-31,compartido,global,False,,,,,,,,,,,,,,,,,,,,,,,,compartido
31,2018-02-01,2018-07-31,compartido,Tendencia,False,ningún trial con ≥ 30 operaciones,,,,,,,,,,,,,,,,,,,,,,,compartido
31,2018-02-01,2018-07-31,compartido,Reversión,False,9 días < 20,,,,,,,,,,,,,,,,,,,,,,,compartido
31,2018-02-01,2018-07-31,compartido,Crisis,False,ningún trial con ≥ 30 operaciones,,,,,,,,,,,,,,,,,,,,,,,compartido
32,2018-03-01,2018-08-31,compartido,global,False,,,,,,,,,,,,,,,,,,,,,,,,compartido
32,2018-03-01,2018-08-31,compartido,Tendencia,True,,10.20755517,10.66236013,26,26,72,64,12,11,39,38,61,61,39,39,35,33,1.590906156,1.506563338,1.551529721,1.582801117,3.505862303,3.632190935,compartido
32,2018-03-01,2018-08-31,compartido,Reversión,False,0 días < 20,,,,,,,,,,,,,,,,,,,,,,,compartido
32,2018-03-01,2018-08-31,compartido,Crisis,False,ningún trial con ≥ 30 operaciones,,,,,,,,,,,,,,,,,,,,,,,compartido
33,2018-04-02,2018-09-28,compartido,global,False,,,,,,,,,,,,,,,,,,,,,,,,compartido
33,2018-04-02,2018-09-28,compartido,Tendencia,False,ningún trial con ≥ 30 operaciones,,,,,,,,,,,,,,,,,,,,,,,compartido
33,2018-04-02,2018-09-28,compartido,Reversión,False,0 días < 20,,,,,,,,,,,,,,,,,,,,,,,compartido
33,2018-04-02,2018-09-28,compartido,Crisis,False,ningún trial con ≥ 30 operaciones,,,,,,,,,,,,,,,,,,,,,,,compartido
34,2018-05-01,2018-10-31,compartido,global,False,,,,,,,,,,,,,,,,,,,,,,,,compartido
34,2018-05-01,2018-10-31,compartido,Tendencia,False,ningún trial con ≥ 30 operaciones,,,,,,,,,,,,,,,,,,,,,,,compartido
34,2018-05-01,2018-10-31,compartido,Reversión,False,0 días < 20,,,,,,,,,,,,,,,,,,,,,,,compartido
34,2018-05-01,2018-10-31,compartido,Crisis,False,ningún trial con ≥ 30 operaciones,,,,,,,,,,,,,,,,,,,,,,,compartido
35,2018-06-01,2018-11-30,compartido,global,True,,3.32800927,4.674712258,7,7,62,61,14,18,34,33,64,63,11,10,34,34,1.551339938,1.551339938,1.631293475,1.822100199,2.22451706,2.322215376,compartido
35,2018-06-01,2018-11-30,compartido,Tendencia,False,ningún trial con ≥ 30 operaciones,,,,,,,,,,,,,,,,,,,,,,,compartido
35,2018-06-01,2018-11-30,compartido,Reversión,False,ningún trial con ≥ 30 operaciones,,,,,,,,,,,,,,,,,,,,,,,compartido
35,2018-06-01,2018-11-30,compartido,Crisis,False,ningún trial con ≥ 30 operaciones,,,,,,,,,,,,,,,,,,,,,,,compartido
36,2018-07-02,2018-12-31,compartido,global,True,,2.733090812,5.886655357,28,27,60,64,8,9,38,35,60,61,37,32,10,11,1.725380048,1.686221222,1.210945819,1.362119085,3.533000875,2.549543348,compartido
36,2018-07-02,2018-12-31,compartido,Tendencia,False,ningún trial con ≥ 30 operaciones,,,,,,,,,,,,,,,,,,,,,,,compartido
36,2018-07-02,2018-12-31,compartido,Reversión,False,ningún trial con ≥ 30 operaciones,,,,,,,,,,,,,,,,,,,,,,,compartido
36,2018-07-02,2018-12-31,compartido,Crisis,False,ningún trial con ≥ 30 operaciones,,,,,,,,,,,,,,,,,,,,,,,compartido
37,2018-08-01,2019-01-31,compartido,global,False,,,,,,,,,,,,,,,,,,,,,,,,compartido
37,2018-08-01,2019-01-31,compartido,Tendencia,False,19 días < 20,,,,,,,,,,,,,,,,,,,,,,,compartido
37,2018-08-01,2019-01-31,compartido,Reversión,True,,5.628095551,5.825038483,21,17,39,38,24,25,37,38,63,61,13,13,26,26,1.64240439,1.64137852,1.31110942,1.364270437,2.220673439,2.337374674,compartido
37,2018-08-01,2019-01-31,compartido,Crisis,False,ningún trial con ≥ 30 operaciones,,,,,,,,,,,,,,,,,,,,,,,compartido
38,2018-09-04,2019-02-28,compartido,global,False,,,,,,,,,,,,,,,,,,,,,,,,compartido
38,2018-09-04,2019-02-28,compartido,Tendencia,False,0 días < 20,,,,,,,,,,,,,,,,,,,,,,,compartido
38,2018-09-04,2019-02-28,compartido,Reversión,True,,4.219745807,4.175487408,22,24,92,89,24,26,37,38,77,74,12,12,39,35,1.662834674,1.738421728,1.293758998,1.383441435,1.991782383,1.976961699,compartido
38,2018-09-04,2019-02-28,compartido,Crisis,False,ningún trial con ≥ 30 operaciones,,,,,,,,,,,,,,,,,,,,,,,compartido
39,2018-10-01,2019-03-29,compartido,global,False,,,,,,,,,,,,,,,,,,,,,,,,compartido
39,2018-10-01,2019-03-29,compartido,Tendencia,False,0 días < 20,,,,,,,,,,,,,,,,,,,,,,,compartido
39,2018-10-01,2019-03-29,compartido,Reversión,False,ningún trial con ≥ 30 operaciones,,,,,,,,,,,,,,,,,,,,,,,compartido
39,2018-10-01,2019-03-29,compartido,Crisis,False,ningún trial con ≥ 30 operaciones,,,,,,,,,,,,,,,,,,,,,,,compartido
40,2018-11-01,2019-04-30,compartido,global,True,,11.25175989,11.25175989,11,11,83,83,9,9,40,40,61,61,11,11,17,17,1.538594239,1.538594239,3.09390897,3.09390897,5.417374641,5.417374641,compartido
40,2018-11-01,2019-04-30,compartido,Tendencia,False,13 días < 20,,,,,,,,,,,,,,,,,,,,,,,compartido
40,2018-11-01,2019-04-30,compartido,Reversión,False,ningún trial con ≥ 30 operaciones,,,,,,,,,,,,,,,,,,,,,,,compartido
40,2018-11-01,2019-04-30,compartido,Crisis,False,ningún trial con ≥ 30 operaciones,,,,,,,,,,,,,,,,,,,,,,,compartido
41,2018-12-03,2019-05-31,compartido,global,True,,3.242247368,3.498269335,22,21,46,47,7,7,39,40,62,61,25,22,36,36,1.598038345,1.568921468,1.187494157,1.207377329,3.137142348,3.111980426,compartido
41,2018-12-03,2019-05-31,compartido,Tendencia,False,ningún trial con ≥ 30 operaciones,,,,,,,,,,,,,,,,,,,,,,,compartido
41,2018-12-03,2019-05-31,compartido,Reversión,False,ningún trial con ≥ 30 operaciones,,,,,,,,,,,,,,,,,,,,,,,compartido
41,2018-12-03,2019-05-31,compartido,Crisis,False,ningún trial con ≥ 30 operaciones,,,,,,,,,,,,,,,,,,,,,,,compartido
42,2019-01-02,2019-06-28,compartido,global,False,,,,,,,,,,,,,,,,,,,,,,,,compartido
42,2019-01-02,2019-06-28,compartido,Tendencia,False,ningún trial con ≥ 30 operaciones,,,,,,,,,,,,,,,,,,,,,,,compartido
42,2019-01-02,2019-06-28,compartido,Reversión,False,ningún trial con ≥ 30 operaciones,,,,,,,,,,,,,,,,,,,,,,,compartido
42,2019-01-02,2019-06-28,compartido,Crisis,False,ningún trial con ≥ 30 operaciones,,,,,,,,,,,,,,,,,,,,,,,compartido
43,2019-02-01,2019-07-31,compartido,global,False,,,,,,,,,,,,,,,,,,,,,,,,compartido
43,2019-02-01,2019-07-31,compartido,Tendencia,True,,-1.775984134,-1.728874605,8,8,92,93,8,8,32,32,79,78,14,14,7,6,1.627343158,1.661258702,1.290363024,1.158774483,3.220835536,3.107871553,compartido
43,2019-02-01,2019-07-31,compartido,Reversión,True,,-0.3715939767,0.5432110959,26,23,94,90,7,7,27,26,60,61,32,33,37,35,1.583030479,1.54814928,1.189806849,1.075962044,1.12276482,1.148529053,compartido
43,2019-02-01,2019-07-31,compartido,Crisis,False,ningún trial con ≥ 30 operaciones,,,,,,,,,,,,,,,,,,,,,,,compartido
44,2019-03-01,2019-08-30,compartido,global,True,,1.307450125,1.067132729,18,17,55,34,7,7,36,33,65,66,26,31,5,5,1.587773939,1.536665001,2.890011392,2.565428803,5.747058605,5.654517612,compartido
44,2019-03-01,2019-08-30,compartido,Tendencia,True,,-1.710470679,-1.42448422,20,22,29,36,18,19,30,27,60,60,14,14,20,18,1.644543422,1.694086549,1.601414242,1.620537089,2.356299526,1.77870466,compartido
44,2019-03-01,2019-08-30,compartido,Reversión,False,ningún trial con ≥ 30 operaciones,,,,,,,,,,,,,,,,,,,,,,,compartido
44,2019-03-01,2019-08-30,compartido,Crisis,False,ningún trial con ≥ 30 operaciones,,,,,,,,,,,,,,,,,,,,,,,compartido
45,2019-04-01,2019-09-30,compartido,global,False,,,,,,,,,,,,,,,,,,,,,,,,compartido
45,2019-04-01,2019-09-30,compartido,Tendencia,True,,-1.557534035,-1.642491217,28,30,64,74,9,7,36,35,78,79,34,32,34,35,1.656308721,1.678008127,1.275654187,1.383227252,1.205771245,1.173555687,compartido
45,2019-04-01,2019-09-30,compartido,Reversión,True,,3.401464569,4.935770257,14,15,96,90,10,8,22,21,70,73,14,14,11,10,1.648403275,1.679523268,1.612610363,1.533515418,1.585217977,1.453625643,compartido
45,2019-04-01,2019-09-30,compartido,Crisis,False,8 días < 20,,,,,,,,,,,,,,,,,,,,,,,compartido
46,2019-05-01,2019-10-31,compartido,global,False,,,,,,,,,,,,,,,,,,,,,,,,compartido
46,2019-05-01,2019-10-31,compartido,Tendencia,False,ningún trial con ≥ 30 operaciones,,,,,,,,,,,,,,,,,,,,,,,compartido
46,2019-05-01,2019-10-31,compartido,Reversión,True,,12.39806139,15.60055182,21,21,43,38,12,13,39,39,62,62,37,36,35,30,1.825633243,1.815983013,1.77659334,1.720082319,5.239981013,5.239981013,compartido
46,2019-05-01,2019-10-31,compartido,Crisis,False,0 días < 20,,,,,,,,,,,,,,,,,,,,,,,compartido
47,2019-06-03,2019-11-29,compartido,global,True,,-0.5516136669,0.006385627145,26,28,92,85,10,11,29,29,61,61,14,12,5,5,1.88073727,1.97301908,1.837388853,1.717320457,4.482064428,4.562061712,compartido
47,2019-06-03,2019-11-29,compartido,Tendencia,False,ningún trial con ≥ 30 operaciones,,,,,,,,,,,,,,,,,,,,,,,compartido
47,2019-06-03,2019-11-29,compartido,Reversión,True,,3.795588506,8.212778607,26,30,84,82,9,9,22,21,62,62,28,28,18,18,1.675215971,1.732162418,1.789756954,1.820334774,1.066053601,1.067702336,compartido
47,2019-06-03,2019-11-29,compartido,Crisis,False,0 días < 20,,,,,,,,,,,,,,,,,,,,,,,compartido
48,2019-07-01,2019-12-31,compartido,global,True,,-0.6751689696,0.1731577379,13,16,87,77,9,10,35,39,63,65,14,13,11,13,1.570669629,1.582428842,1.468086541,1.529937457,3.124897299,3.124897299,compartido
48,2019-07-01,2019-12-31,compartido,Tendencia,False,ningún trial con ≥ 30 operaciones,,,,,,,,,,,,,,,,,,,,,,,compartido
48,2019-07-01,2019-12-31,compartido,Reversión,True,,2.736643726,5.857291195,22,23,75,69,11,11,36,37,61,62,36,37,7,8,1.777676602,1.959022026,1.333393021,1.425155832,1.138280567,1.100853282,compartido
48,2019-07-01,2019-12-31,compartido,Crisis,False,0 días < 20,,,,,,,,,,,,,,,,,,,,,,,compartido
49,2019-08-01,2020-01-31,compartido,global,True,,-1.016199474,-1.016199474,24,24,49,49,14,14,37,37,63,63,13,13,32,32,1.753048026,1.753048026,1.781750527,1.781750527,3.045696464,3.045696464,compartido
49,2019-08-01,2020-01-31,compartido,Tendencia,False,ningún trial con ≥ 30 operaciones,,,,,,,,,,,,,,,,,,,,,,,compartido
49,2019-08-01,2020-01-31,compartido,Reversión,True,,1.043432898,1.7482825,17,18,47,45,8,8,32,32,62,62,30,30,34,34,1.745978164,1.757364786,2.163729377,2.163729377,1.244118529,1.068605883,compartido
49,2019-08-01,2020-01-31,compartido,Crisis,False,0 días < 20,,,,,,,,,,,,,,,,,,,,,,,compartido
50,2019-09-03,2020-02-28,compartido,global,False,,,,,,,,,,,,,,,,,,,,,,,,compartido
50,2019-09-03,2020-02-28,compartido,Tendencia,True,,3.20402474,4.477665469,7,7,55,55,7,7,38,37,74,74,29,27,38,37,2.128657891,2.206548368,1.970574225,2.256809516,1.612332881,1.619049002,compartido
50,2019-09-03,2020-02-28,compartido,Reversión,False,ningún trial con ≥ 30 operaciones,,,,,,,,,,,,,,,,,,,,,,,compartido
50,2019-09-03,2020-02-28,compartido,Crisis,False,0 días < 20,,,,,,,,,,,,,,,,,,,,,,,compartido
51,2019-10-01,2020-03-31,compartido,global,True,,-1.153268555,-1.095055447,13,16,85,85,14,16,40,39,65,65,29,30,37,37,1.701218108,1.701218108,1.111999503,1.117985412,5.018601377,5.086895759,compartido
51,2019-10-01,2020-03-31,compartido,Tendencia,True,,0.8036971964,2.240690759,6,6,19,19,27,26,31,30,66,68,10,10,12,14,1.807652282,1.795005694,1.242944316,1.09163163,5.209776773,5.013770497,compartido
51,2019-10-01,2020-03-31,compartido,Reversión,False,ningún trial con ≥ 30 operaciones,,,,,,,,,,,,,,,,,,,,,,,compartido
51,2019-10-01,2020-03-31,compartido,Crisis,False,10 días < 20,,,,,,,,,,,,,,,,,,,,,,,compartido
52,2019-11-01,2020-04-30,compartido,global,True,,0.7239537137,0.4613860438,27,28,58,54,9,9,21,21,75,75,13,13,33,33,1.782643845,1.733081408,1.943705399,1.943705399,1.75923883,1.75923883,compartido
52,2019-11-01,2020-04-30,compartido,Tendencia,True,,2.410008854,2.749763766,26,23,51,57,22,24,21,23,69,71,15,16,39,40,2.070690268,2.028599802,1.752649544,1.752649544,5.014171314,5.420365485,compartido
52,2019-11-01,2020-04-30,compartido,Reversión,False,0 días < 20,,,,,,,,,,,,,,,,,,,,,,,compartido
52,2019-11-01,2020-04-30,compartido,Crisis,False,ningún trial con ≥ 30 operaciones,,,,,,,,,,,,,,,,,,,,,,,compartido
53,2019-12-02,2020-05-29,compartido,global,True,,-0.0007684186253,0.3550696333,28,28,82,80,16,17,38,38,64,66,38,36,22,23,2.048962798,2.008315626,1.108100986,1.068752319,4.781864622,5.030452488,compartido
53,2019-12-02,2020-05-29,compartido,Tendencia,True,,2.525960932,2.892179533,23,24,26,27,26,25,38,39,72,74,39,39,38,37,1.841279611,1.770337617,1.125140799,1.106563738,4.881327242,4.764428376,compartido
53,2019-12-02,2020-05-29,compartido,Reversión,False,0 días < 20,,,,,,,,,,,,,,,,,,,,,,,compartido
53,2019-12-02,2020-05-29,compartido,Crisis,False,ningún trial con ≥ 30 operaciones,,,,,,,,,,,,,,,,,,,,,,,compartido
54,2020-01-02,2020-06-30,compartido,global,True,,-0.6115420335,-0.5164302574,6,7,96,93,8,8,40,39,78,78,34,35,8,8,1.679993653,1.697083999,1.992741982,1.974759631,5.396307124,5.636163985,compartido
54,2020-01-02,2020-06-30,compartido,Tendencia,True,,1.747019846,1.784993534,26,27,35,27,26,26,36,34,69,68,14,14,18,15,1.877138058,1.790494522,3.315720153,2.972446639,2.522047013,2.888376224,compartido
54,2020-01-02,2020-06-30,compartido,Reversión,False,0 días < 20,,,,,,,,,,,,,,,,,,,,,,,compartido
54,2020-01-02,2020-06-30,compartido,Crisis,False,ningún trial con ≥ 30 operaciones,,,,,,,,,,,,,,,,,,,,,,,compartido
55,2020-02-03,2020-07-31,compartido,global,True,,-0.8079519187,-0.7801212092,12,11,67,68,9,9,31,31,69,70,11,10,22,24,1.864785508,1.693898249,1.083455845,1.073142475,2.956279448,2.669803241,compartido
55,2020-02-03,2020-07-31,compartido,Tendencia,True,,4.500957445,4.164996064,13,12,16,11,13,13,39,39,73,74,32,31,34,33,1.800868338,1.79513713,2.306109946,2.366036495,5.364971767,5.718031591,compartido
55,2020-02-03,2020-07-31,compartido,Reversión,False,0 días < 20,,,,,,,,,,,,,,,,,,,,,,,compartido
55,2020-02-03,2020-07-31,compartido,Crisis,False,ningún trial con ≥ 30 operaciones,,,,,,,,,,,,,,,,,,,,,,,compartido
56,2020-03-02,2020-08-31,compartido,global,True,,-0.125554922,0.007388843207,24,23,25,28,10,10,26,27,73,72,10,10,5,5,1.621556617,1.763208776,1.110720293,1.110720293,5.469899565,5.452024838,compartido
56,2020-03-02,2020-08-31,compartido,Tendencia,True,,2.401506829,2.241387614,6,7,44,47,8,8,34,34,80,79,23,23,23,25,1.650981621,1.537944621,1.891481907,1.901922121,4.792149054,4.663641747,compartido
56,2020-03-02,2020-08-31,compartido,Reversión,False,0 días < 20,,,,,,,,,,,,,,,,,,,,,,,compartido
56,2020-03-02,2020-08-31,compartido,Crisis,False,ningún trial con ≥ 30 operaciones,,,,,,,,,,,,,,,,,,,,,,,compartido
57,2020-04-01,2020-09-30,compartido,global,True,,-1.34137081,-0.8088905923,17,18,18,16,9,9,25,23,72,71,15,10,33,33,1.569160453,1.655341276,1.438362392,1.494873192,1.762354339,1.531759428,compartido
57,2020-04-01,2020-09-30,compartido,Tendencia,True,,0.5399191533,1.525517687,10,10,92,91,20,18,31,30,62,64,22,22,36,34,1.583155678,1.507622928,3.030343769,3.111857137,3.493217225,3.5398146,compartido
57,2020-04-01,2020-09-30,compartido,Reversión,False,0 días < 20,,,,,,,,,,,,,,,,,,,,,,,compartido
57,2020-04-01,2020-09-30,compartido,Crisis,False,ningún trial con ≥ 30 operaciones,,,,,,,,,,,,,,,,,,,,,,,compartido
58,2020-05-01,2020-10-30,compartido,global,False,,,,,,,,,,,,,,,,,,,,,,,,compartido
58,2020-05-01,2020-10-30,compartido,Tendencia,True,,1.012270053,1.492202695,15,21,64,66,7,9,40,40,61,60,37,37,13,14,1.580393419,1.540014431,3.414940212,3.71065605,4.687072797,5.196733785,compartido
58,2020-05-01,2020-10-30,compartido,Reversión,False,0 días < 20,,,,,,,,,,,,,,,,,,,,,,,compartido
58,2020-05-01,2020-10-30,compartido,Crisis,False,ningún trial con ≥ 30 operaciones,,,,,,,,,,,,,,,,,,,,,,,compartido
59,2020-06-01,2020-11-30,compartido,global,True,,5.111958669,7.640877486,27,30,39,32,9,9,40,40,69,70,39,40,30,33,2.391901882,2.453894347,1.146595385,1.024965185,5.435932713,5.35470956,compartido
59,2020-06-01,2020-11-30,compartido,Tendencia,True,,-0.1223521905,0.02011553425,30,29,27,23,20,20,20,20,62,62,32,32,16,16,1.8606185,1.784687409,1.146031642,1.009938644,4.578054685,4.358589679,compartido
59,2020-06-01,2020-11-30,compartido,Reversión,False,9 días < 20,,,,,,,,,,,,,,,,,,,,,,,compartido
59,2020-06-01,2020-11-30,compartido,Crisis,False,ningún trial con ≥ 30 operaciones,,,,,,,,,,,,,,,,,,,,,,,compartido
60,2020-07-01,2020-12-31,compartido,global,True,,0.5357236192,0.9224333721,11,12,92,90,10,9,34,31,62,63,15,14,6,5,1.627235707,1.615242558,3.467317781,3.825556853,5.265060332,5.575650005,compartido
60,2020-07-01,2020-12-31,compartido,Tendencia,True,,2.245005589,3.023016373,7,26,80,99,8,7,39,37,63,69,38,37,34,34,1.785736,2.612087098,3.00950302,1.498690135,2.759637938,4.014816735,compartido
60,2020-07-01,2020-12-31,compartido,Reversión,False,ningún trial con ≥ 30 operaciones,,,,,,,,,,,,,,,,,,,,,,,compartido
60,2020-07-01,2020-12-31,compartido,Crisis,False,ningún trial con ≥ 30 operaciones,,,,,,,,,,,,,,,,,,,,,,,compartido
61,2020-08-03,2021-01-29,compartido,global,False,,,,,,,,,,,,,,,,,,,,,,,,compartido
61,2020-08-03,2021-01-29,compartido,Tendencia,True,,4.065017057,4.698238283,18,24,18,15,16,14,36,34,62,62,17,19,14,12,1.742235406,1.847088998,1.163115794,1.189587879,1.151231089,1.110679857,compartido
61,2020-08-03,2021-01-29,compartido,Reversión,False,ningún trial con ≥ 30 operaciones,,,,,,,,,,,,,,,,,,,,,,,compartido
61,2020-08-03,2021-01-29,compartido,Crisis,False,ningún trial con ≥ 30 operaciones,,,,,,,,,,,,,,,,,,,,,,,compartido
62,2020-09-01,2021-02-26,compartido,global,False,,,,,,,,,,,,,,,,,,,,,,,,compartido
62,2020-09-01,2021-02-26,compartido,Tendencia,True,,8.483628389,8.483628389,26,26,96,96,28,28,27,27,70,70,14,14,6,6,1.539555197,1.539555197,1.096730794,1.096730794,1.126164874,1.126164874,compartido
62,2020-09-01,2021-02-26,compartido,Reversión,False,ningún trial con ≥ 30 operaciones,,,,,,,,,,,,,,,,,,,,,,,compartido
62,2020-09-01,2021-02-26,compartido,Crisis,False,ningún trial con ≥ 30 operaciones,,,,,,,,,,,,,,,,,,,,,,,compartido
63,2020-10-01,2021-03-31,compartido,global,False,,,,,,,,,,,,,,,,,,,,,,,,compartido
63,2020-10-01,2021-03-31,compartido,Tendencia,True,,1.828943434,1.795939423,6,8,79,79,9,8,39,40,63,63,27,25,6,6,1.847724642,1.671149155,1.358314033,1.347481585,5.293190731,5.720508776,compartido
63,2020-10-01,2021-03-31,compartido,Reversión,False,ningún trial con ≥ 30 operaciones,,,,,,,,,,,,,,,,,,,,,,,compartido
63,2020-10-01,2021-03-31,compartido,Crisis,False,ningún trial con ≥ 30 operaciones,,,,,,,,,,,,,,,,,,,,,,,compartido
64,2020-11-02,2021-04-30,compartido,global,False,,,,,,,,,,,,,,,,,,,,,,,,compartido
64,2020-11-02,2021-04-30,compartido,Tendencia,True,,2.436227593,3.385172,14,14,31,33,9,9,40,40,62,63,20,20,23,21,1.5831606,1.589598939,1.857290178,2.064522803,1.514870377,1.566809128,compartido
64,2020-11-02,2021-04-30,compartido,Reversión,True,,-0.007243358307,-0.007243358307,16,16,32,32,11,11,37,37,62,62,22,22,28,28,1.505979772,1.505979772,1.95626348,1.95626348,1.661485276,1.661485276,compartido
64,2020-11-02,2021-04-30,compartido,Crisis,False,0 días < 20,,,,,,,,,,,,,,,,,,,,,,,compartido
65,2020-12-01,2021-05-28,compartido,global,False,,,,,,,,,,,,,,,,,,,,,,,,compartido
65,2020-12-01,2021-05-28,compartido,Tendencia,False,ningún trial con ≥ 30 operaciones,,,,,,,,,,,,,,,,,,,,,,,compartido
65,2020-12-01,2021-05-28,compartido,Reversión,False,ningún trial con ≥ 30 operaciones,,,,,,,,,,,,,,,,,,,,,,,compartido
65,2020-12-01,2021-05-28,compartido,Crisis,False,11 días < 20,,,,,,,,,,,,,,,,,,,,,,,compartido
66,2021-01-04,2021-06-30,compartido,global,False,,,,,,,,,,,,,,,,,,,,,,,,compartido
66,2021-01-04,2021-06-30,compartido,Tendencia,True,,-0.2002152077,0.333141042,17,18,79,67,7,7,38,37,76,77,39,39,22,22,2.159405558,2.159405558,1.253135531,1.066864936,2.795895168,2.835130736,compartido
66,2021-01-04,2021-06-30,compartido,Reversión,True,,3.059114041,3.990748088,19,17,94,94,8,8,21,21,74,73,11,11,21,17,1.623966595,1.810065006,1.136123037,1.131913181,3.339782308,2.942607974,compartido
66,2021-01-04,2021-06-30,compartido,Crisis,False,0 días < 20,,,,,,,,,,,,,,,,,,,,,,,compartido
67,2021-02-01,2021-07-30,compartido,global,True,,0.06465570835,0.3286197636,6,7,46,38,7,7,22,22,64,64,10,10,36,35,1.763891112,1.770789971,1.30171238,1.313322994,1.677529867,1.694697194,compartido
67,2021-02-01,2021-07-30,compartido,Tendencia,False,ningún trial con ≥ 30 operaciones,,,,,,,,,,,,,,,,,,,,,,,compartido
67,2021-02-01,2021-07-30,compartido,Reversión,True,,4.63695629,8.048999624,27,27,46,44,17,18,35,35,64,63,10,10,17,14,1.816703223,1.784090445,1.183797875,1.202854906,4.382706044,4.677072813,compartido
67,2021-02-01,2021-07-30,compartido,Crisis,False,0 días < 20,,,,,,,,,,,,,,,,,,,,,,,compartido
68,2021-03-01,2021-08-31,compartido,global,True,,1.600707979,3.255180392,29,13,66,68,7,16,39,33,76,61,31,15,14,30,1.624564513,1.839255853,1.111412934,1.111412934,1.903914239,1.98259037,compartido
68,2021-03-01,2021-08-31,compartido,Tendencia,False,ningún trial con ≥ 30 operaciones,,,,,,,,,,,,,,,,,,,,,,,compartido
68,2021-03-01,2021-08-31,compartido,Reversión,True,,2.809194907,3.224777344,11,7,83,89,12,9,39,40,63,61,12,12,11,11,1.874035344,1.975527963,2.233375453,2.233375453,1.853591039,1.811423607,compartido
68,2021-03-01,2021-08-31,compartido,Crisis,False,0 días < 20,,,,,,,,,,,,,,,,,,,,,,,compartido
69,2021-04-01,2021-09-30,compartido,global,True,,6.737105663,8.380698209,23,24,26,23,10,10,26,24,70,71,10,10,22,21,1.585268076,1.554987745,1.410596866,1.410596866,4.334488804,3.772920681,compartido
69,2021-04-01,2021-09-30,compartido,Tendencia,False,ningún trial con ≥ 30 operaciones,,,,,,,,,,,,,,,,,,,,,,,compartido
69,2021-04-01,2021-09-30,compartido,Reversión,True,,4.874165568,8.922041627,14,14,74,72,8,7,36,37,72,72,14,13,38,37,1.880326533,2.029887568,1.135018543,1.147718341,5.537474031,5.542789507,compartido
69,2021-04-01,2021-09-30,compartido,Crisis,False,0 días < 20,,,,,,,,,,,,,,,,,,,,,,,compartido
70,2021-05-03,2021-10-29,compartido,global,False,,,,,,,,,,,,,,,,,,,,,,,,compartido
70,2021-05-03,2021-10-29,compartido,Tendencia,True,,1.046703062,1.387818683,9,9,21,20,7,7,39,40,68,68,26,27,24,23,2.029300394,2.029300394,2.28954031,2.28954031,2.633014037,2.574266332,compartido
70,2021-05-03,2021-10-29,compartido,Reversión,False,ningún trial con ≥ 30 operaciones,,,,,,,,,,,,,,,,,,,,,,,compartido
70,2021-05-03,2021-10-29,compartido,Crisis,False,0 días < 20,,,,,,,,,,,,,,,,,,,,,,,compartido
71,2021-06-01,2021-11-30,compartido,global,False,,,,,,,,,,,,,,,,,,,,,,,,compartido
71,2021-06-01,2021-11-30,compartido,Tendencia,True,,2.984993863,2.504724186,6,8,51,46,10,10,33,34,70,71,10,10,10,10,1.611434206,1.614968694,3.013245176,2.912357386,3.411797599,3.182051905,compartido
71,2021-06-01,2021-11-30,compartido,Reversión,False,ningún trial con ≥ 30 operaciones,,,,,,,,,,,,,,,,,,,,,,,compartido
71,2021-06-01,2021-11-30,compartido,Crisis,False,0 días < 20,,,,,,,,,,,,,,,,,,,,,,,compartido
72,2021-07-01,2021-12-31,compartido,global,True,,1.228550761,1.827494777,13,11,63,71,7,8,29,30,77,76,12,17,18,16,1.55363882,1.624904043,1.247316214,1.247316214,2.738939553,2.52725484,compartido
72,2021-07-01,2021-12-31,compartido,Tendencia,True,,-0.2640811046,0.2550186716,26,22,82,30,8,9,22,32,62,66,31,12,38,23,1.711676487,2.391912039,1.464185126,1.302762598,5.080125017,5.853701578,compartido
72,2021-07-01,2021-12-31,compartido,Reversión,False,15 días < 20,,,,,,,,,,,,,,,,,,,,,,,compartido
72,2021-07-01,2021-12-31,compartido,Crisis,False,0 días < 20,,,,,,,,,,,,,,,,,,,,,,,compartido
73,2021-08-02,2022-01-31,compartido,global,True,,-0.5102258183,-0.5751580432,30,28,92,95,8,10,21,21,72,70,20,19,34,35,1.664340968,1.757633121,1.403569085,1.338644632,2.652908613,2.720646821,compartido
73,2021-08-02,2022-01-31,compartido,Tendencia,True,,3.524783248,4.183845185,12,14,70,64,27,27,40,40,69,67,13,14,22,22,1.51614265,1.513045043,1.441860056,1.659867653,4.882699396,4.882699396,compartido
73,2021-08-02,2022-01-31,compartido,Reversión,False,18 días < 20,,,,,,,,,,,,,,,,,,,,,,,compartido
73,2021-08-02,2022-01-31,compartido,Crisis,False,0 días < 20,,,,,,,,,,,,,,,,,,,,,,,compartido
74,2021-09-01,2022-02-28,compartido,global,True,,1.057984665,1.038633883,21,21,61,62,9,9,22,22,70,70,21,21,37,37,1.634111789,1.634111789,1.227138107,1.227138107,4.416835723,4.537506413,compartido
74,2021-09-01,2022-02-28,compartido,Tendencia,True,,0.9729450252,1.455333474,28,30,86,78,9,9,32,32,62,60,18,18,39,39,2.003862975,2.092786905,1.506201026,1.324982423,5.729940422,5.547077285,compartido
74,2021-09-01,2022-02-28,compartido,Reversión,False,ningún trial con ≥ 30 operaciones,,,,,,,,,,,,,,,,,,,,,,,compartido
74,2021-09-01,2022-02-28,compartido,Crisis,False,12 días < 20,,,,,,,,,,,,,,,,,,,,,,,compartido
75,2021-10-01,2022-03-31,compartido,global,True,,0.2870558568,0.3560915544,9,10,69,66,9,11,39,35,62,62,30,28,26,22,1.682287905,1.660278444,1.477980144,1.263530767,1.311687432,1.734759048,compartido
75,2021-10-01,2022-03-31,compartido,Tendencia,True,,3.039686949,2.829218929,22,22,85,100,22,21,39,40,61,61,22,21,20,19,1.604936964,1.637376933,1.371725711,1.327702862,4.690324856,4.690324856,compartido
75,2021-10-01,2022-03-31,compartido,Reversión,False,ningún trial con ≥ 30 operaciones,,,,,,,,,,,,,,,,,,,,,,,compartido
75,2021-10-01,2022-03-31,compartido,Crisis,False,ningún trial con ≥ 30 operaciones,,,,,,,,,,,,,,,,,,,,,,,compartido
76,2021-11-01,2022-04-29,compartido,global,True,,1.490352777,1.940147975,22,20,33,31,7,8,38,36,79,79,30,30,10,7,1.723667867,1.699630332,1.404299436,1.437283944,5.07643513,5.162277902,compartido
76,2021-11-01,2022-04-29,compartido,Tendencia,False,ningún trial con ≥ 30 operaciones,,,,,,,,,,,,,,,,,,,,,,,compartido
76,2021-11-01,2022-04-29,compartido,Reversión,False,ningún trial con ≥ 30 operaciones,,,,,,,,,,,,,,,,,,,,,,,compartido
76,2021-11-01,2022-04-29,compartido,Crisis,False,ningún trial con ≥ 30 operaciones,,,,,,,,,,,,,,,,,,,,,,,compartido
77,2021-12-01,2022-05-31,compartido,global,False,,,,,,,,,,,,,,,,,,,,,,,,compartido
77,2021-12-01,2022-05-31,compartido,Tendencia,False,ningún trial con ≥ 30 operaciones,,,,,,,,,,,,,,,,,,,,,,,compartido
77,2021-12-01,2022-05-31,compartido,Reversión,False,ningún trial con ≥ 30 operaciones,,,,,,,,,,,,,,,,,,,,,,,compartido
77,2021-12-01,2022-05-31,compartido,Crisis,False,ningún trial con ≥ 30 operaciones,,,,,,,,,,,,,,,,,,,,,,,compartido
78,2022-01-03,2022-06-30,compartido,global,False,,,,,,,,,,,,,,,,,,,,,,,,compartido
78,2022-01-03,2022-06-30,compartido,Tendencia,False,0 días < 20,,,,,,,,,,,,,,,,,,,,,,,compartido
78,2022-01-03,2022-06-30,compartido,Reversión,False,ningún trial con ≥ 30 operaciones,,,,,,,,,,,,,,,,,,,,,,,compartido
78,2022-01-03,2022-06-30,compartido,Crisis,False,ningún trial con ≥ 30 operaciones,,,,,,,,,,,,,,,,,,,,,,,compartido
79,2022-02-01,2022-07-29,compartido,global,True,,2.555604263,3.515553193,29,28,16,16,9,9,37,39,61,61,17,16,25,25,1.919593878,1.981264488,1.127832673,1.127832673,3.363607817,3.44065454,compartido
79,2022-02-01,2022-07-29,compartido,Tendencia,False,7 días < 20,,,,,,,,,,,,,,,,,,,,,,,compartido
79,2022-02-01,2022-07-29,compartido,Reversión,False,0 días < 20,,,,,,,,,,,,,,,,,,,,,,,compartido
79,2022-02-01,2022-07-29,compartido,Crisis,False,ningún trial con ≥ 30 operaciones,,,,,,,,,,,,,,,,,,,,,,,compartido
80,2022-03-01,2022-08-31,compartido,global,False,,,,,,,,,,,,,,,,,,,,,,,,compartido
80,2022-03-01,2022-08-31,compartido,Tendencia,False,0 días < 20,,,,,,,,,,,,,,,,,,,,,,,compartido
80,2022-03-01,2022-08-31,compartido,Reversión,False,0 días < 20,,,,,,,,,,,,,,,,,,,,,,,compartido
80,2022-03-01,2022-08-31,compartido,Crisis,False,ningún trial con ≥ 30 operaciones,,,,,,,,,,,,,,,,,,,,,,,compartido
81,2022-04-01,2022-09-30,compartido,global,True,,-1.133652131,-1.005588426,24,23,84,90,10,10,38,38,70,70,20,19,6,7,1.567463768,1.559892797,1.457686906,1.707417433,2.707064674,3.35282185,compartido
81,2022-04-01,2022-09-30,compartido,Tendencia,False,0 días < 20,,,,,,,,,,,,,,,,,,,,,,,compartido
81,2022-04-01,2022-09-30,compartido,Reversión,False,1 días < 20,,,,,,,,,,,,,,,,,,,,,,,compartido
81,2022-04-01,2022-09-30,compartido,Crisis,False,ningún trial con ≥ 30 operaciones,,,,,,,,,,,,,,,,,,,,,,,compartido
82,2022-05-02,2022-10-31,compartido,global,False,,,,,,,,,,,,,,,,,,,,,,,,compartido
82,2022-05-02,2022-10-31,compartido,Tendencia,False,0 días < 20,,,,,,,,,,,,,,,,,,,,,,,compartido
82,2022-05-02,2022-10-31,compartido,Reversión,False,15 días < 20,,,,,,,,,,,,,,,,,,,,,,,compartido
82,2022-05-02,2022-10-31,compartido,Crisis,False,ningún trial con ≥ 30 operaciones,,,,,,,,,,,,,,,,,,,,,,,compartido
83,2022-06-01,2022-11-30,compartido,global,False,,,,,,,,,,,,,,,,,,,,,,,,compartido
83,2022-06-01,2022-11-30,compartido,Tendencia,False,0 días < 20,,,,,,,,,,,,,,,,,,,,,,,compartido
83,2022-06-01,2022-11-30,compartido,Reversión,False,15 días < 20,,,,,,,,,,,,,,,,,,,,,,,compartido
83,2022-06-01,2022-11-30,compartido,Crisis,False,ningún trial con ≥ 30 operaciones,,,,,,,,,,,,,,,,,,,,,,,compartido
84,2022-07-01,2022-12-30,compartido,global,True,,2.123329471,2.066500155,10,11,18,18,8,7,40,40,78,78,13,11,31,31,1.549710814,1.525700941,1.495129959,1.495129959,1.110779714,1.043734143,compartido
84,2022-07-01,2022-12-30,compartido,Tendencia,False,0 días < 20,,,,,,,,,,,,,,,,,,,,,,,compartido
84,2022-07-01,2022-12-30,compartido,Reversión,False,15 días < 20,,,,,,,,,,,,,,,,,,,,,,,compartido
84,2022-07-01,2022-12-30,compartido,Crisis,False,ningún trial con ≥ 30 operaciones,,,,,,,,,,,,,,,,,,,,,,,compartido
85,2022-08-01,2023-01-31,compartido,global,True,,-0.6395393894,0.2066385078,28,27,32,35,7,7,28,28,63,62,11,10,30,30,1.720548419,1.720548419,1.676773557,1.574059798,1.722817712,1.643085409,compartido
85,2022-08-01,2023-01-31,compartido,Tendencia,False,0 días < 20,,,,,,,,,,,,,,,,,,,,,,,compartido
85,2022-08-01,2023-01-31,compartido,Reversión,False,19 días < 20,,,,,,,,,,,,,,,,,,,,,,,compartido
85,2022-08-01,2023-01-31,compartido,Crisis,False,ningún trial con ≥ 30 operaciones,,,,,,,,,,,,,,,,,,,,,,,compartido
86,2022-09-01,2023-02-28,compartido,global,True,,-0.9139967754,-0.9203534736,6,6,69,68,7,7,36,36,63,63,38,38,8,10,1.609244471,1.631886526,1.304025895,1.118178488,5.359517147,5.847999406,compartido
86,2022-09-01,2023-02-28,compartido,Tendencia,False,0 días < 20,,,,,,,,,,,,,,,,,,,,,,,compartido
86,2022-09-01,2023-02-28,compartido,Reversión,False,ningún trial con ≥ 30 operaciones,,,,,,,,,,,,,,,,,,,,,,,compartido
86,2022-09-01,2023-02-28,compartido,Crisis,False,ningún trial con ≥ 30 operaciones,,,,,,,,,,,,,,,,,,,,,,,compartido
87,2022-10-03,2023-03-31,compartido,global,False,,,,,,,,,,,,,,,,,,,,,,,,compartido
87,2022-10-03,2023-03-31,compartido,Tendencia,False,0 días < 20,,,,,,,,,,,,,,,,,,,,,,,compartido
87,2022-10-03,2023-03-31,compartido,Reversión,False,ningún trial con ≥ 30 operaciones,,,,,,,,,,,,,,,,,,,,,,,compartido
87,2022-10-03,2023-03-31,compartido,Crisis,False,ningún trial con ≥ 30 operaciones,,,,,,,,,,,,,,,,,,,,,,,compartido
88,2022-11-01,2023-04-28,compartido,global,False,,,,,,,,,,,,,,,,,,,,,,,,compartido
88,2022-11-01,2023-04-28,compartido,Tendencia,False,0 días < 20,,,,,,,,,,,,,,,,,,,,,,,compartido
88,2022-11-01,2023-04-28,compartido,Reversión,False,10 días < 20,,,,,,,,,,,,,,,,,,,,,,,compartido
88,2022-11-01,2023-04-28,compartido,Crisis,False,ningún trial con ≥ 30 operaciones,,,,,,,,,,,,,,,,,,,,,,,compartido
89,2022-12-01,2023-05-31,compartido,global,True,,-1.341363482,-1.231913177,12,25,63,21,13,10,29,31,64,70,15,24,5,35,1.977864506,1.623846941,1.315200619,1.629058775,1.482516597,3.568118372,compartido
89,2022-12-01,2023-05-31,compartido,Tendencia,False,12 días < 20,,,,,,,,,,,,,,,,,,,,,,,compartido
89,2022-12-01,2023-05-31,compartido,Reversión,False,10 días < 20,,,,,,,,,,,,,,,,,,,,,,,compartido
89,2022-12-01,2023-05-31,compartido,Crisis,False,ningún trial con ≥ 30 operaciones,,,,,,,,,,,,,,,,,,,,,,,compartido
90,2023-01-03,2023-06-30,compartido,global,False,,,,,,,,,,,,,,,,,,,,,,,,compartido
90,2023-01-03,2023-06-30,compartido,Tendencia,True,,-1.516385488,-1.554377474,18,18,76,81,10,12,28,28,66,66,16,17,22,23,1.518494985,1.533046385,1.115052876,1.150766097,1.052787453,1.227357098,compartido
90,2023-01-03,2023-06-30,compartido,Reversión,False,10 días < 20,,,,,,,,,,,,,,,,,,,,,,,compartido
90,2023-01-03,2023-06-30,compartido,Crisis,False,ningún trial con ≥ 30 operaciones,,,,,,,,,,,,,,,,,,,,,,,compartido
91,2023-02-01,2023-07-31,compartido,global,True,,-1.163847544,-1.094094234,28,28,86,85,16,16,35,35,60,60,37,37,14,11,1.723221094,1.843830452,1.174365455,1.269669491,5.813829491,5.596864266,compartido
91,2023-02-01,2023-07-31,compartido,Tendencia,True,,-1.019548056,-0.7124120278,8,6,13,13,25,25,27,27,60,60,11,10,8,7,1.573162615,1.552172584,1.512909881,1.501480279,3.119791297,3.123432096,compartido
91,2023-02-01,2023-07-31,compartido,Reversión,False,6 días < 20,,,,,,,,,,,,,,,,,,,,,,,compartido
91,2023-02-01,2023-07-31,compartido,Crisis,False,ningún trial con ≥ 30 operaciones,,,,,,,,,,,,,,,,,,,,,,,compartido
92,2023-03-01,2023-08-31,compartido,global,False,,,,,,,,,,,,,,,,,,,,,,,,compartido
92,2023-03-01,2023-08-31,compartido,Tendencia,True,,-1.172388917,-0.9893333643,17,17,14,15,12,13,37,38,61,60,28,28,31,30,1.738374216,1.738374216,2.281591543,2.281591543,4.042429341,3.496428478,compartido
92,2023-03-01,2023-08-31,compartido,Reversión,False,1 días < 20,,,,,,,,,,,,,,,,,,,,,,,compartido
92,2023-03-01,2023-08-31,compartido,Crisis,False,ningún trial con ≥ 30 operaciones,,,,,,,,,,,,,,,,,,,,,,,compartido
93,2023-04-03,2023-09-29,compartido,global,True,,0.05336432734,0.4752437534,8,6,86,89,10,9,20,21,60,60,10,11,7,7,1.684906987,1.563871097,1.398625877,1.324628902,4.982720612,4.615756398,compartido
93,2023-04-03,2023-09-29,compartido,Tendencia,True,,0.2060437483,1.426097203,16,14,76,76,13,13,34,33,60,61,11,10,29,29,1.755523034,1.729937575,1.18297128,1.093621034,1.080374985,1.024379854,compartido
93,2023-04-03,2023-09-29,compartido,Reversión,False,ningún trial con ≥ 30 operaciones,,,,,,,,,,,,,,,,,,,,,,,compartido
93,2023-04-03,2023-09-29,compartido,Crisis,False,ningún trial con ≥ 30 operaciones,,,,,,,,,,,,,,,,,,,,,,,compartido
94,2023-05-01,2023-10-31,compartido,global,True,,0.3174720451,0.1696529866,9,10,88,87,13,13,22,22,62,62,10,10,28,30,1.62143047,1.532760507,1.250196804,1.115776125,5.548527288,5.45123013,compartido
94,2023-05-01,2023-10-31,compartido,Tendencia,True,,-0.6988767701,-0.2803721058,19,25,16,14,27,27,22,23,62,61,11,11,36,36,1.624520754,1.646826431,1.201637328,1.22311985,4.800389086,1.304180047,compartido
94,2023-05-01,2023-10-31,compartido,Reversión,False,ningún trial con ≥ 30 operaciones,,,,,,,,,,,,,,,,,,,,,,,compartido
94,2023-05-01,2023-10-31,compartido,Crisis,False,10 días < 20,,,,,,,,,,,,,,,,,,,,,,,compartido
95,2023-06-01,2023-11-30,compartido,global,True,,2.246221377,2.246221377,27,27,76,76,7,7,37,37,72,72,33,33,19,19,1.55207073,1.55207073,1.515399563,1.515399563,4.866611309,4.866611309,compartido
95,2023-06-01,2023-11-30,compartido,Tendencia,True,,0.7373538281,0.8861639541,19,16,15,17,10,10,20,22,64,64,20,19,11,11,1.608909519,1.750687802,2.721548354,2.485562112,4.930853388,4.544686498,compartido
95,2023-06-01,2023-11-30,compartido,Reversión,False,ningún trial con ≥ 30 operaciones,,,,,,,,,,,,,,,,,,,,,,,compartido
95,2023-06-01,2023-11-30,compartido,Crisis,False,0 días < 20,,,,,,,,,,,,,,,,,,,,,,,compartido
96,2023-07-03,2023-12-29,compartido,global,True,,11.35223091,16.41894178,16,15,55,55,11,10,21,21,62,62,15,15,24,28,1.584505559,1.549197978,1.291552336,1.291552336,3.401360903,2.989558796,compartido
96,2023-07-03,2023-12-29,compartido,Tendencia,False,ningún trial con ≥ 30 operaciones,,,,,,,,,,,,,,,,,,,,,,,compartido
96,2023-07-03,2023-12-29,compartido,Reversión,True,,12.54193374,30.88955284,30,29,44,40,9,9,30,31,61,61,19,19,32,33,1.583109429,1.778434575,1.635409946,1.716676133,5.728190229,5.573943255,compartido
96,2023-07-03,2023-12-29,compartido,Crisis,False,0 días < 20,,,,,,,,,,,,,,,,,,,,,,,compartido
97,2023-08-01,2024-01-31,compartido,global,True,,4.750492937,4.750492937,28,28,46,46,7,7,38,38,63,63,28,28,31,31,1.890779262,1.890779262,1.826715018,1.826715018,5.149035317,5.149035317,compartido
97,2023-08-01,2024-01-31,compartido,Tendencia,True,,-0.2709803358,-0.2709803358,9,9,32,32,9,9,38,38,62,62,37,37,25,25,1.822088958,1.822088958,2.033667003,2.033667003,1.581178215,1.581178215,compartido
97,2023-08-01,2024-01-31,compartido,Reversión,True,,17.83328427,25.10481347,28,26,42,41,7,7,38,37,68,68,25,26,22,20,1.660523079,1.670603723,3.184718412,3.253234788,2.341815869,2.248002173,compartido
97,2023-08-01,2024-01-31,compartido,Crisis,False,0 días < 20,,,,,,,,,,,,,,,,,,,,,,,compartido
98,2023-09-01,2024-02-29,compartido,global,True,,4.530872017,5.200398704,18,15,92,97,8,7,24,23,63,60,12,11,40,37,1.665386292,1.632500915,2.254338251,2.254338251,4.176312632,5.278559998,compartido
98,2023-09-01,2024-02-29,compartido,Tendencia,False,ningún trial con ≥ 30 operaciones,,,,,,,,,,,,,,,,,,,,,,,compartido
98,2023-09-01,2024-02-29,compartido,Reversión,True,,16.49284382,15.81192881,14,14,92,91,10,10,34,34,64,64,30,30,10,11,1.831423864,1.817244578,1.259115162,1.253216564,3.465269499,3.893377977,compartido
98,2023-09-01,2024-02-29,compartido,Crisis,False,0 días < 20,,,,,,,,,,,,,,,,,,,,,,,compartido
99,2023-10-02,2024-03-28,compartido,global,False,,,,,,,,,,,,,,,,,,,,,,,,compartido
99,2023-10-02,2024-03-28,compartido,Tendencia,False,ningún trial con ≥ 30 operaciones,,,,,,,,,,,,,,,,,,,,,,,compartido
99,2023-10-02,2024-03-28,compartido,Reversión,True,,1.917560761,1.917560761,17,17,44,44,11,11,29,29,67,67,10,10,19,19,1.548027139,1.548027139,2.626007929,2.626007929,2.159884759,2.159884759,compartido
99,2023-10-02,2024-03-28,compartido,Crisis,False,0 días < 20,,,,,,,,,,,,,,,,,,,,,,,compartido
100,2023-10-27,2024-04-26,compartido,global,True,,1.216999817,1.196828692,26,29,25,29,8,7,23,24,62,62,12,12,36,39,1.710569149,1.728237228,1.455280404,1.161614707,5.687343438,5.500411739,compartido
100,2023-10-27,2024-04-26,compartido,Tendencia,True,,2.470680159,3.025741985,24,24,48,48,7,7,27,26,60,60,29,29,20,20,2.174508101,2.191273243,1.098818589,1.178597053,4.892920791,4.892920791,compartido
100,2023-10-27,2024-04-26,compartido,Reversión,False,ningún trial con ≥ 30 operaciones,,,,,,,,,,,,,,,,,,,,,,,compartido
100,2023-10-27,2024-04-26,compartido,Crisis,False,0 días < 20,,,,,,,,,,,,,,,,,,,,,,,compartido
0,2015-07-01,2015-12-31,NVDA,global,True,,-0.4469943084,-0.4014641105,9,11,56,58,12,12,37,38,64,64,39,39,5,5,1.700047102,1.6632294,2.011816828,1.935675566,5.582955929,5.990444252,anclado_por_activo
0,2015-07-01,2015-12-31,NVDA,Tendencia,False,ningún trial con ≥ 5 operaciones,,,,,,,,,,,,,,,,,,,,,,,anclado_por_activo
0,2015-07-01,2015-12-31,NVDA,Reversión,True,,7.00895082,7.00895082,18,18,24,24,10,10,38,38,68,68,29,29,20,20,1.889235207,1.889235207,1.705486748,1.705486748,3.473430121,3.473430121,anclado_por_activo
0,2015-07-01,2015-12-31,NVDA,Crisis,False,ningún trial con ≥ 5 operaciones,,,,,,,,,,,,,,,,,,,,,,,anclado_por_activo
0,2015-07-01,2015-12-31,AMZN,global,True,,0.7171180185,4.920411566,26,26,72,70,26,27,24,25,68,68,12,11,10,10,1.589954013,1.501879329,1.228607547,1.330713435,1.617102707,1.510572,anclado_por_activo
0,2015-07-01,2015-12-31,AMZN,Tendencia,False,ningún trial con ≥ 5 operaciones,,,,,,,,,,,,,,,,,,,,,,,anclado_por_activo
0,2015-07-01,2015-12-31,AMZN,Reversión,True,,-0.5019229566,-0.4233244667,29,30,65,59,14,13,29,30,61,62,10,10,37,32,1.599640204,1.631191028,2.910220924,3.066958045,5.499415287,5.270605998,anclado_por_activo
0,2015-07-01,2015-12-31,AMZN,Crisis,False,ningún trial con ≥ 5 operaciones,,,,,,,,,,,,,,,,,,,,,,,anclado_por_activo
0,2015-07-01,2015-12-31,TSLA,global,False,,,,,,,,,,,,,,,,,,,,,,,,anclado_por_activo
0,2015-07-01,2015-12-31,TSLA,Tendencia,False,ningún trial con ≥ 5 operaciones,,,,,,,,,,,,,,,,,,,,,,,anclado_por_activo
0,2015-07-01,2015-12-31,TSLA,Reversión,False,ningún trial con ≥ 5 operaciones,,,,,,,,,,,,,,,,,,,,,,,anclado_por_activo
0,2015-07-01,2015-12-31,TSLA,Crisis,False,ningún trial con ≥ 5 operaciones,,,,,,,,,,,,,,,,,,,,,,,anclado_por_activo
0,2015-07-01,2015-12-31,META,global,False,,,,,,,,,,,,,,,,,,,,,,,,anclado_por_activo
0,2015-07-01,2015-12-31,META,Tendencia,False,ningún trial con ≥ 5 operaciones,,,,,,,,,,,,,,,,,,,,,,,anclado_por_activo
0,2015-07-01,2015-12-31,META,Reversión,True,,-0.3721708225,-0.3721708225,6,6,94,94,8,8,22,22,78,78,29,29,8,8,2.396421361,2.396421361,1.032706795,1.032706795,2.634324878,2.634324878,anclado_por_activo
0,2015-07-01,2015-12-31,META,Crisis,False,ningún trial con ≥ 5 operaciones,,,,,,,,,,,,,,,,,,,,,,,anclado_por_activo
0,2015-07-01,2015-12-31,NFLX,global,True,,19.73743099,25.84110095,26,28,23,23,14,13,39,40,65,65,23,23,34,31,1.676713345,1.676713345,1.322866827,1.114603069,1.34912745,1.430024048,anclado_por_activo
0,2015-07-01,2015-12-31,NFLX,Tendencia,False,ningún trial con ≥ 5 operaciones,,,,,,,,,,,,,,,,,,,,,,,anclado_por_activo
0,2015-07-01,2015-12-31,NFLX,Reversión,True,,5.531394879,5.919875282,17,15,28,19,13,13,40,40,62,63,34,33,29,32,1.677083725,1.760194936,3.949382942,3.907178141,3.570809536,3.502112416,anclado_por_activo
0,2015-07-01,2015-12-31,NFLX,Crisis,False,ningún trial con ≥ 5 operaciones,,,,,,,,,,,,,,,,,,,,,,,anclado_por_activo
0,2015-07-01,2015-12-31,GOOGL,global,True,,8.869675511,10.74944032,19,19,54,54,17,17,22,21,60,61,16,17,13,5,1.725947722,1.725947722,2.03573159,2.107551223,5.146222357,3.740386327,anclado_por_activo
0,2015-07-01,2015-12-31,GOOGL,Tendencia,False,ningún trial con ≥ 5 operaciones,,,,,,,,,,,,,,,,,,,,,,,anclado_por_activo
0,2015-07-01,2015-12-31,GOOGL,Reversión,True,,9.196480262,11.39085341,12,11,70,69,7,7,39,39,71,72,11,11,38,38,2.306355739,2.462215954,1.083678161,1.087736399,4.45567878,4.620567849,anclado_por_activo
0,2015-07-01,2015-12-31,GOOGL,Crisis,False,ningún trial con ≥ 5 operaciones,,,,,,,,,,,,,,,,,,,,,,,anclado_por_activo
1,2015-07-01,2016-01-29,NVDA,global,False,,,,,,,,,,,,,,,,,,,,,,,,anclado_por_activo
1,2015-07-01,2016-01-29,NVDA,Tendencia,True,,1.048871307,0.5319865658,29,25,18,16,8,8,22,22,66,60,20,21,34,34,1.78324381,1.776776575,1.347026655,1.235272757,1.451433578,1.54068356,anclado_por_activo
1,2015-07-01,2016-01-29,NVDA,Reversión,True,,8.944227201,8.996710253,12,11,19,17,10,10,39,40,67,66,38,38,25,27,2.165273653,2.121437557,1.128072133,1.120003628,5.331541008,5.331541008,anclado_por_activo
1,2015-07-01,2016-01-29,NVDA,Crisis,False,ningún trial con ≥ 5 operaciones,,,,,,,,,,,,,,,,,,,,,,,anclado_por_activo
1,2015-07-01,2016-01-29,AMZN,global,True,,0.1373054586,0.3189717788,8,6,88,100,7,7,32,32,68,69,28,29,25,29,1.548543343,1.548990429,3.749026284,3.932761086,5.48715426,5.475714768,anclado_por_activo
1,2015-07-01,2016-01-29,AMZN,Tendencia,True,,3.383843606,3.497120455,6,5,86,88,16,17,32,31,60,60,17,17,22,21,1.579468917,1.634129598,2.726998225,2.721437049,4.067016527,4.272845643,anclado_por_activo
1,2015-07-01,2016-01-29,AMZN,Reversión,True,,-0.09644896952,0.01591007202,20,20,18,93,10,19,36,34,71,61,32,12,27,27,1.660648206,1.519568241,1.219177759,2.328404271,5.90695762,1.66854882,anclado_por_activo
1,2015-07-01,2016-01-29,AMZN,Crisis,False,ningún trial con ≥ 5 operaciones,,,,,,,,,,,,,,,,,,,,,,,anclado_por_activo
1,2015-07-01,2016-01-29,TSLA,global,True,,6.630590709,13.53812712,8,8,23,11,7,7,38,38,60,61,39,39,24,28,1.720852042,1.688998121,1.364988411,1.461070239,4.318118031,4.318118031,anclado_por_activo
1,2015-07-01,2016-01-29,TSLA,Tendencia,False,ningún trial con ≥ 5 operaciones,,,,,,,,,,,,,,,,,,,,,,,anclado_por_activo
1,2015-07-01,2016-01-29,TSLA,Reversión,True,,32.41197049,56.83633084,23,23,20,17,8,7,39,39,63,63,12,13,6,6,1.563785321,1.506028952,1.749079282,1.749079282,5.426151061,5.426151061,anclado_por_activo
1,2015-07-01,2016-01-29,TSLA,Crisis,False,ningún trial con ≥ 5 operaciones,,,,,,,,,,,,,,,,,,,,,,,anclado_por_activo
1,2015-07-01,2016-01-29,META,global,True,,-0.08174476174,0.1052716992,28,28,71,82,27,28,22,21,65,66,38,38,32,34,1.722531129,1.521502798,1.270265567,1.257265584,2.93740571,2.963909705,anclado_por_activo
1,2015-07-01,2016-01-29,META,Tendencia,True,,-0.7109257176,-0.6757518364,28,23,71,70,8,8,33,31,73,72,28,30,19,15,1.55704685,1.54097399,1.118895018,1.094691701,1.941039132,1.948860376,anclado_por_activo
1,2015-07-01,2016-01-29,META,Reversión,True,,1.607328137,1.771803744,7,7,95,93,14,10,35,35,72,72,30,28,29,27,2.188367658,2.320041454,1.054480465,1.00333055,5.556504355,5.86885223,anclado_por_activo
1,2015-07-01,2016-01-29,META,Crisis,False,ningún trial con ≥ 5 operaciones,,,,,,,,,,,,,,,,,,,,,,,anclado_por_activo
1,2015-07-01,2016-01-29,NFLX,global,True,,8.320044743,11.50643256,21,26,91,78,10,10,28,27,60,63,26,27,35,34,1.539520948,1.515487421,1.209184283,1.390030552,1.483866623,1.579798005,anclado_por_activo
1,2015-07-01,2016-01-29,NFLX,Tendencia,False,ningún trial con ≥ 5 operaciones,,,,,,,,,,,,,,,,,,,,,,,anclado_por_activo
1,2015-07-01,2016-01-29,NFLX,Reversión,True,,4.32321151,4.508661002,15,15,37,37,7,7,29,26,67,66,38,36,39,32,2.190448552,2.190448552,3.843749996,3.904982343,3.558867265,3.703720233,anclado_por_activo
1,2015-07-01,2016-01-29,NFLX,Crisis,False,ningún trial con ≥ 5 operaciones,,,,,,,,,,,,,,,,,,,,,,,anclado_por_activo
1,2015-07-01,2016-01-29,GOOGL,global,True,,6.523867401,8.501213802,12,11,79,82,26,26,30,32,61,62,10,10,36,35,1.861586817,1.884186456,1.859400819,1.855170749,2.121499821,2.113541283,anclado_por_activo
1,2015-07-01,2016-01-29,GOOGL,Tendencia,True,,2.270501117,3.008160356,19,22,79,79,16,17,33,31,61,62,26,26,10,8,1.536913988,1.642213615,1.516522235,2.325733147,5.445283209,5.830087433,anclado_por_activo
1,2015-07-01,2016-01-29,GOOGL,Reversión,True,,4.107576054,4.547837285,16,16,91,87,8,8,24,24,61,63,16,16,39,39,1.647188034,1.764188185,3.295975919,3.28604597,2.180066509,2.394161689,anclado_por_activo
1,2015-07-01,2016-01-29,GOOGL,Crisis,False,ningún trial con ≥ 5 operaciones,,,,,,,,,,,,,,,,,,,,,,,anclado_por_activo
2,2015-07-01,2016-02-29,NVDA,global,True,,2.488323117,2.201169655,29,30,66,63,22,24,38,36,66,70,38,40,10,11,2.052261004,1.99305062,1.297900554,1.262024207,2.776482812,2.966417476,anclado_por_activo
2,2015-07-01,2016-02-29,NVDA,Tendencia,True,,4.447108532,5.871649435,16,12,85,64,22,15,39,39,61,61,35,39,38,30,1.730613473,1.637841425,3.09425654,3.066639308,4.056862749,3.716260526,anclado_por_activo
2,2015-07-01,2016-02-29,NVDA,Reversión,True,,1.850156678,4.575847548,8,8,39,39,19,21,26,28,66,66,11,10,7,5,1.6754891,1.658315013,1.173602037,1.372923282,3.441770548,3.441770548,anclado_por_activo
2,2015-07-01,2016-02-29,NVDA,Crisis,False,ningún trial con ≥ 5 operaciones,,,,,,,,,,,,,,,,,,,,,,,anclado_por_activo
2,2015-07-01,2016-02-29,AMZN,global,True,,1.871660914,2.703939071,27,27,21,12,7,7,39,40,61,65,17,26,17,20,2.838573442,2.907943671,3.117817604,3.133377972,2.664442956,3.761668427,anclado_por_activo
2,2015-07-01,2016-02-29,AMZN,Tendencia,True,,2.545919061,3.194639744,27,24,93,90,25,27,39,38,72,72,23,26,6,11,1.577382936,1.835524582,3.163922634,2.819176163,3.630370095,2.869362469,anclado_por_activo
2,2015-07-01,2016-02-29,AMZN,Reversión,True,,1.384912753,1.569364796,29,29,24,27,15,15,36,36,73,72,38,38,25,23,1.62116687,1.708486782,1.208790198,1.124840367,3.232086132,3.515621962,anclado_por_activo
2,2015-07-01,2016-02-29,AMZN,Crisis,False,ningún trial con ≥ 5 operaciones,,,,,,,,,,,,,,,,,,,,,,,anclado_por_activo
2,2015-07-01,2016-02-29,TSLA,global,True,,1.309112874,1.457895043,24,25,84,95,11,14,37,37,69,68,32,29,7,8,1.70039628,1.758755508,1.444569938,1.463069956,2.667882106,2.466712621,anclado_por_activo
2,2015-07-01,2016-02-29,TSLA,Tendencia,True,,5.26072816,5.352293458,22,22,64,71,22,22,32,32,63,61,27,21,13,13,1.659535712,1.659535712,3.427613659,2.946215583,2.257388221,2.257388221,anclado_por_activo
2,2015-07-01,2016-02-29,TSLA,Reversión,True,,2.537915223,10.86551917,10,10,89,78,9,16,25,24,77,66,19,12,9,5,1.738990047,1.617996698,1.328202878,1.052445819,1.392034736,1.392034736,anclado_por_activo
2,2015-07-01,2016-02-29,TSLA,Crisis,False,ningún trial con ≥ 5 operaciones,,,,,,,,,,,,,,,,,,,,,,,anclado_por_activo
2,2015-07-01,2016-02-29,META,global,True,,-0.3358816514,0.2264213162,13,13,15,11,12,12,22,25,62,64,31,31,7,5,1.697002844,1.739257816,1.238994884,1.238994884,3.117693961,3.152076527,anclado_por_activo
2,2015-07-01,2016-02-29,META,Tendencia,True,,6.747215354,7.047373756,19,16,92,92,13,12,33,33,74,75,33,35,39,38,1.638710364,1.639803121,2.899506746,2.756304602,3.393179738,3.393179738,anclado_por_activo
2,2015-07-01,2016-02-29,META,Reversión,True,,1.455241992,1.426419637,22,21,76,80,9,9,24,24,74,74,16,13,37,38,1.702958987,1.723304304,1.977070363,1.839559879,5.810874053,5.953775161,anclado_por_activo
2,2015-07-01,2016-02-29,META,Crisis,False,ningún trial con ≥ 5 operaciones,,,,,,,,,,,,,,,,,,,,,,,anclado_por_activo
2,2015-07-01,2016-02-29,NFLX,global,True,,4.290648137,4.889645946,13,14,87,92,12,10,39,39,68,66,18,17,5,5,1.622082818,1.585063766,3.831389301,3.873450131,4.008899922,3.988141017,anclado_por_activo
2,2015-07-01,2016-02-29,NFLX,Tendencia,True,,4.526065776,4.830025803,16,17,64,66,13,12,40,39,79,78,22,22,24,21,2.5424696,2.516741174,1.513117911,1.407247573,1.399669196,1.380343627,anclado_por_activo
2,2015-07-01,2016-02-29,NFLX,Reversión,True,,7.968338867,7.945063397,16,15,14,10,16,14,38,38,68,69,11,12,39,39,1.804192452,1.804512796,1.50932776,1.38146764,3.223736896,3.11466576,anclado_por_activo
2,2015-07-01,2016-02-29,NFLX,Crisis,False,ningún trial con ≥ 5 operaciones,,,,,,,,,,,,,,,,,,,,,,,anclado_por_activo
2,2015-07-01,2016-02-29,GOOGL,global,True,,9.265081154,8.335929267,25,25,31,38,8,8,22,22,66,67,14,14,17,18,1.635173683,1.62040272,2.271552514,2.428025082,1.886319175,1.886319175,anclado_por_activo
2,2015-07-01,2016-02-29,GOOGL,Tendencia,True,,10.01897662,10.9829663,18,18,92,94,27,27,22,21,66,66,16,14,39,40,1.56833797,1.596132958,2.415909023,2.225551577,3.04961525,3.033762775,anclado_por_activo
2,2015-07-01,2016-02-29,GOOGL,Reversión,False,ningún trial con ≥ 5 operaciones,,,,,,,,,,,,,,,,,,,,,,,anclado_por_activo
2,2015-07-01,2016-02-29,GOOGL,Crisis,False,ningún trial con ≥ 5 operaciones,,,,,,,,,,,,,,,,,,,,,,,anclado_por_activo
3,2015-07-01,2016-03-31,NVDA,global,True,,3.003737611,2.976664756,20,20,23,23,13,11,31,31,74,75,11,11,12,13,1.754419285,1.757186393,1.26119742,1.352916401,4.000832866,3.839001187,anclado_por_activo
3,2015-07-01,2016-03-31,NVDA,Tendencia,True,,2.241788635,2.650228723,20,19,62,37,21,21,24,27,63,62,14,14,24,28,1.606391031,1.55778475,3.293203687,3.096075932,4.364218113,4.521647029,anclado_por_activo
3,2015-07-01,2016-03-31,NVDA,Reversión,True,,1.823516603,2.944737639,29,27,85,92,17,16,32,30,71,72,24,25,33,30,1.813761855,1.982636743,1.108751708,1.226547361,5.800128954,5.930217427,anclado_por_activo
3,2015-07-01,2016-03-31,NVDA,Crisis,False,ningún trial con ≥ 5 operaciones,,,,,,,,,,,,,,,,,,,,,,,anclado_por_activo
3,2015-07-01,2016-03-31,AMZN,global,True,,-0.2515080758,3.328060393,29,5,87,49,27,14,24,29,71,67,12,14,9,22,1.737343739,1.91920468,3.148583235,2.864731914,2.045603447,5.230972791,anclado_por_activo
3,2015-07-01,2016-03-31,AMZN,Tendencia,True,,12.72577821,12.84880843,24,24,15,13,10,12,31,32,61,61,11,10,21,21,2.35312324,2.427658735,1.274627941,1.277801936,4.779479243,4.905223855,anclado_por_activo
3,2015-07-01,2016-03-31,AMZN,Reversión,True,,3.192903348,3.259112296,8,9,68,62,17,17,32,32,65,65,12,13,18,20,1.612728922,1.593275086,3.593608258,3.598262385,2.247081384,2.276469144,anclado_por_activo
3,2015-07-01,2016-03-31,AMZN,Crisis,False,ningún trial con ≥ 5 operaciones,,,,,,,,,,,,,,,,,,,,,,,anclado_por_activo
3,2015-07-01,2016-03-31,TSLA,global,True,,5.865929206,6.725217745,11,12,91,91,13,15,21,21,62,65,29,28,6,5,1.547783468,1.546498964,1.255141979,1.400828521,4.188232759,4.188232759,anclado_por_activo
3,2015-07-01,2016-03-31,TSLA,Tendencia,True,,10.39833824,10.39833824,15,14,12,17,7,7,38,39,61,61,13,11,6,6,2.159854583,1.947164174,2.946633787,2.964026791,5.430794521,5.922873605,anclado_por_activo
3,2015-07-01,2016-03-31,TSLA,Reversión,True,,6.073219003,6.120632411,26,26,60,63,14,14,22,21,80,79,16,15,38,34,1.637547829,1.625607066,3.046846141,3.122957348,1.376594974,1.38668093,anclado_por_activo
3,2015-07-01,2016-03-31,TSLA,Crisis,False,ningún trial con ≥ 5 operaciones,,,,,,,,,,,,,,,,,,,,,,,anclado_por_activo
3,2015-07-01,2016-03-31,META,global,True,,-0.3773633754,0.2542513544,8,8,58,63,13,13,30,29,68,68,15,15,36,37,2.132214901,2.064749314,1.264928339,1.183298816,2.031174662,2.007474275,anclado_por_activo
3,2015-07-01,2016-03-31,META,Tendencia,True,,6.852171785,7.291675947,22,22,89,85,27,28,30,28,67,66,38,40,37,38,1.57259253,1.52860447,2.183030601,2.068532664,5.650807132,5.615855646,anclado_por_activo
3,2015-07-01,2016-03-31,META,Reversión,True,,2.851911972,3.175616504,7,22,92,12,25,25,29,36,62,61,14,18,28,18,1.797493267,1.769882052,3.020595151,1.167611549,5.683785182,2.11329035,anclado_por_activo
3,2015-07-01,2016-03-31,META,Crisis,False,ningún trial con ≥ 5 operaciones,,,,,,,,,,,,,,,,,,,,,,,anclado_por_activo
3,2015-07-01,2016-03-31,NFLX,global,True,,4.923529663,6.08682384,22,24,64,61,11,10,40,38,69,69,38,36,20,26,1.896123645,1.896123645,3.420417849,3.301283294,1.547534027,1.649734721,anclado_por_activo
3,2015-07-01,2016-03-31,NFLX,Tendencia,True,,2.324368591,2.643591279,6,25,46,85,13,23,29,22,67,67,20,18,38,12,1.625757066,1.886290574,1.934826334,1.141270516,5.845341218,5.183028204,anclado_por_activo
3,2015-07-01,2016-03-31,NFLX,Reversión,True,,9.107299032,12.93539804,6,6,23,21,10,10,39,38,61,61,12,11,12,14,1.884922701,1.830175991,1.101235981,1.073901858,2.948538865,3.203443118,anclado_por_activo
3,2015-07-01,2016-03-31,NFLX,Crisis,False,ningún trial con ≥ 5 operaciones,,,,,,,,,,,,,,,,,,,,,,,anclado_por_activo
3,2015-07-01,2016-03-31,GOOGL,global,True,,8.571234253,9.22234691,25,23,81,85,7,7,34,35,70,68,40,40,23,23,2.259165718,2.20417236,2.626375099,2.604569172,4.200041109,4.46247446,anclado_por_activo
3,2015-07-01,2016-03-31,GOOGL,Tendencia,True,,9.698204249,9.877395758,21,20,64,62,19,19,21,21,75,74,18,19,38,40,1.602025298,1.585366335,2.123821071,2.124339317,3.051968699,3.154864324,anclado_por_activo
3,2015-07-01,2016-03-31,GOOGL,Reversión,True,,0.4075024281,2.053900886,29,29,42,32,23,23,40,40,64,65,37,36,17,19,1.515107323,1.515107323,1.28242239,1.230540573,5.01319122,5.01319122,anclado_por_activo
3,2015-07-01,2016-03-31,GOOGL,Crisis,False,ningún trial con ≥ 5 operaciones,,,,,,,,,,,,,,,,,,,,,,,anclado_por_activo
4,2015-07-01,2016-04-29,NVDA,global,True,,1.198994585,1.804102395,29,29,18,27,27,27,39,38,68,67,33,35,10,10,1.667458575,1.652508199,2.820982688,3.22705956,5.640141645,5.837212988,anclado_por_activo
4,2015-07-01,2016-04-29,NVDA,Tendencia,True,,4.170786071,3.968618279,8,8,85,85,14,15,36,38,63,63,13,13,10,10,1.99147486,1.974481857,1.190272184,1.24022323,4.69845572,4.783164758,anclado_por_activo
4,2015-07-01,2016-04-29,NVDA,Reversión,False,ningún trial con ≥ 5 operaciones,,,,,,,,,,,,,,,,,,,,,,,anclado_por_activo
4,2015-07-01,2016-04-29,NVDA,Crisis,False,ningún trial con ≥ 5 operaciones,,,,,,,,,,,,,,,,,,,,,,,anclado_por_activo
4,2015-07-01,2016-04-29,AMZN,global,True,,10.32724912,11.01508588,11,10,17,17,21,20,34,33,75,74,11,11,11,11,1.536845875,1.536845875,1.770527149,1.742245876,4.546636282,4.651159004,anclado_por_activo
4,2015-07-01,2016-04-29,AMZN,Tendencia,True,,2.224706572,2.433576948,12,10,21,35,9,9,36,37,63,63,35,39,26,20,1.819441423,1.776388193,1.920256239,1.841541637,1.711188568,1.747228937,anclado_por_activo
4,2015-07-01,2016-04-29,AMZN,Reversión,False,ningún trial con ≥ 5 operaciones,,,,,,,,,,,,,,,,,,,,,,,anclado_por_activo
4,2015-07-01,2016-04-29,AMZN,Crisis,False,ningún trial con ≥ 5 operaciones,,,,,,,,,,,,,,,,,,,,,,,anclado_por_activo
4,2015-07-01,2016-04-29,TSLA,global,True,,0.7805227414,4.170637915,29,29,38,43,10,14,36,36,61,60,28,23,34,39,2.578779695,2.401320649,3.171766166,3.094905271,1.344223648,1.6610031,anclado_por_activo
4,2015-07-01,2016-04-29,TSLA,Tendencia,True,,20.50048863,23.60321141,26,26,71,66,21,22,34,36,61,60,12,13,6,6,1.569437634,1.502629463,1.445223487,1.354451646,5.689168292,5.292709527,anclado_por_activo
4,2015-07-01,2016-04-29,TSLA,Reversión,True,,-1.028034677,-0.9449542916,26,26,68,71,26,25,40,35,70,66,13,16,18,17,1.621133242,1.506564923,1.171287753,1.187617185,4.566189228,4.450360618,anclado_por_activo
4,2015-07-01,2016-04-29,TSLA,Crisis,False,ningún trial con ≥ 5 operaciones,,,,,,,,,,,,,,,,,,,,,,,anclado_por_activo
4,2015-07-01,2016-04-29,META,global,True,,0.5215250009,2.260882871,28,27,76,95,21,7,40,25,62,79,16,38,10,16,1.561843552,1.574342922,3.47539367,3.066147458,3.107310183,5.693904826,anclado_por_activo
4,2015-07-01,2016-04-29,META,Tendencia,True,,3.466589228,4.239461292,26,26,94,96,25,25,34,34,61,61,31,30,17,20,1.956480656,1.743371224,3.576917415,3.757034842,2.242500298,2.379513946,anclado_por_activo
4,2015-07-01,2016-04-29,META,Reversión,False,ningún trial con ≥ 5 operaciones,,,,,,,,,,,,,,,,,,,,,,,anclado_por_activo
4,2015-07-01,2016-04-29,META,Crisis,False,ningún trial con ≥ 5 operaciones,,,,,,,,,,,,,,,,,,,,,,,anclado_por_activo
4,2015-07-01,2016-04-29,NFLX,global,True,,4.730155136,5.926181337,15,20,71,62,9,10,36,39,66,63,31,33,34,31,1.66796736,1.761229502,3.699996647,3.314105194,4.846894844,4.846894844,anclado_por_activo
4,2015-07-01,2016-04-29,NFLX,Tendencia,True,,4.363920115,5.700985921,18,19,80,75,15,14,29,29,73,73,16,17,10,11,1.794010079,1.785659576,3.276279643,3.255701332,5.62191055,5.683834862,anclado_por_activo
4,2015-07-01,2016-04-29,NFLX,Reversión,True,,0.4156096652,2.844667977,22,22,91,90,18,17,31,31,60,60,29,28,29,30,1.678334397,1.781582297,1.360671606,1.408806716,1.633701044,1.228049369,anclado_por_activo
4,2015-07-01,2016-04-29,NFLX,Crisis,False,ningún trial con ≥ 5 operaciones,,,,,,,,,,,,,,,,,,,,,,,anclado_por_activo
4,2015-07-01,2016-04-29,GOOGL,global,True,,0.8476057089,0.8140543301,9,10,67,67,20,21,22,22,61,60,38,38,10,12,1.582854917,1.616486287,1.540870548,1.478348356,4.718303774,4.848654041,anclado_por_activo
4,2015-07-01,2016-04-29,GOOGL,Tendencia,True,,0.5736401195,4.317195812,15,20,35,74,19,7,27,37,61,75,16,15,37,10,2.007029965,2.007029965,3.334517226,1.974589156,4.307136091,4.110908561,anclado_por_activo
4,2015-07-01,2016-04-29,GOOGL,Reversión,False,ningún trial con ≥ 5 operaciones,,,,,,,,,,,,,,,,,,,,,,,anclado_por_activo
4,2015-07-01,2016-04-29,GOOGL,Crisis,False,ningún trial con ≥ 5 operaciones,,,,,,,,,,,,,,,,,,,,,,,anclado_por_activo
5,2015-07-01,2016-05-31,NVDA,global,True,,0.2907859506,0.7496682454,27,27,94,96,8,8,37,38,63,60,33,33,11,10,1.635925666,2.10638976,3.049157864,2.907865747,3.775036005,4.140167599,anclado_por_activo
5,2015-07-01,2016-05-31,NVDA,Tendencia,True,,0.9704656622,1.039863997,21,21,78,81,8,8,38,38,74,71,18,18,10,10,2.849929234,2.931213273,3.096356985,2.986618389,3.993864525,3.839280906,anclado_por_activo
5,2015-07-01,2016-05-31,NVDA,Reversión,True,,0.5750304036,-0.1682521657,28,29,38,38,8,8,31,31,62,60,19,19,34,37,1.619801947,1.662275012,3.574807961,3.530273613,4.306707144,4.160419094,anclado_por_activo
5,2015-07-01,2016-05-31,NVDA,Crisis,False,ningún trial con ≥ 5 operaciones,,,,,,,,,,,,,,,,,,,,,,,anclado_por_activo
5,2015-07-01,2016-05-31,AMZN,global,True,,0.4363358226,1.413952022,25,25,66,58,8,8,28,29,64,66,32,25,10,11,2.261451683,2.26327123,2.576703119,1.793130465,1.577946081,1.59378869,anclado_por_activo
5,2015-07-01,2016-05-31,AMZN,Tendencia,True,,2.685576814,2.635995983,6,7,44,42,20,20,24,25,62,61,23,22,39,39,1.657398956,1.632154593,2.029177264,1.815731465,1.31864076,1.238359965,anclado_por_activo
5,2015-07-01,2016-05-31,AMZN,Reversión,True,,1.179756964,1.179756964,25,25,100,100,9,9,35,35,60,60,38,38,5,5,1.575202156,1.575202156,3.58384085,3.58384085,2.854626879,2.854626879,anclado_por_activo
5,2015-07-01,2016-05-31,AMZN,Crisis,False,ningún trial con ≥ 5 operaciones,,,,,,,,,,,,,,,,,,,,,,,anclado_por_activo
5,2015-07-01,2016-05-31,TSLA,global,True,,0.5939087376,2.160760926,26,25,74,77,10,9,26,25,66,69,25,26,7,7,2.290156972,2.233642384,1.663725803,1.729752797,2.028392119,2.004535587,anclado_por_activo
5,2015-07-01,2016-05-31,TSLA,Tendencia,True,,25.00975269,20.84368005,26,25,68,68,11,12,37,37,61,61,35,34,5,5,2.838856124,2.818136626,1.931059353,1.949274539,4.757843986,4.914934393,anclado_por_activo
5,2015-07-01,2016-05-31,TSLA,Reversión,True,,0.7372223461,0.7575412261,28,26,26,18,16,15,38,38,60,60,28,30,14,14,1.58210396,1.593313376,3.119441445,3.106863868,1.909206063,1.972196105,anclado_por_activo
5,2015-07-01,2016-05-31,TSLA,Crisis,False,ningún trial con ≥ 5 operaciones,,,,,,,,,,,,,,,,,,,,,,,anclado_por_activo
5,2015-07-01,2016-05-31,META,global,True,,2.59678624,2.667576091,25,23,94,98,8,7,25,23,64,64,34,35,38,38,1.882205759,1.970436494,2.375550166,2.246971468,3.531976179,3.546881271,anclado_por_activo
5,2015-07-01,2016-05-31,META,Tendencia,True,,-0.0277836502,0.03970224667,16,23,93,94,8,7,20,20,79,79,19,19,11,11,1.642581952,1.70960844,3.543352501,3.522832088,3.876369869,4.195560739,anclado_por_activo
5,2015-07-01,2016-05-31,META,Reversión,False,ningún trial con ≥ 5 operaciones,,,,,,,,,,,,,,,,,,,,,,,anclado_por_activo
5,2015-07-01,2016-05-31,META,Crisis,False,ningún trial con ≥ 5 operaciones,,,,,,,,,,,,,,,,,,,,,,,anclado_por_activo
5,2015-07-01,2016-05-31,NFLX,global,True,,2.188212466,4.171578698,27,25,13,11,25,23,35,36,65,63,29,27,37,39,1.687738921,1.71794953,1.521945628,1.055298785,2.877782676,2.814839505,anclado_por_activo
5,2015-07-01,2016-05-31,NFLX,Tendencia,True,,9.88265784,10.98129806,19,20,15,17,8,9,29,29,70,71,30,30,11,9,2.05286289,2.101529123,1.909241732,1.715978959,1.598246144,1.721338308,anclado_por_activo
5,2015-07-01,2016-05-31,NFLX,Reversión,True,,0.4564796984,1.565736018,12,12,56,59,11,11,34,34,66,66,12,14,6,5,1.584719393,1.500207743,3.807758336,3.818174645,4.675132392,5.098977926,anclado_por_activo
5,2015-07-01,2016-05-31,NFLX,Crisis,False,ningún trial con ≥ 5 operaciones,,,,,,,,,,,,,,,,,,,,,,,anclado_por_activo
5,2015-07-01,2016-05-31,GOOGL,global,True,,2.716536992,6.289937058,18,18,24,19,14,9,25,23,68,68,12,13,31,26,1.858204416,1.946407289,1.991629809,2.120044409,3.921608061,3.78646006,anclado_por_activo
5,2015-07-01,2016-05-31,GOOGL,Tendencia,True,,11.41501231,12.8973253,28,25,88,89,8,7,40,38,61,60,12,13,11,10,2.628367667,2.640676814,2.20331664,1.979164169,3.395772158,3.415432631,anclado_por_activo
5,2015-07-01,2016-05-31,GOOGL,Reversión,False,ningún trial con ≥ 5 operaciones,,,,,,,,,,,,,,,,,,,,,,,anclado_por_activo
5,2015-07-01,2016-05-31,GOOGL,Crisis,False,ningún trial con ≥ 5 operaciones,,,,,,,,,,,,,,,,,,,,,,,anclado_por_activo
6,2015-07-01,2016-06-30,NVDA,global,True,,1.746643863,1.156951592,27,25,21,26,27,26,37,37,71,74,37,37,9,9,1.829884936,1.81424712,1.215940142,1.293237979,5.269823319,5.091464547,anclado_por_activo
6,2015-07-01,2016-06-30,NVDA,Tendencia,True,,1.463186574,2.144771989,12,14,94,98,11,11,39,40,67,67,38,38,36,35,1.80236525,1.840719194,3.732467513,3.608429328,3.405558256,3.807111651,anclado_por_activo
6,2015-07-01,2016-06-30,NVDA,Reversión,True,,2.943342274,2.935920604,9,9,25,23,24,23,34,35,66,66,20,19,27,31,1.867091788,1.915615685,1.07629793,1.078367642,4.318819931,4.089151295,anclado_por_activo
6,2015-07-01,2016-06-30,NVDA,Crisis,False,ningún trial con ≥ 5 operaciones,,,,,,,,,,,,,,,,,,,,,,,anclado_por_activo
6,2015-07-01,2016-06-30,AMZN,global,True,,1.412662526,2.06877162,7,7,38,40,7,7,32,32,68,70,33,32,26,27,2.917168336,2.984856523,1.15547009,1.144956037,1.214350402,1.438827023,anclado_por_activo
6,2015-07-01,2016-06-30,AMZN,Tendencia,True,,1.36683776,2.067164383,18,20,89,93,12,12,38,38,65,65,34,36,35,33,2.475150013,2.377137483,2.221155343,2.226367222,1.256359693,1.128045587,anclado_por_activo
6,2015-07-01,2016-06-30,AMZN,Reversión,True,,0.9882744367,2.073912832,23,23,20,27,8,7,39,39,63,63,15,14,38,35,1.640432389,1.770131177,1.408751058,1.254308327,1.76082816,1.804792,anclado_por_activo
6,2015-07-01,2016-06-30,AMZN,Crisis,False,ningún trial con ≥ 5 operaciones,,,,,,,,,,,,,,,,,,,,,,,anclado_por_activo
6,2015-07-01,2016-06-30,TSLA,global,True,,3.266197963,3.9702133,12,13,73,78,25,25,38,38,78,77,37,35,36,36,1.675438839,1.831484367,1.378877032,1.378877032,1.479921319,1.495478492,anclado_por_activo
6,2015-07-01,2016-06-30,TSLA,Tendencia,True,,9.627984361,12.69144758,28,27,44,37,10,10,22,22,74,75,37,37,15,18,1.602900685,1.639628999,1.393723575,1.213894667,1.677373714,1.677373714,anclado_por_activo
6,2015-07-01,2016-06-30,TSLA,Reversión,True,,-0.3155580378,0.001099436795,19,17,21,15,8,9,26,25,66,65,15,15,36,38,2.102762753,2.145676857,2.934807384,2.934807384,2.219962929,3.038610643,anclado_por_activo
6,2015-07-01,2016-06-30,TSLA,Crisis,False,ningún trial con ≥ 5 operaciones,,,,,,,,,,,,,,,,,,,,,,,anclado_por_activo
6,2015-07-01,2016-06-30,META,global,True,,6.098268567,6.198505278,11,11,95,100,22,24,29,28,62,62,32,30,34,34,1.54896116,1.54896116,2.166690183,2.123079538,2.050328128,2.041274113,anclado_por_activo
6,2015-07-01,2016-06-30,META,Tendencia,True,,3.031226997,6.415955579,6,14,12,11,8,9,25,24,64,64,29,27,16,14,2.695113525,2.676496337,2.09494625,2.367267864,3.661376304,3.750702995,anclado_por_activo
6,2015-07-01,2016-06-30,META,Reversión,False,ningún trial con ≥ 5 operaciones,,,,,,,,,,,,,,,,,,,,,,,anclado_por_activo
6,2015-07-01,2016-06-30,META,Crisis,False,ningún trial con ≥ 5 operaciones,,,,,,,,,,,,,,,,,,,,,,,anclado_por_activo
6,2015-07-01,2016-06-30,NFLX,global,True,,10.00726734,8.53182772,16,16,36,38,25,24,20,21,61,62,27,30,34,33,1.639550421,1.61767911,3.262850755,3.243607595,1.323159337,1.323159337,anclado_por_activo
6,2015-07-01,2016-06-30,NFLX,Tendencia,True,,7.936899741,9.455031513,6,6,64,70,8,8,28,27,73,73,14,14,36,33,2.403373122,2.374260838,3.384030044,2.934290346,1.499758887,1.726653789,anclado_por_activo
6,2015-07-01,2016-06-30,NFLX,Reversión,True,,0.9646937619,0.9646937619,28,30,17,17,9,9,21,21,68,68,32,29,7,7,1.649622092,1.677552195,3.808484259,3.697823123,3.256575312,3.256575312,anclado_por_activo
6,2015-07-01,2016-06-30,NFLX,Crisis,False,ningún trial con ≥ 5 operaciones,,,,,,,,,,,,,,,,,,,,,,,anclado_por_activo
6,2015-07-01,2016-06-30,GOOGL,global,True,,6.935938822,7.818534801,7,6,93,90,21,21,39,39,70,71,11,12,15,15,1.5683831,1.53832057,2.662348977,2.62333673,1.912836355,2.047287368,anclado_por_activo
6,2015-07-01,2016-06-30,GOOGL,Tendencia,True,,5.502063392,5.715614069,20,21,36,37,25,25,35,34,68,69,14,16,36,38,1.984087297,2.020657269,1.786689038,1.673124168,3.04718321,3.148791719,anclado_por_activo
6,2015-07-01,2016-06-30,GOOGL,Reversión,True,,0.6348894692,0.7592009274,16,16,20,20,19,19,20,20,65,65,17,17,13,13,1.609754781,1.682864331,3.362634559,3.56045513,1.132666113,1.247584157,anclado_por_activo
6,2015-07-01,2016-06-30,GOOGL,Crisis,False,ningún trial con ≥ 5 operaciones,,,,,,,,,,,,,,,,,,,,,,,anclado_por_activo
7,2015-07-01,2016-07-29,NVDA,global,True,,0.6971545353,2.386409533,8,5,69,65,25,25,36,36,63,62,15,11,37,35,2.112238523,2.166111183,1.22099118,1.23553712,4.040663258,4.126906398,anclado_por_activo
7,2015-07-01,2016-07-29,NVDA,Tendencia,True,,-0.1955391561,-0.1681182623,6,17,91,39,22,22,22,31,66,61,38,28,38,37,2.060814402,2.028471771,1.048560102,1.037678898,5.516485271,3.606001217,anclado_por_activo
7,2015-07-01,2016-07-29,NVDA,Reversión,True,,7.186973592,7.468663178,6,6,32,31,12,12,39,40,74,73,11,11,28,29,1.977224432,2.0393433,2.863555429,2.847080706,5.340970285,5.754937948,anclado_por_activo
7,2015-07-01,2016-07-29,NVDA,Crisis,False,ningún trial con ≥ 5 operaciones,,,,,,,,,,,,,,,,,,,,,,,anclado_por_activo
7,2015-07-01,2016-07-29,AMZN,global,True,,2.080779756,2.565313418,26,27,28,29,11,11,39,39,70,69,30,30,35,36,2.893547523,2.96955624,1.176640298,1.133003873,5.167979067,5.819544464,anclado_por_activo
7,2015-07-01,2016-07-29,AMZN,Tendencia,True,,0.5887501836,0.7843941771,6,13,76,40,8,11,28,29,64,65,16,17,27,36,2.24017519,2.168657438,1.292569639,1.033490399,5.858402549,4.878024456,anclado_por_activo
7,2015-07-01,2016-07-29,AMZN,Reversión,True,,-0.4793476071,3.239561355,24,29,88,90,24,21,21,21,64,65,16,21,36,36,2.35409582,2.463554585,1.23184594,1.203883344,4.647646844,4.558983514,anclado_por_activo
7,2015-07-01,2016-07-29,AMZN,Crisis,False,ningún trial con ≥ 5 operaciones,,,,,,,,,,,,,,,,,,,,,,,anclado_por_activo
7,2015-07-01,2016-07-29,TSLA,global,True,,2.092894917,2.318920007,19,19,43,33,10,9,22,21,79,79,26,27,36,37,1.819018494,1.819018494,1.737851507,1.62179897,5.198879004,5.414904426,anclado_por_activo
7,2015-07-01,2016-07-29,TSLA,Tendencia,True,,-0.1695330079,0.1037277142,19,18,19,24,24,24,34,36,74,78,18,19,20,22,1.569707483,1.610282415,2.490827156,2.57963233,2.611500529,2.634335066,anclado_por_activo
7,2015-07-01,2016-07-29,TSLA,Reversión,True,,12.63695273,15.26967475,9,10,26,18,7,7,38,37,72,72,31,31,22,27,1.672643767,1.650666606,3.531871132,3.766512802,1.596003961,1.65222725,anclado_por_activo
7,2015-07-01,2016-07-29,TSLA,Crisis,False,ningún trial con ≥ 5 operaciones,,,,,,,,,,,,,,,,,,,,,,,anclado_por_activo
7,2015-07-01,2016-07-29,META,global,True,,3.285573696,3.126181325,28,26,96,96,8,8,40,39,76,76,32,27,38,36,1.662621573,2.371328011,2.803390273,2.787109032,2.795389152,2.792515558,anclado_por_activo
7,2015-07-01,2016-07-29,META,Tendencia,True,,1.134362523,1.915054205,28,30,30,30,10,14,35,35,64,61,25,25,17,19,1.625299886,1.638209708,2.698352361,2.922628336,4.46934912,4.46934912,anclado_por_activo
7,2015-07-01,2016-07-29,META,Reversión,True,,6.012609957,6.856607028,22,22,48,48,11,10,34,34,76,74,33,34,6,9,2.726102211,2.781801964,3.719102281,3.719102281,3.561813277,3.301183839,anclado_por_activo
7,2015-07-01,2016-07-29,META,Crisis,False,ningún trial con ≥ 5 operaciones,,,,,,,,,,,,,,,,,,,,,,,anclado_por_activo
7,2015-07-01,2016-07-29,NFLX,global,True,,3.570094502,7.556167165,26,25,27,21,10,12,32,34,62,63,32,29,5,5,2.0560934,1.951341199,3.716652835,3.670285959,4.465337798,4.49070028,anclado_por_activo
7,2015-07-01,2016-07-29,NFLX,Tendencia,True,,1.96385312,1.96385312,27,27,16,12,20,13,32,32,62,62,11,12,5,5,1.90293686,1.76378859,2.804737161,3.112499091,4.498037886,3.275677892,anclado_por_activo
7,2015-07-01,2016-07-29,NFLX,Reversión,True,,3.723484482,11.72767306,28,27,50,89,9,27,26,34,73,67,25,30,34,34,1.748223131,2.100573861,3.406722535,3.904754268,3.629448914,1.628063043,anclado_por_activo
7,2015-07-01,2016-07-29,NFLX,Crisis,False,ningún trial con ≥ 5 operaciones,,,,,,,,,,,,,,,,,,,,,,,anclado_por_activo
7,2015-07-01,2016-07-29,GOOGL,global,True,,3.106449365,3.840303663,18,19,16,10,24,24,38,39,72,72,16,14,9,8,1.730157745,1.720188768,2.116442891,1.927043968,1.80434841,1.711670668,anclado_por_activo
7,2015-07-01,2016-07-29,GOOGL,Tendencia,True,,2.075454728,2.689911608,30,30,31,37,7,7,22,23,61,61,39,39,18,18,1.80736231,1.765740718,2.23643675,2.347508003,3.430551504,3.797350275,anclado_por_activo
7,2015-07-01,2016-07-29,GOOGL,Reversión,True,,3.003251882,4.438707629,17,11,34,23,10,16,38,34,64,79,15,10,38,38,1.865527966,1.781899725,3.306621828,2.487977454,5.73665291,4.943822331,anclado_por_activo
7,2015-07-01,2016-07-29,GOOGL,Crisis,False,ningún trial con ≥ 5 operaciones,,,,,,,,,,,,,,,,,,,,,,,anclado_por_activo
8,2015-07-01,2016-08-31,NVDA,global,True,,2.58259952,1.993843166,7,6,15,20,12,11,40,39,79,78,16,16,30,29,1.82626183,1.843850596,2.239550718,2.150746519,4.585252498,5.061597576,anclado_por_activo
8,2015-07-01,2016-08-31,NVDA,Tendencia,True,,0.3963261486,0.6453486076,29,30,44,46,24,24,23,24,80,80,10,10,10,10,1.676080142,1.564857673,1.574763463,1.889653277,5.760100979,5.907574884,anclado_por_activo
8,2015-07-01,2016-08-31,NVDA,Reversión,True,,4.517302783,6.619312267,29,29,96,88,12,13,39,39,80,79,12,11,19,19,1.993776615,1.954985622,1.223687284,1.051786719,4.166873413,3.788970022,anclado_por_activo
8,2015-07-01,2016-08-31,NVDA,Crisis,False,ningún trial con ≥ 5 operaciones,,,,,,,,,,,,,,,,,,,,,,,anclado_por_activo
8,2015-07-01,2016-08-31,AMZN,global,True,,1.649529407,2.227527221,22,22,94,83,13,13,27,27,79,79,23,23,11,11,1.660247344,1.696226283,2.313948251,2.588469091,2.948870066,2.581030005,anclado_por_activo
8,2015-07-01,2016-08-31,AMZN,Tendencia,True,,3.27228533,3.901266107,7,6,20,14,22,24,20,20,60,60,11,13,35,38,1.621588586,1.677124073,1.432879797,1.714663759,3.611749189,3.766348549,anclado_por_activo
8,2015-07-01,2016-08-31,AMZN,Reversión,True,,3.197553962,3.612938059,30,29,66,63,25,26,37,37,78,77,10,10,33,39,1.61986972,1.608467425,1.284827346,1.221241839,4.411688203,4.830796172,anclado_por_activo
8,2015-07-01,2016-08-31,AMZN,Crisis,False,ningún trial con ≥ 5 operaciones,,,,,,,,,,,,,,,,,,,,,,,anclado_por_activo
8,2015-07-01,2016-08-31,TSLA,global,True,,0.6030605615,2.560946237,16,15,93,50,10,12,20,22,68,69,26,27,24,30,2.316335307,1.836313933,3.799964253,2.098595382,5.206598413,1.513911553,anclado_por_activo
8,2015-07-01,2016-08-31,TSLA,Tendencia,True,,-0.2151225244,-0.04780857379,24,24,68,71,24,24,39,39,62,64,33,37,27,27,1.936339381,1.928569072,1.17988839,1.204973371,4.329569334,4.278112474,anclado_por_activo
8,2015-07-01,2016-08-31,TSLA,Reversión,True,,6.854580368,7.100270425,8,8,24,24,7,7,27,28,62,62,33,34,22,22,2.131778017,1.818591226,1.686804762,1.686804762,5.581607873,5.155950815,anclado_por_activo
8,2015-07-01,2016-08-31,TSLA,Crisis,False,ningún trial con ≥ 5 operaciones,,,,,,,,,,,,,,,,,,,,,,,anclado_por_activo
8,2015-07-01,2016-08-31,META,global,True,,3.649149907,3.637415036,28,27,34,34,26,25,35,36,62,62,38,39,18,22,1.583835329,1.575807604,2.112495936,1.992577533,2.865179123,2.888702801,anclado_por_activo
8,2015-07-01,2016-08-31,META,Tendencia,True,,1.314675247,1.457236226,27,30,90,96,22,22,34,36,68,67,30,30,11,11,1.542552502,1.58077492,2.542622563,2.2683569,5.346040951,4.779342552,anclado_por_activo
8,2015-07-01,2016-08-31,META,Reversión,True,,4.227043929,6.409830174,21,20,14,10,25,26,40,40,70,70,32,33,10,9,1.678224018,1.678684238,2.044795508,2.009558541,3.397631356,3.446589969,anclado_por_activo
8,2015-07-01,2016-08-31,META,Crisis,False,ningún trial con ≥ 5 operaciones,,,,,,,,,,,,,,,,,,,,,,,anclado_por_activo
8,2015-07-01,2016-08-31,NFLX,global,True,,2.044116604,2.410232734,16,17,88,88,18,14,23,28,62,61,33,34,6,7,1.860470137,2.009756806,1.618483049,1.575411792,2.207392568,2.821582494,anclado_por_activo
8,2015-07-01,2016-08-31,NFLX,Tendencia,True,,1.065257717,1.016848489,10,13,31,20,10,9,29,27,65,63,10,11,38,39,1.70519662,1.77493828,2.761331179,3.093893939,1.226547544,1.166608004,anclado_por_activo
8,2015-07-01,2016-08-31,NFLX,Reversión,True,,10.26313703,10.64388722,10,11,96,91,12,10,36,39,70,70,37,37,36,31,1.62571148,1.509424887,1.234224465,1.136035887,1.615709129,1.667519639,anclado_por_activo
8,2015-07-01,2016-08-31,NFLX,Crisis,False,ningún trial con ≥ 5 operaciones,,,,,,,,,,,,,,,,,,,,,,,anclado_por_activo
8,2015-07-01,2016-08-31,GOOGL,global,True,,7.301942883,7.362348076,20,21,50,35,10,10,40,40,60,61,15,12,38,38,2.87421281,2.962725073,2.814976885,2.794024479,3.268450144,3.268450144,anclado_por_activo
8,2015-07-01,2016-08-31,GOOGL,Tendencia,True,,1.229412855,3.668444195,22,26,62,56,26,25,20,22,60,60,24,24,32,39,1.918107653,1.973951459,2.320668833,1.976741686,3.460680006,3.511935481,anclado_por_activo
8,2015-07-01,2016-08-31,GOOGL,Reversión,True,,0.6858638699,3.180754139,26,29,21,13,8,8,38,39,67,67,12,12,6,5,2.679663456,2.892131732,1.606801903,1.739333605,3.318811927,3.82988617,anclado_por_activo
8,2015-07-01,2016-08-31,GOOGL,Crisis,False,ningún trial con ≥ 5 operaciones,,,,,,,,,,,,,,,,,,,,,,,anclado_por_activo
9,2015-07-01,2016-09-30,NVDA,global,True,,5.146713406,5.918715233,29,29,39,30,26,26,39,38,77,78,11,13,26,25,1.995666902,2.034506393,1.665767314,1.641693709,4.988926618,4.951600126,anclado_por_activo
9,2015-07-01,2016-09-30,NVDA,Tendencia,True,,0.3499424856,0.9394852905,14,10,15,13,27,27,34,34,67,66,20,20,35,36,1.890114549,1.925212052,1.277887605,1.660298485,5.697950846,5.676307531,anclado_por_activo
9,2015-07-01,2016-09-30,NVDA,Reversión,True,,6.868681426,7.874603401,13,12,82,78,27,27,22,22,75,75,13,13,21,21,2.012459343,1.994141642,3.261280724,3.297798759,2.812507444,3.231008769,anclado_por_activo
9,2015-07-01,2016-09-30,NVDA,Crisis,False,ningún trial con ≥ 5 operaciones,,,,,,,,,,,,,,,,,,,,,,,anclado_por_activo
9,2015-07-01,2016-09-30,AMZN,global,True,,1.547366374,1.504743074,21,22,88,94,15,16,39,40,80,79,23,23,36,35,1.578459132,1.501162217,1.169163846,1.152735356,5.235808717,5.042892962,anclado_por_activo
9,2015-07-01,2016-09-30,AMZN,Tendencia,True,,1.198932076,1.079807063,11,11,71,75,7,7,40,40,68,67,37,34,25,26,2.457019014,2.459524955,3.202668129,3.307522132,2.023106415,1.891040098,anclado_por_activo
9,2015-07-01,2016-09-30,AMZN,Reversión,True,,2.477182142,3.023047514,26,26,15,11,13,12,23,21,67,69,23,24,13,19,1.71554723,1.574821619,2.502276935,2.507227289,1.74746974,1.835926181,anclado_por_activo
9,2015-07-01,2016-09-30,AMZN,Crisis,False,ningún trial con ≥ 5 operaciones,,,,,,,,,,,,,,,,,,,,,,,anclado_por_activo
9,2015-07-01,2016-09-30,TSLA,global,True,,1.493414229,1.998295624,16,15,92,88,12,13,20,21,79,79,14,15,6,6,1.943075448,1.821841234,1.496731674,1.338147083,5.31131584,4.940037805,anclado_por_activo
9,2015-07-01,2016-09-30,TSLA,Tendencia,True,,0.4906676989,0.8035522933,28,27,36,37,12,13,23,22,61,61,38,39,24,29,1.672643855,1.626535562,1.087253495,1.075399259,5.830120048,5.959748596,anclado_por_activo
9,2015-07-01,2016-09-30,TSLA,Reversión,True,,3.734520722,3.728116344,26,28,62,60,20,21,40,40,63,63,13,11,38,38,2.289106467,2.390687616,1.731523578,1.887844113,1.436459521,1.545944451,anclado_por_activo
9,2015-07-01,2016-09-30,TSLA,Crisis,False,ningún trial con ≥ 5 operaciones,,,,,,,,,,,,,,,,,,,,,,,anclado_por_activo
9,2015-07-01,2016-09-30,META,global,True,,4.408261504,4.517191871,25,28,95,87,17,16,21,20,65,66,36,38,25,25,1.601085207,1.531432138,3.718029859,3.635383537,2.808607171,2.808607171,anclado_por_activo
9,2015-07-01,2016-09-30,META,Tendencia,True,,-0.05988431039,0.005429428479,29,30,59,55,9,12,21,20,77,78,39,40,19,19,1.946398457,1.806623979,1.071479886,1.077750796,3.500529999,3.846115377,anclado_por_activo
9,2015-07-01,2016-09-30,META,Reversión,True,,9.28664895,9.85852,29,30,72,66,22,22,36,36,61,60,30,30,37,35,2.49889761,2.545786265,2.098681905,1.972919157,5.756375858,5.900156334,anclado_por_activo
9,2015-07-01,2016-09-30,META,Crisis,False,ningún trial con ≥ 5 operaciones,,,,,,,,,,,,,,,,,,,,,,,anclado_por_activo
9,2015-07-01,2016-09-30,NFLX,global,True,,1.818487971,2.521365149,10,10,27,32,9,9,36,37,71,71,11,11,11,10,1.874938502,1.853352191,1.505669507,1.551894887,1.463413526,1.384827846,anclado_por_activo
9,2015-07-01,2016-09-30,NFLX,Tendencia,True,,0.8839085814,0.978582774,27,30,80,81,11,11,35,34,64,64,38,37,36,37,1.852730393,1.952211862,2.455311295,2.670122662,1.88341108,2.004099944,anclado_por_activo
9,2015-07-01,2016-09-30,NFLX,Reversión,True,,3.844607273,11.03857329,9,9,74,77,10,10,36,39,78,78,38,36,12,12,1.562818353,1.564015671,1.130244518,1.258282284,3.674600381,4.296042379,anclado_por_activo
9,2015-07-01,2016-09-30,NFLX,Crisis,False,ningún trial con ≥ 5 operaciones,,,,,,,,,,,,,,,,,,,,,,,anclado_por_activo
9,2015-07-01,2016-09-30,GOOGL,global,True,,5.035725118,5.546631608,10,9,26,30,26,28,38,38,66,66,20,20,38,38,1.813360325,1.812607335,1.309458781,1.191435313,4.855963162,4.817368685,anclado_por_activo
9,2015-07-01,2016-09-30,GOOGL,Tendencia,True,,2.355690701,3.11079881,28,27,42,44,12,12,28,29,66,66,11,10,18,17,1.670849434,1.754867828,3.80712498,3.981609982,1.710622247,1.872294637,anclado_por_activo
9,2015-07-01,2016-09-30,GOOGL,Reversión,True,,4.210915131,4.835745573,9,9,55,54,26,27,21,23,64,66,25,26,39,39,1.633419464,1.564874938,2.972587536,2.824805187,5.466530259,5.441562309,anclado_por_activo
9,2015-07-01,2016-09-30,GOOGL,Crisis,False,ningún trial con ≥ 5 operaciones,,,,,,,,,,,,,,,,,,,,,,,anclado_por_activo
10,2015-07-01,2016-10-31,NVDA,global,True,,0.8245849676,1.122786048,10,11,20,20,25,25,39,40,76,76,19,18,9,9,1.565990969,1.503779106,1.715919937,1.487322693,3.295145271,3.951635376,anclado_por_activo
10,2015-07-01,2016-10-31,NVDA,Tendencia,True,,0.388496743,0.9505300671,18,6,92,40,13,28,26,21,75,63,20,23,9,24,1.689062884,1.514080937,2.247170204,2.183758796,5.603740709,4.000099508,anclado_por_activo
10,2015-07-01,2016-10-31,NVDA,Reversión,True,,3.416109152,4.149868237,5,5,75,71,21,21,33,36,69,74,11,11,24,27,1.939624754,1.91866466,3.121251899,3.173091646,5.216158302,5.849899845,anclado_por_activo
10,2015-07-01,2016-10-31,NVDA,Crisis,False,ningún trial con ≥ 5 operaciones,,,,,,,,,,,,,,,,,,,,,,,anclado_por_activo
10,2015-07-01,2016-10-31,AMZN,global,True,,2.18646622,2.739073592,8,9,86,91,20,20,34,34,77,76,24,24,24,23,1.611829441,1.628099527,1.300777026,1.243895871,3.393235465,3.39641965,anclado_por_activo
10,2015-07-01,2016-10-31,AMZN,Tendencia,True,,1.303838409,1.5966638,20,20,58,63,25,26,25,26,61,61,17,11,14,18,1.55400138,1.575083734,2.739309079,2.593726445,1.996978979,2.7523784,anclado_por_activo
10,2015-07-01,2016-10-31,AMZN,Reversión,True,,8.417938476,9.059581563,8,8,75,85,24,25,33,38,75,75,10,12,37,39,2.228007907,2.27195945,1.595218829,1.787783793,5.570943373,4.542916097,anclado_por_activo
10,2015-07-01,2016-10-31,AMZN,Crisis,False,ningún trial con ≥ 5 operaciones,,,,,,,,,,,,,,,,,,,,,,,anclado_por_activo
10,2015-07-01,2016-10-31,TSLA,global,True,,1.042560699,1.319883969,5,5,46,47,17,15,38,39,62,61,25,25,24,25,2.109274664,2.054809515,3.148735156,3.656316555,5.721138787,5.828980143,anclado_por_activo
10,2015-07-01,2016-10-31,TSLA,Tendencia,True,,0.5665671596,0.6392327697,12,9,86,79,12,12,24,21,77,75,13,16,24,32,1.84593656,1.912135415,1.160362509,1.12571044,1.705540357,1.991394688,anclado_por_activo
10,2015-07-01,2016-10-31,TSLA,Reversión,True,,3.157554544,3.90459295,20,20,67,70,14,14,39,39,71,71,21,21,9,10,2.150655253,2.141878467,1.234817495,1.202470756,5.710111254,5.836242435,anclado_por_activo
10,2015-07-01,2016-10-31,TSLA,Crisis,False,ningún trial con ≥ 5 operaciones,,,,,,,,,,,,,,,,,,,,,,,anclado_por_activo
10,2015-07-01,2016-10-31,META,global,True,,3.806054741,4.179627369,17,17,94,94,14,15,38,40,66,68,40,40,16,15,2.326675313,2.33669812,3.448759368,2.99637544,2.941863589,2.790220332,anclado_por_activo
10,2015-07-01,2016-10-31,META,Tendencia,True,,0.8232865641,0.861519767,28,29,76,76,18,14,34,34,65,67,24,24,15,18,1.568185255,1.626685635,1.284833068,1.258369469,1.674362461,1.699840604,anclado_por_activo
10,2015-07-01,2016-10-31,META,Reversión,True,,5.765778085,5.850663784,27,7,16,69,13,12,39,37,62,80,36,39,20,39,2.104382963,2.135591567,3.686159979,2.053742906,2.13938947,2.811305053,anclado_por_activo
10,2015-07-01,2016-10-31,META,Crisis,False,ningún trial con ≥ 5 operaciones,,,,,,,,,,,,,,,,,,,,,,,anclado_por_activo
10,2015-07-01,2016-10-31,NFLX,global,True,,3.886804834,3.862937552,14,14,95,98,10,10,32,32,61,61,28,26,35,32,1.920994998,1.850343734,3.559693543,3.554627421,2.141839081,2.141839081,anclado_por_activo
10,2015-07-01,2016-10-31,NFLX,Tendencia,True,,1.992369527,2.017842334,28,30,99,99,9,11,22,22,63,63,39,40,5,5,1.750452029,1.741084158,3.68902531,3.775362797,5.717405283,5.717405283,anclado_por_activo
10,2015-07-01,2016-10-31,NFLX,Reversión,True,,5.293040721,7.082580927,24,19,19,15,14,16,23,23,79,77,27,27,27,12,1.559533649,1.581011751,3.846347806,3.438239873,5.323413077,4.834756232,anclado_por_activo
10,2015-07-01,2016-10-31,NFLX,Crisis,False,ningún trial con ≥ 5 operaciones,,,,,,,,,,,,,,,,,,,,,,,anclado_por_activo
10,2015-07-01,2016-10-31,GOOGL,global,True,,2.637487652,2.834456185,7,8,73,77,14,16,25,29,75,76,13,14,13,11,1.985290993,2.006930481,3.828596248,3.240190448,1.281274508,1.281274508,anclado_por_activo
10,2015-07-01,2016-10-31,GOOGL,Tendencia,True,,1.628051055,1.628051055,29,30,21,28,17,16,21,21,61,60,11,11,16,16,1.644267116,1.62072346,3.770171198,3.82480363,5.549699884,5.549699884,anclado_por_activo
10,2015-07-01,2016-10-31,GOOGL,Reversión,True,,5.168503738,6.221804615,16,15,18,10,24,22,38,35,73,73,20,23,37,33,1.863102607,1.539824729,1.685273205,1.457829692,5.276627735,3.656406506,anclado_por_activo
10,2015-07-01,2016-10-31,GOOGL,Crisis,False,ningún trial con ≥ 5 operaciones,,,,,,,,,,,,,,,,,,,,,,,anclado_por_activo
11,2015-07-01,2016-11-30,NVDA,global,True,,2.20495157,4.344038728,12,10,33,28,7,8,40,40,78,80,20,21,11,11,2.599044941,2.633182763,3.699788859,3.966050085,5.463889612,5.670717853,anclado_por_activo
11,2015-07-01,2016-11-30,NVDA,Tendencia,True,,0.1997102392,0.3277562491,14,17,73,83,14,9,22,21,62,63,11,10,10,10,1.666476558,1.659367651,2.108762731,1.908328554,2.529145683,2.31692855,anclado_por_activo
11,2015-07-01,2016-11-30,NVDA,Reversión,True,,4.039170389,5.456114738,24,23,43,45,7,7,40,40,79,80,13,14,31,32,2.429218481,2.504414784,2.904572173,2.785219728,2.971069115,3.534549598,anclado_por_activo
11,2015-07-01,2016-11-30,NVDA,Crisis,False,ningún trial con ≥ 5 operaciones,,,,,,,,,,,,,,,,,,,,,,,anclado_por_activo
11,2015-07-01,2016-11-30,AMZN,global,True,,3.054981555,3.445753932,6,7,76,68,13,14,40,40,80,77,24,25,40,39,1.925966828,1.999458887,3.917523934,3.964408678,2.489752591,2.828787225,anclado_por_activo
11,2015-07-01,2016-11-30,AMZN,Tendencia,True,,0.4062223232,0.5534189917,14,18,80,84,10,7,39,40,61,61,13,15,12,20,2.729884169,2.894122176,1.776689269,1.501452927,2.475129536,2.595894677,anclado_por_activo
11,2015-07-01,2016-11-30,AMZN,Reversión,True,,2.010127058,4.022470639,29,14,55,44,9,13,35,39,78,78,13,14,33,30,2.512398308,1.774254657,1.112995092,1.012401269,5.674075705,5.391769767,anclado_por_activo
11,2015-07-01,2016-11-30,AMZN,Crisis,False,ningún trial con ≥ 5 operaciones,,,,,,,,,,,,,,,,,,,,,,,anclado_por_activo
11,2015-07-01,2016-11-30,TSLA,global,True,,1.362968742,1.985316781,12,12,40,51,26,28,39,39,63,65,22,23,27,27,2.059448063,1.990676532,3.57274358,3.57274358,3.334181277,3.640836819,anclado_por_activo
11,2015-07-01,2016-11-30,TSLA,Tendencia,True,,0.1255898918,0.1358118067,26,28,20,33,10,11,20,23,64,63,26,31,37,38,1.775741095,1.677809433,3.053818739,2.401716214,5.36680297,5.313184046,anclado_por_activo
11,2015-07-01,2016-11-30,TSLA,Reversión,True,,3.699583635,3.315711453,27,28,42,42,8,9,38,36,71,71,25,30,6,5,1.68196063,1.853499595,1.647415529,1.227293873,5.097186885,4.982804993,anclado_por_activo
11,2015-07-01,2016-11-30,TSLA,Crisis,False,ningún trial con ≥ 5 operaciones,,,,,,,,,,,,,,,,,,,,,,,anclado_por_activo
11,2015-07-01,2016-11-30,META,global,True,,3.563312969,3.42698961,28,30,87,86,8,7,32,29,68,68,39,39,16,20,2.361440794,2.420173364,2.670563961,2.670563961,5.583298666,5.810362399,anclado_por_activo
11,2015-07-01,2016-11-30,META,Tendencia,True,,0.7320666605,1.301309052,29,30,43,44,17,19,38,39,62,64,30,29,36,32,1.530018766,1.530018766,1.300464372,1.5392869,2.042950823,2.093385221,anclado_por_activo
11,2015-07-01,2016-11-30,META,Reversión,True,,3.954810932,7.051582037,18,19,68,49,12,12,32,30,77,75,38,39,32,35,2.13034418,2.453316724,3.617698532,3.725821164,2.697716765,2.009863187,anclado_por_activo
11,2015-07-01,2016-11-30,META,Crisis,False,ningún trial con ≥ 5 operaciones,,,,,,,,,,,,,,,,,,,,,,,anclado_por_activo
11,2015-07-01,2016-11-30,NFLX,global,True,,5.115849494,6.145011102,25,28,13,10,7,7,26,26,74,76,39,40,32,31,1.677444821,1.7161294,3.196808796,3.356597548,1.324011656,1.501471152,anclado_por_activo
11,2015-07-01,2016-11-30,NFLX,Tendencia,True,,0.5127342219,1.748940352,8,6,52,47,14,14,30,30,62,61,30,29,6,5,1.693636504,1.650763409,3.674547103,3.62914146,1.857880011,1.820701173,anclado_por_activo
11,2015-07-01,2016-11-30,NFLX,Reversión,True,,5.5976642,5.605961499,18,15,86,81,27,24,23,23,72,73,17,21,21,21,1.667838271,1.681667538,2.052341263,2.052745412,5.373961511,5.281064888,anclado_por_activo
11,2015-07-01,2016-11-30,NFLX,Crisis,False,ningún trial con ≥ 5 operaciones,,,,,,,,,,,,,,,,,,,,,,,anclado_por_activo
11,2015-07-01,2016-11-30,GOOGL,global,True,,6.47072529,6.973962216,21,23,84,88,22,21,38,37,78,79,21,19,32,31,1.531892091,1.519362864,2.338206852,2.338206852,3.691726409,3.138191988,anclado_por_activo
11,2015-07-01,2016-11-30,GOOGL,Tendencia,True,,1.304298076,1.460664671,9,8,65,65,10,7,39,38,62,62,16,19,13,12,1.587773852,1.590596237,2.291277985,2.28856865,3.142361809,2.897770479,anclado_por_activo
11,2015-07-01,2016-11-30,GOOGL,Reversión,True,,2.976892363,3.565279569,11,12,84,88,15,15,32,31,64,64,17,17,33,37,1.938029244,1.978493454,2.001581536,2.002105608,5.321168496,5.346283681,anclado_por_activo
11,2015-07-01,2016-11-30,GOOGL,Crisis,False,ningún trial con ≥ 5 operaciones,,,,,,,,,,,,,,,,,,,,,,,anclado_por_activo
12,2015-07-01,2016-12-30,NVDA,global,True,,2.749457767,3.692339299,9,9,25,25,13,13,39,39,79,77,16,16,23,25,2.376587815,2.298162026,1.171895423,1.098342268,2.727760165,2.742242499,anclado_por_activo
12,2015-07-01,2016-12-30,NVDA,Tendencia,True,,0.7821105474,0.9379756938,8,8,96,93,11,14,31,29,75,74,16,14,36,37,1.858372022,1.833641988,3.030262912,3.054171372,5.242555434,5.261773439,anclado_por_activo
12,2015-07-01,2016-12-30,NVDA,Reversión,True,,12.89640518,12.8455529,21,21,95,96,16,15,38,40,79,79,11,11,32,33,1.920864395,1.920864395,1.291551608,1.26588862,5.028517003,4.952072971,anclado_por_activo
12,2015-07-01,2016-12-30,NVDA,Crisis,False,ningún trial con ≥ 5 operaciones,,,,,,,,,,,,,,,,,,,,,,,anclado_por_activo
12,2015-07-01,2016-12-30,AMZN,global,True,,0.5562305689,0.9960547465,26,27,82,78,21,20,37,38,74,72,22,21,23,23,1.578305449,1.605081405,3.438242757,3.446919631,1.183198161,1.059271235,anclado_por_activo
12,2015-07-01,2016-12-30,AMZN,Tendencia,True,,1.684158931,1.999152055,6,5,90,87,7,7,28,26,73,73,11,11,5,5,1.901926551,1.89877472,3.134293989,3.218306319,5.05972576,4.308753984,anclado_por_activo
12,2015-07-01,2016-12-30,AMZN,Reversión,True,,1.414734343,2.510225135,18,20,98,98,18,19,36,40,66,65,12,11,6,6,2.356381644,2.497359152,2.991486288,3.455537609,2.63866439,1.430635178,anclado_por_activo
12,2015-07-01,2016-12-30,AMZN,Crisis,False,ningún trial con ≥ 5 operaciones,,,,,,,,,,,,,,,,,,,,,,,anclado_por_activo
12,2015-07-01,2016-12-30,TSLA,global,True,,2.092106791,2.638026615,11,14,13,13,26,27,39,39,67,66,38,37,26,25,1.639112023,1.53304811,1.612172407,1.772389874,5.840057635,5.904961016,anclado_por_activo
12,2015-07-01,2016-12-30,TSLA,Tendencia,True,,-0.1058330658,0.2049448158,8,6,65,55,12,12,22,22,62,63,26,24,18,23,1.621914744,1.708023562,1.170640217,1.240865858,3.854984897,2.586603807,anclado_por_activo
12,2015-07-01,2016-12-30,TSLA,Reversión,True,,4.092699431,5.155362423,7,6,90,90,24,21,39,38,76,76,36,36,30,37,1.673512688,1.530449921,2.464188653,2.851831443,1.37551192,1.399259749,anclado_por_activo
12,2015-07-01,2016-12-30,TSLA,Crisis,False,ningún trial con ≥ 5 operaciones,,,,,,,,,,,,,,,,,,,,,,,anclado_por_activo
12,2015-07-01,2016-12-30,META,global,True,,3.226470023,3.886191063,25,29,19,31,9,8,33,30,79,78,38,39,29,17,1.82287692,1.82287692,3.730281081,3.435637287,2.282060467,2.419708577,anclado_por_activo
12,2015-07-01,2016-12-30,META,Tendencia,True,,1.099586106,1.08148791,21,21,80,75,8,7,38,39,61,62,16,13,31,30,1.616064734,1.628652789,2.33051849,2.248670326,4.342067571,4.16690666,anclado_por_activo
12,2015-07-01,2016-12-30,META,Reversión,True,,4.742992013,4.861396032,8,7,88,92,15,15,36,36,63,61,36,37,28,29,2.816886355,2.677681401,3.541427916,3.541427916,5.095226644,5.095226644,anclado_por_activo
12,2015-07-01,2016-12-30,META,Crisis,False,ningún trial con ≥ 5 operaciones,,,,,,,,,,,,,,,,,,,,,,,anclado_por_activo
12,2015-07-01,2016-12-30,NFLX,global,True,,5.358569743,6.475886642,23,23,18,17,10,12,32,31,63,64,30,27,38,38,1.690269956,1.690269956,3.703974757,3.735432361,1.313442904,1.197437127,anclado_por_activo
12,2015-07-01,2016-12-30,NFLX,Tendencia,True,,-0.4030927749,-0.1239501383,22,21,68,70,10,9,28,30,79,79,14,14,15,13,1.69973359,1.507886986,1.24669452,1.047108106,1.248216917,1.249755515,anclado_por_activo
12,2015-07-01,2016-12-30,NFLX,Reversión,True,,7.393461896,7.710404886,29,29,86,84,15,17,40,40,75,74,22,25,27,26,1.589766697,1.585879665,1.138545898,1.138545898,4.811409393,4.792611512,anclado_por_activo
12,2015-07-01,2016-12-30,NFLX,Crisis,False,ningún trial con ≥ 5 operaciones,,,,,,,,,,,,,,,,,,,,,,,anclado_por_activo
12,2015-07-01,2016-12-30,GOOGL,global,True,,3.411794938,7.818856073,7,7,66,67,16,15,32,32,76,78,24,25,25,24,1.543968153,1.519760203,1.835778862,2.047145013,5.137908062,5.166805423,anclado_por_activo
12,2015-07-01,2016-12-30,GOOGL,Tendencia,True,,2.318454944,3.126489097,15,14,64,64,8,9,40,39,74,72,12,13,38,40,1.696440845,1.736499437,3.883857784,3.898789703,1.593070724,1.846988982,anclado_por_activo
12,2015-07-01,2016-12-30,GOOGL,Reversión,True,,1.728606635,3.51108252,21,19,68,61,8,9,40,40,75,78,31,30,36,34,1.715094931,1.75051957,1.205990317,1.546252495,5.257176444,5.236739905,anclado_por_activo
12,2015-07-01,2016-12-30,GOOGL,Crisis,False,ningún trial con ≥ 5 operaciones,,,,,,,,,,,,,,,,,,,,,,,anclado_por_activo
13,2015-07-01,2017-01-31,NVDA,global,True,,1.214132393,1.410417725,12,12,74,68,10,11,35,36,79,80,16,17,15,18,2.346000309,2.346000309,2.811202325,2.811202325,1.807606365,1.927831144,anclado_por_activo
13,2015-07-01,2017-01-31,NVDA,Tendencia,True,,0.09026317535,0.3478071242,12,15,90,100,8,10,24,23,72,74,18,18,37,37,1.645105087,1.688298469,2.989409568,3.157427947,5.700562208,5.700562208,anclado_por_activo
13,2015-07-01,2017-01-31,NVDA,Reversión,True,,7.719279423,10.56187787,29,30,15,15,22,21,21,21,78,77,11,12,38,35,1.999903221,1.848589082,2.818774615,3.058212716,3.823103427,3.823103427,anclado_por_activo
13,2015-07-01,2017-01-31,NVDA,Crisis,False,ningún trial con ≥ 5 operaciones,,,,,,,,,,,,,,,,,,,,,,,anclado_por_activo
13,2015-07-01,2017-01-31,AMZN,global,True,,0.6974846116,1.745917589,10,8,36,36,17,17,32,31,79,78,24,25,21,21,1.790335152,1.762712935,1.103350322,1.02404247,5.106132889,4.928821209,anclado_por_activo
13,2015-07-01,2017-01-31,AMZN,Tendencia,True,,0.235729098,0.2773412733,29,27,75,75,19,19,32,34,76,78,16,21,37,37,1.603498457,1.580160693,1.824608022,2.018314009,1.124625553,1.94246387,anclado_por_activo
13,2015-07-01,2017-01-31,AMZN,Reversión,True,,2.089428001,2.254776823,29,29,98,99,25,25,36,36,73,74,24,24,33,29,1.648773168,1.588768992,2.205977598,2.032521212,2.230255267,2.327146225,anclado_por_activo
13,2015-07-01,2017-01-31,AMZN,Crisis,False,ningún trial con ≥ 5 operaciones,,,,,,,,,,,,,,,,,,,,,,,anclado_por_activo
13,2015-07-01,2017-01-31,TSLA,global,True,,3.551617041,3.56103602,22,22,81,75,26,27,24,22,62,64,37,36,26,23,2.07105055,2.19376153,1.381204119,1.31819499,1.447822283,1.620165422,anclado_por_activo
13,2015-07-01,2017-01-31,TSLA,Tendencia,True,,0.8111253932,1.160997718,21,23,32,39,27,28,24,24,72,72,28,27,34,34,1.700700912,1.70346677,1.328748532,1.342648959,1.731612842,1.965325159,anclado_por_activo
13,2015-07-01,2017-01-31,TSLA,Reversión,True,,1.716720532,3.344381023,9,5,24,21,21,19,39,38,79,79,14,13,28,26,1.749879344,1.866007543,3.771505308,3.832573899,4.711036177,4.48690013,anclado_por_activo
13,2015-07-01,2017-01-31,TSLA,Crisis,False,ningún trial con ≥ 5 operaciones,,,,,,,,,,,,,,,,,,,,,,,anclado_por_activo
13,2015-07-01,2017-01-31,META,global,True,,2.53057039,3.826107191,28,27,58,58,16,16,24,21,67,66,38,39,38,39,1.631929297,1.575767311,2.390605148,2.027378094,2.936217531,2.886675084,anclado_por_activo
13,2015-07-01,2017-01-31,META,Tendencia,True,,0.4927377192,0.5184105664,28,28,86,86,26,26,39,39,70,71,27,26,31,31,1.619130227,1.619130227,2.550752503,2.492664616,1.814590403,1.814590403,anclado_por_activo
13,2015-07-01,2017-01-31,META,Reversión,True,,11.41430076,11.89714572,7,8,94,86,28,28,38,39,62,61,39,39,24,23,2.853815495,2.82267108,3.71828217,3.674481736,1.86480561,1.953162048,anclado_por_activo
13,2015-07-01,2017-01-31,META,Crisis,False,ningún trial con ≥ 5 operaciones,,,,,,,,,,,,,,,,,,,,,,,anclado_por_activo
13,2015-07-01,2017-01-31,NFLX,global,True,,2.624017461,4.212630594,6,6,96,96,9,10,30,31,64,64,21,19,15,15,2.752570118,2.839816948,3.848676613,3.826538716,1.359374543,1.344239419,anclado_por_activo
13,2015-07-01,2017-01-31,NFLX,Tendencia,True,,0.3986574385,0.5565691001,28,28,24,28,14,14,35,34,64,63,36,40,23,22,1.873121492,1.751076675,2.362577102,2.016444904,5.790787631,5.608451064,anclado_por_activo
13,2015-07-01,2017-01-31,NFLX,Reversión,True,,2.584772711,2.792339711,28,29,58,59,10,11,39,40,65,65,28,28,38,40,1.637868419,1.649155229,3.357987184,3.176350717,3.487251987,3.648742631,anclado_por_activo
13,2015-07-01,2017-01-31,NFLX,Crisis,False,ningún trial con ≥ 5 operaciones,,,,,,,,,,,,,,,,,,,,,,,anclado_por_activo
13,2015-07-01,2017-01-31,GOOGL,global,True,,5.594826723,5.744162697,6,6,71,67,20,21,34,36,76,75,13,16,36,33,1.968409551,2.081396479,3.817753525,3.780406701,1.701925032,1.666658045,anclado_por_activo
13,2015-07-01,2017-01-31,GOOGL,Tendencia,True,,2.284728671,2.266011264,22,23,18,15,7,7,34,37,66,67,30,34,24,24,1.670027918,1.6957806,2.127643997,2.169868324,5.567636822,5.829310406,anclado_por_activo
13,2015-07-01,2017-01-31,GOOGL,Reversión,True,,5.167364038,6.359493354,8,7,14,17,19,19,38,39,78,78,14,14,29,40,1.962964909,1.989773051,3.48387802,3.565184149,3.377550656,3.428775458,anclado_por_activo
13,2015-07-01,2017-01-31,GOOGL,Crisis,False,ningún trial con ≥ 5 operaciones,,,,,,,,,,,,,,,,,,,,,,,anclado_por_activo
14,2015-07-01,2017-02-28,NVDA,global,True,,3.800034428,3.456841844,29,28,20,14,14,14,39,39,79,78,18,17,12,9,2.343402001,2.335315077,1.64979021,1.39774033,3.799682712,3.698231516,anclado_por_activo
14,2015-07-01,2017-02-28,NVDA,Tendencia,True,,1.299286852,1.43312911,30,30,67,68,26,25,36,37,77,77,22,19,8,7,1.591373418,1.613604318,2.803210866,2.524937148,3.147341283,3.30498016,anclado_por_activo
14,2015-07-01,2017-02-28,NVDA,Reversión,True,,1.112079762,1.675329265,18,19,33,29,8,8,21,22,76,74,10,11,19,19,2.370184304,2.318945239,3.784263525,3.767683505,1.888605077,2.080027503,anclado_por_activo
14,2015-07-01,2017-02-28,NVDA,Crisis,False,ningún trial con ≥ 5 operaciones,,,,,,,,,,,,,,,,,,,,,,,anclado_por_activo
14,2015-07-01,2017-02-28,AMZN,global,True,,0.981101947,1.634744805,27,29,83,86,27,27,29,29,77,78,11,11,29,29,1.706817099,1.72415332,1.360964184,1.231044231,5.845238502,5.655568926,anclado_por_activo
14,2015-07-01,2017-02-28,AMZN,Tendencia,True,,0.9564673494,0.8754350232,29,30,35,35,9,7,38,40,61,62,10,10,13,13,2.165822977,2.208506654,3.401503366,3.243813361,2.228674301,2.367132389,anclado_por_activo
14,2015-07-01,2017-02-28,AMZN,Reversión,True,,3.797340954,4.579125482,25,26,54,54,19,21,27,29,70,69,31,31,29,30,2.296657403,2.405075604,3.677816052,3.339429555,1.651702898,1.651702898,anclado_por_activo
14,2015-07-01,2017-02-28,AMZN,Crisis,False,ningún trial con ≥ 5 operaciones,,,,,,,,,,,,,,,,,,,,,,,anclado_por_activo
14,2015-07-01,2017-02-28,TSLA,global,True,,0.8936157403,2.203210141,16,14,16,12,20,22,38,40,70,70,33,33,31,31,2.333117713,2.44664943,1.401061235,1.478941792,5.331699411,5.331699411,anclado_por_activo
14,2015-07-01,2017-02-28,TSLA,Tendencia,True,,0.2231593448,0.2636751675,25,25,14,24,26,26,26,26,78,78,18,18,38,38,1.773233735,1.660850227,3.086860818,3.086860818,5.441390278,5.944691042,anclado_por_activo
14,2015-07-01,2017-02-28,TSLA,Reversión,True,,5.004499958,6.330282725,19,18,16,14,21,20,37,37,62,63,24,23,15,15,1.986773165,1.972420977,2.676977549,2.632239254,1.338601104,1.322180506,anclado_por_activo
14,2015-07-01,2017-02-28,TSLA,Crisis,False,ningún trial con ≥ 5 operaciones,,,,,,,,,,,,,,,,,,,,,,,anclado_por_activo
14,2015-07-01,2017-02-28,META,global,True,,2.379759192,3.058899347,29,29,69,68,14,14,39,39,77,79,35,33,25,29,2.790651357,2.728706345,2.071342222,1.975403793,4.840795269,5.660940278,anclado_por_activo
14,2015-07-01,2017-02-28,META,Tendencia,True,,0.5770233345,0.6699233029,23,23,70,71,13,14,40,40,62,63,31,29,35,32,1.589022748,1.527404416,3.745768646,3.680486611,4.300638128,4.716685486,anclado_por_activo
14,2015-07-01,2017-02-28,META,Reversión,True,,4.537927093,5.217012373,16,14,44,39,11,12,30,30,61,63,36,36,34,37,2.820669362,2.681841878,3.774502182,3.83702235,1.97859379,2.087941553,anclado_por_activo
14,2015-07-01,2017-02-28,META,Crisis,False,ningún trial con ≥ 5 operaciones,,,,,,,,,,,,,,,,,,,,,,,anclado_por_activo
14,2015-07-01,2017-02-28,NFLX,global,True,,2.975709756,4.562004238,25,25,16,18,21,8,33,26,72,73,25,26,28,38,1.646289793,1.908682284,1.134270137,3.659948795,5.582509925,1.566453451,anclado_por_activo
14,2015-07-01,2017-02-28,NFLX,Tendencia,True,,-0.111281513,1.219770465,10,9,30,30,18,17,38,38,62,62,37,37,7,7,1.701405908,1.850490219,2.033441904,1.683888571,3.657644897,3.579807604,anclado_por_activo
14,2015-07-01,2017-02-28,NFLX,Reversión,True,,4.413096241,5.108678582,29,30,14,11,21,19,22,23,61,61,26,25,36,37,1.677635131,1.623349909,3.608161376,3.619604175,1.53608328,1.633681047,anclado_por_activo
14,2015-07-01,2017-02-28,NFLX,Crisis,False,ningún trial con ≥ 5 operaciones,,,,,,,,,,,,,,,,,,,,,,,anclado_por_activo
14,2015-07-01,2017-02-28,GOOGL,global,True,,2.04241842,4.119433396,8,8,88,86,27,28,24,23,64,66,24,24,36,31,1.703815608,1.743725196,2.715839324,2.776730704,3.575586232,3.511401807,anclado_por_activo
14,2015-07-01,2017-02-28,GOOGL,Tendencia,True,,0.4029518226,1.172515568,9,29,31,23,21,9,27,37,67,61,16,17,5,23,2.094348722,1.552114028,1.525813392,3.552681432,5.344106702,4.618009995,anclado_por_activo
14,2015-07-01,2017-02-28,GOOGL,Reversión,True,,3.678445687,3.574658381,8,8,55,45,18,18,35,36,79,78,24,22,19,19,1.639948253,1.610601009,3.670080244,3.668465623,1.811570073,1.75610732,anclado_por_activo
14,2015-07-01,2017-02-28,GOOGL,Crisis,False,ningún trial con ≥ 5 operaciones,,,,,,,,,,,,,,,,,,,,,,,anclado_por_activo
15,2015-07-01,2017-03-31,NVDA,global,True,,1.739092866,3.146420723,8,8,32,29,9,10,38,39,80,79,11,10,10,9,1.815570378,1.841756709,1.533316295,1.750098727,4.157449749,4.636272783,anclado_por_activo
15,2015-07-01,2017-03-31,NVDA,Tendencia,True,,0.4784509817,1.432960145,28,27,92,89,11,10,39,39,76,78,20,18,12,13,2.175011219,2.175011219,2.325403604,2.022565691,1.83305982,1.817434838,anclado_por_activo
15,2015-07-01,2017-03-31,NVDA,Reversión,True,,1.35879213,2.145356478,28,28,18,22,13,13,22,22,63,65,13,13,38,38,2.174579127,2.132371041,2.084639538,2.150185107,1.153558478,1.214084491,anclado_por_activo
15,2015-07-01,2017-03-31,NVDA,Crisis,False,ningún trial con ≥ 5 operaciones,,,,,,,,,,,,,,,,,,,,,,,anclado_por_activo
15,2015-07-01,2017-03-31,AMZN,global,True,,1.549944711,2.995138304,6,6,65,69,7,7,28,28,79,79,10,10,32,30,1.777237214,1.80216206,1.313724886,1.48240228,2.907292975,2.679669413,anclado_por_activo
15,2015-07-01,2017-03-31,AMZN,Tendencia,True,,0.3136931824,0.9816219104,21,23,90,88,8,7,39,40,70,70,33,35,29,33,1.579413689,1.654150791,1.616331289,1.727660167,1.700530184,1.472899891,anclado_por_activo
15,2015-07-01,2017-03-31,AMZN,Reversión,True,,4.422367871,5.239810322,9,9,24,21,18,18,37,38,80,80,21,22,8,8,1.562908963,1.550470094,2.456316317,2.456316317,1.190872102,1.32490146,anclado_por_activo
15,2015-07-01,2017-03-31,AMZN,Crisis,False,ningún trial con ≥ 5 operaciones,,,,,,,,,,,,,,,,,,,,,,,anclado_por_activo
15,2015-07-01,2017-03-31,TSLA,global,True,,2.237296327,2.407451684,21,21,22,10,13,14,33,34,60,60,32,32,37,40,2.15784713,2.221413812,2.87819311,2.750880896,5.228158651,5.381537247,anclado_por_activo
15,2015-07-01,2017-03-31,TSLA,Tendencia,True,,1.073694665,0.7659346283,27,23,18,31,25,23,36,35,66,67,36,36,23,23,2.082308612,2.081858922,1.586710459,2.014765595,4.593591772,4.762791499,anclado_por_activo
15,2015-07-01,2017-03-31,TSLA,Reversión,True,,5.775266255,6.201064922,28,29,38,39,12,11,38,38,65,65,19,21,8,8,1.911468255,1.865532902,2.045813474,1.787626643,2.105555399,2.209084395,anclado_por_activo
15,2015-07-01,2017-03-31,TSLA,Crisis,False,ningún trial con ≥ 5 operaciones,,,,,,,,,,,,,,,,,,,,,,,anclado_por_activo
15,2015-07-01,2017-03-31,META,global,True,,1.505447173,1.478221434,8,8,71,71,7,7,39,38,61,62,27,28,17,17,2.626849693,2.627364542,3.480046727,3.559479091,2.788529659,3.051541559,anclado_por_activo
15,2015-07-01,2017-03-31,META,Tendencia,True,,0.5878845431,0.7516208562,10,8,82,76,14,16,38,40,75,75,32,31,11,10,1.564348873,1.624071456,1.301987922,1.243020384,4.148948638,4.424646856,anclado_por_activo
15,2015-07-01,2017-03-31,META,Reversión,True,,1.926234966,3.850030565,20,20,81,88,18,18,38,38,61,60,31,29,9,6,2.329721504,2.571296983,3.679007623,3.500871192,3.908415701,3.852502392,anclado_por_activo
15,2015-07-01,2017-03-31,META,Crisis,False,ningún trial con ≥ 5 operaciones,,,,,,,,,,,,,,,,,,,,,,,anclado_por_activo
15,2015-07-01,2017-03-31,NFLX,global,True,,1.91018592,2.185602492,18,18,24,25,11,10,39,39,70,70,29,31,17,17,1.615261301,1.51589467,3.269234079,3.461783796,1.621470559,1.621470559,anclado_por_activo
15,2015-07-01,2017-03-31,NFLX,Tendencia,True,,0.04084971028,1.199543407,20,12,90,45,10,27,21,24,62,68,35,31,39,30,1.896503919,1.66402599,3.818066107,3.529810647,5.638809779,1.17653086,anclado_por_activo
15,2015-07-01,2017-03-31,NFLX,Reversión,True,,6.713990519,9.028138451,11,8,49,54,26,24,39,40,71,71,22,24,12,10,1.583945001,1.544222105,2.996154635,3.022455894,4.566257619,4.357000345,anclado_por_activo
15,2015-07-01,2017-03-31,NFLX,Crisis,False,ningún trial con ≥ 5 operaciones,,,,,,,,,,,,,,,,,,,,,,,anclado_por_activo
15,2015-07-01,2017-03-31,GOOGL,global,True,,4.790968313,7.095281742,21,22,91,86,21,20,31,34,79,79,24,26,37,39,1.601109851,1.551997687,1.716011644,1.587583414,4.213393991,4.232202028,anclado_por_activo
15,2015-07-01,2017-03-31,GOOGL,Tendencia,True,,2.361337657,3.063186293,28,29,93,57,13,8,26,38,60,62,12,11,12,14,2.288520346,2.436496854,3.480113654,2.268993299,3.771347937,3.043309124,anclado_por_activo
15,2015-07-01,2017-03-31,GOOGL,Reversión,True,,0.468360389,1.518937039,19,8,93,23,11,18,25,25,79,77,25,16,8,8,1.729733227,1.955933439,1.339306725,3.975535096,1.929744557,2.138134159,anclado_por_activo
15,2015-07-01,2017-03-31,GOOGL,Crisis,False,ningún trial con ≥ 5 operaciones,,,,,,,,,,,,,,,,,,,,,,,anclado_por_activo
16,2015-07-01,2017-04-28,NVDA,global,True,,0.3329826383,2.361917232,25,27,43,79,24,28,36,36,68,72,14,15,14,22,2.113346756,2.032498319,2.274467783,1.811362321,2.904029416,3.212409218,anclado_por_activo
16,2015-07-01,2017-04-28,NVDA,Tendencia,True,,0.5210073586,1.48262518,18,16,26,23,20,22,27,29,61,61,11,10,32,30,1.781937021,1.833594516,3.345736961,3.342186877,4.698961087,3.990931013,anclado_por_activo
16,2015-07-01,2017-04-28,NVDA,Reversión,True,,3.238104088,4.958651761,27,28,40,32,26,25,20,23,78,78,12,12,38,39,2.006726763,1.849526848,2.931226877,3.502014678,2.245022575,3.160355337,anclado_por_activo
16,2015-07-01,2017-04-28,NVDA,Crisis,False,ningún trial con ≥ 5 operaciones,,,,,,,,,,,,,,,,,,,,,,,anclado_por_activo
16,2015-07-01,2017-04-28,AMZN,global,True,,1.79212803,2.232686904,7,5,97,99,25,25,36,37,72,72,22,23,36,39,1.620988033,1.682116586,1.200004364,1.074968873,4.866276687,4.790312685,anclado_por_activo
16,2015-07-01,2017-04-28,AMZN,Tendencia,True,,0.3892024556,0.8484171953,20,30,96,90,13,12,35,38,71,65,16,16,7,6,2.233599964,2.194856116,1.222866345,1.519087495,2.320593598,1.035310146,anclado_por_activo
16,2015-07-01,2017-04-28,AMZN,Reversión,True,,8.677009361,10.55615398,23,23,66,72,11,11,30,30,77,78,14,16,18,13,2.673503014,2.728477773,1.12879018,1.119785213,1.13439482,1.2877454,anclado_por_activo
16,2015-07-01,2017-04-28,AMZN,Crisis,False,ningún trial con ≥ 5 operaciones,,,,,,,,,,,,,,,,,,,,,,,anclado_por_activo
16,2015-07-01,2017-04-28,TSLA,global,True,,2.127808486,3.224309986,29,28,48,46,17,16,26,26,78,77,36,37,25,27,2.002041592,1.959729363,2.185756868,2.185756868,1.413474713,1.413880154,anclado_por_activo
16,2015-07-01,2017-04-28,TSLA,Tendencia,True,,0.4209497783,0.7544471986,14,14,40,39,24,26,22,22,76,79,14,14,36,34,2.129902277,2.316221346,1.604268978,1.528186703,4.269292265,4.225769181,anclado_por_activo
16,2015-07-01,2017-04-28,TSLA,Reversión,True,,2.936025629,4.368282072,17,15,63,42,25,25,39,38,69,69,20,21,16,19,1.663846241,1.870077431,1.582822383,1.813159969,1.560662351,1.498524295,anclado_por_activo
16,2015-07-01,2017-04-28,TSLA,Crisis,False,ningún trial con ≥ 5 operaciones,,,,,,,,,,,,,,,,,,,,,,,anclado_por_activo
16,2015-07-01,2017-04-28,META,global,True,,3.66901671,3.827831088,14,14,16,16,13,13,38,39,78,78,39,40,28,27,1.694696412,1.736549409,3.893077687,3.813405757,5.487804886,5.729314366,anclado_por_activo
16,2015-07-01,2017-04-28,META,Tendencia,True,,0.1250992401,0.3749323762,29,30,40,41,9,9,28,30,69,69,31,31,36,38,1.561029782,1.503385053,3.778578655,3.778578655,4.75523484,4.75523484,anclado_por_activo
16,2015-07-01,2017-04-28,META,Reversión,True,,4.261251716,4.644848112,27,28,88,90,7,7,22,22,79,79,28,24,8,6,2.751554011,2.834159839,3.670100687,3.943592757,2.020532489,2.035828219,anclado_por_activo
16,2015-07-01,2017-04-28,META,Crisis,False,ningún trial con ≥ 5 operaciones,,,,,,,,,,,,,,,,,,,,,,,anclado_por_activo
16,2015-07-01,2017-04-28,NFLX,global,True,,2.914727399,5.927453882,9,8,66,72,10,9,28,27,71,71,36,36,6,5,1.893989389,1.913575696,1.477517263,1.517128535,1.573677904,1.502584669,anclado_por_activo
16,2015-07-01,2017-04-28,NFLX,Tendencia,True,,1.166088816,2.373367356,24,24,24,16,14,14,37,37,64,62,13,13,5,5,1.916611704,1.816774502,2.916066334,2.984332245,1.827559422,1.771684894,anclado_por_activo
16,2015-07-01,2017-04-28,NFLX,Reversión,True,,4.562292625,5.586652076,10,9,97,95,15,17,24,21,79,80,16,16,38,25,1.793092483,1.801185348,3.447084259,3.507333061,5.432577841,5.505749445,anclado_por_activo
16,2015-07-01,2017-04-28,NFLX,Crisis,False,ningún trial con ≥ 5 operaciones,,,,,,,,,,,,,,,,,,,,,,,anclado_por_activo
16,2015-07-01,2017-04-28,GOOGL,global,True,,2.570123712,2.745645294,14,19,76,94,9,9,22,23,60,63,13,11,35,33,1.839911189,1.970093202,2.764236887,2.482203721,1.861825709,1.953125476,anclado_por_activo
16,2015-07-01,2017-04-28,GOOGL,Tendencia,True,,3.580328696,4.202327268,20,13,62,82,8,8,40,40,65,64,37,40,36,36,1.622209436,1.608347639,3.897584899,3.834678768,1.91093996,1.923136242,anclado_por_activo
16,2015-07-01,2017-04-28,GOOGL,Reversión,True,,3.292063609,3.536234247,8,8,61,50,25,25,39,39,68,67,18,13,37,35,1.59025328,1.695542301,2.269685574,2.530105027,1.853306194,1.803343721,anclado_por_activo
16,2015-07-01,2017-04-28,GOOGL,Crisis,False,ningún trial con ≥ 5 operaciones,,,,,,,,,,,,,,,,,,,,,,,anclado_por_activo
17,2015-07-01,2017-05-31,NVDA,global,True,,3.065012221,3.9597891,10,10,93,87,17,15,32,33,79,79,13,13,26,25,2.025190311,1.941050177,3.123804455,3.097731897,2.767309211,1.958087031,anclado_por_activo
17,2015-07-01,2017-05-31,NVDA,Tendencia,True,,1.820445891,1.845583761,10,7,93,93,19,19,20,21,79,79,21,22,12,13,1.636789276,1.530433372,2.240807003,2.074392083,5.369341863,5.89947051,anclado_por_activo
17,2015-07-01,2017-05-31,NVDA,Reversión,True,,1.041156266,1.558089951,28,30,16,35,14,16,33,32,80,80,37,31,27,26,1.684864357,1.53549682,2.411111178,1.681391301,4.104719348,4.493590634,anclado_por_activo
17,2015-07-01,2017-05-31,NVDA,Crisis,False,ningún trial con ≥ 5 operaciones,,,,,,,,,,,,,,,,,,,,,,,anclado_por_activo
17,2015-07-01,2017-05-31,AMZN,global,True,,1.032489706,1.028662555,28,30,27,33,17,18,38,39,76,75,38,40,36,34,1.964251922,2.088042218,2.148409888,2.012679295,2.140712966,2.183087115,anclado_por_activo
17,2015-07-01,2017-05-31,AMZN,Tendencia,True,,0.5717525243,1.17478052,22,24,62,64,10,9,25,25,64,62,18,17,6,5,1.614857211,1.688482958,3.460288278,3.681909284,1.458099816,1.645566288,anclado_por_activo
17,2015-07-01,2017-05-31,AMZN,Reversión,True,,1.421610242,3.47459937,7,5,56,67,24,25,23,22,75,78,24,22,38,38,1.792960437,1.787871288,1.202710537,1.068167398,1.340496036,1.278994156,anclado_por_activo
17,2015-07-01,2017-05-31,AMZN,Crisis,False,ningún trial con ≥ 5 operaciones,,,,,,,,,,,,,,,,,,,,,,,anclado_por_activo
17,2015-07-01,2017-05-31,TSLA,global,True,,3.190290642,3.629744318,20,23,26,28,9,9,31,27,80,79,13,11,29,26,2.324538957,2.187852671,1.129650853,1.129650853,5.830187132,5.998351846,anclado_por_activo
17,2015-07-01,2017-05-31,TSLA,Tendencia,True,,-0.1228241007,0.1729233083,26,25,33,39,20,23,30,34,66,65,14,33,12,16,2.020160482,2.020542586,3.453530497,2.027219078,5.17472852,1.310098166,anclado_por_activo
17,2015-07-01,2017-05-31,TSLA,Reversión,True,,2.082270298,3.350038767,26,27,54,49,26,26,39,38,77,79,38,37,8,8,1.762739762,1.751426996,1.611849935,1.567731343,5.693436651,5.844682717,anclado_por_activo
17,2015-07-01,2017-05-31,TSLA,Crisis,False,ningún trial con ≥ 5 operaciones,,,,,,,,,,,,,,,,,,,,,,,anclado_por_activo
17,2015-07-01,2017-05-31,META,global,True,,1.34049079,1.440292563,8,5,16,17,10,10,36,37,74,74,35,34,33,36,1.758623042,1.732030616,3.799620725,3.799620725,2.771701914,2.949695632,anclado_por_activo
17,2015-07-01,2017-05-31,META,Tendencia,True,,0.1508264633,0.3109831243,29,29,90,94,22,25,32,34,74,71,30,29,28,27,1.528970657,1.541813895,1.758933782,1.86551711,5.160995569,5.440665314,anclado_por_activo
17,2015-07-01,2017-05-31,META,Reversión,True,,2.609132411,2.706687837,27,28,86,99,14,13,20,21,79,79,36,32,31,29,1.585832488,1.634831222,3.681867116,3.572433607,4.437562413,4.285235959,anclado_por_activo
17,2015-07-01,2017-05-31,META,Crisis,False,ningún trial con ≥ 5 operaciones,,,,,,,,,,,,,,,,,,,,,,,anclado_por_activo
17,2015-07-01,2017-05-31,NFLX,global,True,,1.597812148,3.372338365,20,22,89,75,12,14,27,27,68,69,21,26,5,5,1.675128868,1.598529494,3.490413579,3.22752333,2.108014466,1.537722725,anclado_por_activo
17,2015-07-01,2017-05-31,NFLX,Tendencia,True,,0.4704065629,1.130800181,9,6,63,59,14,13,38,40,60,60,32,31,31,30,2.014266832,2.241079957,2.607643651,2.607643651,2.582084613,2.508054692,anclado_por_activo
17,2015-07-01,2017-05-31,NFLX,Reversión,True,,9.468604936,10.12479561,27,27,59,58,26,26,21,21,72,72,24,27,9,7,1.57043218,1.597488144,2.816320457,2.984085136,5.774529229,5.211125652,anclado_por_activo
17,2015-07-01,2017-05-31,NFLX,Crisis,False,ningún trial con ≥ 5 operaciones,,,,,,,,,,,,,,,,,,,,,,,anclado_por_activo
17,2015-07-01,2017-05-31,GOOGL,global,True,,5.256899663,5.356953574,24,25,88,88,21,21,21,23,77,75,23,25,38,40,1.571485719,1.577563654,2.318890637,2.318890637,4.040736309,4.165401754,anclado_por_activo
17,2015-07-01,2017-05-31,GOOGL,Tendencia,True,,1.363385986,2.68705663,24,24,36,45,11,12,20,20,60,60,14,16,40,40,2.312194584,2.154968799,3.371215729,3.354057894,2.569153759,2.717733449,anclado_por_activo
17,2015-07-01,2017-05-31,GOOGL,Reversión,True,,2.521257163,2.571406807,12,12,41,41,20,20,23,26,75,76,19,18,36,37,1.812010758,1.830119279,1.989529694,1.869644943,5.29271773,5.39251999,anclado_por_activo
17,2015-07-01,2017-05-31,GOOGL,Crisis,False,ningún trial con ≥ 5 operaciones,,,,,,,,,,,,,,,,,,,,,,,anclado_por_activo
18,2015-07-01,2017-06-30,NVDA,global,True,,1.069863244,1.834307734,25,25,92,92,11,7,40,40,79,78,26,26,14,13,2.751743262,2.718142671,2.346740251,2.225426706,4.474022156,4.402064772,anclado_por_activo
18,2015-07-01,2017-06-30,NVDA,Tendencia,True,,0.3732654649,0.4176926425,20,21,81,66,14,15,27,27,63,64,22,23,12,12,1.875644521,1.802607701,1.26348635,1.200681059,5.552653425,5.660716687,anclado_por_activo
18,2015-07-01,2017-06-30,NVDA,Reversión,True,,3.651324575,5.546237496,15,15,62,55,22,21,39,39,77,77,14,11,27,25,2.348498509,2.326935418,1.602123888,1.47909535,5.600358667,5.600358667,anclado_por_activo
18,2015-07-01,2017-06-30,NVDA,Crisis,False,ningún trial con ≥ 5 operaciones,,,,,,,,,,,,,,,,,,,,,,,anclado_por_activo
18,2015-07-01,2017-06-30,AMZN,global,True,,3.692723635,3.672436751,25,21,87,92,22,23,26,25,74,74,10,10,32,29,2.182933845,2.099983884,1.428191749,1.454511064,5.263019107,5.274150762,anclado_por_activo
18,2015-07-01,2017-06-30,AMZN,Tendencia,True,,0.9645952658,1.055995899,18,18,43,36,8,7,35,35,69,69,39,38,6,6,2.058019007,2.058019007,3.056350935,3.154890552,2.14015424,2.408429397,anclado_por_activo
18,2015-07-01,2017-06-30,AMZN,Reversión,True,,3.421149952,3.310024426,8,9,40,52,28,25,21,24,72,73,22,23,38,38,1.7350763,1.798406121,3.132599143,2.738673547,5.816796562,5.830896229,anclado_por_activo
18,2015-07-01,2017-06-30,AMZN,Crisis,False,ningún trial con ≥ 5 operaciones,,,,,,,,,,,,,,,,,,,,,,,anclado_por_activo
18,2015-07-01,2017-06-30,TSLA,global,True,,1.081663619,1.602810589,12,14,58,81,20,21,37,36,78,79,26,27,24,23,2.232279974,2.330283196,1.049110088,1.255035693,5.593616329,5.793003537,anclado_por_activo
18,2015-07-01,2017-06-30,TSLA,Tendencia,True,,0.2673879149,0.5327992865,22,24,26,19,20,13,30,25,78,80,38,12,38,31,1.537713026,2.237571571,3.784353222,3.228351634,1.463966145,3.756197947,anclado_por_activo
18,2015-07-01,2017-06-30,TSLA,Reversión,True,,2.073007565,2.862295713,6,6,66,71,12,12,22,20,62,61,13,15,13,18,1.593469179,1.614572984,1.359001128,1.359001128,1.508829883,1.638454463,anclado_por_activo
18,2015-07-01,2017-06-30,TSLA,Crisis,False,ningún trial con ≥ 5 operaciones,,,,,,,,,,,,,,,,,,,,,,,anclado_por_activo
18,2015-07-01,2017-06-30,META,global,True,,1.334718262,1.913736705,12,12,50,48,14,13,39,37,80,80,35,38,38,36,1.690878743,1.664878059,2.655908649,2.600076404,5.150195763,4.985803311,anclado_por_activo
18,2015-07-01,2017-06-30,META,Tendencia,True,,0.430008351,0.7975654133,14,16,28,34,8,8,38,38,68,72,22,20,14,18,1.675135178,1.686753216,2.856354425,3.517222976,3.043377517,1.926780737,anclado_por_activo
18,2015-07-01,2017-06-30,META,Reversión,True,,2.466357894,3.309120184,21,22,43,42,27,27,33,33,60,61,28,26,30,29,2.704421816,2.74718275,3.810697875,3.774513096,5.45505147,4.920554633,anclado_por_activo
18,2015-07-01,2017-06-30,META,Crisis,False,ningún trial con ≥ 5 operaciones,,,,,,,,,,,,,,,,,,,,,,,anclado_por_activo
18,2015-07-01,2017-06-30,NFLX,global,True,,2.533894523,4.196155184,9,8,61,60,11,11,39,39,68,68,30,29,12,10,2.803106421,2.952932235,3.665186837,3.763751877,1.496093826,1.720169188,anclado_por_activo
18,2015-07-01,2017-06-30,NFLX,Tendencia,True,,0.759144477,1.06659313,20,17,73,76,15,18,26,25,62,60,20,19,5,5,1.582541687,1.547478681,2.517614431,2.760643142,1.181504157,1.219256341,anclado_por_activo
18,2015-07-01,2017-06-30,NFLX,Reversión,True,,4.788467313,5.608558043,26,26,95,86,26,26,40,40,73,72,20,19,35,38,1.712120204,1.5267819,3.434955622,3.281539914,1.731731083,1.75212139,anclado_por_activo
18,2015-07-01,2017-06-30,NFLX,Crisis,False,ningún trial con ≥ 5 operaciones,,,,,,,,,,,,,,,,,,,,,,,anclado_por_activo
18,2015-07-01,2017-06-30,GOOGL,global,True,,2.344177404,2.597266831,28,28,71,80,22,23,36,37,80,80,13,16,11,10,1.571272617,1.625718509,3.848758467,3.823183015,4.56161363,3.720152771,anclado_por_activo
18,2015-07-01,2017-06-30,GOOGL,Tendencia,True,,3.042053423,3.029867563,27,25,93,89,8,8,28,29,78,78,11,14,16,23,1.568282078,1.557604008,2.044269052,1.965702544,2.92627147,3.247477755,anclado_por_activo
18,2015-07-01,2017-06-30,GOOGL,Reversión,True,,3.624136711,3.66524354,27,28,17,23,14,13,21,22,77,77,14,13,38,39,1.694342122,1.598106907,3.547749002,3.53064947,5.60034093,5.978476369,anclado_por_activo
18,2015-07-01,2017-06-30,GOOGL,Crisis,False,ningún trial con ≥ 5 operaciones,,,,,,,,,,,,,,,,,,,,,,,anclado_por_activo
19,2015-07-01,2017-07-31,NVDA,global,True,,0.8297846486,5.613948167,7,5,85,86,21,20,24,26,78,78,14,13,30,30,1.942569824,1.989568394,2.601128068,2.602132672,3.481808537,4.700180328,anclado_por_activo
19,2015-07-01,2017-07-31,NVDA,Tendencia,True,,0.7301279253,0.9812636493,28,28,88,91,10,10,39,40,63,62,38,36,30,30,2.033597533,2.057485026,3.777015786,3.573778232,3.142157385,3.267736289,anclado_por_activo
19,2015-07-01,2017-07-31,NVDA,Reversión,True,,5.31727316,5.863379308,28,30,82,82,24,26,33,34,77,77,15,15,17,20,2.207071534,1.997868759,2.038604901,2.165800401,3.952835015,4.061844722,anclado_por_activo
19,2015-07-01,2017-07-31,NVDA,Crisis,False,ningún trial con ≥ 5 operaciones,,,,,,,,,,,,,,,,,,,,,,,anclado_por_activo
19,2015-07-01,2017-07-31,AMZN,global,True,,1.683889709,1.482674186,28,29,87,87,27,26,39,37,73,73,26,29,20,20,1.686936531,1.69381905,2.43945582,2.495460058,2.888437493,3.146205885,anclado_por_activo
19,2015-07-01,2017-07-31,AMZN,Tendencia,True,,0.4799871999,0.540741886,26,27,91,76,19,20,21,21,79,80,18,18,36,35,1.572549648,1.572549648,3.56984508,3.484854674,1.961022543,2.04068882,anclado_por_activo
19,2015-07-01,2017-07-31,AMZN,Reversión,True,,4.199887964,4.525323412,14,14,22,22,27,27,23,23,76,76,22,23,14,14,1.6568407,1.586984959,1.321222669,1.169064434,4.582690438,4.499915684,anclado_por_activo
19,2015-07-01,2017-07-31,AMZN,Crisis,False,ningún trial con ≥ 5 operaciones,,,,,,,,,,,,,,,,,,,,,,,anclado_por_activo
19,2015-07-01,2017-07-31,TSLA,global,True,,3.108211728,7.037259761,8,7,26,29,15,15,23,24,76,76,21,21,36,34,1.955169268,2.075157469,2.295901132,2.222606656,5.573653484,5.855290749,anclado_por_activo
19,2015-07-01,2017-07-31,TSLA,Tendencia,True,,0.2003736348,0.4089686323,27,29,32,31,19,13,26,26,78,80,38,38,38,33,1.614463883,1.632532914,3.028443984,3.109457922,4.882136979,2.72440083,anclado_por_activo
19,2015-07-01,2017-07-31,TSLA,Reversión,True,,1.377397562,3.306023167,26,16,19,22,9,9,36,36,62,66,34,12,34,25,1.59677851,2.617357976,3.639439368,1.255518995,4.007607502,1.564232526,anclado_por_activo
19,2015-07-01,2017-07-31,TSLA,Crisis,False,ningún trial con ≥ 5 operaciones,,,,,,,,,,,,,,,,,,,,,,,anclado_por_activo
19,2015-07-01,2017-07-31,META,global,True,,1.865095204,2.579289868,9,18,65,69,8,8,39,39,76,76,37,39,23,23,2.844400922,2.960204114,3.525151761,3.279170934,5.610604493,5.684190654,anclado_por_activo
19,2015-07-01,2017-07-31,META,Tendencia,True,,0.2974471295,0.6332177249,23,23,82,85,8,9,39,39,78,80,20,18,19,19,1.564989561,1.569436729,1.171120135,1.048730648,2.084973138,2.105665901,anclado_por_activo
19,2015-07-01,2017-07-31,META,Reversión,True,,1.977457248,2.186463563,12,11,96,95,26,26,22,22,62,63,37,38,30,29,2.911448069,2.957764847,3.145487281,3.140206757,5.69050814,5.987219921,anclado_por_activo
19,2015-07-01,2017-07-31,META,Crisis,False,ningún trial con ≥ 5 operaciones,,,,,,,,,,,,,,,,,,,,,,,anclado_por_activo
19,2015-07-01,2017-07-31,NFLX,global,True,,2.082907309,3.142768236,13,13,58,62,9,11,24,24,71,69,27,27,6,5,1.591287502,1.658635617,1.258761245,1.586573009,3.0161777,3.090908599,anclado_por_activo
19,2015-07-01,2017-07-31,NFLX,Tendencia,True,,-0.06120391178,-0.003978827982,29,30,20,12,10,11,34,35,63,61,18,17,36,38,2.378288664,2.522464741,3.075012033,3.073206909,4.322460349,4.157697827,anclado_por_activo
19,2015-07-01,2017-07-31,NFLX,Reversión,True,,4.091258472,9.302778321,24,22,20,11,14,16,40,40,74,75,28,29,27,11,1.657698002,1.694726212,2.90509405,2.947193176,5.660370838,4.791497136,anclado_por_activo
19,2015-07-01,2017-07-31,NFLX,Crisis,False,ningún trial con ≥ 5 operaciones,,,,,,,,,,,,,,,,,,,,,,,anclado_por_activo
19,2015-07-01,2017-07-31,GOOGL,global,True,,1.118200668,2.217903636,24,23,86,83,26,27,25,25,75,75,38,39,11,10,1.645847423,1.641622189,2.11458684,2.203085597,1.957033357,1.958958863,anclado_por_activo
19,2015-07-01,2017-07-31,GOOGL,Tendencia,True,,0.2639431014,1.451569033,8,5,92,85,25,22,40,40,78,79,34,35,36,34,1.609068927,1.615429774,1.496097415,1.568747696,4.377793713,3.963747738,anclado_por_activo
19,2015-07-01,2017-07-31,GOOGL,Reversión,True,,4.695185641,5.055162734,24,23,92,92,18,18,34,34,77,76,21,24,38,38,1.586859469,1.582735106,3.536177989,3.656856694,5.619685925,5.635165353,anclado_por_activo
19,2015-07-01,2017-07-31,GOOGL,Crisis,False,ningún trial con ≥ 5 operaciones,,,,,,,,,,,,,,,,,,,,,,,anclado_por_activo
20,2015-07-01,2017-08-31,NVDA,global,True,,2.280243259,2.496719664,20,24,14,25,10,15,36,34,78,80,14,14,24,29,2.302858223,2.14009402,2.460103886,2.991031074,2.517040046,2.045095086,anclado_por_activo
20,2015-07-01,2017-08-31,NVDA,Tendencia,True,,2.10457256,2.579056139,9,11,40,46,26,24,32,33,73,71,11,11,18,18,2.298856093,2.264217989,3.813894933,3.990591057,5.485912134,5.506438826,anclado_por_activo
20,2015-07-01,2017-08-31,NVDA,Reversión,True,,0.4435109641,0.5652145682,27,24,12,10,12,7,32,32,70,71,37,30,11,14,2.014620321,1.996012731,2.083547719,2.575785149,5.426681087,5.249221462,anclado_por_activo
20,2015-07-01,2017-08-31,NVDA,Crisis,False,ningún trial con ≥ 5 operaciones,,,,,,,,,,,,,,,,,,,,,,,anclado_por_activo
20,2015-07-01,2017-08-31,AMZN,global,True,,1.095555138,1.478744028,5,5,80,77,10,10,30,29,61,61,11,10,5,5,2.397130703,2.397130703,1.608099951,1.315926351,5.5786838,5.986494102,anclado_por_activo
20,2015-07-01,2017-08-31,AMZN,Tendencia,True,,0.3489808256,1.385022516,18,21,75,21,22,12,22,30,63,80,15,33,24,14,2.781663054,2.092146127,1.083157318,3.62222773,5.787290402,1.582842375,anclado_por_activo
20,2015-07-01,2017-08-31,AMZN,Reversión,True,,0.8702418186,1.182057397,11,11,96,98,8,7,40,40,77,77,20,25,6,6,1.642291067,1.661210573,3.521292106,3.863842086,4.550589167,4.328877653,anclado_por_activo
20,2015-07-01,2017-08-31,AMZN,Crisis,False,ningún trial con ≥ 5 operaciones,,,,,,,,,,,,,,,,,,,,,,,anclado_por_activo
20,2015-07-01,2017-08-31,TSLA,global,True,,1.068611079,1.18603457,8,13,83,83,16,13,24,25,71,78,25,23,38,38,2.22708295,1.980873091,2.576066688,2.018190365,5.300681218,5.073901816,anclado_por_activo
20,2015-07-01,2017-08-31,TSLA,Tendencia,True,,1.839313696,1.876132726,8,8,97,90,18,18,39,36,72,70,32,16,8,9,1.702314179,2.094044759,3.832635771,3.913510066,3.092136098,3.120753918,anclado_por_activo
20,2015-07-01,2017-08-31,TSLA,Reversión,True,,0.1576554343,1.080733843,11,12,85,83,27,27,21,21,67,67,39,39,8,9,1.943982632,2.03395192,2.504935807,2.051998666,5.480335385,5.870754237,anclado_por_activo
20,2015-07-01,2017-08-31,TSLA,Crisis,False,ningún trial con ≥ 5 operaciones,,,,,,,,,,,,,,,,,,,,,,,anclado_por_activo
20,2015-07-01,2017-08-31,META,global,True,,1.972315852,1.572079906,24,24,86,84,28,28,21,21,72,72,31,31,34,36,1.618225697,1.717702491,3.223619265,3.183211775,3.913003089,3.842512613,anclado_por_activo
20,2015-07-01,2017-08-31,META,Tendencia,True,,2.905843493,3.274500709,22,23,92,96,8,8,24,23,61,61,37,37,25,26,2.847192868,2.92730236,2.277516484,2.367584755,1.76056623,1.955871469,anclado_por_activo
20,2015-07-01,2017-08-31,META,Reversión,True,,0.3720126956,0.4743951245,30,30,97,92,14,15,39,40,77,78,24,24,7,7,1.58815808,1.599938544,1.294673034,1.271689852,4.19656724,4.220788426,anclado_por_activo
20,2015-07-01,2017-08-31,META,Crisis,False,ningún trial con ≥ 5 operaciones,,,,,,,,,,,,,,,,,,,,,,,anclado_por_activo
20,2015-07-01,2017-08-31,NFLX,global,True,,2.220078122,4.200575167,28,15,12,20,25,28,39,37,72,75,16,17,15,27,2.21215224,1.951860623,3.107719346,3.447611551,1.358297299,5.518893087,anclado_por_activo
20,2015-07-01,2017-08-31,NFLX,Tendencia,True,,3.543442575,4.248981088,27,24,55,63,11,12,40,40,70,70,33,32,34,30,2.825286561,2.82509401,1.80457904,1.729822658,1.624085572,1.802688876,anclado_por_activo
20,2015-07-01,2017-08-31,NFLX,Reversión,True,,0.03409908218,0.1111707943,8,24,31,36,26,10,22,31,68,66,22,35,37,35,1.632270573,2.286573152,3.56253369,1.076498881,3.213794786,5.247291694,anclado_por_activo
20,2015-07-01,2017-08-31,NFLX,Crisis,False,ningún trial con ≥ 5 operaciones,,,,,,,,,,,,,,,,,,,,,,,anclado_por_activo
20,2015-07-01,2017-08-31,GOOGL,global,True,,2.62173292,2.260823036,16,26,91,64,7,7,39,31,65,66,23,22,27,27,2.800776788,2.291908729,1.648453479,2.198203199,4.36496102,4.287641314,anclado_por_activo
20,2015-07-01,2017-08-31,GOOGL,Tendencia,True,,3.060723194,3.126029344,28,29,94,74,7,7,29,29,79,79,16,16,32,29,2.757972559,2.62670372,3.761567974,3.626708143,4.42828313,4.491610139,anclado_por_activo
20,2015-07-01,2017-08-31,GOOGL,Reversión,True,,3.309133177,3.611143922,24,24,73,73,8,9,37,38,63,66,28,27,11,12,1.611666788,1.546450951,2.050488243,2.0434298,2.970598011,3.380361978,anclado_por_activo
20,2015-07-01,2017-08-31,GOOGL,Crisis,False,ningún trial con ≥ 5 operaciones,,,,,,,,,,,,,,,,,,,,,,,anclado_por_activo
21,2015-07-01,2017-09-29,NVDA,global,True,,4.056538945,4.033982818,23,24,91,90,22,24,32,32,77,76,23,23,26,27,1.650662514,1.703130283,1.294652219,1.232902258,3.670300187,3.518052199,anclado_por_activo
21,2015-07-01,2017-09-29,NVDA,Tendencia,True,,2.874652625,2.73842748,11,12,18,14,27,28,36,39,68,68,17,16,22,22,2.160333554,2.1449551,1.206044225,1.481245858,2.195271684,2.192179881,anclado_por_activo
21,2015-07-01,2017-09-29,NVDA,Reversión,True,,0.50426544,0.5472255276,12,9,17,13,8,7,24,24,63,65,20,20,30,29,2.042808063,1.976458439,3.475091392,2.869129041,3.792965702,3.795510309,anclado_por_activo
21,2015-07-01,2017-09-29,NVDA,Crisis,False,ningún trial con ≥ 5 operaciones,,,,,,,,,,,,,,,,,,,,,,,anclado_por_activo
21,2015-07-01,2017-09-29,AMZN,global,True,,1.413240294,1.271356077,26,26,33,33,16,17,37,39,77,77,12,12,32,33,1.612947814,1.696545945,3.245242272,3.143970951,2.412217191,2.70454395,anclado_por_activo
21,2015-07-01,2017-09-29,AMZN,Tendencia,True,,0.6869998132,0.6663397856,29,29,59,60,24,24,22,22,73,73,38,37,38,37,1.699237229,1.535392902,1.776810489,1.768261318,2.57631732,2.480985703,anclado_por_activo
21,2015-07-01,2017-09-29,AMZN,Reversión,True,,0.8123261588,1.143263964,25,24,21,25,22,23,36,38,78,78,12,12,29,26,1.597732707,1.506152065,1.544875486,1.544875486,1.679719682,1.420305213,anclado_por_activo
21,2015-07-01,2017-09-29,AMZN,Crisis,False,ningún trial con ≥ 5 operaciones,,,,,,,,,,,,,,,,,,,,,,,anclado_por_activo
21,2015-07-01,2017-09-29,TSLA,global,True,,0.358770923,1.178436016,16,14,29,35,13,13,28,25,74,74,35,36,36,38,2.079154566,2.070288079,3.832558775,3.932601894,5.355378204,5.536614421,anclado_por_activo
21,2015-07-01,2017-09-29,TSLA,Tendencia,True,,0.9515419433,2.203142961,28,18,93,99,10,19,23,34,61,75,33,10,29,29,1.55147399,1.750339116,3.729715971,2.051285052,4.136887594,1.70636639,anclado_por_activo
21,2015-07-01,2017-09-29,TSLA,Reversión,True,,0.9087251321,1.056538583,25,22,33,33,12,12,40,40,61,62,36,35,28,28,2.140892468,2.12369857,3.000511472,3.033686311,5.219650138,5.510064343,anclado_por_activo
21,2015-07-01,2017-09-29,TSLA,Crisis,True,,-0.3137175454,-0.3137175454,23,23,43,43,7,7,33,33,74,74,21,21,7,7,1.501888367,1.501888367,2.807191879,2.807191879,2.524790429,2.524790429,anclado_por_activo
21,2015-07-01,2017-09-29,META,global,True,,1.670397629,1.871492977,23,19,90,89,18,16,38,39,62,64,34,34,24,16,2.924095484,2.922027512,2.312538299,2.269089443,1.981872891,2.084214884,anclado_por_activo
21,2015-07-01,2017-09-29,META,Tendencia,True,,1.665371193,2.133771269,23,21,28,29,8,7,22,22,74,74,26,23,27,27,2.720339261,2.790740509,2.788186768,2.786259731,5.803992692,5.996796639,anclado_por_activo
21,2015-07-01,2017-09-29,META,Reversión,True,,1.092555416,1.673946789,23,20,18,16,7,7,38,38,71,73,15,16,38,40,1.979406206,1.924925554,1.552963548,1.552963548,1.667636309,1.667636309,anclado_por_activo
21,2015-07-01,2017-09-29,META,Crisis,False,ningún trial con ≥ 5 operaciones,,,,,,,,,,,,,,,,,,,,,,,anclado_por_activo
21,2015-07-01,2017-09-29,NFLX,global,True,,1.501667051,2.326821244,24,25,92,92,16,16,23,24,68,68,16,17,26,24,1.997283724,1.868665779,3.541701015,3.785676901,5.346842477,5.881515002,anclado_por_activo
21,2015-07-01,2017-09-29,NFLX,Tendencia,True,,3.391767252,4.256315586,8,7,96,96,16,17,38,37,66,66,16,15,38,38,2.389555566,2.30128103,3.168458626,2.97462245,1.561285384,1.74901835,anclado_por_activo
21,2015-07-01,2017-09-29,NFLX,Reversión,True,,5.185170309,5.49136811,29,30,92,99,16,15,39,39,76,77,12,13,37,37,1.835871955,1.820372819,3.794646544,3.70934129,3.556605164,3.952923917,anclado_por_activo
21,2015-07-01,2017-09-29,NFLX,Crisis,False,ningún trial con ≥ 5 operaciones,,,,,,,,,,,,,,,,,,,,,,,anclado_por_activo
21,2015-07-01,2017-09-29,GOOGL,global,True,,1.187379786,1.563137144,29,27,94,89,7,8,35,35,64,63,16,19,30,31,1.652484719,1.547228563,3.843805118,3.811544495,3.9734767,3.778812337,anclado_por_activo
21,2015-07-01,2017-09-29,GOOGL,Tendencia,True,,3.998411174,3.036937981,12,12,69,64,25,24,30,31,68,68,11,11,34,31,2.004911351,2.036954,3.542596067,3.516058522,2.223362456,1.698005886,anclado_por_activo
21,2015-07-01,2017-09-29,GOOGL,Reversión,True,,2.229084211,2.580582461,27,27,69,84,24,25,39,39,66,67,11,16,9,15,2.226980666,2.080321665,3.065773252,3.605941749,5.083634384,4.559332105,anclado_por_activo
21,2015-07-01,2017-09-29,GOOGL,Crisis,False,ningún trial con ≥ 5 operaciones,,,,,,,,,,,,,,,,,,,,,,,anclado_por_activo
22,2015-07-01,2017-10-31,NVDA,global,True,,5.322345332,5.8597097,7,7,96,100,13,14,38,36,80,79,14,11,30,28,2.002541224,1.922256447,3.165199726,3.199254383,4.970177508,5.256714516,anclado_por_activo
22,2015-07-01,2017-10-31,NVDA,Tendencia,True,,4.417890548,4.848555529,11,14,22,20,27,26,20,20,64,66,12,13,28,27,1.929922413,1.979634284,3.206089226,3.127421107,4.100800847,4.574485186,anclado_por_activo
22,2015-07-01,2017-10-31,NVDA,Reversión,True,,3.330289031,2.970335604,29,30,92,86,7,7,40,40,74,75,11,10,37,40,2.763693773,2.792227835,2.118984397,2.064367006,3.141556213,2.722119171,anclado_por_activo
22,2015-07-01,2017-10-31,NVDA,Crisis,False,ningún trial con ≥ 5 operaciones,,,,,,,,,,,,,,,,,,,,,,,anclado_por_activo
22,2015-07-01,2017-10-31,AMZN,global,True,,3.205572411,3.855213958,5,6,65,58,17,19,34,32,79,76,10,10,37,37,2.222222451,2.222222451,1.391529409,1.415349568,1.605757638,1.341758117,anclado_por_activo
22,2015-07-01,2017-10-31,AMZN,Tendencia,True,,0.7716847958,0.8804401875,12,8,88,75,10,10,29,28,79,80,10,10,31,27,1.696211358,1.731900109,1.898478286,1.892110918,1.759852958,1.960486687,anclado_por_activo
22,2015-07-01,2017-10-31,AMZN,Reversión,True,,1.924828959,2.594570386,24,21,82,74,16,16,22,21,68,68,36,36,5,6,1.892453819,1.740161071,1.7595783,1.313093576,1.116819013,1.139990004,anclado_por_activo
22,2015-07-01,2017-10-31,AMZN,Crisis,False,ningún trial con ≥ 5 operaciones,,,,,,,,,,,,,,,,,,,,,,,anclado_por_activo
22,2015-07-01,2017-10-31,TSLA,global,True,,1.990982794,1.92934465,11,13,49,50,12,12,39,40,72,72,10,10,16,17,2.46505594,2.513528133,1.554659184,1.554659184,1.190414198,1.204461033,anclado_por_activo
22,2015-07-01,2017-10-31,TSLA,Tendencia,True,,2.395849112,2.498588824,21,21,91,98,14,13,21,22,61,62,38,38,8,6,1.937667476,1.938814537,1.292494398,1.217428364,3.455639321,3.685276485,anclado_por_activo
22,2015-07-01,2017-10-31,TSLA,Reversión,True,,3.04983834,3.172492124,16,16,62,69,27,25,33,34,62,61,10,10,34,35,2.150530251,2.150530251,1.203364198,1.114563796,2.466369233,2.529924022,anclado_por_activo
22,2015-07-01,2017-10-31,TSLA,Crisis,False,ningún trial con ≥ 5 operaciones,,,,,,,,,,,,,,,,,,,,,,,anclado_por_activo
22,2015-07-01,2017-10-31,META,global,True,,1.227669813,1.544894939,9,8,68,70,8,8,39,40,65,63,17,20,20,23,2.792205977,2.748981072,2.821618109,2.202090864,5.561207228,5.078447731,anclado_por_activo
22,2015-07-01,2017-10-31,META,Tendencia,True,,1.069863725,1.59125966,20,20,76,73,18,17,39,40,68,71,39,36,39,38,2.209655388,2.302208573,3.761871525,3.632755519,5.628013265,5.51432908,anclado_por_activo
22,2015-07-01,2017-10-31,META,Reversión,True,,7.049456094,7.691087841,26,25,56,48,22,20,32,33,78,78,36,36,14,18,2.891361083,2.906942194,3.738188395,3.669097478,1.787506974,1.968807001,anclado_por_activo
22,2015-07-01,2017-10-31,META,Crisis,False,ningún trial con ≥ 5 operaciones,,,,,,,,,,,,,,,,,,,,,,,anclado_por_activo
22,2015-07-01,2017-10-31,NFLX,global,True,,2.395705629,3.952598084,12,12,95,95,10,9,28,27,72,72,31,31,5,5,1.754538051,1.626009865,3.205488703,3.025042031,5.550867486,5.731015219,anclado_por_activo
22,2015-07-01,2017-10-31,NFLX,Tendencia,True,,0.6404621893,3.076156602,11,24,98,68,8,27,26,39,66,66,38,14,35,20,2.480817746,2.37967744,1.381017193,2.897175322,1.611082027,1.711186258,anclado_por_activo
22,2015-07-01,2017-10-31,NFLX,Reversión,True,,10.03664394,10.62241511,27,19,87,81,7,10,35,35,80,80,36,35,18,17,1.982169707,1.829269292,1.364738557,1.705517703,3.340382562,2.655150038,anclado_por_activo
22,2015-07-01,2017-10-31,NFLX,Crisis,False,ningún trial con ≥ 5 operaciones,,,,,,,,,,,,,,,,,,,,,,,anclado_por_activo
22,2015-07-01,2017-10-31,GOOGL,global,True,,2.454401087,3.142034022,9,7,83,83,9,9,39,37,61,62,14,11,38,39,2.774158297,2.657447292,3.702283544,3.765739856,3.569610282,2.373487437,anclado_por_activo
22,2015-07-01,2017-10-31,GOOGL,Tendencia,True,,2.913390218,6.738628075,28,25,15,14,22,22,26,25,76,78,11,10,14,13,2.030817234,2.052970638,3.873250888,3.63320581,1.931849611,1.830102205,anclado_por_activo
22,2015-07-01,2017-10-31,GOOGL,Reversión,True,,0.6108435543,0.6477181241,28,23,81,88,15,16,31,34,79,79,39,39,24,27,2.035672927,2.008286139,2.093463861,1.943717058,2.916879923,3.355216779,anclado_por_activo
22,2015-07-01,2017-10-31,GOOGL,Crisis,False,ningún trial con ≥ 5 operaciones,,,,,,,,,,,,,,,,,,,,,,,anclado_por_activo
23,2015-07-01,2017-11-30,NVDA,global,True,,3.991854399,5.108714999,8,5,86,70,26,22,34,37,76,77,19,19,12,15,2.336692835,2.440367608,2.659540666,2.68931127,3.767263278,5.423964041,anclado_por_activo
23,2015-07-01,2017-11-30,NVDA,Tendencia,True,,2.132955907,4.722828603,14,14,16,15,16,15,39,40,67,66,13,14,32,32,1.969937231,2.054930858,1.814097461,1.845653455,1.9368504,2.131208054,anclado_por_activo
23,2015-07-01,2017-11-30,NVDA,Reversión,True,,4.18457388,5.056487882,28,28,55,52,19,18,29,30,80,80,11,10,25,27,1.751927656,1.739528901,2.260977319,2.391202784,2.569462773,2.634198658,anclado_por_activo
23,2015-07-01,2017-11-30,NVDA,Crisis,False,ningún trial con ≥ 5 operaciones,,,,,,,,,,,,,,,,,,,,,,,anclado_por_activo
23,2015-07-01,2017-11-30,AMZN,global,True,,2.507500686,3.037606737,8,13,88,98,28,28,21,24,77,78,10,10,36,40,2.120009876,2.130390419,1.306703108,1.451238797,5.547445922,5.84396748,anclado_por_activo
23,2015-07-01,2017-11-30,AMZN,Tendencia,True,,1.373834949,1.486849984,27,29,52,49,17,17,22,23,77,78,24,25,36,37,1.66760164,1.778422773,3.069760035,2.929538418,2.843134192,2.843134192,anclado_por_activo
23,2015-07-01,2017-11-30,AMZN,Reversión,True,,2.397487172,3.144346402,25,25,70,71,15,15,38,39,80,80,38,39,9,10,2.803493715,2.83797335,3.561304206,3.380882151,1.304294344,1.386781555,anclado_por_activo
23,2015-07-01,2017-11-30,AMZN,Crisis,False,ningún trial con ≥ 5 operaciones,,,,,,,,,,,,,,,,,,,,,,,anclado_por_activo
23,2015-07-01,2017-11-30,TSLA,global,True,,1.854220882,1.703147995,14,16,20,18,25,26,38,38,72,75,23,23,14,15,1.841599389,1.826844908,1.700236409,1.785001677,1.461767793,1.32844275,anclado_por_activo
23,2015-07-01,2017-11-30,TSLA,Tendencia,True,,1.083016745,1.274458946,29,29,48,49,20,20,23,24,65,65,23,23,10,9,1.647637324,1.765868632,2.752281027,2.480837334,1.688445747,1.674155391,anclado_por_activo
23,2015-07-01,2017-11-30,TSLA,Reversión,True,,0.1014593837,0.662901611,6,13,23,74,8,27,25,40,64,74,30,30,17,17,2.356188848,2.062976065,2.800884814,1.823365551,2.000724474,4.937943563,anclado_por_activo
23,2015-07-01,2017-11-30,TSLA,Crisis,False,ningún trial con ≥ 5 operaciones,,,,,,,,,,,,,,,,,,,,,,,anclado_por_activo
23,2015-07-01,2017-11-30,META,global,True,,-0.01305806436,1.383103356,30,30,24,42,11,12,36,38,79,79,19,25,16,23,2.945188071,2.978965418,3.017907039,2.49374125,2.238089495,1.675030784,anclado_por_activo
23,2015-07-01,2017-11-30,META,Tendencia,True,,1.016650168,1.64236576,29,30,44,58,13,10,36,35,79,80,38,37,11,6,2.153811057,2.106274157,3.55635793,3.431538355,3.851942473,4.192055674,anclado_por_activo
23,2015-07-01,2017-11-30,META,Reversión,True,,0.5279789946,1.046422537,28,29,61,59,18,18,27,27,66,67,37,37,32,36,2.907695254,2.916124857,2.887214638,2.563819902,5.812741114,5.812741114,anclado_por_activo
23,2015-07-01,2017-11-30,META,Crisis,False,ningún trial con ≥ 5 operaciones,,,,,,,,,,,,,,,,,,,,,,,anclado_por_activo
23,2015-07-01,2017-11-30,NFLX,global,True,,3.39923041,3.045956826,26,26,81,61,10,11,36,36,67,66,30,31,34,35,1.86629353,1.861070925,2.874391909,2.863778346,1.699233318,1.625089259,anclado_por_activo
23,2015-07-01,2017-11-30,NFLX,Tendencia,True,,2.78046677,3.020327685,7,5,62,67,14,13,25,25,76,78,35,34,20,20,1.90408297,1.894552349,3.826522486,3.867164247,2.546274828,2.417361463,anclado_por_activo
23,2015-07-01,2017-11-30,NFLX,Reversión,True,,2.806158106,7.785737809,22,20,16,18,8,9,32,35,76,77,35,37,24,28,2.124807305,2.1078596,3.587500612,3.589028234,5.303191967,5.407648265,anclado_por_activo
23,2015-07-01,2017-11-30,NFLX,Crisis,False,ningún trial con ≥ 5 operaciones,,,,,,,,,,,,,,,,,,,,,,,anclado_por_activo
23,2015-07-01,2017-11-30,GOOGL,global,True,,2.049053476,2.22993179,14,13,25,15,26,28,39,40,78,75,12,12,28,28,1.969618083,1.992941525,2.374438073,2.416624368,3.140297658,3.006959456,anclado_por_activo
23,2015-07-01,2017-11-30,GOOGL,Tendencia,True,,2.502025137,3.074864345,16,7,70,77,13,15,22,31,64,72,11,17,39,25,2.115122895,1.880860859,2.808137052,3.781323182,2.205278834,3.139184659,anclado_por_activo
23,2015-07-01,2017-11-30,GOOGL,Reversión,True,,0.5007821352,0.8352163963,18,19,18,11,10,10,28,27,79,80,14,14,39,39,2.013387065,2.002536404,1.219204865,1.343967765,5.5189279,5.372851952,anclado_por_activo
23,2015-07-01,2017-11-30,GOOGL,Crisis,False,ningún trial con ≥ 5 operaciones,,,,,,,,,,,,,,,,,,,,,,,anclado_por_activo
24,2015-07-01,2017-12-29,NVDA,global,True,,6.230761101,7.274229933,14,13,24,20,18,19,39,38,79,79,11,12,24,26,1.922848521,1.909306015,1.819669819,1.855174684,5.334250124,5.061585978,anclado_por_activo
24,2015-07-01,2017-12-29,NVDA,Tendencia,True,,2.750998434,3.595552945,6,9,94,75,27,27,32,30,79,80,17,13,21,25,2.327416464,2.017491946,1.85730281,2.411049991,4.132058914,3.866107541,anclado_por_activo
24,2015-07-01,2017-12-29,NVDA,Reversión,True,,4.713099566,4.943212519,28,28,93,99,22,19,32,33,78,79,22,23,29,30,1.623167385,1.623167385,1.242292941,1.372828764,4.175197575,4.735154685,anclado_por_activo
24,2015-07-01,2017-12-29,NVDA,Crisis,False,ningún trial con ≥ 5 operaciones,,,,,,,,,,,,,,,,,,,,,,,anclado_por_activo
24,2015-07-01,2017-12-29,AMZN,global,True,,0.5173042288,2.886784654,29,29,82,80,26,26,38,36,62,62,12,12,28,31,2.225632537,2.268958382,1.118809181,1.145882607,5.821621688,5.608296628,anclado_por_activo
24,2015-07-01,2017-12-29,AMZN,Tendencia,True,,0.9259053179,0.9225024313,8,6,92,92,15,14,39,40,78,79,34,34,34,31,1.56652509,1.517304789,1.777473076,1.815343176,2.672071121,2.818727751,anclado_por_activo
24,2015-07-01,2017-12-29,AMZN,Reversión,True,,1.069258259,1.70853387,16,15,95,95,14,17,39,38,63,60,16,18,8,8,2.479781885,2.48201382,3.346194414,3.892882087,3.702884928,2.985618944,anclado_por_activo
24,2015-07-01,2017-12-29,AMZN,Crisis,False,ningún trial con ≥ 5 operaciones,,,,,,,,,,,,,,,,,,,,,,,anclado_por_activo
24,2015-07-01,2017-12-29,TSLA,global,True,,1.037663514,1.589411318,27,28,22,22,8,8,22,22,70,73,33,34,27,29,2.179174009,2.148134628,2.358794669,2.173844727,5.602928645,5.383361363,anclado_por_activo
24,2015-07-01,2017-12-29,TSLA,Tendencia,True,,2.028679627,3.545517265,27,19,88,44,10,13,37,27,64,67,36,38,25,17,2.894876148,2.725671767,1.163453047,1.819515082,5.664579226,1.007226155,anclado_por_activo
24,2015-07-01,2017-12-29,TSLA,Reversión,True,,0.6798414618,2.22003112,8,9,28,38,27,27,22,24,78,73,10,11,20,30,1.690388867,2.012208862,2.605036155,1.375757821,5.080015386,1.937326704,anclado_por_activo
24,2015-07-01,2017-12-29,TSLA,Crisis,False,ningún trial con ≥ 5 operaciones,,,,,,,,,,,,,,,,,,,,,,,anclado_por_activo
24,2015-07-01,2017-12-29,META,global,True,,1.0258056,1.97917548,11,17,42,43,13,12,38,38,69,71,35,35,16,17,1.698870632,1.732199487,3.764621998,3.784049216,3.987775843,3.459058265,anclado_por_activo
24,2015-07-01,2017-12-29,META,Tendencia,True,,1.532632132,1.887365124,19,25,98,88,24,24,40,39,79,77,33,33,11,6,1.571505991,1.701466026,3.745737997,3.603585329,2.794633764,2.111065545,anclado_por_activo
24,2015-07-01,2017-12-29,META,Reversión,True,,3.485221,4.914931902,5,6,14,10,16,14,35,35,78,79,15,15,38,36,1.642516871,1.717082615,1.234822646,1.211211052,1.66915448,1.021254538,anclado_por_activo
24,2015-07-01,2017-12-29,META,Crisis,False,ningún trial con ≥ 5 operaciones,,,,,,,,,,,,,,,,,,,,,,,anclado_por_activo
24,2015-07-01,2017-12-29,NFLX,global,True,,3.075588085,3.698012836,18,20,27,25,9,10,32,30,65,63,31,31,30,27,1.765997019,1.639026979,3.237839809,3.162186492,1.575829099,1.671101787,anclado_por_activo
24,2015-07-01,2017-12-29,NFLX,Tendencia,True,,2.717974511,3.52255482,14,14,48,33,24,25,30,31,61,69,25,19,19,21,1.978862652,1.969777609,3.858789912,3.538047783,1.422297175,1.642621936,anclado_por_activo
24,2015-07-01,2017-12-29,NFLX,Reversión,True,,9.264844945,11.08847094,16,16,75,76,9,9,35,35,78,77,38,40,21,21,1.597435137,1.599616749,1.340674434,1.233863116,4.306589964,4.184783417,anclado_por_activo
24,2015-07-01,2017-12-29,NFLX,Crisis,False,ningún trial con ≥ 5 operaciones,,,,,,,,,,,,,,,,,,,,,,,anclado_por_activo
24,2015-07-01,2017-12-29,GOOGL,global,True,,2.910571544,4.043768069,20,21,93,93,9,9,39,40,79,80,16,13,36,37,2.311061445,2.383832292,2.050618145,1.868622529,3.031356742,3.106691648,anclado_por_activo
24,2015-07-01,2017-12-29,GOOGL,Tendencia,True,,3.863156814,4.368646843,27,28,39,43,15,13,34,35,78,78,24,23,38,38,1.654268587,1.582845435,3.837394706,3.812628781,3.27179601,3.27179601,anclado_por_activo
24,2015-07-01,2017-12-29,GOOGL,Reversión,True,,1.232992475,3.209081506,27,26,81,79,14,14,39,33,76,80,12,12,32,24,2.519239123,2.302922718,3.549784613,3.163007528,1.63738139,1.661919342,anclado_por_activo
24,2015-07-01,2017-12-29,GOOGL,Crisis,False,ningún trial con ≥ 5 operaciones,,,,,,,,,,,,,,,,,,,,,,,anclado_por_activo
25,2015-07-01,2018-01-31,NVDA,global,True,,3.37619578,5.201129525,16,14,18,14,14,16,38,36,78,78,15,17,13,14,2.176286003,2.30239004,1.572707908,2.125491152,4.537619918,4.539300727,anclado_por_activo
25,2015-07-01,2018-01-31,NVDA,Tendencia,True,,3.23341786,4.621840216,8,8,37,36,26,28,36,36,80,80,13,13,39,36,1.9232153,1.948264098,3.58743771,3.5212452,5.587335854,5.343002366,anclado_por_activo
25,2015-07-01,2018-01-31,NVDA,Reversión,True,,0.7160557553,1.473390081,20,20,96,100,8,8,34,35,67,67,10,10,34,34,2.564433188,2.668012099,1.732742512,1.481089755,5.385092621,5.385092621,anclado_por_activo
25,2015-07-01,2018-01-31,NVDA,Crisis,False,ningún trial con ≥ 5 operaciones,,,,,,,,,,,,,,,,,,,,,,,anclado_por_activo
25,2015-07-01,2018-01-31,AMZN,global,True,,1.145524797,1.78150199,26,28,42,36,27,27,35,35,78,77,11,11,20,22,1.633333223,1.57024053,1.841216762,1.817672022,4.43563484,4.710682568,anclado_por_activo
25,2015-07-01,2018-01-31,AMZN,Tendencia,True,,4.364296299,6.807162149,24,25,44,41,26,27,22,20,70,72,11,10,38,37,2.329500963,2.356825973,1.195658738,1.253854934,3.130299322,3.421577946,anclado_por_activo
25,2015-07-01,2018-01-31,AMZN,Reversión,True,,1.298314166,1.414778125,17,18,96,100,7,7,39,38,74,74,11,11,29,28,2.955703629,2.975250392,1.37431095,1.359071449,5.85480335,5.979561651,anclado_por_activo
25,2015-07-01,2018-01-31,AMZN,Crisis,False,ningún trial con ≥ 5 operaciones,,,,,,,,,,,,,,,,,,,,,,,anclado_por_activo
25,2015-07-01,2018-01-31,TSLA,global,True,,0.586978541,0.6399414675,13,9,66,60,26,26,31,34,61,61,33,32,23,23,2.462388144,2.335809664,1.324311729,1.662042591,5.486273516,4.551151307,anclado_por_activo
25,2015-07-01,2018-01-31,TSLA,Tendencia,True,,2.587466548,2.670417853,18,20,99,85,24,24,34,34,80,80,25,25,15,16,1.602821943,1.64412247,3.852448055,3.845924169,5.427765423,5.709526291,anclado_por_activo
25,2015-07-01,2018-01-31,TSLA,Reversión,True,,0.851472565,1.055952365,12,12,92,86,7,7,38,37,77,77,18,22,37,37,2.177996139,2.255048672,3.03843136,3.17088889,2.405825175,2.90819841,anclado_por_activo
25,2015-07-01,2018-01-31,TSLA,Crisis,False,ningún trial con ≥ 5 operaciones,,,,,,,,,,,,,,,,,,,,,,,anclado_por_activo
25,2015-07-01,2018-01-31,META,global,True,,0.9706066755,1.708400822,27,29,79,80,7,7,40,38,67,67,22,17,11,10,2.67488812,2.78955699,2.615299581,2.654011098,3.874869393,3.753964953,anclado_por_activo
25,2015-07-01,2018-01-31,META,Tendencia,True,,1.398347942,2.018817495,28,27,98,85,11,8,37,32,76,76,12,11,39,15,2.907430527,2.831365022,2.854994736,2.243063728,2.747407426,2.684711268,anclado_por_activo
25,2015-07-01,2018-01-31,META,Reversión,True,,0.8102619799,1.121203819,26,28,86,83,7,7,38,38,79,78,29,30,9,5,2.927274895,2.911726857,2.384663945,2.658749285,3.403908271,3.348489009,anclado_por_activo
25,2015-07-01,2018-01-31,META,Crisis,False,ningún trial con ≥ 5 operaciones,,,,,,,,,,,,,,,,,,,,,,,anclado_por_activo
25,2015-07-01,2018-01-31,NFLX,global,True,,2.024670258,2.65792042,26,27,64,62,10,9,35,35,72,72,14,14,38,39,2.925114401,2.929078348,3.56636366,3.687627945,5.728106953,5.816414258,anclado_por_activo
25,2015-07-01,2018-01-31,NFLX,Tendencia,True,,4.04302165,4.518391179,8,11,54,43,11,10,38,37,66,65,38,38,30,31,2.595352423,2.392916185,3.653534138,3.835505239,1.728652847,1.68604966,anclado_por_activo
25,2015-07-01,2018-01-31,NFLX,Reversión,True,,3.804202664,4.770069488,14,14,88,87,15,13,40,40,80,80,30,31,14,13,1.673300052,1.673300052,1.074623454,1.176751354,2.827708451,3.120987192,anclado_por_activo
25,2015-07-01,2018-01-31,NFLX,Crisis,False,ningún trial con ≥ 5 operaciones,,,,,,,,,,,,,,,,,,,,,,,anclado_por_activo
25,2015-07-01,2018-01-31,GOOGL,global,True,,1.760458332,2.186109589,8,9,46,47,27,28,39,39,77,77,12,15,21,17,1.774979063,1.895082522,3.271165426,3.601311482,4.673756127,5.004141626,anclado_por_activo
25,2015-07-01,2018-01-31,GOOGL,Tendencia,True,,2.344464462,3.873919591,10,12,91,95,10,9,35,37,78,77,19,20,38,39,1.992184535,2.210656553,2.054632004,2.002006882,3.920058076,3.97991164,anclado_por_activo
25,2015-07-01,2018-01-31,GOOGL,Reversión,True,,1.5589849,1.590439004,24,22,91,93,16,18,39,40,79,78,11,11,36,37,2.390196219,2.354317435,3.461427849,3.608566237,1.662582631,2.340178943,anclado_por_activo
25,2015-07-01,2018-01-31,GOOGL,Crisis,False,ningún trial con ≥ 5 operaciones,,,,,,,,,,,,,,,,,,,,,,,anclado_por_activo
26,2015-07-01,2018-02-28,NVDA,global,True,,3.051923615,5.130095417,8,8,70,76,22,24,22,22,76,75,12,11,32,27,1.735020147,1.693658123,1.999189141,1.910146767,4.975723952,4.354620759,anclado_por_activo
26,2015-07-01,2018-02-28,NVDA,Tendencia,True,,1.417366463,2.227713854,8,9,24,32,25,25,36,37,67,67,20,23,34,36,1.594682157,1.641126857,1.229286072,1.274224484,3.289145778,3.085788998,anclado_por_activo
26,2015-07-01,2018-02-28,NVDA,Reversión,True,,8.525345797,8.390311752,10,10,71,70,20,20,25,25,79,79,12,12,25,26,1.770692564,1.818876872,1.840624672,1.772481084,5.321569114,5.323214271,anclado_por_activo
26,2015-07-01,2018-02-28,NVDA,Crisis,False,ningún trial con ≥ 5 operaciones,,,,,,,,,,,,,,,,,,,,,,,anclado_por_activo
26,2015-07-01,2018-02-28,AMZN,global,True,,1.305548298,1.966815116,26,17,96,78,20,19,22,31,78,74,10,10,10,10,1.638827911,2.199709969,1.697376825,1.540977844,5.561309872,1.89070036,anclado_por_activo
26,2015-07-01,2018-02-28,AMZN,Tendencia,True,,0.5761573793,0.8585980804,28,28,25,26,9,10,29,28,69,68,14,13,11,14,2.912034424,2.938896605,2.230305515,2.230305515,2.351387587,2.034726328,anclado_por_activo
26,2015-07-01,2018-02-28,AMZN,Reversión,True,,0.886656055,1.225278366,18,15,84,84,20,23,37,38,79,78,35,34,34,34,1.651467362,1.654624686,2.838342951,2.815602859,1.404508048,1.487718121,anclado_por_activo
26,2015-07-01,2018-02-28,AMZN,Crisis,False,ningún trial con ≥ 5 operaciones,,,,,,,,,,,,,,,,,,,,,,,anclado_por_activo
26,2015-07-01,2018-02-28,TSLA,global,True,,0.9932065604,1.37870331,8,9,79,71,21,21,38,39,62,63,35,34,39,34,2.170015378,2.224593069,1.957140085,1.957140085,2.423828373,2.423828373,anclado_por_activo
26,2015-07-01,2018-02-28,TSLA,Tendencia,True,,1.388495149,2.223656116,23,25,24,21,9,7,22,21,62,61,39,37,37,37,2.856435497,2.801235141,2.524518243,2.452072468,5.439569376,5.106159786,anclado_por_activo
26,2015-07-01,2018-02-28,TSLA,Reversión,True,,0.3933231902,1.494541446,26,11,88,47,11,14,38,33,66,76,11,11,18,12,1.784889032,2.295093523,2.045639773,2.447580021,4.992677948,5.792417441,anclado_por_activo
26,2015-07-01,2018-02-28,TSLA,Crisis,False,ningún trial con ≥ 5 operaciones,,,,,,,,,,,,,,,,,,,,,,,anclado_por_activo
26,2015-07-01,2018-02-28,META,global,True,,1.846236485,1.527706938,8,8,38,41,12,13,38,40,73,70,28,28,25,27,1.889196806,1.937153117,2.927725023,3.001470146,4.719301642,4.898188458,anclado_por_activo
26,2015-07-01,2018-02-28,META,Tendencia,True,,0.329972372,1.38783148,29,29,78,70,11,8,29,29,79,79,30,30,20,15,1.587439341,1.550409902,1.153105121,2.557009693,3.379305822,3.719727898,anclado_por_activo
26,2015-07-01,2018-02-28,META,Reversión,True,,1.655538433,1.935399156,29,29,18,29,24,24,39,40,60,61,14,15,9,9,1.567835369,1.581360439,3.472373044,3.487206313,3.988995033,3.862757084,anclado_por_activo
26,2015-07-01,2018-02-28,META,Crisis,False,ningún trial con ≥ 5 operaciones,,,,,,,,,,,,,,,,,,,,,,,anclado_por_activo
26,2015-07-01,2018-02-28,NFLX,global,True,,2.580963773,2.98814498,12,11,73,67,11,11,39,40,79,79,16,15,26,26,2.159996302,2.042479504,3.094177942,3.169864758,5.28635786,4.785425468,anclado_por_activo
26,2015-07-01,2018-02-28,NFLX,Tendencia,True,,2.992147565,3.030928615,9,10,50,51,8,8,28,28,69,68,37,35,30,36,2.524690942,2.48197274,3.738736077,3.741231205,1.608168562,1.730415133,anclado_por_activo
26,2015-07-01,2018-02-28,NFLX,Reversión,True,,1.816840967,2.541005801,16,20,91,43,13,19,22,39,79,75,18,15,35,34,1.978132625,1.81593205,1.784125686,3.246523873,3.813075848,3.303262782,anclado_por_activo
26,2015-07-01,2018-02-28,NFLX,Crisis,False,ningún trial con ≥ 5 operaciones,,,,,,,,,,,,,,,,,,,,,,,anclado_por_activo
26,2015-07-01,2018-02-28,GOOGL,global,True,,2.281300386,2.454338979,11,13,38,28,26,26,21,20,77,77,14,14,24,23,1.938465866,2.010824625,3.654367877,3.660603995,4.510980759,4.539821383,anclado_por_activo
26,2015-07-01,2018-02-28,GOOGL,Tendencia,True,,2.638392933,3.645582857,28,28,76,81,22,22,28,30,78,78,12,15,26,27,1.771064435,1.804979674,3.812463313,3.781596455,2.807751996,2.979504103,anclado_por_activo
26,2015-07-01,2018-02-28,GOOGL,Reversión,True,,1.685966343,1.713038329,14,14,93,82,20,20,40,40,76,77,38,40,40,40,2.124293711,2.217869791,3.255408271,3.142724171,5.372657654,5.372657654,anclado_por_activo
26,2015-07-01,2018-02-28,GOOGL,Crisis,False,ningún trial con ≥ 5 operaciones,,,,,,,,,,,,,,,,,,,,,,,anclado_por_activo
27,2015-07-01,2018-03-29,NVDA,global,True,,2.089803033,3.627498456,8,8,20,20,24,25,23,23,72,75,12,12,27,26,1.945724145,2.002776321,2.146713807,2.121176944,5.24184095,5.310115669,anclado_por_activo
27,2015-07-01,2018-03-29,NVDA,Tendencia,True,,3.71873008,4.122345548,14,15,14,13,26,24,21,24,74,72,17,18,27,27,2.183775055,2.202252738,1.596688807,1.696623115,2.961104639,3.264109729,anclado_por_activo
27,2015-07-01,2018-03-29,NVDA,Reversión,True,,2.168063532,2.559629705,13,12,92,92,21,21,31,33,79,79,27,28,9,9,1.601776857,1.529504866,2.614018382,2.307677663,5.584616617,5.126444015,anclado_por_activo
27,2015-07-01,2018-03-29,NVDA,Crisis,False,ningún trial con ≥ 5 operaciones,,,,,,,,,,,,,,,,,,,,,,,anclado_por_activo
27,2015-07-01,2018-03-29,AMZN,global,True,,2.339961894,3.623552772,22,22,27,24,17,17,29,29,80,80,10,10,10,10,2.231618413,2.245483163,1.059265208,1.037528064,5.495168676,5.468463094,anclado_por_activo
27,2015-07-01,2018-03-29,AMZN,Tendencia,True,,1.617505393,1.620293015,26,28,73,76,15,16,32,32,60,60,15,14,6,7,2.851398877,2.85386071,2.166813658,1.951477271,5.449955825,5.214942246,anclado_por_activo
27,2015-07-01,2018-03-29,AMZN,Reversión,True,,0.2353418793,1.481533421,26,26,92,98,8,7,23,23,70,70,12,10,6,5,2.134677777,2.165712562,3.806681578,3.811084668,2.028090137,1.996816744,anclado_por_activo
27,2015-07-01,2018-03-29,AMZN,Crisis,False,ningún trial con ≥ 5 operaciones,,,,,,,,,,,,,,,,,,,,,,,anclado_por_activo
27,2015-07-01,2018-03-29,TSLA,global,True,,2.013293747,2.253303913,16,17,16,14,20,20,24,24,62,62,30,33,16,16,2.02570164,1.959494157,1.233373152,1.186726735,1.590674105,1.571423158,anclado_por_activo
27,2015-07-01,2018-03-29,TSLA,Tendencia,True,,2.019920125,2.476039242,29,30,28,37,14,14,22,21,61,60,34,31,21,18,2.116880907,2.092276945,2.744003514,2.709712735,1.623646383,1.554261053,anclado_por_activo
27,2015-07-01,2018-03-29,TSLA,Reversión,True,,0.5920519411,0.8255915051,14,24,32,37,14,14,36,30,61,60,37,16,39,12,1.605522407,2.907850569,2.260399139,2.426277604,5.435756311,4.942391595,anclado_por_activo
27,2015-07-01,2018-03-29,TSLA,Crisis,False,ningún trial con ≥ 5 operaciones,,,,,,,,,,,,,,,,,,,,,,,anclado_por_activo
27,2015-07-01,2018-03-29,META,global,True,,1.990155895,2.294972577,26,25,30,35,24,22,40,40,74,75,38,38,14,12,1.603139966,1.585395279,3.72330918,3.669527033,4.82882469,4.827010817,anclado_por_activo
27,2015-07-01,2018-03-29,META,Tendencia,True,,1.097307565,1.319994203,28,29,30,31,11,11,33,31,79,77,30,30,38,36,1.712998754,1.516992804,3.436322501,3.038536293,3.40437098,3.699345552,anclado_por_activo
27,2015-07-01,2018-03-29,META,Reversión,True,,1.377836039,2.146919938,17,17,32,40,9,8,38,39,75,74,24,23,9,7,1.577748524,1.577877381,3.719544991,3.664706217,3.693118739,4.020739292,anclado_por_activo
27,2015-07-01,2018-03-29,META,Crisis,False,ningún trial con ≥ 5 operaciones,,,,,,,,,,,,,,,,,,,,,,,anclado_por_activo
27,2015-07-01,2018-03-29,NFLX,global,True,,1.951898425,2.03436514,8,9,82,82,10,10,38,38,76,78,25,25,26,25,1.788510494,1.861298251,1.306917521,1.148928298,5.663220259,5.892304672,anclado_por_activo
27,2015-07-01,2018-03-29,NFLX,Tendencia,True,,2.88149235,3.000102937,26,27,81,81,11,12,33,34,79,78,37,36,28,31,2.7563565,2.7563565,3.386081432,3.128285641,1.398571844,1.457232383,anclado_por_activo
27,2015-07-01,2018-03-29,NFLX,Reversión,True,,3.350070688,3.71206592,27,26,57,60,22,24,38,38,70,69,11,11,30,32,1.791461892,1.680216832,2.089307629,2.107641754,3.252430279,3.273956742,anclado_por_activo
27,2015-07-01,2018-03-29,NFLX,Crisis,False,ningún trial con ≥ 5 operaciones,,,,,,,,,,,,,,,,,,,,,,,anclado_por_activo
27,2015-07-01,2018-03-29,GOOGL,global,True,,3.076721342,2.878284078,26,24,87,93,26,27,26,26,75,75,15,16,12,12,2.093389971,2.074835902,3.73801659,3.73801659,3.84806917,3.755499205,anclado_por_activo
27,2015-07-01,2018-03-29,GOOGL,Tendencia,True,,3.275892211,3.475263749,18,18,19,15,10,11,21,20,61,60,10,10,11,11,2.136485625,2.204792737,2.549377631,2.319211843,4.222356927,4.000579646,anclado_por_activo
27,2015-07-01,2018-03-29,GOOGL,Reversión,True,,5.393125551,5.657630545,27,29,76,75,27,27,24,24,78,78,15,16,37,39,2.120002017,2.147424653,2.350673088,2.350673088,1.35486993,1.414231892,anclado_por_activo
27,2015-07-01,2018-03-29,GOOGL,Crisis,False,ningún trial con ≥ 5 operaciones,,,,,,,,,,,,,,,,,,,,,,,anclado_por_activo
28,2015-07-01,2018-04-30,NVDA,global,True,,4.151308275,4.616751754,17,17,92,90,25,25,38,39,76,76,14,13,36,37,2.207395963,2.093057991,1.511771178,1.469435626,3.95762187,4.034499738,anclado_por_activo
28,2015-07-01,2018-04-30,NVDA,Tendencia,True,,0.5114705348,2.085402197,12,13,37,37,15,16,30,30,78,79,13,10,14,16,1.864040895,1.84320568,3.157840502,3.422343956,4.743708395,5.072508067,anclado_por_activo
28,2015-07-01,2018-04-30,NVDA,Reversión,True,,2.828594353,3.193457515,24,20,96,100,12,13,31,32,79,78,15,16,37,37,1.963177243,1.932782901,1.44447377,1.291754222,4.965641119,5.111851021,anclado_por_activo
28,2015-07-01,2018-04-30,NVDA,Crisis,False,ningún trial con ≥ 5 operaciones,,,,,,,,,,,,,,,,,,,,,,,anclado_por_activo
28,2015-07-01,2018-04-30,AMZN,global,True,,2.117308645,2.298181395,6,5,91,81,27,28,37,35,75,75,26,26,37,39,1.871650035,1.912005905,2.84146357,2.883551659,2.807663684,2.844449626,anclado_por_activo
28,2015-07-01,2018-04-30,AMZN,Tendencia,True,,0.5817919821,1.506319305,8,6,42,42,25,25,34,34,74,74,22,22,36,36,1.805152969,1.788743687,1.859446938,1.759613327,1.367243625,1.270351217,anclado_por_activo
28,2015-07-01,2018-04-30,AMZN,Reversión,True,,0.7212444141,1.038903343,20,17,87,94,26,28,38,39,68,67,12,10,12,13,1.822300281,1.812193507,2.800895343,2.855363929,1.297183735,1.100716763,anclado_por_activo
28,2015-07-01,2018-04-30,AMZN,Crisis,False,ningún trial con ≥ 5 operaciones,,,,,,,,,,,,,,,,,,,,,,,anclado_por_activo
28,2015-07-01,2018-04-30,TSLA,global,True,,1.700759843,1.493455738,6,5,12,17,9,9,35,35,61,62,26,20,21,18,2.568069732,2.75684617,3.105629639,2.994500489,2.383028682,1.646902311,anclado_por_activo
28,2015-07-01,2018-04-30,TSLA,Tendencia,True,,2.038815036,2.063672743,26,27,58,60,8,8,33,33,63,63,22,22,6,6,2.916863249,2.944000081,3.177648425,3.255891025,3.8372384,3.515968248,anclado_por_activo
28,2015-07-01,2018-04-30,TSLA,Reversión,True,,1.520068794,1.47241028,10,10,14,13,8,8,39,39,67,68,30,30,16,16,2.317315578,2.354505157,3.100199866,3.157200068,3.19447324,3.114986356,anclado_por_activo
28,2015-07-01,2018-04-30,TSLA,Crisis,False,ningún trial con ≥ 5 operaciones,,,,,,,,,,,,,,,,,,,,,,,anclado_por_activo
28,2015-07-01,2018-04-30,META,global,True,,2.145839394,2.299101652,18,21,64,74,13,13,38,40,78,79,28,28,30,29,1.887209395,1.882106545,3.75374937,3.937404357,5.670747524,5.253405103,anclado_por_activo
28,2015-07-01,2018-04-30,META,Tendencia,True,,1.398426608,1.383084663,10,10,96,97,14,16,23,23,78,78,30,30,28,31,1.572781625,1.548665511,2.834235587,3.043046243,2.758770548,2.902259801,anclado_por_activo
28,2015-07-01,2018-04-30,META,Reversión,True,,0.8912460706,1.889952555,6,7,71,70,7,8,40,40,61,61,28,31,14,16,2.520478185,2.379699897,1.576570945,2.202576976,5.171301397,4.698602423,anclado_por_activo
28,2015-07-01,2018-04-30,META,Crisis,False,ningún trial con ≥ 5 operaciones,,,,,,,,,,,,,,,,,,,,,,,anclado_por_activo
28,2015-07-01,2018-04-30,NFLX,global,True,,0.9261392221,1.340467982,10,12,91,97,14,14,28,27,68,68,11,11,24,26,1.728593115,1.726513285,3.600204275,3.360528934,1.377056276,1.428250742,anclado_por_activo
28,2015-07-01,2018-04-30,NFLX,Tendencia,True,,2.370385455,2.356896986,7,6,54,55,14,14,30,30,78,79,23,23,38,36,1.548094171,1.523669852,3.700786463,3.49375741,5.051392723,4.88685954,anclado_por_activo
28,2015-07-01,2018-04-30,NFLX,Reversión,True,,2.007337503,2.314339079,10,8,62,55,19,18,37,37,76,77,21,21,20,21,1.86462362,1.9011943,3.612083677,3.479375799,3.682118197,3.689405322,anclado_por_activo
28,2015-07-01,2018-04-30,NFLX,Crisis,False,ningún trial con ≥ 5 operaciones,,,,,,,,,,,,,,,,,,,,,,,anclado_por_activo
28,2015-07-01,2018-04-30,GOOGL,global,True,,2.324191893,2.483951546,26,23,26,27,20,20,21,21,77,76,12,13,35,38,1.575688237,1.7002275,2.404849651,2.425643911,4.346204531,4.286371134,anclado_por_activo
28,2015-07-01,2018-04-30,GOOGL,Tendencia,True,,3.07662304,3.526060227,24,18,27,34,15,14,20,20,80,80,22,18,28,26,1.642635114,1.725290424,3.898814629,3.895468146,3.106504517,2.962865891,anclado_por_activo
28,2015-07-01,2018-04-30,GOOGL,Reversión,True,,2.808599046,3.216271875,14,24,92,39,21,26,35,38,76,68,15,16,25,31,1.928295506,2.129068556,1.271538856,1.415331959,1.886176425,2.221480215,anclado_por_activo
28,2015-07-01,2018-04-30,GOOGL,Crisis,False,ningún trial con ≥ 5 operaciones,,,,,,,,,,,,,,,,,,,,,,,anclado_por_activo
29,2015-07-01,2018-05-31,NVDA,global,True,,4.757987181,6.177128498,24,25,90,91,18,20,28,29,80,80,11,11,16,22,1.89214404,1.913527386,2.282761051,2.379895802,5.090195523,4.860669915,anclado_por_activo
29,2015-07-01,2018-05-31,NVDA,Tendencia,True,,1.357681078,1.573016213,27,26,51,43,16,15,22,21,79,79,17,15,38,38,2.249990182,2.27099185,2.886940723,2.938488737,3.593692494,3.183598577,anclado_por_activo
29,2015-07-01,2018-05-31,NVDA,Reversión,True,,3.482172316,3.917907732,29,27,50,52,25,25,31,28,80,80,13,13,34,30,1.699119195,1.696739844,2.364991864,3.049831521,5.34294919,5.987611164,anclado_por_activo
29,2015-07-01,2018-05-31,NVDA,Crisis,False,ningún trial con ≥ 5 operaciones,,,,,,,,,,,,,,,,,,,,,,,anclado_por_activo
29,2015-07-01,2018-05-31,AMZN,global,True,,1.125844995,1.404475187,11,11,42,42,15,15,37,37,80,80,26,24,29,32,1.977076627,1.978746029,1.967374313,1.873606723,2.466074843,2.343379549,anclado_por_activo
29,2015-07-01,2018-05-31,AMZN,Tendencia,True,,0.4160996234,0.5385572927,21,22,87,87,16,14,39,39,71,70,36,36,14,15,1.634783156,1.591112711,1.746350523,1.780125634,2.78303245,2.334337812,anclado_por_activo
29,2015-07-01,2018-05-31,AMZN,Reversión,True,,1.570073774,2.11697598,14,14,93,91,22,17,26,25,80,80,28,28,29,29,1.627221231,1.616776333,2.426973264,2.446320083,4.096892612,4.101137993,anclado_por_activo
29,2015-07-01,2018-05-31,AMZN,Crisis,False,ningún trial con ≥ 5 operaciones,,,,,,,,,,,,,,,,,,,,,,,anclado_por_activo
29,2015-07-01,2018-05-31,TSLA,global,True,,0.2698499276,1.554206963,6,6,65,47,18,14,35,33,67,68,14,16,38,38,2.231085735,2.08622474,3.398991377,3.340372513,1.734161327,1.600467099,anclado_por_activo
29,2015-07-01,2018-05-31,TSLA,Tendencia,True,,0.2784591035,0.5160266502,27,17,32,82,23,24,38,35,63,73,13,38,19,21,2.198077505,1.691226372,3.336439672,1.495279218,2.722128361,2.722128361,anclado_por_activo
29,2015-07-01,2018-05-31,TSLA,Reversión,True,,1.061753119,3.925291928,10,8,36,34,17,16,34,33,72,73,24,21,14,14,1.731178953,1.596248348,3.533831053,3.399358676,1.344521735,1.679924859,anclado_por_activo
29,2015-07-01,2018-05-31,TSLA,Crisis,False,ningún trial con ≥ 5 operaciones,,,,,,,,,,,,,,,,,,,,,,,anclado_por_activo
29,2015-07-01,2018-05-31,META,global,True,,2.005578177,2.12353218,24,23,44,49,7,7,27,27,78,77,36,36,31,31,2.850674573,2.850674573,3.604532417,3.520672515,5.491692176,5.505413003,anclado_por_activo
29,2015-07-01,2018-05-31,META,Tendencia,True,,0.1221710545,0.363998613,20,22,15,10,19,18,31,31,75,74,38,39,29,27,1.572466771,1.534438673,1.168003153,1.144004312,5.394259941,5.35977289,anclado_por_activo
29,2015-07-01,2018-05-31,META,Reversión,True,,3.813185551,3.410131141,16,20,83,78,10,9,34,31,68,67,32,27,24,23,2.416493604,2.326413954,3.388742384,3.149839932,1.96482504,2.028266959,anclado_por_activo
29,2015-07-01,2018-05-31,META,Crisis,False,ningún trial con ≥ 5 operaciones,,,,,,,,,,,,,,,,,,,,,,,anclado_por_activo
29,2015-07-01,2018-05-31,NFLX,global,True,,1.884676242,3.206236743,7,8,25,24,15,15,33,32,79,78,25,27,29,29,1.687456515,1.577842032,3.592034192,3.592034192,4.863936673,4.3895395,anclado_por_activo
29,2015-07-01,2018-05-31,NFLX,Tendencia,True,,1.795918847,2.172351605,24,26,18,17,10,10,40,40,78,77,14,14,37,38,2.745597529,2.918252526,2.994916048,3.335004519,1.848657292,2.286853058,anclado_por_activo
29,2015-07-01,2018-05-31,NFLX,Reversión,True,,1.444445192,1.535443135,11,9,87,82,22,22,21,22,74,75,39,40,29,28,1.577957301,1.562561375,3.602088394,3.344349325,4.634635184,4.701736315,anclado_por_activo
29,2015-07-01,2018-05-31,NFLX,Crisis,False,ningún trial con ≥ 5 operaciones,,,,,,,,,,,,,,,,,,,,,,,anclado_por_activo
29,2015-07-01,2018-05-31,GOOGL,global,True,,2.861114026,3.52236175,28,28,96,100,18,18,37,37,78,77,26,26,30,31,1.531333485,1.50794026,1.742090757,1.983214757,3.267409585,3.287732645,anclado_por_activo
29,2015-07-01,2018-05-31,GOOGL,Tendencia,True,,0.8441295377,1.601270829,26,27,38,36,10,9,39,39,67,70,11,11,38,34,1.749510246,1.526722689,2.915801927,3.279459349,1.829993972,1.897366573,anclado_por_activo
29,2015-07-01,2018-05-31,GOOGL,Reversión,True,,2.947883549,3.372614875,6,7,61,61,26,25,39,38,72,70,24,26,22,26,1.76329863,1.646160442,1.132441425,1.123320307,4.218339822,4.0296058,anclado_por_activo
29,2015-07-01,2018-05-31,GOOGL,Crisis,False,ningún trial con ≥ 5 operaciones,,,,,,,,,,,,,,,,,,,,,,,anclado_por_activo
30,2015-07-01,2018-06-29,NVDA,global,True,,2.543867792,3.048705912,20,20,90,97,7,7,39,40,78,79,15,14,32,33,2.534559528,2.519659309,1.264200284,1.256867305,3.929713346,3.742133797,anclado_por_activo
30,2015-07-01,2018-06-29,NVDA,Tendencia,True,,0.6638427387,0.7386325585,19,21,21,80,13,28,22,33,79,75,16,17,16,8,2.055422462,1.765789528,3.399577672,2.707036563,3.017798958,3.828574257,anclado_por_activo
30,2015-07-01,2018-06-29,NVDA,Reversión,True,,2.765243732,2.844583007,24,28,96,92,17,17,36,36,80,80,18,19,36,34,2.273830698,2.375662101,1.138805737,1.138953715,1.960420549,2.004252167,anclado_por_activo
30,2015-07-01,2018-06-29,NVDA,Crisis,False,ningún trial con ≥ 5 operaciones,,,,,,,,,,,,,,,,,,,,,,,anclado_por_activo
30,2015-07-01,2018-06-29,AMZN,global,True,,1.039404991,1.407271078,20,21,72,69,26,27,34,35,73,73,22,22,38,39,1.968973633,2.217856561,1.165182345,1.161915864,5.777735958,5.92282127,anclado_por_activo
30,2015-07-01,2018-06-29,AMZN,Tendencia,True,,0.5175550263,0.8247131662,24,23,19,19,20,21,33,33,62,62,16,15,26,30,2.362975244,2.402239192,1.369341137,1.455480787,4.619068749,4.54662502,anclado_por_activo
30,2015-07-01,2018-06-29,AMZN,Reversión,True,,1.275083332,1.572703905,17,15,82,82,17,18,39,38,78,78,10,10,38,39,2.193498033,2.216098855,3.83938445,3.934691092,4.2887412,4.276325102,anclado_por_activo
30,2015-07-01,2018-06-29,AMZN,Crisis,False,ningún trial con ≥ 5 operaciones,,,,,,,,,,,,,,,,,,,,,,,anclado_por_activo
30,2015-07-01,2018-06-29,TSLA,global,True,,0.03548371582,0.5329229168,6,11,24,18,17,17,30,35,64,64,18,19,12,12,1.905313469,1.989895796,3.505396024,3.650006135,1.655505172,1.655727126,anclado_por_activo
30,2015-07-01,2018-06-29,TSLA,Tendencia,True,,0.7678476314,1.603788493,7,7,84,76,14,14,26,24,80,79,39,39,36,35,1.696360488,1.873123002,2.522606974,2.640689236,2.621263471,2.801386741,anclado_por_activo
30,2015-07-01,2018-06-29,TSLA,Reversión,True,,3.992597257,4.389506989,15,15,25,22,28,28,39,39,73,73,25,27,30,24,2.061314414,1.850386039,3.06239798,3.064804866,1.494338673,1.494338673,anclado_por_activo
30,2015-07-01,2018-06-29,TSLA,Crisis,False,ningún trial con ≥ 5 operaciones,,,,,,,,,,,,,,,,,,,,,,,anclado_por_activo
30,2015-07-01,2018-06-29,META,global,True,,1.180849597,1.488378236,30,30,94,95,26,27,31,29,70,74,30,31,26,21,1.569551416,1.530036199,3.835136537,3.093698314,5.704870785,5.512337322,anclado_por_activo
30,2015-07-01,2018-06-29,META,Tendencia,True,,0.04422271264,0.09284214086,17,16,88,91,11,8,32,33,75,76,29,29,11,11,1.642402023,1.739520379,3.608297368,3.590572436,5.487617936,5.912571293,anclado_por_activo
30,2015-07-01,2018-06-29,META,Reversión,True,,2.088844237,2.440464277,20,21,88,86,22,23,31,31,76,74,35,34,17,17,1.565827634,1.543900863,3.683943678,3.61522419,3.604836802,3.407418216,anclado_por_activo
30,2015-07-01,2018-06-29,META,Crisis,False,ningún trial con ≥ 5 operaciones,,,,,,,,,,,,,,,,,,,,,,,anclado_por_activo
30,2015-07-01,2018-06-29,NFLX,global,True,,1.587570154,1.780538712,28,30,90,81,25,25,38,40,72,73,38,39,20,19,2.00260085,1.958809718,2.778883842,2.683716197,4.548910729,4.110233059,anclado_por_activo
30,2015-07-01,2018-06-29,NFLX,Tendencia,True,,3.638736132,3.620258004,20,20,32,24,18,17,38,37,73,73,39,40,22,23,1.688158426,1.703631633,1.722125232,1.74594142,3.104293739,3.042235406,anclado_por_activo
30,2015-07-01,2018-06-29,NFLX,Reversión,True,,0.8180555702,1.554056674,17,16,45,25,26,28,21,22,77,78,26,25,16,13,1.531936735,1.506842693,1.280153766,1.031733981,1.538317273,1.749623049,anclado_por_activo
30,2015-07-01,2018-06-29,NFLX,Crisis,False,ningún trial con ≥ 5 operaciones,,,,,,,,,,,,,,,,,,,,,,,anclado_por_activo
30,2015-07-01,2018-06-29,GOOGL,global,True,,1.813282493,1.958195158,20,18,88,96,25,24,27,23,74,75,37,39,35,38,1.679740022,1.679740022,1.67906295,1.647124507,4.709254161,4.832237207,anclado_por_activo
30,2015-07-01,2018-06-29,GOOGL,Tendencia,True,,1.344846353,1.820878747,28,29,93,91,27,27,38,37,79,78,36,36,34,35,1.543878283,1.517397918,1.774867011,1.928831927,3.986869491,3.608998408,anclado_por_activo
30,2015-07-01,2018-06-29,GOOGL,Reversión,True,,3.555001444,3.490772587,9,10,82,89,26,26,39,39,70,70,19,18,37,37,1.965760936,1.910369168,3.473623257,3.618041352,5.557914669,5.59961649,anclado_por_activo
30,2015-07-01,2018-06-29,GOOGL,Crisis,False,ningún trial con ≥ 5 operaciones,,,,,,,,,,,,,,,,,,,,,,,anclado_por_activo
31,2015-07-01,2018-07-31,NVDA,global,True,,2.769150461,3.473610184,13,13,81,81,18,20,40,40,79,79,37,39,36,32,1.629271056,1.594457875,2.278816173,2.280520793,1.745032716,1.844017855,anclado_por_activo
31,2015-07-01,2018-07-31,NVDA,Tendencia,True,,1.051241365,1.907413021,8,19,20,94,12,20,36,28,79,73,12,16,32,25,1.931661773,2.280099932,2.116868814,2.022329216,5.217995718,4.332955847,anclado_por_activo
31,2015-07-01,2018-07-31,NVDA,Reversión,True,,3.217816628,4.564475221,28,30,27,29,14,14,22,21,80,80,11,13,15,16,2.266079421,2.12838292,2.040569424,2.002882893,5.450703828,5.127802783,anclado_por_activo
31,2015-07-01,2018-07-31,NVDA,Crisis,False,ningún trial con ≥ 5 operaciones,,,,,,,,,,,,,,,,,,,,,,,anclado_por_activo
31,2015-07-01,2018-07-31,AMZN,global,True,,0.5342494494,1.186005195,14,12,90,90,19,18,37,34,79,79,22,22,10,14,1.632072958,1.605713266,1.224994188,1.070078023,1.608167277,1.4314569,anclado_por_activo
31,2015-07-01,2018-07-31,AMZN,Tendencia,True,,0.189166688,0.5409732761,27,29,99,89,11,10,22,22,79,79,15,17,31,31,1.915802352,1.829590781,3.955047925,3.955047925,5.737623315,5.603487021,anclado_por_activo
31,2015-07-01,2018-07-31,AMZN,Reversión,True,,0.7722597239,1.459089738,26,26,57,64,8,8,35,33,79,80,15,14,18,19,2.827094957,2.932907057,1.548364431,1.351499653,4.777975446,4.326953441,anclado_por_activo
31,2015-07-01,2018-07-31,AMZN,Crisis,False,ningún trial con ≥ 5 operaciones,,,,,,,,,,,,,,,,,,,,,,,anclado_por_activo
31,2015-07-01,2018-07-31,TSLA,global,True,,1.472820397,3.943747814,9,7,17,10,13,13,30,29,78,79,28,28,23,19,2.171560881,2.171560881,2.366714655,2.366714655,3.802641662,3.888887676,anclado_por_activo
31,2015-07-01,2018-07-31,TSLA,Tendencia,True,,1.182178821,1.236497591,19,21,52,47,23,23,33,33,74,74,39,38,16,17,1.984396698,2.000365693,1.221384122,1.527467979,1.464122963,1.69266308,anclado_por_activo
31,2015-07-01,2018-07-31,TSLA,Reversión,True,,1.371836287,1.723929094,26,29,22,26,27,28,40,39,77,79,29,30,20,19,2.116820646,2.049537116,1.889582548,2.011656145,1.585930328,1.709828306,anclado_por_activo
31,2015-07-01,2018-07-31,TSLA,Crisis,False,ningún trial con ≥ 5 operaciones,,,,,,,,,,,,,,,,,,,,,,,anclado_por_activo
31,2015-07-01,2018-07-31,META,global,True,,1.869189467,1.9642178,18,19,74,82,7,7,40,40,60,60,11,11,10,10,2.417396706,2.389922954,3.583615381,3.478661298,4.921641476,4.899979802,anclado_por_activo
31,2015-07-01,2018-07-31,META,Tendencia,True,,0.2322840124,0.3071695144,28,26,21,51,24,24,39,40,65,63,33,30,38,38,2.916426094,2.88497445,1.181091359,1.20202713,3.267552168,1.749916771,anclado_por_activo
31,2015-07-01,2018-07-31,META,Reversión,True,,2.63764967,2.974198395,10,15,88,79,8,8,26,29,77,77,38,36,26,31,2.579125549,2.483131209,3.665934676,3.753878489,1.825042855,4.501502297,anclado_por_activo
31,2015-07-01,2018-07-31,META,Crisis,False,ningún trial con ≥ 5 operaciones,,,,,,,,,,,,,,,,,,,,,,,anclado_por_activo
31,2015-07-01,2018-07-31,NFLX,global,True,,1.771578689,2.499275834,8,6,14,19,15,14,22,22,80,80,26,24,39,40,1.560715416,1.627247893,3.14127991,3.129740465,2.556006766,3.236149269,anclado_por_activo
31,2015-07-01,2018-07-31,NFLX,Tendencia,True,,0.4311977847,0.5171924494,24,28,84,91,8,8,26,25,70,70,38,38,37,39,1.763512,1.761360132,3.635266275,2.768995711,3.34067469,3.399647039,anclado_por_activo
31,2015-07-01,2018-07-31,NFLX,Reversión,True,,0.9617082078,1.269044942,7,7,70,54,18,19,38,38,62,62,17,21,28,29,1.777666291,1.659684059,3.706237862,3.718340571,1.574674414,1.603046221,anclado_por_activo
31,2015-07-01,2018-07-31,NFLX,Crisis,False,ningún trial con ≥ 5 operaciones,,,,,,,,,,,,,,,,,,,,,,,anclado_por_activo
31,2015-07-01,2018-07-31,GOOGL,global,True,,2.962548789,3.624536231,7,9,89,90,27,28,25,25,76,75,15,15,14,14,2.196358732,2.105948594,3.517996828,3.517996828,2.155411785,2.045774543,anclado_por_activo
31,2015-07-01,2018-07-31,GOOGL,Tendencia,True,,1.480929643,2.254463849,23,25,86,86,9,8,22,20,64,66,39,39,25,20,1.672706987,1.984569766,2.489657771,1.940525238,4.167664013,3.629311799,anclado_por_activo
31,2015-07-01,2018-07-31,GOOGL,Reversión,True,,2.600774829,3.498664258,8,9,58,73,21,21,38,38,76,76,16,19,32,37,1.91708856,1.882490116,1.898864473,1.908294091,5.50355461,5.002830097,anclado_por_activo
31,2015-07-01,2018-07-31,GOOGL,Crisis,False,ningún trial con ≥ 5 operaciones,,,,,,,,,,,,,,,,,,,,,,,anclado_por_activo
32,2015-07-01,2018-08-31,NVDA,global,True,,1.31069247,1.758931212,29,27,30,30,15,15,34,35,80,80,11,11,27,30,2.323140136,2.186329932,3.80065566,3.791899509,1.69516557,1.601900278,anclado_por_activo
32,2015-07-01,2018-08-31,NVDA,Tendencia,True,,1.50244738,1.684272261,23,24,15,15,27,28,36,37,76,76,12,12,31,31,1.978244851,1.841415172,2.90089451,2.881805138,5.047646682,5.062712949,anclado_por_activo
32,2015-07-01,2018-08-31,NVDA,Reversión,True,,4.491066677,6.532531706,26,30,84,76,14,15,39,37,79,79,12,13,24,24,1.987907012,2.015458767,2.144409688,1.628195794,4.915022777,4.24451893,anclado_por_activo
32,2015-07-01,2018-08-31,NVDA,Crisis,False,ningún trial con ≥ 5 operaciones,,,,,,,,,,,,,,,,,,,,,,,anclado_por_activo
32,2015-07-01,2018-08-31,AMZN,global,True,,1.267337201,1.087405601,8,7,96,100,25,25,38,37,76,76,29,28,39,40,1.703338628,1.62022947,3.141362131,3.137066734,5.292776377,5.162967861,anclado_por_activo
32,2015-07-01,2018-08-31,AMZN,Tendencia,True,,0.6833822827,1.269844066,26,25,97,94,9,9,30,31,67,67,16,14,36,36,2.692634904,2.692634904,1.275086623,1.584448992,1.030551491,1.058394533,anclado_por_activo
32,2015-07-01,2018-08-31,AMZN,Reversión,True,,1.304680833,2.506524454,28,29,20,21,26,26,40,39,79,80,11,13,26,25,1.759684241,1.679863559,1.22421953,1.042366231,5.40626574,5.498434698,anclado_por_activo
32,2015-07-01,2018-08-31,AMZN,Crisis,False,ningún trial con ≥ 5 operaciones,,,,,,,,,,,,,,,,,,,,,,,anclado_por_activo
32,2015-07-01,2018-08-31,TSLA,global,True,,0.6807783971,0.8983370482,9,14,84,29,24,14,38,23,69,72,35,27,22,26,2.401119962,1.834190938,2.171286616,1.363367524,4.85245421,1.687040833,anclado_por_activo
32,2015-07-01,2018-08-31,TSLA,Tendencia,True,,1.585419995,1.660549163,6,6,97,93,10,10,39,40,79,79,21,21,11,11,2.520010944,2.531544786,3.775876426,3.867457325,3.09670097,3.609691718,anclado_por_activo
32,2015-07-01,2018-08-31,TSLA,Reversión,True,,0.7331493621,1.081440374,30,29,39,40,9,8,38,38,69,69,22,21,26,28,1.604274749,1.594009312,2.87674376,2.821527527,5.631726484,5.749877264,anclado_por_activo
32,2015-07-01,2018-08-31,TSLA,Crisis,False,ningún trial con ≥ 5 operaciones,,,,,,,,,,,,,,,,,,,,,,,anclado_por_activo
32,2015-07-01,2018-08-31,META,global,True,,0.7096143161,0.6895933473,28,29,72,53,24,23,26,27,62,60,34,36,38,38,1.976970848,1.944082169,3.610463783,3.393489209,1.056141082,1.030546682,anclado_por_activo
32,2015-07-01,2018-08-31,META,Tendencia,True,,0.1069016048,0.421281049,26,25,94,94,14,16,32,34,78,78,20,20,14,13,1.673493089,1.548387387,3.636259331,3.587118919,1.171766942,1.001699876,anclado_por_activo
32,2015-07-01,2018-08-31,META,Reversión,True,,2.738985591,2.996401776,8,5,95,95,8,7,27,27,70,66,27,27,16,17,2.686327213,2.708684856,3.806918886,3.81370185,2.004501754,2.037537593,anclado_por_activo
32,2015-07-01,2018-08-31,META,Crisis,False,ningún trial con ≥ 5 operaciones,,,,,,,,,,,,,,,,,,,,,,,anclado_por_activo
32,2015-07-01,2018-08-31,NFLX,global,True,,1.689713225,1.900211966,16,18,28,25,25,26,38,38,71,72,26,27,26,26,1.644039399,1.66009328,3.253081197,3.157315926,5.516387862,5.97557482,anclado_por_activo
32,2015-07-01,2018-08-31,NFLX,Tendencia,True,,0.7507828464,1.052117906,28,28,23,20,11,9,27,28,72,74,39,40,23,22,1.746254479,1.692985946,1.535218103,1.547144298,5.429428387,5.853323909,anclado_por_activo
32,2015-07-01,2018-08-31,NFLX,Reversión,True,,2.672127088,3.175731701,6,6,76,83,19,18,22,23,75,76,18,18,26,28,1.73917229,1.698971866,1.222254474,1.298683412,5.003907667,4.973051486,anclado_por_activo
32,2015-07-01,2018-08-31,NFLX,Crisis,False,ningún trial con ≥ 5 operaciones,,,,,,,,,,,,,,,,,,,,,,,anclado_por_activo
32,2015-07-01,2018-08-31,GOOGL,global,True,,1.805570941,2.290719526,8,6,52,49,26,26,36,40,74,74,10,11,36,39,1.653738857,1.52442693,3.90094612,3.844626375,4.125913271,4.154666958,anclado_por_activo
32,2015-07-01,2018-08-31,GOOGL,Tendencia,True,,0.9023371371,1.571812653,18,18,91,82,8,7,21,22,74,72,34,38,28,32,2.116399854,2.096366373,3.74925436,3.766857538,3.342187114,3.965318444,anclado_por_activo
32,2015-07-01,2018-08-31,GOOGL,Reversión,True,,2.33119055,2.872071644,29,28,52,53,25,25,26,24,77,75,16,20,36,39,2.016081892,1.841304298,3.787619096,3.98159299,5.549959172,5.864709093,anclado_por_activo
32,2015-07-01,2018-08-31,GOOGL,Crisis,False,ningún trial con ≥ 5 operaciones,,,,,,,,,,,,,,,,,,,,,,,anclado_por_activo
33,2015-07-01,2018-09-28,NVDA,global,True,,1.577799226,2.721674725,29,27,64,67,27,28,32,32,66,70,12,11,35,35,1.938789986,1.938137049,1.13593398,1.170623748,5.026106412,4.978427872,anclado_por_activo
33,2015-07-01,2018-09-28,NVDA,Tendencia,True,,1.773301834,2.025872556,22,22,65,71,19,20,23,23,64,64,10,10,34,31,1.936898278,1.96066645,2.643721952,2.417398939,4.494641376,4.563836253,anclado_por_activo
33,2015-07-01,2018-09-28,NVDA,Reversión,True,,1.644166912,1.692350728,18,18,32,32,20,19,26,26,80,80,39,39,12,12,1.636806625,1.597408045,3.714754273,3.71687698,2.083210498,2.176738923,anclado_por_activo
33,2015-07-01,2018-09-28,NVDA,Crisis,False,ningún trial con ≥ 5 operaciones,,,,,,,,,,,,,,,,,,,,,,,anclado_por_activo
33,2015-07-01,2018-09-28,AMZN,global,True,,1.235168163,1.571839302,29,28,26,36,26,27,37,35,74,73,12,10,10,9,1.644309419,1.612862765,3.623695033,3.45843592,4.62014129,4.676921709,anclado_por_activo
33,2015-07-01,2018-09-28,AMZN,Tendencia,True,,0.6548093261,0.6626021406,9,11,91,92,24,24,38,39,69,70,37,36,24,22,1.6388506,1.646968416,3.48788458,3.549046337,2.767672707,2.977600441,anclado_por_activo
33,2015-07-01,2018-09-28,AMZN,Reversión,True,,2.118363589,2.243954931,8,7,94,97,28,28,38,40,78,79,10,10,39,40,1.555657321,1.643899238,2.328447874,2.287058874,4.511781239,4.758346411,anclado_por_activo
33,2015-07-01,2018-09-28,AMZN,Crisis,False,ningún trial con ≥ 5 operaciones,,,,,,,,,,,,,,,,,,,,,,,anclado_por_activo
33,2015-07-01,2018-09-28,TSLA,global,True,,0.8578272258,0.9047299357,6,6,92,95,21,21,36,36,68,68,20,21,22,22,2.029823164,2.048417307,3.884570003,3.932434217,1.500217152,1.075761043,anclado_por_activo
33,2015-07-01,2018-09-28,TSLA,Tendencia,True,,0.9917163616,1.176830214,19,16,94,94,17,17,26,26,79,80,10,11,39,39,1.980468104,1.980468104,3.112638286,3.067607411,3.143169044,2.974401159,anclado_por_activo
33,2015-07-01,2018-09-28,TSLA,Reversión,True,,3.193654155,3.357967719,11,12,17,14,17,16,34,32,78,79,24,25,38,33,1.569780931,1.614041738,3.788306293,3.680477322,1.276922658,1.482036049,anclado_por_activo
33,2015-07-01,2018-09-28,TSLA,Crisis,True,,-0.1464983393,-0.07332118987,18,17,92,91,9,9,30,29,61,61,11,11,8,9,1.629940947,1.756806597,2.572097173,2.393700207,3.377827621,2.35845352,anclado_por_activo
33,2015-07-01,2018-09-28,META,global,True,,1.464429442,1.56570264,25,26,85,84,12,11,36,36,71,71,26,27,7,7,2.846453676,2.849880568,3.67083263,3.558308267,5.500325041,5.391052185,anclado_por_activo
33,2015-07-01,2018-09-28,META,Tendencia,True,,0.02024149402,0.4791215742,25,26,34,39,24,26,34,35,65,65,37,37,7,9,1.905421489,1.886192812,3.827439886,3.872693786,1.662504892,1.662504892,anclado_por_activo
33,2015-07-01,2018-09-28,META,Reversión,True,,2.274488138,3.038338199,28,29,84,88,9,9,24,25,68,67,38,38,39,40,2.732259369,2.649953762,2.812152791,2.276221602,1.835650107,1.95520716,anclado_por_activo
33,2015-07-01,2018-09-28,META,Crisis,False,ningún trial con ≥ 5 operaciones,,,,,,,,,,,,,,,,,,,,,,,anclado_por_activo
33,2015-07-01,2018-09-28,NFLX,global,True,,1.596652189,1.551069185,25,27,88,72,18,17,34,35,74,74,12,13,34,34,1.691332773,1.626539139,3.734756151,3.734756151,3.418870608,3.543625524,anclado_por_activo
33,2015-07-01,2018-09-28,NFLX,Tendencia,True,,0.1036324428,0.3174091325,11,9,79,79,22,22,27,24,62,62,17,13,16,16,2.395802125,2.383878749,2.060110572,2.064423762,2.317677232,2.317677232,anclado_por_activo
33,2015-07-01,2018-09-28,NFLX,Reversión,True,,1.052581103,1.386228821,29,30,39,39,19,19,20,21,74,73,26,26,10,10,1.601044501,1.685890482,3.580592607,3.756753653,1.520067621,1.547185276,anclado_por_activo
33,2015-07-01,2018-09-28,NFLX,Crisis,False,ningún trial con ≥ 5 operaciones,,,,,,,,,,,,,,,,,,,,,,,anclado_por_activo
33,2015-07-01,2018-09-28,GOOGL,global,True,,2.451030452,2.359741079,20,19,74,72,12,12,35,35,76,78,12,13,36,36,2.838017599,2.863229457,1.796509496,1.796509496,3.412032105,3.977627562,anclado_por_activo
33,2015-07-01,2018-09-28,GOOGL,Tendencia,True,,1.740801892,1.958469883,22,25,30,30,21,22,23,27,66,66,12,10,28,31,1.783389829,1.760308817,3.829119586,3.699975592,1.681728829,1.557479756,anclado_por_activo
33,2015-07-01,2018-09-28,GOOGL,Reversión,True,,1.660369681,1.902889047,23,24,78,81,26,26,39,40,72,71,39,38,36,38,2.727374374,2.829743951,1.229077403,1.513930981,5.105936944,5.22276259,anclado_por_activo
33,2015-07-01,2018-09-28,GOOGL,Crisis,False,ningún trial con ≥ 5 operaciones,,,,,,,,,,,,,,,,,,,,,,,anclado_por_activo
34,2015-07-01,2018-10-31,NVDA,global,True,,1.841545944,2.325386171,28,27,68,64,7,7,39,40,60,61,30,31,28,25,2.888302067,2.973557167,2.375712253,2.245421972,5.010845541,5.357109465,anclado_por_activo
34,2015-07-01,2018-10-31,NVDA,Tendencia,True,,1.560539935,1.752987986,20,20,17,15,17,19,34,36,78,77,17,17,12,12,2.232744237,2.176139259,2.148808327,1.717212397,3.659918651,3.3074781,anclado_por_activo
34,2015-07-01,2018-10-31,NVDA,Reversión,True,,4.208530152,4.882563966,27,27,84,98,25,22,39,39,78,79,13,14,11,11,1.963354582,1.958883145,1.245698236,1.089427454,4.069169857,4.332822432,anclado_por_activo
34,2015-07-01,2018-10-31,NVDA,Crisis,False,ningún trial con ≥ 5 operaciones,,,,,,,,,,,,,,,,,,,,,,,anclado_por_activo
34,2015-07-01,2018-10-31,AMZN,global,True,,0.5394454773,1.050076332,26,26,17,23,14,16,39,38,80,79,23,22,30,33,1.675098936,1.789011874,1.698718681,1.749055999,2.149855362,2.150579327,anclado_por_activo
34,2015-07-01,2018-10-31,AMZN,Tendencia,True,,0.4804399882,0.5311876925,7,10,89,89,26,24,30,32,70,72,10,10,34,40,2.050626047,2.040311987,1.720223319,1.662717849,5.652237018,5.861744641,anclado_por_activo
34,2015-07-01,2018-10-31,AMZN,Reversión,True,,0.7626809591,2.873845607,8,8,93,90,21,20,38,38,73,73,10,10,6,6,2.181359162,2.148390915,1.659876424,2.459084201,5.604628592,5.631913295,anclado_por_activo
34,2015-07-01,2018-10-31,AMZN,Crisis,True,,0.9008442012,0.6006246791,28,28,94,80,10,12,38,39,71,71,12,10,34,31,1.640596425,1.63620018,1.168547942,1.286600078,4.841476234,5.428668175,anclado_por_activo
34,2015-07-01,2018-10-31,TSLA,global,True,,1.102152942,1.915612083,8,6,15,17,25,25,38,38,78,78,34,34,14,22,2.144005746,2.189439226,1.551167411,1.55520678,3.684446233,3.456770055,anclado_por_activo
34,2015-07-01,2018-10-31,TSLA,Tendencia,True,,0.5266415175,1.459599552,27,27,91,96,21,21,39,38,78,78,13,10,26,29,2.231672915,2.238289433,2.913934635,2.808825194,3.456609029,3.380655343,anclado_por_activo
34,2015-07-01,2018-10-31,TSLA,Reversión,True,,1.643506734,1.647635071,28,29,86,85,10,9,34,33,69,69,22,23,9,13,1.706094978,1.728606375,1.186240286,1.246804499,3.453288343,3.621885871,anclado_por_activo
34,2015-07-01,2018-10-31,TSLA,Crisis,False,ningún trial con ≥ 5 operaciones,,,,,,,,,,,,,,,,,,,,,,,anclado_por_activo
34,2015-07-01,2018-10-31,META,global,True,,0.6153779053,1.094814509,8,7,16,20,21,19,35,35,62,64,37,38,8,5,2.036819849,2.004150308,1.531816568,1.250480478,1.93575981,1.917111462,anclado_por_activo
34,2015-07-01,2018-10-31,META,Tendencia,True,,0.09090565163,0.05608301452,11,11,66,65,10,9,21,22,63,66,29,34,9,9,2.052910176,2.080516926,3.779531189,3.82523489,5.367779284,5.656549591,anclado_por_activo
34,2015-07-01,2018-10-31,META,Reversión,True,,2.989185685,3.663783652,12,12,26,21,12,11,29,29,62,64,35,35,34,34,2.044255256,2.050570834,2.701286352,2.745556183,1.902052742,1.858597386,anclado_por_activo
34,2015-07-01,2018-10-31,META,Crisis,False,ningún trial con ≥ 5 operaciones,,,,,,,,,,,,,,,,,,,,,,,anclado_por_activo
34,2015-07-01,2018-10-31,NFLX,global,True,,1.827491539,2.561203942,27,28,72,60,16,17,37,37,77,78,39,40,30,32,1.706392959,1.69029324,3.675402696,3.41845093,3.47472375,3.554252112,anclado_por_activo
34,2015-07-01,2018-10-31,NFLX,Tendencia,True,,0.6218435462,0.5564109711,30,30,90,97,20,21,22,23,64,64,39,38,22,20,1.605054197,1.626472375,1.039094107,1.02035988,3.273230376,3.211021482,anclado_por_activo
34,2015-07-01,2018-10-31,NFLX,Reversión,True,,4.404388903,3.394101938,15,15,63,67,28,26,27,27,80,80,18,17,11,11,1.527826359,1.529757641,3.654521282,3.775836693,5.742887252,5.229049294,anclado_por_activo
34,2015-07-01,2018-10-31,NFLX,Crisis,False,ningún trial con ≥ 5 operaciones,,,,,,,,,,,,,,,,,,,,,,,anclado_por_activo
34,2015-07-01,2018-10-31,GOOGL,global,True,,2.514983297,2.60935,24,21,49,44,20,19,37,36,79,78,12,14,32,33,2.119705207,2.106215917,1.712445795,1.776201322,1.839300699,1.88473755,anclado_por_activo
34,2015-07-01,2018-10-31,GOOGL,Tendencia,True,,1.982655747,2.635050583,18,18,97,98,8,8,39,38,66,66,15,15,30,32,1.744607639,1.744607639,3.91717785,3.973997421,5.701812094,5.983041956,anclado_por_activo
34,2015-07-01,2018-10-31,GOOGL,Reversión,True,,0.8056715336,2.327608922,11,13,94,89,8,7,35,35,72,70,13,13,38,39,2.701696337,2.810147861,1.870956496,1.971874861,3.689930597,4.019946247,anclado_por_activo
34,2015-07-01,2018-10-31,GOOGL,Crisis,False,ningún trial con ≥ 5 operaciones,,,,,,,,,,,,,,,,,,,,,,,anclado_por_activo
35,2015-07-01,2018-11-30,NVDA,global,True,,2.37433542,3.690005232,21,20,94,88,16,17,28,28,79,80,16,15,36,35,2.26725475,2.266485533,1.642844151,1.842887321,3.233120984,2.903502898,anclado_por_activo
35,2015-07-01,2018-11-30,NVDA,Tendencia,True,,0.2759614171,0.2447098529,29,30,72,72,27,27,29,28,64,64,20,18,8,10,1.806613437,1.629024251,1.176623646,1.196566694,5.803302486,5.602053717,anclado_por_activo
35,2015-07-01,2018-11-30,NVDA,Reversión,True,,1.259760938,3.785588689,22,24,20,26,26,27,31,33,78,80,11,11,16,20,2.117651085,1.999021408,3.795270074,3.797849168,3.166972578,2.582173854,anclado_por_activo
35,2015-07-01,2018-11-30,NVDA,Crisis,False,ningún trial con ≥ 5 operaciones,,,,,,,,,,,,,,,,,,,,,,,anclado_por_activo
35,2015-07-01,2018-11-30,AMZN,global,True,,1.299860553,1.407811526,7,7,25,25,7,7,40,40,62,61,12,12,19,20,2.876243268,2.827259986,3.094800085,3.015648093,5.247544412,5.043937714,anclado_por_activo
35,2015-07-01,2018-11-30,AMZN,Tendencia,True,,0.2802357477,0.9514084625,24,24,64,64,9,9,28,28,63,63,38,38,34,34,2.768918866,2.768918866,1.093326186,1.034983638,1.679327648,1.078629293,anclado_por_activo
35,2015-07-01,2018-11-30,AMZN,Reversión,True,,1.555648346,1.947764428,15,15,94,99,12,12,21,21,80,78,12,12,7,7,2.256233259,2.256278282,1.494516159,1.827465229,3.60961417,3.338887593,anclado_por_activo
35,2015-07-01,2018-11-30,AMZN,Crisis,False,ningún trial con ≥ 5 operaciones,,,,,,,,,,,,,,,,,,,,,,,anclado_por_activo
35,2015-07-01,2018-11-30,TSLA,global,True,,0.615918852,1.245081758,6,7,20,17,27,27,39,38,75,76,18,20,38,37,1.819389736,1.985003511,3.811682579,3.532239689,4.017991423,3.728874159,anclado_por_activo
35,2015-07-01,2018-11-30,TSLA,Tendencia,True,,0.1371470875,0.2964673816,26,8,31,34,26,24,31,38,75,80,14,36,11,11,1.906178961,1.544399147,1.437927484,1.789114337,5.313600679,4.190337746,anclado_por_activo
35,2015-07-01,2018-11-30,TSLA,Reversión,True,,1.390483967,2.805196553,22,22,17,18,7,7,22,21,77,77,29,18,10,12,2.877165511,2.877165511,2.261581456,2.358627025,5.482104291,5.199997438,anclado_por_activo
35,2015-07-01,2018-11-30,TSLA,Crisis,True,,-0.1723003364,-0.1723003364,20,20,96,96,7,7,26,26,67,67,12,12,20,20,1.79829643,1.79829643,3.443459134,3.443459134,3.795373458,3.795373458,anclado_por_activo
35,2015-07-01,2018-11-30,META,global,True,,0.4101518742,1.055949721,19,20,70,61,22,24,38,40,79,78,34,31,38,38,2.090953537,2.285569567,3.694322575,3.473926806,1.215925752,1.08274816,anclado_por_activo
35,2015-07-01,2018-11-30,META,Tendencia,True,,0.5838831319,0.730254702,27,27,95,97,15,15,31,31,72,73,38,37,25,28,1.678067761,1.614253885,2.021707904,1.859180852,5.917529246,5.852610178,anclado_por_activo
35,2015-07-01,2018-11-30,META,Reversión,True,,0.6821007587,0.9566246527,28,30,34,42,21,21,20,21,66,63,36,35,6,6,2.925786113,2.92714041,2.243204331,2.299299733,4.099595733,4.022827233,anclado_por_activo
35,2015-07-01,2018-11-30,META,Crisis,False,ningún trial con ≥ 5 operaciones,,,,,,,,,,,,,,,,,,,,,,,anclado_por_activo
35,2015-07-01,2018-11-30,NFLX,global,True,,2.371509858,2.759751575,20,21,56,59,24,24,34,35,72,72,39,39,19,19,1.735055468,1.79786872,1.257398397,1.243914818,3.028477043,3.274410196,anclado_por_activo
35,2015-07-01,2018-11-30,NFLX,Tendencia,True,,0.3829524794,0.4566542209,9,11,60,58,27,28,34,35,62,60,28,32,38,39,1.571225399,1.656993804,1.407326621,1.316392903,3.844266327,3.734994832,anclado_por_activo
35,2015-07-01,2018-11-30,NFLX,Reversión,True,,2.527474126,3.379656451,28,30,93,93,26,26,20,20,70,72,18,18,37,31,1.935841106,2.006874114,3.608271601,3.70188971,4.859049336,5.023197108,anclado_por_activo
35,2015-07-01,2018-11-30,NFLX,Crisis,False,ningún trial con ≥ 5 operaciones,,,,,,,,,,,,,,,,,,,,,,,anclado_por_activo
35,2015-07-01,2018-11-30,GOOGL,global,True,,3.115674876,3.363125567,9,9,94,94,26,27,39,38,79,79,14,16,38,39,2.252523849,2.118248618,2.676122623,2.677744609,1.740009694,1.614570194,anclado_por_activo
35,2015-07-01,2018-11-30,GOOGL,Tendencia,True,,0.6599398096,1.070511988,6,6,22,17,8,7,22,24,63,63,20,20,38,38,1.924482693,2.079948261,3.855221698,3.708817005,2.195180486,2.105008069,anclado_por_activo
35,2015-07-01,2018-11-30,GOOGL,Reversión,True,,2.312434482,2.524760098,19,20,85,75,27,27,32,31,75,74,16,15,38,32,2.045863579,2.074140946,2.313916691,2.332098189,5.159755323,5.317104115,anclado_por_activo
35,2015-07-01,2018-11-30,GOOGL,Crisis,True,,1.53132475,1.53132475,6,6,85,85,7,7,33,33,70,70,18,18,9,9,1.500826155,1.500826155,3.014125073,3.014125073,3.153217333,3.153217333,anclado_por_activo
36,2015-07-01,2018-12-31,NVDA,global,True,,2.000419806,1.595775819,24,24,50,55,8,7,39,39,76,78,11,10,11,11,2.488827364,2.610923908,2.041354976,1.833323262,4.366200477,4.59701371,anclado_por_activo
36,2015-07-01,2018-12-31,NVDA,Tendencia,True,,2.58035642,2.832565659,10,10,83,84,26,26,22,22,78,77,15,13,26,26,1.593851354,1.634462653,3.500481748,3.81414868,3.962192022,4.220318209,anclado_por_activo
36,2015-07-01,2018-12-31,NVDA,Reversión,True,,0.6026924491,0.5160976041,9,9,54,40,24,24,39,40,62,61,20,20,7,7,2.297160039,2.394034125,2.124740919,2.067627123,4.031189985,4.031189985,anclado_por_activo
36,2015-07-01,2018-12-31,NVDA,Crisis,False,ningún trial con ≥ 5 operaciones,,,,,,,,,,,,,,,,,,,,,,,anclado_por_activo
36,2015-07-01,2018-12-31,AMZN,global,True,,1.141915691,1.685019154,20,22,87,76,22,24,38,35,74,74,14,10,34,20,1.595556896,1.661753543,1.765010892,1.524799705,2.035730315,2.273924602,anclado_por_activo
36,2015-07-01,2018-12-31,AMZN,Tendencia,True,,1.152662005,1.413114915,14,15,98,100,26,26,38,34,74,75,24,25,39,38,1.925172178,2.087609826,2.821560144,2.99707946,2.207958386,2.946580755,anclado_por_activo
36,2015-07-01,2018-12-31,AMZN,Reversión,True,,3.421624352,4.334756534,7,7,16,16,18,18,35,35,77,77,12,13,35,35,2.029781939,1.977790011,2.097573647,2.009774788,1.453328448,1.460750989,anclado_por_activo
36,2015-07-01,2018-12-31,AMZN,Crisis,False,ningún trial con ≥ 5 operaciones,,,,,,,,,,,,,,,,,,,,,,,anclado_por_activo
36,2015-07-01,2018-12-31,TSLA,global,True,,1.357994034,1.55592706,6,5,80,98,21,19,38,39,62,62,33,34,31,30,2.065300142,2.064679672,1.45163259,1.371413186,5.683682073,5.742133117,anclado_por_activo
36,2015-07-01,2018-12-31,TSLA,Tendencia,True,,1.401596385,2.860596665,8,9,48,45,10,10,36,36,70,76,19,19,9,12,2.911785506,2.890324838,3.050679397,2.859197209,1.574275969,1.672494731,anclado_por_activo
36,2015-07-01,2018-12-31,TSLA,Reversión,True,,0.7868606471,0.9273071623,29,29,52,42,12,12,22,21,78,78,33,37,25,23,2.028512197,2.016003338,1.998023809,2.106758967,5.447592052,5.996571383,anclado_por_activo
36,2015-07-01,2018-12-31,TSLA,Crisis,True,,0.1124915518,0.339261151,29,27,26,37,7,7,34,36,64,63,38,38,10,8,1.831310214,1.888831435,1.23880377,1.29640508,2.733133562,2.510080968,anclado_por_activo
36,2015-07-01,2018-12-31,META,global,True,,0.8487179308,1.507085819,6,6,17,18,27,28,37,38,62,63,28,30,8,5,2.124758897,2.066230959,1.202469767,1.207679839,3.387804423,3.510676078,anclado_por_activo
36,2015-07-01,2018-12-31,META,Tendencia,True,,1.544070076,1.99569517,8,7,34,35,19,17,30,28,66,65,25,23,7,7,2.837545717,2.837887415,3.594480422,3.300026021,3.724737173,3.734172557,anclado_por_activo
36,2015-07-01,2018-12-31,META,Reversión,True,,0.9464606818,0.9622895015,8,5,22,25,10,10,40,40,80,80,37,37,27,28,2.002899838,1.92957798,3.649877728,3.848763461,1.719436818,1.745995482,anclado_por_activo
36,2015-07-01,2018-12-31,META,Crisis,False,ningún trial con ≥ 5 operaciones,,,,,,,,,,,,,,,,,,,,,,,anclado_por_activo
36,2015-07-01,2018-12-31,NFLX,global,True,,1.886437493,2.549456226,10,10,83,77,12,12,30,30,80,80,16,16,32,33,2.242396769,2.283840907,3.770423586,3.693224921,3.136190531,2.559951731,anclado_por_activo
36,2015-07-01,2018-12-31,NFLX,Tendencia,True,,1.05613214,1.480902275,6,7,59,56,27,28,38,39,67,67,18,16,22,23,2.107978525,2.192386575,2.69308784,2.623597772,1.512620171,1.574188838,anclado_por_activo
36,2015-07-01,2018-12-31,NFLX,Reversión,True,,0.6283426975,1.219272995,26,20,77,82,9,24,38,20,80,61,11,22,28,22,1.577826097,2.311952304,2.471856989,2.855745306,5.644417301,3.116136239,anclado_por_activo
36,2015-07-01,2018-12-31,NFLX,Crisis,False,ningún trial con ≥ 5 operaciones,,,,,,,,,,,,,,,,,,,,,,,anclado_por_activo
36,2015-07-01,2018-12-31,GOOGL,global,True,,1.623589842,1.305067127,28,29,22,21,20,21,35,34,74,74,38,38,10,9,1.988113134,1.971611437,2.542204621,2.55902883,5.512806195,5.512806195,anclado_por_activo
36,2015-07-01,2018-12-31,GOOGL,Tendencia,True,,2.732083507,2.71242449,18,17,82,86,26,25,22,23,70,69,15,16,36,40,2.031429636,2.019486671,3.724194813,3.858602223,3.002512134,3.022293171,anclado_por_activo
36,2015-07-01,2018-12-31,GOOGL,Reversión,True,,1.074802333,1.122582706,6,6,79,80,10,9,36,37,78,79,10,10,38,38,1.607591947,1.508193855,2.054570902,1.951045986,5.850929354,5.869155557,anclado_por_activo
36,2015-07-01,2018-12-31,GOOGL,Crisis,False,ningún trial con ≥ 5 operaciones,,,,,,,,,,,,,,,,,,,,,,,anclado_por_activo
37,2015-07-01,2019-01-31,NVDA,global,True,,2.159739,3.50909861,18,19,90,96,16,16,22,21,78,78,11,11,12,13,1.833975176,1.710682215,1.99317343,2.024639999,5.494713517,5.574190745,anclado_por_activo
37,2015-07-01,2019-01-31,NVDA,Tendencia,True,,2.030914092,2.658652208,14,13,35,39,14,15,37,39,80,79,12,12,30,29,1.975519897,1.96438877,3.760462998,3.778131445,4.133381265,4.810877106,anclado_por_activo
37,2015-07-01,2019-01-31,NVDA,Reversión,True,,0.573466729,0.3803154848,26,26,76,79,24,27,21,20,72,72,37,39,7,7,1.675566411,1.698026493,3.009047802,2.87772028,1.972486227,1.391866912,anclado_por_activo
37,2015-07-01,2019-01-31,NVDA,Crisis,False,ningún trial con ≥ 5 operaciones,,,,,,,,,,,,,,,,,,,,,,,anclado_por_activo
37,2015-07-01,2019-01-31,AMZN,global,True,,0.2989202387,0.7856699127,18,14,26,26,8,10,32,38,68,70,12,12,26,25,2.762134452,2.872236165,2.20016184,2.868292979,5.755741659,5.825317509,anclado_por_activo
37,2015-07-01,2019-01-31,AMZN,Tendencia,True,,0.5881917693,1.004709196,26,27,36,31,26,28,22,22,78,77,11,12,38,38,1.58213486,1.570760928,2.751099476,3.076589389,4.488277087,4.849320868,anclado_por_activo
37,2015-07-01,2019-01-31,AMZN,Reversión,True,,0.8733209972,1.340583534,14,14,65,72,12,12,36,34,68,73,33,31,6,7,2.415918939,2.309866969,1.61119677,1.216982827,2.147186683,1.980840105,anclado_por_activo
37,2015-07-01,2019-01-31,AMZN,Crisis,False,ningún trial con ≥ 5 operaciones,,,,,,,,,,,,,,,,,,,,,,,anclado_por_activo
37,2015-07-01,2019-01-31,TSLA,global,True,,1.108586358,2.047862317,12,16,84,85,20,20,35,36,67,67,24,25,36,40,2.643747005,2.633666917,1.817853077,1.817853077,2.662655156,2.250030356,anclado_por_activo
37,2015-07-01,2019-01-31,TSLA,Tendencia,True,,2.412929473,3.1787553,28,28,18,16,27,27,40,40,79,80,24,24,22,22,2.891627526,2.793442824,3.235637381,3.370820714,2.34137939,2.497390038,anclado_por_activo
37,2015-07-01,2019-01-31,TSLA,Reversión,True,,1.143059443,1.311309149,26,28,16,15,27,28,34,35,66,66,27,30,38,37,2.136397464,2.157926895,3.026124354,3.020100356,4.901723385,5.016304259,anclado_por_activo
37,2015-07-01,2019-01-31,TSLA,Crisis,True,,0.4944012445,0.5023855786,29,30,67,59,9,9,30,31,65,65,17,14,12,12,1.887447023,1.86209384,3.485508304,3.255462328,1.592564218,1.642539318,anclado_por_activo
37,2015-07-01,2019-01-31,META,global,True,,0.9218944486,1.791359942,29,30,68,74,9,9,33,34,79,80,38,38,23,23,2.834223258,2.934123114,2.581554426,2.364167828,2.664815933,3.030604838,anclado_por_activo
37,2015-07-01,2019-01-31,META,Tendencia,True,,0.8393648219,0.9375769596,28,29,54,54,14,23,36,39,79,60,30,13,38,12,2.133516096,2.959538286,3.702335005,3.701936086,2.015835904,2.227368072,anclado_por_activo
37,2015-07-01,2019-01-31,META,Reversión,True,,1.387313309,1.454205318,8,10,33,28,7,7,40,39,78,78,40,40,36,37,2.379257919,2.348331463,3.652408397,3.514705245,1.587154532,1.512276158,anclado_por_activo
37,2015-07-01,2019-01-31,META,Crisis,False,ningún trial con ≥ 5 operaciones,,,,,,,,,,,,,,,,,,,,,,,anclado_por_activo
37,2015-07-01,2019-01-31,NFLX,global,True,,1.376867242,1.797259941,25,26,82,82,8,9,26,28,76,73,19,20,18,18,2.738312998,2.680343598,3.052488483,3.090190496,1.475270374,1.518476026,anclado_por_activo
37,2015-07-01,2019-01-31,NFLX,Tendencia,True,,1.404374191,1.548494321,26,24,86,85,17,17,30,31,77,77,38,37,30,30,1.717384801,1.767239154,1.864397578,1.710151709,3.119936284,3.301303635,anclado_por_activo
37,2015-07-01,2019-01-31,NFLX,Reversión,True,,0.99993896,1.193653684,21,23,59,69,10,19,39,39,61,73,12,11,25,20,1.600729612,1.576219592,3.526428604,3.472170364,2.307581789,2.258011355,anclado_por_activo
37,2015-07-01,2019-01-31,NFLX,Crisis,True,,-0.08125689424,-0.05207502729,15,14,87,96,9,10,33,35,62,62,26,29,38,38,1.948733095,1.955284226,1.348828567,1.159046775,5.278677147,4.908199668,anclado_por_activo
37,2015-07-01,2019-01-31,GOOGL,global,True,,1.254120051,2.340814727,6,6,32,17,17,14,28,28,76,76,17,16,38,31,1.833621482,1.931745872,3.364034394,2.946039349,1.686031614,1.906265126,anclado_por_activo
37,2015-07-01,2019-01-31,GOOGL,Tendencia,True,,3.398131447,3.265709234,16,17,86,85,13,16,34,33,78,77,26,23,38,39,1.619023245,1.667772397,3.755598018,3.883434705,3.347265794,3.378799579,anclado_por_activo
37,2015-07-01,2019-01-31,GOOGL,Reversión,True,,0.9040263964,1.496982373,25,25,12,10,8,8,27,30,61,63,31,30,6,6,2.860066483,2.944616261,2.729104113,2.348096215,2.806108574,2.216045474,anclado_por_activo
37,2015-07-01,2019-01-31,GOOGL,Crisis,False,ningún trial con ≥ 5 operaciones,,,,,,,,,,,,,,,,,,,,,,,anclado_por_activo
38,2015-07-01,2019-02-28,NVDA,global,True,,1.051476494,1.934646364,8,6,90,89,8,7,39,38,72,72,16,13,12,12,2.23244682,2.302229684,2.166211542,2.33626286,5.473509768,4.980029728,anclado_por_activo
38,2015-07-01,2019-02-28,NVDA,Tendencia,True,,1.626916449,2.960031269,22,25,48,58,25,26,39,38,77,76,12,12,26,34,1.695367479,1.712864758,1.974007945,2.138047409,3.415246298,2.891497512,anclado_por_activo
38,2015-07-01,2019-02-28,NVDA,Reversión,True,,0.5096562453,0.7042569546,15,11,21,10,14,15,29,28,68,69,12,11,7,7,2.388119184,2.382994371,3.019782251,3.001694276,2.963990029,2.95132554,anclado_por_activo
38,2015-07-01,2019-02-28,NVDA,Crisis,False,ningún trial con ≥ 5 operaciones,,,,,,,,,,,,,,,,,,,,,,,anclado_por_activo
38,2015-07-01,2019-02-28,AMZN,global,True,,0.5154578878,0.7021673707,28,27,75,74,12,13,39,39,80,80,32,29,36,36,2.123402222,2.105710585,1.55778998,1.473108026,4.780346523,5.234366169,anclado_por_activo
38,2015-07-01,2019-02-28,AMZN,Tendencia,True,,0.6500564833,0.7730231901,8,9,50,56,25,23,36,37,79,78,22,22,6,6,1.625742009,1.678817598,3.75352073,3.573754365,5.27228394,5.303031614,anclado_por_activo
38,2015-07-01,2019-02-28,AMZN,Reversión,True,,1.208580859,1.195152276,20,19,40,40,17,17,38,38,66,65,32,32,39,40,2.378351239,2.378633448,1.674947411,1.674947411,2.056324263,2.03307475,anclado_por_activo
38,2015-07-01,2019-02-28,AMZN,Crisis,False,ningún trial con ≥ 5 operaciones,,,,,,,,,,,,,,,,,,,,,,,anclado_por_activo
38,2015-07-01,2019-02-28,TSLA,global,True,,0.6955750651,0.813907783,14,14,78,80,25,26,39,40,78,78,13,12,32,32,1.9400292,1.920577664,2.536644788,2.467047965,2.406692304,2.577921965,anclado_por_activo
38,2015-07-01,2019-02-28,TSLA,Tendencia,True,,0.5895691419,1.065133946,28,30,51,52,8,8,31,31,61,61,37,38,9,8,2.272933843,2.280476184,1.223874806,1.288757325,1.813361956,2.125000276,anclado_por_activo
38,2015-07-01,2019-02-28,TSLA,Reversión,True,,0.1690533383,0.6958486788,29,29,63,53,10,9,20,21,77,61,17,19,35,37,1.646946892,1.678124138,2.018900467,1.80006988,1.648504369,2.057998075,anclado_por_activo
38,2015-07-01,2019-02-28,TSLA,Crisis,False,ningún trial con ≥ 5 operaciones,,,,,,,,,,,,,,,,,,,,,,,anclado_por_activo
38,2015-07-01,2019-02-28,META,global,True,,0.697783193,1.210564012,14,14,82,82,10,11,29,28,78,77,34,33,24,25,2.795570459,2.857935206,3.131604302,2.78756961,2.491829284,2.286913444,anclado_por_activo
38,2015-07-01,2019-02-28,META,Tendencia,True,,1.260628061,1.628495996,28,28,37,41,7,8,28,29,75,72,32,33,25,25,2.123053381,2.141602912,3.611337209,3.574314901,5.108392467,5.290227841,anclado_por_activo
38,2015-07-01,2019-02-28,META,Reversión,True,,1.461579333,2.029531652,6,6,87,88,14,14,20,22,71,69,17,17,6,6,1.781840127,1.58339542,3.561983955,3.202881558,1.769370707,1.467417637,anclado_por_activo
38,2015-07-01,2019-02-28,META,Crisis,False,ningún trial con ≥ 5 operaciones,,,,,,,,,,,,,,,,,,,,,,,anclado_por_activo
38,2015-07-01,2019-02-28,NFLX,global,True,,1.412097972,1.917857674,7,7,96,94,27,26,37,36,71,71,24,24,33,32,1.619143542,1.620676136,2.866133487,2.811631134,2.95896161,2.817440498,anclado_por_activo
38,2015-07-01,2019-02-28,NFLX,Tendencia,True,,1.39889562,1.606512936,14,14,96,96,16,18,24,25,73,74,15,15,38,38,2.391838052,2.406799533,3.26430061,3.252550459,1.560540125,1.674747297,anclado_por_activo
38,2015-07-01,2019-02-28,NFLX,Reversión,True,,2.44227414,2.334413149,18,20,56,61,8,8,39,40,62,62,18,19,18,18,1.622616235,1.724968609,1.091688391,1.091688391,2.515301055,2.771983121,anclado_por_activo
38,2015-07-01,2019-02-28,NFLX,Crisis,False,ningún trial con ≥ 5 operaciones,,,,,,,,,,,,,,,,,,,,,,,anclado_por_activo
38,2015-07-01,2019-02-28,GOOGL,global,True,,1.996148441,2.69039367,6,8,77,82,24,24,39,38,78,74,12,16,10,10,1.829818191,1.71468831,1.919047839,2.16697012,4.159786157,4.171295967,anclado_por_activo
38,2015-07-01,2019-02-28,GOOGL,Tendencia,True,,1.676279884,2.190107904,16,18,86,96,27,27,39,40,70,69,39,40,38,39,1.571364734,1.603343526,2.414647037,1.940328042,3.36051459,3.212982037,anclado_por_activo
38,2015-07-01,2019-02-28,GOOGL,Reversión,True,,0.5894300172,0.8121440422,16,16,41,41,19,19,28,29,77,77,18,16,24,20,1.560625797,1.607412612,1.966362403,2.359239017,5.64415707,5.850485414,anclado_por_activo
38,2015-07-01,2019-02-28,GOOGL,Crisis,False,ningún trial con ≥ 5 operaciones,,,,,,,,,,,,,,,,,,,,,,,anclado_por_activo
39,2015-07-01,2019-03-29,NVDA,global,True,,1.199402323,1.170039893,6,7,44,40,9,10,24,23,76,76,12,13,8,5,1.882854903,1.948417367,1.597483827,1.478739466,3.508789639,3.814219086,anclado_por_activo
39,2015-07-01,2019-03-29,NVDA,Tendencia,True,,4.727364945,4.555597369,20,24,64,66,26,25,35,35,76,75,11,11,26,28,1.919654434,1.92648999,3.535534685,3.997066586,5.538125185,5.490371015,anclado_por_activo
39,2015-07-01,2019-03-29,NVDA,Reversión,True,,0.03524785531,0.2520949375,14,15,96,99,14,16,39,39,66,66,12,12,28,27,1.759160052,1.847591256,1.597360053,1.597360053,1.239338641,1.178025551,anclado_por_activo
39,2015-07-01,2019-03-29,NVDA,Crisis,True,,-0.01964820027,0.2733551988,27,27,54,48,7,7,24,25,60,60,24,21,11,12,1.830395232,1.896105934,1.666245995,1.741449359,1.846551748,2.042005027,anclado_por_activo
39,2015-07-01,2019-03-29,AMZN,global,True,,1.852010421,2.474786468,27,27,56,58,26,25,39,38,79,79,12,11,10,12,1.684418891,1.625799755,1.531847564,1.549977393,2.815683529,2.802570332,anclado_por_activo
39,2015-07-01,2019-03-29,AMZN,Tendencia,True,,0.7587058014,0.9134208096,28,28,82,80,27,26,28,28,68,68,14,13,10,11,2.831074689,2.861719877,1.104347599,1.070141311,3.854164947,4.090120331,anclado_por_activo
39,2015-07-01,2019-03-29,AMZN,Reversión,True,,1.341402086,1.238827636,21,29,30,28,8,10,40,40,75,77,22,24,7,7,2.37309875,2.307665192,3.031559898,3.573710192,5.615335235,5.713577369,anclado_por_activo
39,2015-07-01,2019-03-29,AMZN,Crisis,False,ningún trial con ≥ 5 operaciones,,,,,,,,,,,,,,,,,,,,,,,anclado_por_activo
39,2015-07-01,2019-03-29,TSLA,global,True,,2.503064231,3.008097711,25,24,69,69,15,14,38,38,78,78,23,25,18,21,2.697949152,2.642118589,3.717092754,3.930642938,2.077124736,2.077124736,anclado_por_activo
39,2015-07-01,2019-03-29,TSLA,Tendencia,True,,0.8205614507,1.673607452,19,19,82,83,17,18,28,28,79,80,10,10,36,38,1.55375063,1.536449127,3.729947083,3.776473072,1.407486328,1.548004758,anclado_por_activo
39,2015-07-01,2019-03-29,TSLA,Reversión,True,,1.550157263,1.815319333,5,5,88,91,14,14,39,39,71,72,27,28,31,31,2.261244181,2.224299385,1.48027511,1.389064622,4.511212759,4.086684965,anclado_por_activo
39,2015-07-01,2019-03-29,TSLA,Crisis,False,ningún trial con ≥ 5 operaciones,,,,,,,,,,,,,,,,,,,,,,,anclado_por_activo
39,2015-07-01,2019-03-29,META,global,True,,0.98409786,1.444532217,29,29,22,12,28,24,37,35,66,66,29,29,15,17,2.077022889,1.984897885,3.702453468,3.498555015,2.115275866,1.904615949,anclado_por_activo
39,2015-07-01,2019-03-29,META,Tendencia,True,,0.5200795055,0.5763289813,20,19,46,53,24,27,22,21,72,72,38,36,32,33,2.934322386,2.910403768,1.929526672,1.72914506,5.795295655,5.705761034,anclado_por_activo
39,2015-07-01,2019-03-29,META,Reversión,True,,1.057173887,1.948412101,29,27,89,99,27,27,39,37,61,62,17,20,6,9,2.050603367,2.327115515,2.290759545,2.642623791,1.747699012,2.376099655,anclado_por_activo
39,2015-07-01,2019-03-29,META,Crisis,False,ningún trial con ≥ 5 operaciones,,,,,,,,,,,,,,,,,,,,,,,anclado_por_activo
39,2015-07-01,2019-03-29,NFLX,global,True,,1.790266851,1.790654685,10,11,32,44,16,13,37,37,73,73,17,16,34,38,2.34721442,2.244358675,2.879254206,2.863224769,2.536752651,2.562003528,anclado_por_activo
39,2015-07-01,2019-03-29,NFLX,Tendencia,True,,2.194971319,2.466149598,12,11,60,59,24,23,39,40,72,74,20,18,28,29,1.693807524,1.523330803,3.697016694,3.658726114,4.757674105,4.657644236,anclado_por_activo
39,2015-07-01,2019-03-29,NFLX,Reversión,True,,1.302610637,3.992489576,28,28,81,77,27,27,22,23,75,76,11,12,8,8,1.797259292,2.038322501,3.019684076,3.019684076,1.065036042,1.000342958,anclado_por_activo
39,2015-07-01,2019-03-29,NFLX,Crisis,False,ningún trial con ≥ 5 operaciones,,,,,,,,,,,,,,,,,,,,,,,anclado_por_activo
39,2015-07-01,2019-03-29,GOOGL,global,True,,0.9864976798,2.189591529,7,7,86,87,14,16,37,37,79,78,34,39,36,39,2.730617651,2.558507406,3.680017472,3.680017472,1.920630421,2.385186583,anclado_por_activo
39,2015-07-01,2019-03-29,GOOGL,Tendencia,True,,1.416835265,1.529348634,9,12,16,16,28,27,36,38,66,68,13,12,36,35,2.407915762,2.291719979,3.673072837,3.685412204,4.36014256,4.801781366,anclado_por_activo
39,2015-07-01,2019-03-29,GOOGL,Reversión,True,,3.281081585,3.729664476,15,15,34,33,25,26,26,26,70,70,13,14,6,6,1.949125089,1.966426421,3.342691836,3.245114482,5.923652771,5.947370488,anclado_por_activo
39,2015-07-01,2019-03-29,GOOGL,Crisis,False,ningún trial con ≥ 5 operaciones,,,,,,,,,,,,,,,,,,,,,,,anclado_por_activo
40,2015-07-01,2019-04-30,NVDA,global,True,,1.54562526,2.570911404,28,27,57,64,18,18,28,30,73,74,12,12,11,11,1.959105598,2.0116276,1.873261166,1.892970066,4.467526958,4.03936177,anclado_por_activo
40,2015-07-01,2019-04-30,NVDA,Tendencia,True,,2.342038585,3.531331484,12,7,22,25,8,17,40,38,79,79,16,12,30,28,2.382335717,2.159866936,2.015998226,2.093898197,5.35623368,5.211340653,anclado_por_activo
40,2015-07-01,2019-04-30,NVDA,Reversión,True,,0.5580385931,0.7860368786,23,23,90,86,25,27,28,25,78,77,21,20,39,33,1.772676436,1.785127277,1.10335659,1.135016993,2.474400064,2.833436299,anclado_por_activo
40,2015-07-01,2019-04-30,NVDA,Crisis,True,,-0.0882792009,0.01416458056,24,24,86,87,8,8,38,38,62,62,26,26,34,34,1.643678933,1.791156696,1.935304919,1.689686742,5.40820535,5.58723496,anclado_por_activo
40,2015-07-01,2019-04-30,AMZN,global,True,,2.16288713,2.764132428,6,5,78,72,24,22,36,35,72,72,13,12,29,31,1.901870261,1.793312159,1.070907371,1.065762968,5.55257611,5.506673706,anclado_por_activo
40,2015-07-01,2019-04-30,AMZN,Tendencia,True,,0.6099932364,0.9361045996,6,6,46,42,24,24,38,36,62,62,10,10,33,34,2.240148399,2.202037413,1.504432724,1.407460174,5.70122144,5.217909668,anclado_por_activo
40,2015-07-01,2019-04-30,AMZN,Reversión,True,,1.046956526,1.508412716,6,7,76,83,19,19,34,34,78,79,32,32,7,10,1.595463725,1.51816963,1.985369254,2.071341465,1.507838323,2.110437759,anclado_por_activo
40,2015-07-01,2019-04-30,AMZN,Crisis,False,ningún trial con ≥ 5 operaciones,,,,,,,,,,,,,,,,,,,,,,,anclado_por_activo
40,2015-07-01,2019-04-30,TSLA,global,True,,1.385103149,1.77434153,13,18,23,21,17,21,39,35,78,78,23,23,15,17,2.718529533,2.623927356,3.738240425,3.912133571,1.980700395,1.97324186,anclado_por_activo
40,2015-07-01,2019-04-30,TSLA,Tendencia,True,,2.42553439,2.951294683,28,29,96,96,25,24,38,38,68,70,18,20,32,33,2.8629295,2.957713932,2.300100649,2.356144313,1.938360065,1.943145271,anclado_por_activo
40,2015-07-01,2019-04-30,TSLA,Reversión,True,,0.4155606397,0.9157590285,6,8,33,30,27,25,39,40,64,64,21,22,17,17,1.864716764,1.864716764,3.133338158,3.139818009,5.7920835,5.910188996,anclado_por_activo
40,2015-07-01,2019-04-30,TSLA,Crisis,False,ningún trial con ≥ 5 operaciones,,,,,,,,,,,,,,,,,,,,,,,anclado_por_activo
40,2015-07-01,2019-04-30,META,global,True,,0.8046752664,1.256869528,28,7,84,60,7,9,39,31,62,76,36,10,10,38,2.756412779,1.598719616,2.713961645,3.124047279,4.262098989,4.135405978,anclado_por_activo
40,2015-07-01,2019-04-30,META,Tendencia,True,,0.7544728532,0.985055217,6,6,14,23,14,15,38,38,63,63,12,12,17,14,2.770791882,2.764945102,3.636390346,3.710726396,3.685879433,4.430556947,anclado_por_activo
40,2015-07-01,2019-04-30,META,Reversión,True,,1.338701447,1.865167963,8,8,80,77,26,26,37,36,67,66,13,11,8,7,1.597874408,1.514177672,3.643946952,3.689491403,1.626869531,1.452124443,anclado_por_activo
40,2015-07-01,2019-04-30,META,Crisis,False,ningún trial con ≥ 5 operaciones,,,,,,,,,,,,,,,,,,,,,,,anclado_por_activo
40,2015-07-01,2019-04-30,NFLX,global,True,,1.158199379,1.94710617,26,29,32,41,25,28,36,35,74,74,38,40,27,28,1.780422241,1.813715415,1.441452421,1.61722034,2.251882557,2.067573458,anclado_por_activo
40,2015-07-01,2019-04-30,NFLX,Tendencia,True,,0.8191776441,1.372924257,13,12,86,84,10,9,36,36,78,80,18,28,38,32,2.125035827,2.285375513,2.884274909,2.9538564,2.868892945,2.433284077,anclado_por_activo
40,2015-07-01,2019-04-30,NFLX,Reversión,True,,1.600674789,1.738882431,25,29,31,28,9,11,38,37,62,60,12,11,7,7,2.154015566,2.163329095,1.292614883,1.298695094,2.027023378,2.115409343,anclado_por_activo
40,2015-07-01,2019-04-30,NFLX,Crisis,False,ningún trial con ≥ 5 operaciones,,,,,,,,,,,,,,,,,,,,,,,anclado_por_activo
40,2015-07-01,2019-04-30,GOOGL,global,True,,1.264001275,2.07736355,28,25,32,88,26,24,33,30,78,78,14,10,22,14,2.189913691,2.21057199,2.50079899,1.881385899,1.798009315,2.36055877,anclado_por_activo
40,2015-07-01,2019-04-30,GOOGL,Tendencia,True,,2.457573098,3.309691228,7,7,80,83,28,28,27,26,72,72,24,26,38,40,1.635653672,1.577214319,3.840348529,3.909204837,2.67239183,3.189524576,anclado_por_activo
40,2015-07-01,2019-04-30,GOOGL,Reversión,True,,1.598722046,1.765989008,27,29,86,86,19,20,36,36,77,77,15,14,6,7,2.152024671,2.155385467,3.451255879,3.474277326,3.789865742,3.963718838,anclado_por_activo
40,2015-07-01,2019-04-30,GOOGL,Crisis,False,ningún trial con ≥ 5 operaciones,,,,,,,,,,,,,,,,,,,,,,,anclado_por_activo
41,2015-07-01,2019-05-31,NVDA,global,True,,1.069100849,1.164474864,20,12,30,31,17,17,40,40,80,79,11,12,20,18,1.631090488,1.912025668,3.811147516,3.883384723,2.328470552,2.338104808,anclado_por_activo
41,2015-07-01,2019-05-31,NVDA,Tendencia,True,,1.371909652,2.031045467,10,12,80,62,8,8,39,39,80,79,10,11,37,36,2.639346469,2.532731473,3.466894411,3.405612595,3.893968323,4.145213979,anclado_por_activo
41,2015-07-01,2019-05-31,NVDA,Reversión,True,,0.2483146966,0.4430482036,6,8,13,10,8,8,34,34,65,61,39,39,10,9,1.875235356,1.957729757,3.22422437,3.252820266,4.952389525,4.956961106,anclado_por_activo
41,2015-07-01,2019-05-31,NVDA,Crisis,True,,0.225848176,0.1700571805,9,5,59,56,8,7,34,33,65,67,18,16,10,10,1.674211412,1.590144847,2.043881216,2.2281872,5.705603818,5.536272754,anclado_por_activo
41,2015-07-01,2019-05-31,AMZN,global,True,,0.9642062101,0.9725012911,18,17,24,12,12,11,37,40,80,80,25,25,12,14,1.592719321,1.591252205,3.140913359,3.036591114,3.740960156,4.252085671,anclado_por_activo
41,2015-07-01,2019-05-31,AMZN,Tendencia,True,,1.065264689,1.124125599,26,29,89,83,18,17,24,23,78,79,24,22,28,27,1.597703158,1.767924387,3.742969637,3.629151124,2.901914609,2.914604274,anclado_por_activo
41,2015-07-01,2019-05-31,AMZN,Reversión,True,,1.129231857,2.952041492,27,28,27,27,22,22,34,34,69,71,38,37,17,16,2.395147657,2.374980737,1.612987131,1.612987131,2.054274476,2.350238698,anclado_por_activo
41,2015-07-01,2019-05-31,AMZN,Crisis,False,ningún trial con ≥ 5 operaciones,,,,,,,,,,,,,,,,,,,,,,,anclado_por_activo
41,2015-07-01,2019-05-31,TSLA,global,True,,1.62378043,2.321906507,10,8,24,24,11,12,22,22,79,77,29,29,12,12,2.129398111,2.123657674,3.734072707,3.869554496,1.467359763,1.308030081,anclado_por_activo
41,2015-07-01,2019-05-31,TSLA,Tendencia,True,,1.294594952,1.506879027,8,8,14,12,21,24,39,40,64,62,26,26,26,28,2.332012579,2.347385581,2.121051877,2.190867868,5.518226713,5.728898745,anclado_por_activo
41,2015-07-01,2019-05-31,TSLA,Reversión,True,,0.5317214442,0.7620367205,22,22,50,52,23,26,37,38,64,65,28,29,18,17,2.127558051,2.233842537,3.510572006,3.676574432,3.052659596,3.347954829,anclado_por_activo
41,2015-07-01,2019-05-31,TSLA,Crisis,True,,0.531819516,0.7158463986,28,29,70,68,7,7,29,29,67,68,17,16,30,31,1.861076777,1.926420843,3.600190834,3.645879974,1.408237807,1.695679156,anclado_por_activo
41,2015-07-01,2019-05-31,META,global,True,,1.438479123,0.9757759653,28,26,84,82,9,9,33,36,74,73,11,12,9,10,1.585302064,1.593394873,3.721351709,3.584539886,1.795785455,1.697304721,anclado_por_activo
41,2015-07-01,2019-05-31,META,Tendencia,True,,1.281547967,1.425162701,30,29,23,19,16,16,36,36,77,77,38,38,25,25,2.825425528,2.768595031,3.678642785,3.322072358,5.622231015,5.480125498,anclado_por_activo
41,2015-07-01,2019-05-31,META,Reversión,True,,1.116842278,0.9408492611,29,30,86,79,21,20,37,34,77,76,38,38,5,5,1.598523695,1.590275766,3.493258298,3.613627465,1.497880859,1.540213475,anclado_por_activo
41,2015-07-01,2019-05-31,META,Crisis,False,ningún trial con ≥ 5 operaciones,,,,,,,,,,,,,,,,,,,,,,,anclado_por_activo
41,2015-07-01,2019-05-31,NFLX,global,True,,0.5039702922,1.354639708,6,10,96,82,26,18,22,40,76,76,17,36,34,6,2.120214626,2.912998905,3.174602926,1.294797587,4.032192536,3.343652103,anclado_por_activo
41,2015-07-01,2019-05-31,NFLX,Tendencia,True,,1.406667247,1.797864284,6,5,25,25,24,24,26,20,72,73,32,32,27,26,1.659791915,1.70355553,3.742117641,3.603680245,3.021525908,3.577992393,anclado_por_activo
41,2015-07-01,2019-05-31,NFLX,Reversión,True,,1.340180925,1.109850265,15,15,90,86,8,7,34,34,63,63,10,13,35,32,1.588241468,1.690258294,3.509146905,3.380706647,1.264939972,1.365316347,anclado_por_activo
41,2015-07-01,2019-05-31,NFLX,Crisis,False,ningún trial con ≥ 5 operaciones,,,,,,,,,,,,,,,,,,,,,,,anclado_por_activo
41,2015-07-01,2019-05-31,GOOGL,global,True,,1.328977181,1.485348386,17,15,91,75,24,20,38,38,76,76,39,38,14,9,1.978401019,1.990487302,2.876585094,2.694712595,2.789380171,2.718719828,anclado_por_activo
41,2015-07-01,2019-05-31,GOOGL,Tendencia,True,,1.321746124,1.316897406,12,12,18,16,28,28,39,38,64,64,13,14,37,36,2.468512078,2.557041749,1.917956296,1.970337265,3.742406118,4.194192573,anclado_por_activo
41,2015-07-01,2019-05-31,GOOGL,Reversión,True,,1.598297163,2.637191709,6,10,80,74,13,13,38,38,62,62,18,16,6,5,2.49263783,2.879253593,1.282392427,1.188380347,3.730304339,3.324498912,anclado_por_activo
41,2015-07-01,2019-05-31,GOOGL,Crisis,False,ningún trial con ≥ 5 operaciones,,,,,,,,,,,,,,,,,,,,,,,anclado_por_activo
42,2015-07-01,2019-06-28,NVDA,global,True,,3.879305964,4.418790453,6,6,12,12,19,19,30,31,77,77,11,10,9,12,1.90717301,1.863200797,3.277578828,3.271537665,4.622000734,4.680110172,anclado_por_activo
42,2015-07-01,2019-06-28,NVDA,Tendencia,True,,2.153667935,3.003389569,6,9,28,23,17,17,28,28,80,80,10,10,26,28,1.916710592,1.944017289,3.595307898,3.827576247,5.527391822,5.398540022,anclado_por_activo
42,2015-07-01,2019-06-28,NVDA,Reversión,True,,0.4947089817,0.6464753927,9,8,87,94,8,9,35,32,80,80,15,17,7,7,1.793446015,1.639020745,3.397800116,3.569155441,2.292167013,2.301491605,anclado_por_activo
42,2015-07-01,2019-06-28,NVDA,Crisis,False,ningún trial con ≥ 5 operaciones,,,,,,,,,,,,,,,,,,,,,,,anclado_por_activo
42,2015-07-01,2019-06-28,AMZN,global,True,,1.181333437,1.657324726,28,29,90,87,27,28,36,38,75,75,11,12,27,24,1.744577388,1.751506761,2.642950472,2.513515995,4.455152765,3.986285933,anclado_por_activo
42,2015-07-01,2019-06-28,AMZN,Tendencia,True,,1.672142846,3.813751721,26,27,68,81,14,13,26,26,78,80,11,12,19,17,2.294988842,2.566719103,3.377197698,3.959706106,1.126037102,1.212168299,anclado_por_activo
42,2015-07-01,2019-06-28,AMZN,Reversión,True,,1.707709392,2.063221474,18,19,32,29,19,19,22,21,78,80,14,16,6,7,1.592921375,1.518427483,1.540489045,1.438177699,3.840050785,4.028654062,anclado_por_activo
42,2015-07-01,2019-06-28,AMZN,Crisis,False,ningún trial con ≥ 5 operaciones,,,,,,,,,,,,,,,,,,,,,,,anclado_por_activo
42,2015-07-01,2019-06-28,TSLA,global,True,,1.028386904,1.706212179,10,10,21,21,8,8,33,32,61,60,31,33,31,30,2.307973927,2.330177178,2.891187496,2.685988853,4.810333197,4.501815025,anclado_por_activo
42,2015-07-01,2019-06-28,TSLA,Tendencia,True,,1.689758322,2.206057185,28,29,26,21,12,10,36,33,79,78,32,32,13,12,2.855516638,2.947591543,2.63023774,1.744406031,1.89474565,2.170758181,anclado_por_activo
42,2015-07-01,2019-06-28,TSLA,Reversión,True,,1.232526026,1.247897867,7,7,86,86,14,14,21,21,76,77,34,35,18,17,1.617902009,1.64201497,1.079030507,1.043083885,4.999496492,4.979608508,anclado_por_activo
42,2015-07-01,2019-06-28,TSLA,Crisis,True,,0.4419047025,0.6241442752,27,27,52,47,9,7,39,40,61,61,40,40,9,8,1.87423796,1.895474453,3.66473507,3.790071271,5.024711865,4.673483877,anclado_por_activo
42,2015-07-01,2019-06-28,META,global,True,,1.599533203,2.319205304,6,6,14,14,21,21,39,39,71,70,13,16,12,12,2.292347516,2.236785425,3.696817777,3.806803644,5.627810257,5.772003756,anclado_por_activo
42,2015-07-01,2019-06-28,META,Tendencia,True,,0.7190227464,0.7927067201,7,7,22,23,20,19,39,40,62,65,38,37,24,23,2.145056736,2.109429155,3.463720686,3.470852054,3.487811459,4.063016045,anclado_por_activo
42,2015-07-01,2019-06-28,META,Reversión,True,,1.699760705,1.608573016,28,29,95,90,27,27,30,30,77,77,11,11,18,15,1.626586231,1.578880768,1.965496566,1.95559598,4.015792766,4.060876581,anclado_por_activo
42,2015-07-01,2019-06-28,META,Crisis,False,ningún trial con ≥ 5 operaciones,,,,,,,,,,,,,,,,,,,,,,,anclado_por_activo
42,2015-07-01,2019-06-28,NFLX,global,True,,0.6281250586,1.221051154,28,29,32,31,10,10,32,31,65,65,35,35,34,40,1.613988148,1.758886415,3.530934193,3.332227689,1.823919963,2.042681263,anclado_por_activo
42,2015-07-01,2019-06-28,NFLX,Tendencia,True,,1.165186751,1.550109551,6,6,94,94,28,27,31,31,72,71,20,19,32,32,1.659247101,1.6309464,1.844160077,1.947150509,5.547751302,5.426360518,anclado_por_activo
42,2015-07-01,2019-06-28,NFLX,Reversión,True,,1.444308584,1.372814675,29,28,39,43,8,7,39,40,69,71,28,30,9,9,1.569964359,1.605844961,3.665827571,3.255354467,2.35694042,2.35694042,anclado_por_activo
42,2015-07-01,2019-06-28,NFLX,Crisis,True,,-0.1284500822,-0.07136084612,12,10,96,88,9,7,39,40,68,69,17,17,40,40,1.535929685,1.535929685,1.069658879,1.089256973,4.634684346,4.709492527,anclado_por_activo
42,2015-07-01,2019-06-28,GOOGL,global,True,,0.6502090615,1.816406601,30,30,33,31,19,18,39,40,76,77,14,16,18,18,1.898373169,2.004224254,3.80660657,3.841887971,1.889837298,1.479546565,anclado_por_activo
42,2015-07-01,2019-06-28,GOOGL,Tendencia,True,,0.7519568941,1.014566325,10,23,81,54,8,21,39,29,74,75,38,31,38,19,2.648239788,2.135801145,1.133510385,3.852530101,3.59028431,2.318280237,anclado_por_activo
42,2015-07-01,2019-06-28,GOOGL,Reversión,True,,4.560143321,4.952840906,7,7,53,55,26,25,39,39,76,76,13,12,7,5,2.343255079,2.343255079,1.557741554,1.731791095,1.701764136,1.77145123,anclado_por_activo
42,2015-07-01,2019-06-28,GOOGL,Crisis,False,ningún trial con ≥ 5 operaciones,,,,,,,,,,,,,,,,,,,,,,,anclado_por_activo
43,2015-07-01,2019-07-31,NVDA,global,True,,0.415590582,0.8406411131,15,13,36,35,24,24,30,32,76,75,10,11,32,31,1.560608521,1.526976132,2.431014513,2.545594711,4.547784988,4.79054537,anclado_por_activo
43,2015-07-01,2019-07-31,NVDA,Tendencia,True,,0.7332584213,1.445628474,16,16,94,95,13,14,29,28,79,80,13,13,38,37,2.16757734,2.25543976,1.455502822,1.429293899,4.541341206,4.150357038,anclado_por_activo
43,2015-07-01,2019-07-31,NVDA,Reversión,True,,0.8574251602,1.613776665,24,23,28,30,20,20,29,29,62,61,12,10,22,22,2.348553317,2.375322489,1.308183229,1.540860206,1.239970403,1.183508105,anclado_por_activo
43,2015-07-01,2019-07-31,NVDA,Crisis,False,ningún trial con ≥ 5 operaciones,,,,,,,,,,,,,,,,,,,,,,,anclado_por_activo
43,2015-07-01,2019-07-31,AMZN,global,True,,0.8226414493,0.9219540507,8,9,97,97,16,17,38,39,80,80,40,37,14,13,2.325885535,2.201704714,3.323151234,3.408288823,2.818440331,2.927161907,anclado_por_activo
43,2015-07-01,2019-07-31,AMZN,Tendencia,True,,0.5708381075,0.7209984869,21,13,94,84,9,8,40,35,62,63,26,25,36,35,2.90940263,2.947975396,1.739349427,1.56846328,1.141604265,1.120704533,anclado_por_activo
43,2015-07-01,2019-07-31,AMZN,Reversión,True,,0.9524814142,1.584423886,8,10,18,19,9,9,38,39,63,63,39,39,39,39,2.506870141,2.508578009,1.819893949,1.719865813,1.343870478,1.834174576,anclado_por_activo
43,2015-07-01,2019-07-31,AMZN,Crisis,False,ningún trial con ≥ 5 operaciones,,,,,,,,,,,,,,,,,,,,,,,anclado_por_activo
43,2015-07-01,2019-07-31,TSLA,global,True,,0.7944166242,1.573066115,7,5,75,79,19,21,40,40,70,70,39,40,27,28,2.803753184,2.816804238,2.960325638,2.960325638,1.582140941,1.7473802,anclado_por_activo
43,2015-07-01,2019-07-31,TSLA,Tendencia,True,,0.9271984954,1.064472044,17,18,14,16,24,24,38,38,71,71,28,27,10,10,2.715293504,2.659790969,2.132435787,2.142639893,5.664522303,5.738765706,anclado_por_activo
43,2015-07-01,2019-07-31,TSLA,Reversión,True,,0.304006125,0.4223367961,10,12,92,91,10,10,28,28,63,61,19,22,37,39,1.99965721,1.901174895,3.092855086,3.100596983,2.256097396,2.171881287,anclado_por_activo
43,2015-07-01,2019-07-31,TSLA,Crisis,True,,0.6828665668,0.7728902218,24,23,100,97,11,10,37,37,68,68,19,19,26,24,2.019391232,2.049785183,1.133887358,1.192491828,2.104609831,2.350025788,anclado_por_activo
43,2015-07-01,2019-07-31,META,global,True,,1.15343296,1.556344333,17,18,42,41,12,8,28,27,77,77,28,27,22,25,2.550797494,2.195418195,3.55156486,3.457354052,2.463416892,1.8024145,anclado_por_activo
43,2015-07-01,2019-07-31,META,Tendencia,True,,0.6813019787,1.29502153,25,26,95,98,25,24,38,40,71,71,34,31,28,24,1.673837001,1.759255894,2.759449605,2.824184222,5.883628722,5.993059431,anclado_por_activo
43,2015-07-01,2019-07-31,META,Reversión,True,,1.140320926,1.301888698,7,8,83,88,9,9,38,38,61,60,18,18,7,7,2.438146424,2.438146424,3.6100525,3.6100525,1.436701197,1.386224249,anclado_por_activo
43,2015-07-01,2019-07-31,META,Crisis,False,ningún trial con ≥ 5 operaciones,,,,,,,,,,,,,,,,,,,,,,,anclado_por_activo
43,2015-07-01,2019-07-31,NFLX,global,True,,0.2932708895,0.7722236943,13,13,21,19,18,20,39,38,66,66,28,28,26,28,2.001863933,2.128779279,3.751738573,3.748009165,3.699073885,3.791581563,anclado_por_activo
43,2015-07-01,2019-07-31,NFLX,Tendencia,True,,1.06917189,1.367054331,24,26,74,76,26,27,22,23,75,74,27,26,8,7,1.545568575,1.704228698,2.270886672,2.466944694,5.523564056,5.557971071,anclado_por_activo
43,2015-07-01,2019-07-31,NFLX,Reversión,True,,1.547305241,1.667677368,6,5,65,62,16,17,29,29,62,61,37,38,25,19,2.192595452,2.177583065,1.202137522,1.106505576,5.656092998,5.594885078,anclado_por_activo
43,2015-07-01,2019-07-31,NFLX,Crisis,False,ningún trial con ≥ 5 operaciones,,,,,,,,,,,,,,,,,,,,,,,anclado_por_activo
43,2015-07-01,2019-07-31,GOOGL,global,True,,1.784277109,1.892876664,28,28,24,42,22,19,38,36,76,71,39,36,35,32,2.14448362,2.445308481,1.705186846,1.802365379,2.574362604,4.373729616,anclado_por_activo
43,2015-07-01,2019-07-31,GOOGL,Tendencia,True,,2.373933028,2.303811081,16,15,72,68,24,25,30,28,70,69,25,25,36,36,2.172710976,2.146858737,3.755796968,3.709560616,3.231484366,3.162267618,anclado_por_activo
43,2015-07-01,2019-07-31,GOOGL,Reversión,True,,1.252565457,1.830053225,12,14,24,24,25,25,23,24,62,60,19,19,6,7,1.656184565,1.667752689,1.936302807,1.797232822,4.93289144,5.169963633,anclado_por_activo
43,2015-07-01,2019-07-31,GOOGL,Crisis,False,ningún trial con ≥ 5 operaciones,,,,,,,,,,,,,,,,,,,,,,,anclado_por_activo
44,2015-07-01,2019-08-30,NVDA,global,True,,1.642184301,1.677159237,27,28,60,62,26,26,26,25,79,80,11,11,16,13,2.367706729,2.417463514,3.670068577,3.608252533,5.013643552,5.145010201,anclado_por_activo
44,2015-07-01,2019-08-30,NVDA,Tendencia,True,,2.333815883,2.401933346,28,27,58,56,28,27,37,38,75,76,12,12,26,28,1.754323511,1.65327971,3.807995357,3.744199629,5.251970052,5.116387602,anclado_por_activo
44,2015-07-01,2019-08-30,NVDA,Reversión,True,,1.326805134,1.659081791,20,20,94,93,25,26,31,31,75,75,20,20,7,6,1.76494824,1.777580602,1.852850332,1.923830915,5.13112495,5.244451109,anclado_por_activo
44,2015-07-01,2019-08-30,NVDA,Crisis,False,ningún trial con ≥ 5 operaciones,,,,,,,,,,,,,,,,,,,,,,,anclado_por_activo
44,2015-07-01,2019-08-30,AMZN,global,True,,0.6455778393,0.9946787522,12,11,92,85,23,22,36,35,75,73,28,29,23,19,1.594525046,1.5912733,1.281741645,1.074656777,5.319613415,4.754226789,anclado_por_activo
44,2015-07-01,2019-08-30,AMZN,Tendencia,True,,0.554845583,0.6113909763,19,19,88,94,22,23,38,39,77,77,34,34,37,37,1.835377865,1.903689914,3.013377485,3.240876258,2.442230349,2.495526999,anclado_por_activo
44,2015-07-01,2019-08-30,AMZN,Reversión,True,,4.027631001,4.502462018,28,26,96,82,27,27,37,38,78,80,38,30,28,26,2.68561484,2.823836693,1.365570675,2.05189115,1.074157422,1.075916472,anclado_por_activo
44,2015-07-01,2019-08-30,AMZN,Crisis,False,ningún trial con ≥ 5 operaciones,,,,,,,,,,,,,,,,,,,,,,,anclado_por_activo
44,2015-07-01,2019-08-30,TSLA,global,True,,0.5373708484,0.5032704113,6,6,88,89,27,27,33,33,68,69,35,35,26,29,2.031758453,2.082027542,2.038980276,2.128699149,2.942472546,2.913166461,anclado_por_activo
44,2015-07-01,2019-08-30,TSLA,Tendencia,True,,0.5786022538,0.7633149768,28,27,90,99,8,7,33,33,72,73,13,11,26,26,2.319646699,2.335639949,2.724744561,2.880497044,5.456462823,5.978334773,anclado_por_activo
44,2015-07-01,2019-08-30,TSLA,Reversión,True,,1.477250787,1.660149023,22,20,15,10,10,11,22,24,78,77,33,33,38,39,1.93794093,2.073261777,2.541360902,2.377380235,4.404309782,4.476911838,anclado_por_activo
44,2015-07-01,2019-08-30,TSLA,Crisis,True,,0.2328109557,0.4119487443,22,21,29,45,8,8,20,21,65,67,14,12,34,28,1.582462062,1.720370296,2.185955913,2.297296004,5.898027379,5.874672498,anclado_por_activo
44,2015-07-01,2019-08-30,META,global,True,,1.404173939,1.572497181,19,20,91,91,13,17,39,38,70,72,28,27,9,9,2.572490053,2.714927841,2.274746294,2.280095278,3.966483667,3.474879808,anclado_por_activo
44,2015-07-01,2019-08-30,META,Tendencia,True,,0.9426677949,1.359584635,22,27,92,88,24,25,36,38,64,62,32,34,37,29,2.806065023,2.901727507,1.381979297,1.38793031,2.140642175,1.801779262,anclado_por_activo
44,2015-07-01,2019-08-30,META,Reversión,True,,0.6589561331,1.11191194,27,27,19,19,21,20,34,33,76,74,12,10,9,14,1.77337748,1.618953091,3.614817076,3.884306682,3.463917319,2.863376285,anclado_por_activo
44,2015-07-01,2019-08-30,META,Crisis,False,ningún trial con ≥ 5 operaciones,,,,,,,,,,,,,,,,,,,,,,,anclado_por_activo
44,2015-07-01,2019-08-30,NFLX,global,True,,0.9444901831,1.117662208,18,17,32,39,16,16,39,39,75,75,26,27,25,25,1.609411303,1.644241566,2.89161285,2.836602435,5.839939758,5.988422978,anclado_por_activo
44,2015-07-01,2019-08-30,NFLX,Tendencia,True,,1.802820851,1.754806454,28,28,60,64,21,20,39,40,71,71,18,18,32,29,2.02147453,2.023033307,2.804145038,2.964210782,5.627065686,5.413172092,anclado_por_activo
44,2015-07-01,2019-08-30,NFLX,Reversión,True,,0.6106161966,0.8894919528,7,6,94,92,18,18,35,35,76,75,13,13,16,23,1.763246317,1.653924333,3.614599277,3.655123981,2.258469823,2.463851976,anclado_por_activo
44,2015-07-01,2019-08-30,NFLX,Crisis,False,ningún trial con ≥ 5 operaciones,,,,,,,,,,,,,,,,,,,,,,,anclado_por_activo
44,2015-07-01,2019-08-30,GOOGL,global,True,,0.7440511089,0.8545933164,24,27,90,78,10,10,39,40,62,62,13,10,10,5,2.688980017,2.478493564,1.664156593,1.705083569,3.11232935,2.760231234,anclado_por_activo
44,2015-07-01,2019-08-30,GOOGL,Tendencia,True,,1.149138923,1.846821345,20,21,81,82,23,23,26,26,76,76,16,16,28,26,2.014349507,1.956743442,2.043725273,1.727486483,5.14824964,4.639590302,anclado_por_activo
44,2015-07-01,2019-08-30,GOOGL,Reversión,True,,2.22948234,2.702832772,10,13,25,28,22,21,31,32,62,62,12,11,5,5,1.849037796,1.920615385,2.067291048,2.22646044,4.675177298,3.755620414,anclado_por_activo
44,2015-07-01,2019-08-30,GOOGL,Crisis,False,ningún trial con ≥ 5 operaciones,,,,,,,,,,,,,,,,,,,,,,,anclado_por_activo
45,2015-07-01,2019-09-30,NVDA,global,True,,0.4616966935,0.9315329284,28,30,90,90,25,26,31,29,61,61,12,11,10,10,1.906689025,1.939165442,1.811580107,1.858460634,4.824759609,4.7237324,anclado_por_activo
45,2015-07-01,2019-09-30,NVDA,Tendencia,True,,1.999012976,2.332613846,9,6,41,45,26,26,27,28,74,75,13,11,38,39,1.879902547,1.817446362,1.128866216,1.151038613,4.744722462,5.224909787,anclado_por_activo
45,2015-07-01,2019-09-30,NVDA,Reversión,True,,0.622930688,0.676684294,6,8,86,86,14,11,37,38,62,63,11,11,6,5,2.255337811,2.416722306,3.244076869,3.462826419,1.605037749,1.224235622,anclado_por_activo
45,2015-07-01,2019-09-30,NVDA,Crisis,False,ningún trial con ≥ 5 operaciones,,,,,,,,,,,,,,,,,,,,,,,anclado_por_activo
45,2015-07-01,2019-09-30,AMZN,global,True,,1.044651839,1.251142512,6,6,49,62,26,28,22,23,76,73,10,10,38,37,1.718295726,1.543708217,3.000765434,2.508540819,3.734474908,4.010984295,anclado_por_activo
45,2015-07-01,2019-09-30,AMZN,Tendencia,True,,0.3414845859,1.830172513,6,12,38,23,8,8,35,23,78,78,15,12,30,7,2.939974685,2.553944336,1.645730473,1.597998894,4.539589735,1.175427298,anclado_por_activo
45,2015-07-01,2019-09-30,AMZN,Reversión,True,,0.8343991384,1.228489685,7,5,94,90,13,14,31,38,76,75,21,23,38,36,2.355584593,2.335388549,1.249146646,1.179366464,3.137710417,2.176407912,anclado_por_activo
45,2015-07-01,2019-09-30,AMZN,Crisis,False,ningún trial con ≥ 5 operaciones,,,,,,,,,,,,,,,,,,,,,,,anclado_por_activo
45,2015-07-01,2019-09-30,TSLA,global,True,,0.08312816609,0.7467428878,12,13,26,18,24,25,38,38,66,67,38,39,38,39,2.482742752,2.561003381,3.261682245,3.753103558,3.615198395,3.482021146,anclado_por_activo
45,2015-07-01,2019-09-30,TSLA,Tendencia,True,,0.6054895701,1.015750736,24,19,54,62,8,8,38,37,64,63,34,33,16,16,2.386721727,2.369299865,2.89771055,2.733298035,1.601385559,1.83000736,anclado_por_activo
45,2015-07-01,2019-09-30,TSLA,Reversión,True,,2.067687829,2.591175993,12,15,22,12,10,11,21,21,73,71,27,29,29,26,2.166266816,2.166266816,1.956265852,1.947196423,5.466390472,4.885131318,anclado_por_activo
45,2015-07-01,2019-09-30,TSLA,Crisis,False,ningún trial con ≥ 5 operaciones,,,,,,,,,,,,,,,,,,,,,,,anclado_por_activo
45,2015-07-01,2019-09-30,META,global,True,,1.79422094,2.035183144,12,13,19,18,7,7,22,22,80,78,35,34,30,31,2.477350925,2.43472708,3.72545417,3.984715401,5.754917879,5.580415937,anclado_por_activo
45,2015-07-01,2019-09-30,META,Tendencia,True,,0.5551149714,0.7404142699,5,5,60,48,23,23,34,34,73,72,35,34,30,30,1.589100191,1.589071138,3.793279595,3.785732948,5.017416039,5.30662385,anclado_por_activo
45,2015-07-01,2019-09-30,META,Reversión,True,,0.9124286948,1.899186505,24,24,42,47,11,11,34,35,68,68,38,40,6,5,2.906253076,2.907359126,2.676078947,2.764429263,1.337931984,1.812017461,anclado_por_activo
45,2015-07-01,2019-09-30,META,Crisis,False,ningún trial con ≥ 5 operaciones,,,,,,,,,,,,,,,,,,,,,,,anclado_por_activo
45,2015-07-01,2019-09-30,NFLX,global,True,,0.9125754599,1.025753867,29,30,70,75,27,27,38,38,79,80,34,33,13,15,2.176045327,2.196818273,1.19409257,1.013933268,1.791531482,1.796688128,anclado_por_activo
45,2015-07-01,2019-09-30,NFLX,Tendencia,True,,1.281553789,1.394512333,12,12,95,93,26,26,22,21,71,72,22,24,22,18,1.566910362,1.567492694,2.221032634,2.185850261,5.517199247,5.576764749,anclado_por_activo
45,2015-07-01,2019-09-30,NFLX,Reversión,True,,1.357513799,1.549808802,28,29,41,41,9,8,23,24,62,63,33,33,5,5,1.565494227,1.517125207,3.837856099,3.837856099,2.901671262,2.508517055,anclado_por_activo
45,2015-07-01,2019-09-30,NFLX,Crisis,False,ningún trial con ≥ 5 operaciones,,,,,,,,,,,,,,,,,,,,,,,anclado_por_activo
45,2015-07-01,2019-09-30,GOOGL,global,True,,0.8264767847,2.354051708,21,16,45,35,18,19,34,32,74,71,14,15,36,31,2.100554393,2.211388318,2.673228167,2.834114666,1.862102163,1.638502692,anclado_por_activo
45,2015-07-01,2019-09-30,GOOGL,Tendencia,True,,0.4279051733,1.362819851,10,15,87,90,10,22,22,38,62,72,13,32,26,25,2.433928638,2.301479073,2.878057124,2.84631571,5.174155084,4.544056118,anclado_por_activo
45,2015-07-01,2019-09-30,GOOGL,Reversión,True,,3.203939981,3.414907838,8,8,87,82,10,11,24,24,78,77,39,38,5,5,1.931577556,1.799870352,1.542833836,1.589019751,2.794566162,2.533050822,anclado_por_activo
45,2015-07-01,2019-09-30,GOOGL,Crisis,True,,0.664020354,0.9929511915,12,14,92,93,8,9,38,37,62,63,12,10,14,13,1.676409857,1.685843247,1.593796937,1.407006401,4.758165046,4.634086109,anclado_por_activo
46,2015-07-01,2019-10-31,NVDA,global,True,,1.007118203,1.323024909,28,29,53,58,28,28,21,20,73,75,12,12,36,35,2.313152297,2.321387693,1.493483784,1.831140735,5.459352838,5.309679239,anclado_por_activo
46,2015-07-01,2019-10-31,NVDA,Tendencia,True,,3.144877776,3.51294019,6,7,68,76,18,18,28,28,78,80,13,13,37,40,1.940815998,1.890690781,1.549303258,1.581659598,5.512037955,5.049108595,anclado_por_activo
46,2015-07-01,2019-10-31,NVDA,Reversión,True,,0.2944999917,0.5390109019,28,22,94,86,25,17,32,23,70,63,13,17,11,14,1.596282277,2.366575765,3.002801112,1.968063557,4.027599321,4.321729315,anclado_por_activo
46,2015-07-01,2019-10-31,NVDA,Crisis,False,ningún trial con ≥ 5 operaciones,,,,,,,,,,,,,,,,,,,,,,,anclado_por_activo
46,2015-07-01,2019-10-31,AMZN,global,True,,1.618080242,1.656977773,28,28,44,35,20,20,34,35,75,75,21,19,22,24,1.632252307,1.566014206,1.277212192,1.010645407,5.3647169,5.154320231,anclado_por_activo
46,2015-07-01,2019-10-31,AMZN,Tendencia,True,,0.3458804457,0.8251933356,17,11,50,61,27,26,22,25,63,70,13,11,6,7,2.790300032,2.611148086,3.593139193,3.455831436,4.030092253,4.112383678,anclado_por_activo
46,2015-07-01,2019-10-31,AMZN,Reversión,True,,0.6133447589,2.752614514,12,17,77,47,27,26,39,32,63,67,36,10,7,37,2.468388303,2.350718721,1.195458493,2.467749626,3.039358617,3.555736566,anclado_por_activo
46,2015-07-01,2019-10-31,AMZN,Crisis,True,,0.1393274262,0.1393274262,13,13,100,100,11,11,24,24,61,61,19,19,15,15,1.571693042,1.571693042,3.131805778,3.131805778,4.776872981,4.776872981,anclado_por_activo
46,2015-07-01,2019-10-31,TSLA,global,True,,1.26617702,1.550327953,11,14,80,80,27,28,39,39,63,62,25,25,15,15,2.739511077,2.739511077,1.135924142,1.075938854,1.960230367,1.881065158,anclado_por_activo
46,2015-07-01,2019-10-31,TSLA,Tendencia,True,,0.7473396298,0.9117780961,12,18,62,57,19,18,38,37,67,67,12,12,30,29,2.141754811,2.135269268,3.847623514,3.704357176,3.784582677,3.558370837,anclado_por_activo
46,2015-07-01,2019-10-31,TSLA,Reversión,True,,1.170971495,1.37986529,16,12,56,64,12,10,38,37,78,74,29,27,37,39,1.884867578,1.751704721,1.46995473,1.417103033,4.91050623,4.916480335,anclado_por_activo
46,2015-07-01,2019-10-31,TSLA,Crisis,False,ningún trial con ≥ 5 operaciones,,,,,,,,,,,,,,,,,,,,,,,anclado_por_activo
46,2015-07-01,2019-10-31,META,global,True,,0.8309757713,1.645516551,10,17,20,19,12,19,32,34,68,72,34,40,14,24,2.87824522,1.546251673,2.224552396,2.053044506,1.358572886,1.711228596,anclado_por_activo
46,2015-07-01,2019-10-31,META,Tendencia,True,,0.8182379706,1.006395921,27,27,24,31,7,7,28,27,77,78,40,40,26,25,2.029512454,2.139649466,3.672332795,3.818973831,5.849497441,5.741834867,anclado_por_activo
46,2015-07-01,2019-10-31,META,Reversión,True,,1.228056175,1.228056175,10,10,14,13,7,7,39,39,76,78,16,16,11,11,2.89049183,2.887409002,2.136313531,2.144278416,5.622946629,5.916433573,anclado_por_activo
46,2015-07-01,2019-10-31,META,Crisis,False,ningún trial con ≥ 5 operaciones,,,,,,,,,,,,,,,,,,,,,,,anclado_por_activo
46,2015-07-01,2019-10-31,NFLX,global,True,,0.6400498339,1.31918442,28,27,41,40,14,12,29,30,80,80,20,21,36,37,1.613556888,1.544896243,3.651000355,3.760622894,5.319633423,4.81451932,anclado_por_activo
46,2015-07-01,2019-10-31,NFLX,Tendencia,True,,1.033414907,2.525858999,24,26,22,18,12,13,28,30,79,80,26,26,11,11,1.560559992,1.714542094,3.440452393,3.719273033,4.390476382,4.728439177,anclado_por_activo
46,2015-07-01,2019-10-31,NFLX,Reversión,True,,0.3763837579,1.622081758,19,19,62,64,11,11,25,23,61,60,33,35,13,6,1.575086755,1.566921564,3.020268187,2.840762253,2.470536308,2.864702619,anclado_por_activo
46,2015-07-01,2019-10-31,NFLX,Crisis,True,,0.08853882044,0.09031995317,27,25,32,35,10,10,37,37,61,61,30,30,40,40,1.77682986,1.797808493,3.162123707,3.139475322,5.494082743,5.707508368,anclado_por_activo
46,2015-07-01,2019-10-31,GOOGL,global,True,,1.508842228,2.035292196,11,13,39,45,27,27,23,29,77,75,14,15,7,9,2.202758929,2.192561027,3.852655698,3.852672703,2.098471079,2.226129713,anclado_por_activo
46,2015-07-01,2019-10-31,GOOGL,Tendencia,True,,1.632974623,2.439189947,25,25,46,50,12,12,26,24,79,79,15,16,37,37,1.910710719,1.9954847,3.873040825,3.986777998,2.302602644,2.343673807,anclado_por_activo
46,2015-07-01,2019-10-31,GOOGL,Reversión,True,,1.644686079,2.085957787,24,24,18,29,24,19,32,33,79,78,10,12,9,9,1.759664055,1.76489506,3.666051991,3.935841262,4.209345117,4.395875582,anclado_por_activo
46,2015-07-01,2019-10-31,GOOGL,Crisis,True,,0.4577551366,0.5411630722,20,22,55,55,9,9,38,39,63,64,20,23,12,12,1.613485505,1.65593681,3.590306012,3.590306012,2.656324735,3.112155655,anclado_por_activo
47,2015-07-01,2019-11-29,NVDA,global,True,,0.5361608433,1.228189524,8,8,19,25,22,22,34,36,76,77,12,11,10,15,2.164110951,2.188704659,3.804208474,3.74804055,1.536406474,1.071043599,anclado_por_activo
47,2015-07-01,2019-11-29,NVDA,Tendencia,True,,1.731085738,1.94802816,8,5,38,39,13,13,30,31,80,80,13,13,34,32,1.873030926,1.818800318,3.815149307,3.812172632,4.061666852,4.470295501,anclado_por_activo
47,2015-07-01,2019-11-29,NVDA,Reversión,True,,0.5262974466,0.5510120781,16,15,94,88,12,12,29,30,74,74,10,10,31,29,2.151086414,2.108489114,2.737894058,2.727267624,1.193605438,1.218317259,anclado_por_activo
47,2015-07-01,2019-11-29,NVDA,Crisis,True,,0.08764055799,0.0962742105,24,24,86,86,8,7,21,20,69,69,23,23,31,37,1.599885832,1.604033953,1.03538782,1.03538782,3.055735306,3.1346555,anclado_por_activo
47,2015-07-01,2019-11-29,AMZN,global,True,,1.765057312,1.766776952,12,11,16,12,14,13,32,31,75,74,10,10,37,37,1.636533083,1.611478578,2.442695889,2.448411718,5.700951873,5.295301185,anclado_por_activo
47,2015-07-01,2019-11-29,AMZN,Tendencia,True,,1.103801316,1.143701204,9,12,28,20,24,23,29,28,78,76,22,22,37,37,2.208067873,2.23142933,1.295186052,1.311983934,5.712547881,5.833956402,anclado_por_activo
47,2015-07-01,2019-11-29,AMZN,Reversión,True,,1.138440171,1.206528632,6,6,22,22,26,25,22,20,79,80,13,14,7,8,1.704822988,1.74125354,3.009048153,3.009048153,2.180144846,2.14507335,anclado_por_activo
47,2015-07-01,2019-11-29,AMZN,Crisis,False,ningún trial con ≥ 5 operaciones,,,,,,,,,,,,,,,,,,,,,,,anclado_por_activo
47,2015-07-01,2019-11-29,TSLA,global,True,,0.4726941611,0.737225586,6,6,97,90,17,14,30,30,79,79,31,31,20,20,1.921009351,1.910752907,3.78821634,3.808495144,1.45640631,1.500475172,anclado_por_activo
47,2015-07-01,2019-11-29,TSLA,Tendencia,True,,1.838148953,2.492898092,28,29,14,14,23,25,39,40,65,65,27,25,30,30,2.839393888,2.9307311,2.099613813,2.152110943,2.014474803,2.01073631,anclado_por_activo
47,2015-07-01,2019-11-29,TSLA,Reversión,True,,0.6411694223,1.283555473,6,5,67,62,19,18,27,26,71,72,35,35,22,23,1.858792285,2.012897557,2.08636058,1.900940757,5.68913496,5.736219331,anclado_por_activo
47,2015-07-01,2019-11-29,TSLA,Crisis,True,,0.1674327381,0.5477590794,29,29,92,92,7,7,38,39,70,69,27,28,31,35,1.775069072,1.717863803,2.11508483,2.256061224,1.329878776,1.187825928,anclado_por_activo
47,2015-07-01,2019-11-29,META,global,True,,0.7745905164,1.276851032,22,24,56,52,8,8,28,29,65,64,36,34,10,9,1.889189197,1.914246113,3.574359613,3.693226008,5.526287797,5.241632171,anclado_por_activo
47,2015-07-01,2019-11-29,META,Tendencia,True,,0.9453702179,1.3106476,10,9,30,34,9,11,22,22,80,80,12,12,14,12,2.826462324,2.827102153,3.81212383,3.63932337,4.319693756,4.314396975,anclado_por_activo
47,2015-07-01,2019-11-29,META,Reversión,True,,1.979439521,1.701896335,25,25,68,68,18,20,32,30,65,64,38,39,5,5,1.56305723,1.693364817,3.702424063,3.611191776,1.163320012,1.290680851,anclado_por_activo
47,2015-07-01,2019-11-29,META,Crisis,False,ningún trial con ≥ 5 operaciones,,,,,,,,,,,,,,,,,,,,,,,anclado_por_activo
47,2015-07-01,2019-11-29,NFLX,global,True,,1.274213337,1.635549207,20,20,22,21,15,17,37,37,78,78,16,17,39,40,2.515257167,2.512334385,3.705870169,3.707697411,5.602188881,5.774485625,anclado_por_activo
47,2015-07-01,2019-11-29,NFLX,Tendencia,True,,0.2808056862,0.7437697769,7,7,54,54,7,8,24,24,72,73,39,37,37,33,1.55232563,1.646870536,3.822850641,3.687887111,1.672194809,1.586788517,anclado_por_activo
47,2015-07-01,2019-11-29,NFLX,Reversión,True,,2.094311516,2.123306894,26,24,13,14,24,24,32,32,76,76,28,28,5,5,1.709723669,1.718636083,1.133438344,1.133438344,2.839889026,2.362866436,anclado_por_activo
47,2015-07-01,2019-11-29,NFLX,Crisis,False,ningún trial con ≥ 5 operaciones,,,,,,,,,,,,,,,,,,,,,,,anclado_por_activo
47,2015-07-01,2019-11-29,GOOGL,global,True,,1.021726337,1.266116256,6,5,86,83,26,26,23,20,66,66,12,10,38,36,1.966607905,1.88469179,2.033224692,2.007279005,5.055082268,4.728146654,anclado_por_activo
47,2015-07-01,2019-11-29,GOOGL,Tendencia,True,,2.384395925,2.606150015,6,8,80,80,26,24,39,39,73,70,20,20,37,37,2.134552488,2.129274185,3.434421581,3.951363823,4.458610507,4.532459145,anclado_por_activo
47,2015-07-01,2019-11-29,GOOGL,Reversión,True,,1.279571973,2.425293969,21,22,28,44,10,12,38,38,79,77,18,21,6,5,2.635409699,2.90678222,3.057131632,3.263503242,4.888571295,3.915361055,anclado_por_activo
47,2015-07-01,2019-11-29,GOOGL,Crisis,False,ningún trial con ≥ 5 operaciones,,,,,,,,,,,,,,,,,,,,,,,anclado_por_activo
48,2015-07-01,2019-12-31,NVDA,global,True,,0.8088091071,1.357984447,29,30,92,98,16,13,21,21,79,80,18,15,27,26,2.191745,2.147129573,1.522185647,1.571228174,4.55702441,4.578694512,anclado_por_activo
48,2015-07-01,2019-12-31,NVDA,Tendencia,True,,2.965242755,2.690112586,16,15,94,94,26,26,25,25,76,76,12,11,34,30,1.939842363,1.816530682,1.212739832,1.222638224,5.070109542,5.142791008,anclado_por_activo
48,2015-07-01,2019-12-31,NVDA,Reversión,True,,0.8027347768,0.810675697,11,10,53,55,22,22,37,36,67,63,11,11,34,32,2.333550483,2.31952324,1.311891834,1.322568224,1.227385916,1.115980085,anclado_por_activo
48,2015-07-01,2019-12-31,NVDA,Crisis,False,ningún trial con ≥ 5 operaciones,,,,,,,,,,,,,,,,,,,,,,,anclado_por_activo
48,2015-07-01,2019-12-31,AMZN,global,True,,0.4457134448,0.6774939098,26,27,96,93,8,9,40,40,67,67,11,10,33,30,2.863507917,2.89993116,2.821214967,2.710279213,5.71693026,5.258985654,anclado_por_activo
48,2015-07-01,2019-12-31,AMZN,Tendencia,True,,3.47723702,5.229183542,27,26,82,87,23,22,36,37,78,79,14,14,38,37,2.733048169,2.565758567,1.52730179,1.68111919,1.134562331,1.047953951,anclado_por_activo
48,2015-07-01,2019-12-31,AMZN,Reversión,True,,1.873984805,1.326260989,28,28,80,73,10,14,28,32,74,73,14,17,38,33,2.56939678,2.356615662,1.676797096,1.910279475,1.604872329,1.146212968,anclado_por_activo
48,2015-07-01,2019-12-31,AMZN,Crisis,False,ningún trial con ≥ 5 operaciones,,,,,,,,,,,,,,,,,,,,,,,anclado_por_activo
48,2015-07-01,2019-12-31,TSLA,global,True,,0.2822372539,0.3743494013,29,21,14,82,26,13,37,37,62,72,28,11,8,32,2.824122406,2.748644319,2.254128388,2.103176577,4.703239977,2.382902332,anclado_por_activo
48,2015-07-01,2019-12-31,TSLA,Tendencia,True,,2.163875472,2.626489624,10,11,55,57,18,18,37,40,78,80,26,25,15,16,2.908012299,2.860922011,3.833982105,3.935357929,2.013159218,1.758142188,anclado_por_activo
48,2015-07-01,2019-12-31,TSLA,Reversión,True,,0.6279343218,1.006473814,7,14,41,37,10,10,38,39,79,79,36,36,16,40,2.297055392,2.385258174,2.28063858,2.794459449,3.888672189,5.732641005,anclado_por_activo
48,2015-07-01,2019-12-31,TSLA,Crisis,False,ningún trial con ≥ 5 operaciones,,,,,,,,,,,,,,,,,,,,,,,anclado_por_activo
48,2015-07-01,2019-12-31,META,global,True,,0.762000318,1.215055135,6,6,90,82,28,28,36,36,62,61,28,28,15,12,2.00173799,1.914796934,3.840852424,3.536701768,4.125984629,4.367156815,anclado_por_activo
48,2015-07-01,2019-12-31,META,Tendencia,True,,0.4288736337,0.927570603,18,11,22,59,16,12,38,29,66,79,32,27,25,25,2.838367771,2.385640942,3.77126055,2.087865936,2.135190769,4.975753719,anclado_por_activo
48,2015-07-01,2019-12-31,META,Reversión,True,,1.136070583,3.811789254,6,5,95,94,18,18,39,40,60,61,21,24,13,18,2.420541375,2.420787416,3.792466004,3.595832977,1.239390037,1.118897297,anclado_por_activo
48,2015-07-01,2019-12-31,META,Crisis,False,ningún trial con ≥ 5 operaciones,,,,,,,,,,,,,,,,,,,,,,,anclado_por_activo
48,2015-07-01,2019-12-31,NFLX,global,True,,1.392824462,1.833459181,6,6,21,21,27,28,38,37,72,70,23,17,38,39,2.116130017,2.100713594,3.781849137,3.919532566,2.924860409,2.809473445,anclado_por_activo
48,2015-07-01,2019-12-31,NFLX,Tendencia,True,,1.182972182,1.545357323,7,8,85,84,10,9,32,30,78,80,20,19,34,33,1.931600796,1.792148493,3.523788981,3.021684119,3.550549779,3.210878078,anclado_por_activo
48,2015-07-01,2019-12-31,NFLX,Reversión,True,,1.853075333,2.176477283,29,30,71,69,12,12,24,24,62,62,18,20,8,8,2.596930158,2.352382928,1.73496905,1.649106591,1.729662663,2.590153008,anclado_por_activo
48,2015-07-01,2019-12-31,NFLX,Crisis,True,,-0.0101603951,-0.03678105531,25,25,61,52,7,7,39,39,71,71,23,23,27,26,1.772886242,1.777808385,1.366688413,1.455942171,1.312650766,1.321427277,anclado_por_activo
48,2015-07-01,2019-12-31,GOOGL,global,True,,1.795534669,2.742168265,23,23,72,73,26,27,40,38,66,66,12,11,12,12,2.062753057,2.020446462,3.655921546,3.672188284,4.056744986,3.921202408,anclado_por_activo
48,2015-07-01,2019-12-31,GOOGL,Tendencia,True,,1.776780516,1.840341913,6,6,58,47,21,24,36,37,70,68,16,16,16,17,1.974149684,2.123453734,2.892348544,2.77618702,2.081348477,2.02175977,anclado_por_activo
48,2015-07-01,2019-12-31,GOOGL,Reversión,True,,1.769467859,2.203602827,6,5,32,39,24,22,32,34,61,60,12,12,5,5,1.896343905,1.839936479,3.428264647,3.020017127,5.434491024,5.868547642,anclado_por_activo
48,2015-07-01,2019-12-31,GOOGL,Crisis,False,ningún trial con ≥ 5 operaciones,,,,,,,,,,,,,,,,,,,,,,,anclado_por_activo
49,2015-07-01,2020-01-31,NVDA,global,True,,0.7786692137,1.242723081,8,8,79,90,10,11,39,39,79,79,23,23,33,33,2.852956993,2.852706136,1.666098107,1.905440976,2.79599773,2.605515103,anclado_por_activo
49,2015-07-01,2020-01-31,NVDA,Tendencia,True,,1.563742459,2.209915515,6,9,34,30,11,8,39,34,67,73,10,10,36,40,2.293312051,2.635930747,1.292970139,1.281446087,5.615717161,5.269622937,anclado_por_activo
49,2015-07-01,2020-01-31,NVDA,Reversión,True,,0.5481350954,0.6695880083,11,12,93,97,9,8,30,30,68,70,11,11,7,10,2.277145095,2.31472078,2.432524707,2.419730384,5.54181285,5.391663618,anclado_por_activo
49,2015-07-01,2020-01-31,NVDA,Crisis,False,ningún trial con ≥ 5 operaciones,,,,,,,,,,,,,,,,,,,,,,,anclado_por_activo
49,2015-07-01,2020-01-31,AMZN,global,True,,1.405100139,2.151507768,16,18,24,23,19,19,38,37,76,77,11,12,11,10,1.796601736,1.839157967,1.436543824,1.436543824,5.717714267,5.812110562,anclado_por_activo
49,2015-07-01,2020-01-31,AMZN,Tendencia,True,,1.121081094,1.235754683,29,29,93,87,27,26,38,39,76,76,14,13,5,5,2.700192778,2.578385908,2.407393531,2.498986614,4.992445708,5.256075961,anclado_por_activo
49,2015-07-01,2020-01-31,AMZN,Reversión,True,,1.045230961,1.61038643,11,15,48,52,8,8,37,37,80,79,16,20,33,34,2.351472724,2.400114028,2.32556841,2.145990648,2.057178705,2.368931846,anclado_por_activo
49,2015-07-01,2020-01-31,AMZN,Crisis,False,ningún trial con ≥ 5 operaciones,,,,,,,,,,,,,,,,,,,,,,,anclado_por_activo
49,2015-07-01,2020-01-31,TSLA,global,True,,0.330591289,0.5316800684,22,22,97,99,17,17,27,27,67,67,34,37,14,14,2.040325811,1.950769482,1.872603182,1.789150552,1.574223472,1.439158793,anclado_por_activo
49,2015-07-01,2020-01-31,TSLA,Tendencia,True,,0.5339183551,0.7754940573,12,11,62,61,9,11,40,38,75,78,11,10,28,37,2.81058003,2.660371087,1.447807847,1.49309208,1.604658139,1.674488841,anclado_por_activo
49,2015-07-01,2020-01-31,TSLA,Reversión,True,,1.552313449,1.449320215,7,7,34,37,9,9,38,37,80,80,34,35,35,35,2.04401865,2.044020263,2.636417604,2.560803301,5.53877521,5.53877521,anclado_por_activo
49,2015-07-01,2020-01-31,TSLA,Crisis,True,,0.2668057961,0.2171229322,10,8,72,71,8,8,34,35,62,60,12,12,12,13,1.785391501,1.796160366,1.818547585,1.813986718,4.125757178,4.16307476,anclado_por_activo
49,2015-07-01,2020-01-31,META,global,True,,0.6736079576,1.794292968,9,10,38,42,28,28,38,37,79,79,27,26,8,11,2.691348126,2.534906951,3.553723767,3.605667232,1.238020707,1.424868926,anclado_por_activo
49,2015-07-01,2020-01-31,META,Tendencia,True,,0.7748442004,0.8179879254,6,5,14,16,13,14,36,37,79,79,34,35,10,11,1.689332621,1.761534384,2.425678088,2.327171947,2.618226435,2.420281359,anclado_por_activo
49,2015-07-01,2020-01-31,META,Reversión,True,,2.67212481,3.77423083,16,18,64,50,15,15,40,39,67,68,22,23,7,7,2.482498807,2.567371639,2.564032358,2.605696926,1.132767794,1.176359852,anclado_por_activo
49,2015-07-01,2020-01-31,META,Crisis,False,ningún trial con ≥ 5 operaciones,,,,,,,,,,,,,,,,,,,,,,,anclado_por_activo
49,2015-07-01,2020-01-31,NFLX,global,True,,0.4391379458,0.6163753793,27,25,54,51,12,14,39,40,61,60,20,20,14,12,1.998579265,1.973633519,3.60016996,3.363368418,1.179400532,1.59448476,anclado_por_activo
49,2015-07-01,2020-01-31,NFLX,Tendencia,True,,1.394041609,1.934209805,25,24,46,47,28,26,39,39,71,72,18,18,38,40,1.930912467,1.993472989,2.633782063,2.797478605,5.582393626,5.899826703,anclado_por_activo
49,2015-07-01,2020-01-31,NFLX,Reversión,True,,1.466441203,1.652609493,27,28,23,27,12,12,23,24,62,63,23,26,30,30,2.140713922,2.140713922,1.346824444,1.194059177,2.036462191,2.036462191,anclado_por_activo
49,2015-07-01,2020-01-31,NFLX,Crisis,False,ningún trial con ≥ 5 operaciones,,,,,,,,,,,,,,,,,,,,,,,anclado_por_activo
49,2015-07-01,2020-01-31,GOOGL,global,True,,1.759394308,1.678558855,29,27,88,88,12,13,39,39,79,79,23,25,10,10,1.575423148,1.574082245,1.912534423,2.344482713,5.777113259,5.876703035,anclado_por_activo
49,2015-07-01,2020-01-31,GOOGL,Tendencia,True,,0.1345810699,0.7430337767,7,19,37,99,14,24,34,29,78,70,24,38,7,33,2.600388266,1.577999034,2.366421983,1.607285905,1.92437953,5.08880208,anclado_por_activo
49,2015-07-01,2020-01-31,GOOGL,Reversión,True,,1.273055889,1.610346646,27,28,24,26,16,12,38,40,74,78,11,12,36,37,1.805017807,1.685318648,1.177644698,1.112433305,2.161130554,2.11476832,anclado_por_activo
49,2015-07-01,2020-01-31,GOOGL,Crisis,True,,0.3851848246,0.4546678091,28,30,83,97,7,7,30,27,62,62,20,18,32,33,1.69926217,1.644765096,1.393644248,1.188280997,2.835087499,2.091793643,anclado_por_activo
50,2015-07-01,2020-02-28,NVDA,global,True,,0.6665918962,0.7874229595,24,24,46,48,20,21,37,33,78,77,16,15,36,36,2.241169743,2.357456423,1.427281492,1.151142296,5.150527724,5.444805291,anclado_por_activo
50,2015-07-01,2020-02-28,NVDA,Tendencia,True,,1.892180589,1.919390777,18,18,15,21,18,18,22,21,78,79,11,10,9,12,1.921003718,1.876993112,3.726639725,3.730144364,4.539936937,4.564194563,anclado_por_activo
50,2015-07-01,2020-02-28,NVDA,Reversión,True,,0.4018938211,0.7256562159,24,26,89,81,26,27,32,32,78,78,14,17,31,31,1.583409399,1.583409399,2.8348539,2.930806362,2.309378237,2.284952216,anclado_por_activo
50,2015-07-01,2020-02-28,NVDA,Crisis,False,ningún trial con ≥ 5 operaciones,,,,,,,,,,,,,,,,,,,,,,,anclado_por_activo
50,2015-07-01,2020-02-28,AMZN,global,True,,1.947351988,2.353723531,7,8,17,12,25,25,40,39,74,74,11,10,19,20,1.642777747,1.713648361,2.705348534,2.404133029,1.932665002,1.878568219,anclado_por_activo
50,2015-07-01,2020-02-28,AMZN,Tendencia,True,,0.5436325411,0.7856180376,5,5,51,53,27,27,31,33,74,73,30,29,30,32,1.839428016,1.966230824,2.850050608,2.777299118,5.019808809,4.374749608,anclado_por_activo
50,2015-07-01,2020-02-28,AMZN,Reversión,True,,0.8380396457,1.323650312,14,11,40,50,25,23,36,35,77,77,11,11,8,8,1.609874363,1.53522684,3.481048297,3.160736889,4.573404623,3.954460099,anclado_por_activo
50,2015-07-01,2020-02-28,AMZN,Crisis,False,ningún trial con ≥ 5 operaciones,,,,,,,,,,,,,,,,,,,,,,,anclado_por_activo
50,2015-07-01,2020-02-28,TSLA,global,True,,0.3740846559,0.7773772467,9,12,94,24,26,24,38,39,78,79,12,20,23,37,1.993888258,2.308149703,2.833903143,3.358126266,1.940019677,5.844778189,anclado_por_activo
50,2015-07-01,2020-02-28,TSLA,Tendencia,True,,0.3636830568,1.099912273,21,23,81,82,12,11,40,37,74,76,12,12,19,18,2.942719607,2.880030594,3.219539835,3.202017346,1.574737905,1.769856312,anclado_por_activo
50,2015-07-01,2020-02-28,TSLA,Reversión,True,,0.5984306843,0.6170392443,22,21,50,50,12,12,38,37,75,75,32,32,19,19,2.022471689,2.039874751,2.62959422,2.778764874,5.591442973,5.625352664,anclado_por_activo
50,2015-07-01,2020-02-28,TSLA,Crisis,False,ningún trial con ≥ 5 operaciones,,,,,,,,,,,,,,,,,,,,,,,anclado_por_activo
50,2015-07-01,2020-02-28,META,global,True,,1.491608919,1.891542163,8,6,14,23,13,15,35,34,80,80,35,35,22,22,1.991670086,1.94459496,1.385916164,1.346647467,1.9360653,2.02650831,anclado_por_activo
50,2015-07-01,2020-02-28,META,Tendencia,True,,1.1647979,1.105860502,28,28,87,84,13,12,38,38,76,76,34,34,12,13,2.817698963,2.751249431,2.570351572,2.738454311,2.373741804,2.028720644,anclado_por_activo
50,2015-07-01,2020-02-28,META,Reversión,True,,0.2385075913,0.3651527097,12,25,80,32,24,27,20,32,67,65,28,32,29,21,1.708248757,1.847259369,3.757029183,2.275000972,2.552857938,1.002410868,anclado_por_activo
50,2015-07-01,2020-02-28,META,Crisis,False,ningún trial con ≥ 5 operaciones,,,,,,,,,,,,,,,,,,,,,,,anclado_por_activo
50,2015-07-01,2020-02-28,NFLX,global,True,,0.683005303,1.069365888,29,28,56,58,11,11,40,40,76,75,33,35,8,9,2.184430638,2.139056854,3.793859667,3.604628572,4.327853814,4.477636588,anclado_por_activo
50,2015-07-01,2020-02-28,NFLX,Tendencia,True,,1.204034789,1.524652235,22,21,68,54,22,21,39,39,80,80,27,27,6,7,1.604183855,1.667632805,3.705281639,3.572433064,4.135449455,4.496991347,anclado_por_activo
50,2015-07-01,2020-02-28,NFLX,Reversión,True,,0.6945712362,1.321014002,9,12,20,60,27,20,39,27,65,79,23,21,5,7,1.610957387,2.065106982,2.092625699,2.630408417,3.29881836,3.718187384,anclado_por_activo
50,2015-07-01,2020-02-28,NFLX,Crisis,False,ningún trial con ≥ 5 operaciones,,,,,,,,,,,,,,,,,,,,,,,anclado_por_activo
50,2015-07-01,2020-02-28,GOOGL,global,True,,1.896406782,1.781838741,10,6,34,32,18,18,37,38,78,78,38,38,36,36,2.08886273,2.125303588,1.404746575,1.389970986,2.274698849,2.564315114,anclado_por_activo
50,2015-07-01,2020-02-28,GOOGL,Tendencia,True,,1.16437277,1.308396386,26,26,19,13,24,23,40,39,70,70,38,37,36,38,2.787752064,2.615643951,3.257887427,3.241262051,2.217837343,2.182330678,anclado_por_activo
50,2015-07-01,2020-02-28,GOOGL,Reversión,True,,2.405300033,2.804090035,29,29,86,79,24,24,34,34,78,78,11,11,5,5,2.203804067,2.174273221,1.292536925,1.178685297,1.849919389,2.062863611,anclado_por_activo
50,2015-07-01,2020-02-28,GOOGL,Crisis,False,ningún trial con ≥ 5 operaciones,,,,,,,,,,,,,,,,,,,,,,,anclado_por_activo
51,2015-07-01,2020-03-31,NVDA,global,True,,1.043627862,1.203781668,7,5,39,48,15,15,22,22,80,80,26,30,29,29,1.611115224,1.607858141,1.624758602,1.796863736,2.932996451,1.874633126,anclado_por_activo
51,2015-07-01,2020-03-31,NVDA,Tendencia,True,,1.554495397,2.194937989,15,15,30,27,21,23,22,23,80,79,10,11,28,26,2.155119825,2.16430387,3.774548849,3.658429759,5.778837227,5.949535689,anclado_por_activo
51,2015-07-01,2020-03-31,NVDA,Reversión,True,,0.6496296631,1.718505477,30,28,92,88,27,27,32,32,79,80,18,22,7,6,1.807600847,1.791900982,1.235155225,1.024930239,3.819290676,3.466505992,anclado_por_activo
51,2015-07-01,2020-03-31,NVDA,Crisis,False,ningún trial con ≥ 5 operaciones,,,,,,,,,,,,,,,,,,,,,,,anclado_por_activo
51,2015-07-01,2020-03-31,AMZN,global,True,,0.7006121095,0.9074197082,23,23,96,97,14,13,21,20,79,80,22,22,26,29,1.563933518,1.567020075,2.078127253,1.836571824,2.588937187,2.130854256,anclado_por_activo
51,2015-07-01,2020-03-31,AMZN,Tendencia,True,,1.134451647,1.394579246,28,29,93,91,18,19,26,27,74,75,13,14,10,12,2.436415892,2.511526258,3.718512345,3.741591057,1.131007497,1.178092116,anclado_por_activo
51,2015-07-01,2020-03-31,AMZN,Reversión,True,,0.994099988,1.482426221,20,20,18,10,13,12,31,33,62,61,36,33,7,7,2.711682564,2.722537588,1.267996321,1.678437155,4.043386035,3.732169126,anclado_por_activo
51,2015-07-01,2020-03-31,AMZN,Crisis,True,,0.9734772732,1.98340229,22,19,98,98,8,8,38,38,61,61,18,18,12,14,1.627827083,1.598150691,2.145337531,2.24190252,2.434916303,2.436615617,anclado_por_activo
51,2015-07-01,2020-03-31,TSLA,global,True,,0.6215030338,0.6560926435,14,15,15,15,8,7,36,37,62,63,31,28,30,26,2.254002007,2.302980367,2.685157879,2.670934922,5.778407156,5.867061862,anclado_por_activo
51,2015-07-01,2020-03-31,TSLA,Tendencia,True,,1.120954626,1.541326293,29,30,60,61,27,28,35,35,79,78,30,26,32,32,2.910434252,2.877681794,1.29819596,1.077364712,2.782453526,2.844234921,anclado_por_activo
51,2015-07-01,2020-03-31,TSLA,Reversión,True,,0.5113749105,0.4794211738,7,7,18,18,19,20,35,34,72,72,33,32,36,36,1.81772413,1.962602116,2.280137658,2.146740572,3.843347839,4.067007025,anclado_por_activo
51,2015-07-01,2020-03-31,TSLA,Crisis,True,,0.9194734935,3.392128683,28,26,22,23,8,9,22,23,62,63,28,27,16,16,1.61939044,1.69312608,1.829344428,1.767141404,1.632154646,1.476989076,anclado_por_activo
51,2015-07-01,2020-03-31,META,global,True,,0.7018477375,1.150231065,28,26,15,36,9,22,28,33,74,72,28,28,16,9,2.867239155,2.708769594,2.536575447,2.469546019,5.253886152,2.09478924,anclado_por_activo
51,2015-07-01,2020-03-31,META,Tendencia,True,,0.2879416964,0.3406916168,18,19,92,96,27,26,26,27,62,63,38,37,22,19,2.91314491,2.881375326,3.420486577,3.237851943,1.864861176,1.828076642,anclado_por_activo
51,2015-07-01,2020-03-31,META,Reversión,True,,1.443263868,1.443263868,24,21,93,100,16,15,22,21,76,75,38,37,14,14,1.810321432,1.992409357,3.13107175,3.233893791,5.485613015,5.445562292,anclado_por_activo
51,2015-07-01,2020-03-31,META,Crisis,False,ningún trial con ≥ 5 operaciones,,,,,,,,,,,,,,,,,,,,,,,anclado_por_activo
51,2015-07-01,2020-03-31,NFLX,global,True,,1.084076703,1.358090765,16,18,90,81,18,19,39,40,70,70,16,14,28,30,2.723816148,2.611991241,3.124795757,3.11226748,3.257995346,3.558147967,anclado_por_activo
51,2015-07-01,2020-03-31,NFLX,Tendencia,True,,0.4478908788,0.5762767119,27,27,89,88,25,26,40,39,78,78,17,17,33,33,2.297046978,2.150336845,2.925225555,2.932830265,2.328177219,2.701214312,anclado_por_activo
51,2015-07-01,2020-03-31,NFLX,Reversión,True,,1.089789716,1.318836982,28,30,45,48,10,13,30,26,69,72,35,40,36,33,1.700396344,1.695058646,2.165211381,2.258321737,2.518810539,3.253551431,anclado_por_activo
51,2015-07-01,2020-03-31,NFLX,Crisis,False,ningún trial con ≥ 5 operaciones,,,,,,,,,,,,,,,,,,,,,,,anclado_por_activo
51,2015-07-01,2020-03-31,GOOGL,global,True,,0.112353779,1.018121611,25,22,29,31,12,12,21,21,66,66,12,10,20,22,1.811544657,1.717947481,3.880376143,3.957318256,2.905784367,1.891879285,anclado_por_activo
51,2015-07-01,2020-03-31,GOOGL,Tendencia,True,,0.3619668252,0.6804483666,14,13,49,49,26,26,32,32,72,72,20,20,28,26,2.191107212,2.12082385,3.571587029,3.636531779,5.14884615,5.127044161,anclado_por_activo
51,2015-07-01,2020-03-31,GOOGL,Reversión,True,,1.412290169,1.47416328,12,18,68,60,21,20,22,22,69,69,39,40,32,40,1.685882467,1.781391591,1.284505404,1.905009866,1.208877901,1.208877901,anclado_por_activo
51,2015-07-01,2020-03-31,GOOGL,Crisis,False,ningún trial con ≥ 5 operaciones,,,,,,,,,,,,,,,,,,,,,,,anclado_por_activo
52,2015-07-01,2020-04-30,NVDA,global,True,,1.493761444,1.712344353,14,9,18,18,21,21,38,40,78,78,13,12,10,9,1.90361036,1.76792679,2.298768357,2.294803097,5.399814262,5.359801208,anclado_por_activo
52,2015-07-01,2020-04-30,NVDA,Tendencia,True,,0.699584416,0.7314135833,10,11,30,30,12,9,38,40,68,68,17,15,28,31,1.884489902,2.237210871,1.532503598,1.462105262,5.151896841,5.021403898,anclado_por_activo
52,2015-07-01,2020-04-30,NVDA,Reversión,True,,0.725316268,0.9124985558,27,27,92,86,10,13,38,40,73,73,13,10,9,9,2.464778058,2.280085632,3.264771921,3.04419977,5.815079647,5.899536485,anclado_por_activo
52,2015-07-01,2020-04-30,NVDA,Crisis,False,ningún trial con ≥ 5 operaciones,,,,,,,,,,,,,,,,,,,,,,,anclado_por_activo
52,2015-07-01,2020-04-30,AMZN,global,True,,1.891412385,2.246469152,6,8,34,31,22,21,34,34,72,74,23,23,36,36,1.648158111,1.694800318,1.404682764,1.477050425,5.626788407,5.419593551,anclado_por_activo
52,2015-07-01,2020-04-30,AMZN,Tendencia,True,,0.9466423388,1.064466366,29,30,42,50,26,25,31,31,73,74,28,28,24,21,2.083144062,2.105660926,3.323312993,3.42862235,2.468857433,2.726340205,anclado_por_activo
52,2015-07-01,2020-04-30,AMZN,Reversión,True,,0.5695113853,0.7843617315,27,24,97,98,9,7,29,28,74,73,26,26,9,7,2.936378741,2.889283197,1.372197883,1.188306394,4.072439305,3.95234769,anclado_por_activo
52,2015-07-01,2020-04-30,AMZN,Crisis,False,ningún trial con ≥ 5 operaciones,,,,,,,,,,,,,,,,,,,,,,,anclado_por_activo
52,2015-07-01,2020-04-30,TSLA,global,True,,0.09253515521,0.3781940314,16,16,91,90,26,28,31,31,61,60,38,34,24,27,1.895464489,1.956049137,1.462585451,1.105362198,5.516745681,5.489156405,anclado_por_activo
52,2015-07-01,2020-04-30,TSLA,Tendencia,True,,0.2545702339,1.605003288,11,13,67,72,18,21,32,32,72,73,26,26,37,39,2.804943479,2.866058742,1.213591133,1.247351486,2.288647191,2.29141469,anclado_por_activo
52,2015-07-01,2020-04-30,TSLA,Reversión,True,,0.3353617372,0.7596417507,9,11,16,15,20,22,36,40,76,77,36,35,17,15,2.136774146,2.136846777,1.524957057,1.543320343,4.508284229,3.957574634,anclado_por_activo
52,2015-07-01,2020-04-30,TSLA,Crisis,False,ningún trial con ≥ 5 operaciones,,,,,,,,,,,,,,,,,,,,,,,anclado_por_activo
52,2015-07-01,2020-04-30,META,global,True,,0.9470514534,1.292950972,23,21,15,11,23,22,34,33,68,67,29,30,39,35,2.810921051,2.791165537,3.26890661,3.382980279,5.685852216,5.470746894,anclado_por_activo
52,2015-07-01,2020-04-30,META,Tendencia,True,,0.8162407562,0.9174266255,11,6,49,48,23,23,35,32,64,64,12,14,12,7,2.899971651,2.917760897,3.691277154,3.640365533,5.09411405,4.863015342,anclado_por_activo
52,2015-07-01,2020-04-30,META,Reversión,True,,1.047356285,1.424525616,12,13,48,53,12,13,36,36,79,79,36,37,38,39,1.651580067,1.5910061,3.23689057,3.258482989,1.321579913,1.390102599,anclado_por_activo
52,2015-07-01,2020-04-30,META,Crisis,False,ningún trial con ≥ 5 operaciones,,,,,,,,,,,,,,,,,,,,,,,anclado_por_activo
52,2015-07-01,2020-04-30,NFLX,global,True,,0.8026804054,0.8686224523,26,27,57,50,22,20,22,23,74,74,38,38,22,23,1.819838855,1.817192113,3.596743617,3.624042252,3.293958343,3.447301612,anclado_por_activo
52,2015-07-01,2020-04-30,NFLX,Tendencia,True,,1.661936485,1.8823054,6,8,51,51,22,22,28,30,72,72,40,36,24,26,1.58677267,1.587608653,3.674049667,3.657632849,2.297005038,2.331397842,anclado_por_activo
52,2015-07-01,2020-04-30,NFLX,Reversión,True,,0.3582937633,0.7026768526,22,27,44,21,10,23,23,32,72,77,13,32,8,20,1.819139063,1.812144753,3.408298481,2.814896262,2.368766919,3.652341561,anclado_por_activo
52,2015-07-01,2020-04-30,NFLX,Crisis,False,ningún trial con ≥ 5 operaciones,,,,,,,,,,,,,,,,,,,,,,,anclado_por_activo
52,2015-07-01,2020-04-30,GOOGL,global,True,,0.212115794,0.6624309586,10,12,86,86,18,18,35,35,74,74,36,35,40,38,2.012515908,2.431410997,2.346459432,3.025805988,4.217584342,3.671766965,anclado_por_activo
52,2015-07-01,2020-04-30,GOOGL,Tendencia,True,,1.277200434,1.416172209,20,20,43,36,24,27,21,23,76,77,11,10,31,34,1.705888316,1.702754599,2.022223118,2.087769313,1.748474895,1.628934001,anclado_por_activo
52,2015-07-01,2020-04-30,GOOGL,Reversión,True,,1.139595409,1.14908647,16,21,64,14,12,19,28,35,64,68,15,16,5,22,2.124465324,2.171332332,3.651257917,3.380473276,2.078329368,1.84732747,anclado_por_activo
52,2015-07-01,2020-04-30,GOOGL,Crisis,False,ningún trial con ≥ 5 operaciones,,,,,,,,,,,,,,,,,,,,,,,anclado_por_activo
53,2015-07-01,2020-05-29,NVDA,global,True,,2.246211103,2.320288495,8,8,18,19,23,25,20,23,77,78,13,13,11,11,1.996282985,1.917347291,1.889296465,1.676459065,3.842724018,4.369037832,anclado_por_activo
53,2015-07-01,2020-05-29,NVDA,Tendencia,True,,1.188870702,1.308535497,16,15,18,16,13,12,40,40,69,70,10,10,27,28,1.916465792,1.925662959,3.235585909,3.155035531,5.383031141,5.37022259,anclado_por_activo
53,2015-07-01,2020-05-29,NVDA,Reversión,True,,0.3537593785,0.4478876138,28,30,46,62,12,11,39,35,77,76,34,35,6,7,2.540940932,2.540940932,1.819454313,1.894308341,3.278976726,3.383482418,anclado_por_activo
53,2015-07-01,2020-05-29,NVDA,Crisis,False,ningún trial con ≥ 5 operaciones,,,,,,,,,,,,,,,,,,,,,,,anclado_por_activo
53,2015-07-01,2020-05-29,AMZN,global,True,,0.2463106744,1.323126883,28,5,62,60,24,13,28,30,78,78,14,12,17,38,2.270422536,1.811016499,3.778572493,1.145915714,1.329875167,3.038188566,anclado_por_activo
53,2015-07-01,2020-05-29,AMZN,Tendencia,True,,1.198512052,1.385943157,30,27,74,82,14,16,34,33,78,78,24,25,22,23,2.100199787,2.115905352,3.786501736,3.727050677,2.646418982,2.73178185,anclado_por_activo
53,2015-07-01,2020-05-29,AMZN,Reversión,True,,1.464143263,2.351926872,26,26,34,38,27,26,38,36,73,70,11,11,12,15,2.082894271,2.285619958,2.899103106,3.467188473,1.468903843,1.051080838,anclado_por_activo
53,2015-07-01,2020-05-29,AMZN,Crisis,False,ningún trial con ≥ 5 operaciones,,,,,,,,,,,,,,,,,,,,,,,anclado_por_activo
53,2015-07-01,2020-05-29,TSLA,global,True,,0.3519508781,0.4460328051,24,24,43,46,18,17,30,31,64,65,27,25,37,38,2.97204208,2.921392591,3.86679164,3.594209973,3.316051862,2.978969234,anclado_por_activo
53,2015-07-01,2020-05-29,TSLA,Tendencia,True,,1.394151001,1.599709829,25,26,36,41,27,28,38,37,77,76,23,23,38,38,2.64629173,2.600902863,3.865479487,3.932725443,1.19418839,1.277673907,anclado_por_activo
53,2015-07-01,2020-05-29,TSLA,Reversión,True,,0.1118970604,0.4397730556,12,11,80,91,12,12,21,22,74,75,22,26,17,18,2.551334492,2.485925308,1.229094979,1.305805745,3.748040546,3.596825194,anclado_por_activo
53,2015-07-01,2020-05-29,TSLA,Crisis,False,ningún trial con ≥ 5 operaciones,,,,,,,,,,,,,,,,,,,,,,,anclado_por_activo
53,2015-07-01,2020-05-29,META,global,True,,1.158546651,1.100459873,8,6,32,31,14,13,30,30,72,73,32,33,18,18,2.864649811,2.957381674,1.318449763,1.319146022,5.535980227,5.173280821,anclado_por_activo
53,2015-07-01,2020-05-29,META,Tendencia,True,,0.3471515892,0.6132243734,9,10,38,26,10,11,30,29,75,78,32,32,9,10,2.851840376,2.85507239,3.763414878,3.62157603,2.054458045,1.805759258,anclado_por_activo
53,2015-07-01,2020-05-29,META,Reversión,True,,0.6990619376,1.768579274,15,15,34,41,9,9,36,35,78,79,11,11,28,28,2.666040622,2.592331567,2.868852923,2.436537435,5.456880594,5.84267595,anclado_por_activo
53,2015-07-01,2020-05-29,META,Crisis,False,ningún trial con ≥ 5 operaciones,,,,,,,,,,,,,,,,,,,,,,,anclado_por_activo
53,2015-07-01,2020-05-29,NFLX,global,True,,0.811627435,1.154876209,10,10,74,74,19,21,37,37,76,78,16,16,28,32,1.901614864,1.86371133,2.967859707,3.022616878,5.712451704,5.732393834,anclado_por_activo
53,2015-07-01,2020-05-29,NFLX,Tendencia,True,,0.5915271739,1.187963258,18,17,92,91,26,28,40,40,64,62,26,27,19,14,1.587658024,1.625847112,1.624983164,1.243451305,3.620240532,4.208648306,anclado_por_activo
53,2015-07-01,2020-05-29,NFLX,Reversión,True,,0.3165889725,0.8482380013,20,11,68,16,8,16,24,29,74,75,13,13,8,32,1.80335567,1.8658059,3.1468674,2.196616099,2.159742907,5.293905589,anclado_por_activo
53,2015-07-01,2020-05-29,NFLX,Crisis,False,ningún trial con ≥ 5 operaciones,,,,,,,,,,,,,,,,,,,,,,,anclado_por_activo
53,2015-07-01,2020-05-29,GOOGL,global,True,,0.8713521824,0.9092848065,20,15,60,72,19,19,35,35,73,68,38,15,37,14,2.550273145,2.403246063,3.228361756,3.343327288,3.599332353,2.852109806,anclado_por_activo
53,2015-07-01,2020-05-29,GOOGL,Tendencia,True,,0.4215520023,0.8353913153,28,28,24,25,8,8,20,21,76,76,12,12,30,29,2.521972847,2.580987991,1.999885876,1.807471571,3.138407247,3.085480772,anclado_por_activo
53,2015-07-01,2020-05-29,GOOGL,Reversión,True,,1.243118364,1.239559603,7,7,50,48,25,27,39,40,66,68,10,10,29,27,1.846395739,1.845810167,1.727246713,1.342139653,4.780972014,5.362041785,anclado_por_activo
53,2015-07-01,2020-05-29,GOOGL,Crisis,False,ningún trial con ≥ 5 operaciones,,,,,,,,,,,,,,,,,,,,,,,anclado_por_activo
54,2015-07-01,2020-06-30,NVDA,global,True,,1.321618938,1.872075808,6,6,14,11,18,18,38,38,80,79,12,11,39,40,1.884000407,1.770943006,3.670584119,3.490510517,5.190326376,5.225193921,anclado_por_activo
54,2015-07-01,2020-06-30,NVDA,Tendencia,True,,0.7242692182,1.130765299,25,25,92,96,18,16,36,35,79,80,39,40,13,13,2.493060965,2.414636933,1.46601432,1.439923128,1.634673198,1.593260465,anclado_por_activo
54,2015-07-01,2020-06-30,NVDA,Reversión,True,,1.338339364,1.669747839,22,21,90,92,28,28,21,22,61,61,11,11,19,17,2.458221477,2.609564136,2.280819618,2.013681429,1.455540988,1.663079656,anclado_por_activo
54,2015-07-01,2020-06-30,NVDA,Crisis,False,ningún trial con ≥ 5 operaciones,,,,,,,,,,,,,,,,,,,,,,,anclado_por_activo
54,2015-07-01,2020-06-30,AMZN,global,True,,0.4012148329,0.7627417254,8,7,58,64,12,13,31,31,71,71,11,10,36,38,1.643494238,1.581523955,3.319969849,3.30832254,4.365303093,4.683571448,anclado_por_activo
54,2015-07-01,2020-06-30,AMZN,Tendencia,True,,0.4892391358,0.8274254769,30,29,98,100,9,8,24,24,79,79,31,35,20,20,2.372087876,2.465145707,1.873247996,1.8376906,1.454514603,1.628155527,anclado_por_activo
54,2015-07-01,2020-06-30,AMZN,Reversión,True,,1.129885084,1.66507279,29,29,18,25,12,12,26,30,76,77,13,13,12,11,2.100757515,2.11982432,2.938692416,2.752357922,1.555153272,1.137947932,anclado_por_activo
54,2015-07-01,2020-06-30,AMZN,Crisis,False,ningún trial con ≥ 5 operaciones,,,,,,,,,,,,,,,,,,,,,,,anclado_por_activo
54,2015-07-01,2020-06-30,TSLA,global,True,,0.4698800157,0.8439187012,19,19,90,96,26,26,28,30,78,78,37,40,30,33,2.425453162,2.421950826,1.485604738,1.473928825,1.576866475,1.571276414,anclado_por_activo
54,2015-07-01,2020-06-30,TSLA,Tendencia,True,,0.7709791336,0.9946908486,29,29,18,21,14,14,26,28,61,60,38,38,38,37,2.945257232,2.950536687,3.783277585,3.913319062,3.879351426,3.904764454,anclado_por_activo
54,2015-07-01,2020-06-30,TSLA,Reversión,True,,1.440645816,1.887869062,8,9,16,12,19,19,26,26,72,72,27,28,38,39,1.581809334,1.743976869,1.173005467,1.140398345,4.609985412,4.967337865,anclado_por_activo
54,2015-07-01,2020-06-30,TSLA,Crisis,False,ningún trial con ≥ 5 operaciones,,,,,,,,,,,,,,,,,,,,,,,anclado_por_activo
54,2015-07-01,2020-06-30,META,global,True,,0.7856852001,0.9840990828,20,21,84,93,12,10,38,40,77,75,35,35,35,39,2.869337806,2.814106216,3.518253315,3.846861029,5.718782974,5.563983709,anclado_por_activo
54,2015-07-01,2020-06-30,META,Tendencia,True,,0.3463533292,0.4890722636,22,23,94,99,19,19,38,40,64,64,32,34,16,15,2.831563345,2.912004036,3.613079887,3.451792482,5.413205251,5.494231858,anclado_por_activo
54,2015-07-01,2020-06-30,META,Reversión,True,,0.4079960053,0.9286990217,14,14,92,94,10,9,36,37,79,80,32,33,18,12,1.980487046,2.187236122,1.167055531,1.31309315,1.564623939,2.137328693,anclado_por_activo
54,2015-07-01,2020-06-30,META,Crisis,False,ningún trial con ≥ 5 operaciones,,,,,,,,,,,,,,,,,,,,,,,anclado_por_activo
54,2015-07-01,2020-06-30,NFLX,global,True,,1.082554334,1.161519137,10,8,83,83,15,16,37,38,78,77,35,37,32,33,2.097237579,2.04067034,3.648069596,3.591988656,3.271864136,3.350842897,anclado_por_activo
54,2015-07-01,2020-06-30,NFLX,Tendencia,True,,0.6993971589,0.9193899817,22,22,92,99,20,22,36,36,75,72,14,11,35,32,2.31551937,2.113028708,2.88495841,2.893967966,3.230943943,3.488764628,anclado_por_activo
54,2015-07-01,2020-06-30,NFLX,Reversión,True,,1.789291368,1.481851032,22,23,19,21,7,7,22,22,76,75,13,13,26,27,1.793384902,1.773829857,1.149735467,1.232023247,2.089326731,1.791537866,anclado_por_activo
54,2015-07-01,2020-06-30,NFLX,Crisis,False,ningún trial con ≥ 5 operaciones,,,,,,,,,,,,,,,,,,,,,,,anclado_por_activo
54,2015-07-01,2020-06-30,GOOGL,global,True,,0.2907327622,0.6597383741,16,12,53,38,18,24,35,28,78,72,39,15,12,6,1.994064818,2.00961508,3.890980202,2.32628283,2.102452816,3.671818929,anclado_por_activo
54,2015-07-01,2020-06-30,GOOGL,Tendencia,True,,0.1789982003,0.6310982804,12,18,16,29,23,27,38,26,64,69,21,15,32,36,2.420391647,2.173006583,3.612800476,2.488369249,5.038288248,1.733778588,anclado_por_activo
54,2015-07-01,2020-06-30,GOOGL,Reversión,True,,3.252506506,3.271966963,6,6,51,48,14,13,39,39,74,73,15,14,5,5,2.513433128,2.589034076,3.238859975,3.358165998,3.240719683,2.691297564,anclado_por_activo
54,2015-07-01,2020-06-30,GOOGL,Crisis,False,ningún trial con ≥ 5 operaciones,,,,,,,,,,,,,,,,,,,,,,,anclado_por_activo
55,2015-07-01,2020-07-31,NVDA,global,True,,0.3458087459,0.616661973,6,6,76,85,18,16,28,28,67,67,10,10,9,11,2.393765979,2.509783402,2.289371712,2.159079871,3.098031654,2.941898219,anclado_por_activo
55,2015-07-01,2020-07-31,NVDA,Tendencia,True,,0.9544764384,1.580678947,12,9,84,94,16,15,26,21,78,79,11,11,22,21,1.653030517,1.653391459,3.234071733,2.921246327,4.749963628,5.314621335,anclado_por_activo
55,2015-07-01,2020-07-31,NVDA,Reversión,True,,0.3800514978,0.4441635652,24,24,77,81,18,18,30,29,79,80,39,40,34,37,1.65294938,1.640924271,2.285052859,2.310348834,2.207149854,2.099649121,anclado_por_activo
55,2015-07-01,2020-07-31,NVDA,Crisis,False,ningún trial con ≥ 5 operaciones,,,,,,,,,,,,,,,,,,,,,,,anclado_por_activo
55,2015-07-01,2020-07-31,AMZN,global,True,,0.6211591318,0.7953572462,10,10,92,88,22,18,38,37,79,78,38,40,26,35,1.89168616,1.848645246,3.388955348,3.388626895,5.809127342,5.598218582,anclado_por_activo
55,2015-07-01,2020-07-31,AMZN,Tendencia,True,,0.3673017253,0.4400712443,21,19,29,36,13,12,23,23,78,77,14,16,5,7,2.824359765,2.829132525,1.17020754,1.17347383,5.252268837,4.635786139,anclado_por_activo
55,2015-07-01,2020-07-31,AMZN,Reversión,True,,1.037242226,1.420706335,28,28,31,33,24,24,39,40,61,62,11,11,9,7,2.523340698,2.523694688,2.272957285,2.063703214,1.522207797,2.387809032,anclado_por_activo
55,2015-07-01,2020-07-31,AMZN,Crisis,False,ningún trial con ≥ 5 operaciones,,,,,,,,,,,,,,,,,,,,,,,anclado_por_activo
55,2015-07-01,2020-07-31,TSLA,global,True,,0.2863949308,0.7497127585,29,29,80,76,27,26,30,31,72,72,40,38,32,31,2.383944207,2.491687767,1.272644784,1.383937836,1.402667605,1.413068645,anclado_por_activo
55,2015-07-01,2020-07-31,TSLA,Tendencia,True,,0.4860169863,0.5987645392,20,18,22,44,12,15,31,32,68,67,40,27,34,35,2.460610116,2.976014448,1.361282128,2.934683153,2.146784447,2.193697086,anclado_por_activo
55,2015-07-01,2020-07-31,TSLA,Reversión,True,,0.6192584512,1.191354416,22,22,15,20,13,14,22,22,76,76,27,27,20,20,1.708230628,1.682435543,1.652752258,1.655175111,3.491107425,3.510992094,anclado_por_activo
55,2015-07-01,2020-07-31,TSLA,Crisis,False,ningún trial con ≥ 5 operaciones,,,,,,,,,,,,,,,,,,,,,,,anclado_por_activo
55,2015-07-01,2020-07-31,META,global,True,,1.133788731,1.278857851,8,8,94,89,17,17,28,27,66,66,13,14,8,8,2.873401075,2.957112837,3.230043478,3.598761366,2.042119997,2.082509466,anclado_por_activo
55,2015-07-01,2020-07-31,META,Tendencia,True,,0.3700181281,0.4973351731,22,21,30,27,23,23,39,40,75,77,13,10,23,21,2.791954539,2.738910129,2.419055478,2.310809501,4.345788439,4.57518348,anclado_por_activo
55,2015-07-01,2020-07-31,META,Reversión,True,,1.198994852,1.44583088,11,11,49,45,25,26,27,27,79,78,15,16,18,18,2.52662582,2.397558052,3.543204489,3.636579174,5.19337583,5.220834888,anclado_por_activo
55,2015-07-01,2020-07-31,META,Crisis,False,ningún trial con ≥ 5 operaciones,,,,,,,,,,,,,,,,,,,,,,,anclado_por_activo
55,2015-07-01,2020-07-31,NFLX,global,True,,1.611132465,1.835019855,28,27,82,86,26,26,38,38,72,70,40,39,7,7,1.762210823,1.806882988,1.751110436,1.707791658,3.238497005,3.591017927,anclado_por_activo
55,2015-07-01,2020-07-31,NFLX,Tendencia,True,,0.5684618186,0.7922543929,21,21,20,19,15,16,36,35,63,71,32,31,8,18,1.867896094,1.906483398,3.115530911,3.222369355,1.65177099,3.685018004,anclado_por_activo
55,2015-07-01,2020-07-31,NFLX,Reversión,True,,1.059786229,1.197353851,27,27,19,11,22,23,37,39,78,77,12,12,33,31,1.874755424,1.846396422,2.803489736,2.644832245,1.252942053,1.261958162,anclado_por_activo
55,2015-07-01,2020-07-31,NFLX,Crisis,False,ningún trial con ≥ 5 operaciones,,,,,,,,,,,,,,,,,,,,,,,anclado_por_activo
55,2015-07-01,2020-07-31,GOOGL,global,True,,1.328030172,1.699349721,8,6,41,47,15,17,36,32,78,76,13,20,37,38,2.355831189,2.351316254,3.760884325,3.868279096,5.750899432,5.603721408,anclado_por_activo
55,2015-07-01,2020-07-31,GOOGL,Tendencia,True,,1.351537226,1.774734768,6,8,96,95,26,27,25,26,76,80,14,15,32,36,2.125856154,2.128482282,3.293873491,3.240024854,2.270595917,2.883068043,anclado_por_activo
55,2015-07-01,2020-07-31,GOOGL,Reversión,True,,1.813031944,2.12265406,8,6,54,56,27,28,30,26,65,65,12,13,9,10,1.901421462,1.834236377,3.333916523,2.254272119,1.223236987,1.916651345,anclado_por_activo
55,2015-07-01,2020-07-31,GOOGL,Crisis,False,ningún trial con ≥ 5 operaciones,,,,,,,,,,,,,,,,,,,,,,,anclado_por_activo
56,2015-07-01,2020-08-31,NVDA,global,True,,0.4053215583,0.9285958138,13,16,92,92,24,23,25,25,65,62,12,10,39,39,2.048933269,1.98781349,1.335719166,1.308466586,4.946644508,4.821169112,anclado_por_activo
56,2015-07-01,2020-08-31,NVDA,Tendencia,True,,1.777733159,2.192825617,28,29,94,100,24,24,31,31,76,77,11,12,16,15,1.942262131,2.008511585,1.923683074,1.637915026,5.616997289,5.64706454,anclado_por_activo
56,2015-07-01,2020-08-31,NVDA,Reversión,True,,0.2020595059,0.1690415161,25,25,89,99,9,7,25,25,72,74,15,16,37,38,2.72143261,2.847642,2.568287528,2.240454179,2.957371605,2.95375254,anclado_por_activo
56,2015-07-01,2020-08-31,NVDA,Crisis,False,ningún trial con ≥ 5 operaciones,,,,,,,,,,,,,,,,,,,,,,,anclado_por_activo
56,2015-07-01,2020-08-31,AMZN,global,True,,1.439446674,1.841060126,28,30,28,31,26,24,38,38,76,77,11,12,39,40,1.678955339,1.663976804,2.046203844,1.82448011,2.749367867,2.755531974,anclado_por_activo
56,2015-07-01,2020-08-31,AMZN,Tendencia,True,,1.108111637,1.328391991,29,30,39,43,17,17,40,40,79,79,26,25,24,24,2.077127784,1.863680517,2.200446755,2.027305766,2.689948758,2.708596712,anclado_por_activo
56,2015-07-01,2020-08-31,AMZN,Reversión,True,,2.196111817,4.359284207,26,24,93,85,26,26,23,23,80,76,14,12,8,8,2.267855957,2.359757723,1.369520063,1.308610317,2.141316504,2.133848364,anclado_por_activo
56,2015-07-01,2020-08-31,AMZN,Crisis,False,ningún trial con ≥ 5 operaciones,,,,,,,,,,,,,,,,,,,,,,,anclado_por_activo
56,2015-07-01,2020-08-31,TSLA,global,True,,0.3656138631,0.6854378797,8,17,14,26,17,24,32,40,74,78,19,32,22,15,1.611373016,2.318832102,2.066046204,2.730240003,1.535769881,4.955897191,anclado_por_activo
56,2015-07-01,2020-08-31,TSLA,Tendencia,True,,1.88424505,2.584303741,27,29,18,11,25,24,36,37,79,78,39,40,33,33,2.669935875,2.500452262,1.288402617,1.055380205,2.109523577,2.129621636,anclado_por_activo
56,2015-07-01,2020-08-31,TSLA,Reversión,True,,0.2909305762,0.9540891344,8,8,96,92,14,13,30,31,71,71,36,34,28,28,2.504235896,2.372707564,1.371999958,1.40407653,5.604755554,5.607865221,anclado_por_activo
56,2015-07-01,2020-08-31,TSLA,Crisis,False,ningún trial con ≥ 5 operaciones,,,,,,,,,,,,,,,,,,,,,,,anclado_por_activo
56,2015-07-01,2020-08-31,META,global,True,,0.9018222332,0.8827036482,16,15,47,49,16,19,38,38,72,74,14,13,10,11,2.474800703,2.393724099,2.611465674,2.471497967,5.088529354,4.654094713,anclado_por_activo
56,2015-07-01,2020-08-31,META,Tendencia,True,,0.3714131946,0.576733927,10,10,47,54,9,9,36,34,73,74,11,19,36,32,1.552653896,1.524502777,3.352153709,3.509806006,5.718528507,5.883525264,anclado_por_activo
56,2015-07-01,2020-08-31,META,Reversión,True,,3.668955178,2.719932093,6,6,18,18,10,9,38,37,68,68,32,31,16,14,2.92752367,2.854330798,2.460002612,2.515688477,4.923860053,5.31778656,anclado_por_activo
56,2015-07-01,2020-08-31,META,Crisis,False,ningún trial con ≥ 5 operaciones,,,,,,,,,,,,,,,,,,,,,,,anclado_por_activo
56,2015-07-01,2020-08-31,NFLX,global,True,,0.7905268885,0.9772520561,28,28,90,96,11,13,36,33,78,77,16,17,8,10,1.815581301,1.865305751,1.385254804,2.367081135,5.16756698,4.820640673,anclado_por_activo
56,2015-07-01,2020-08-31,NFLX,Tendencia,True,,0.9490039832,1.557847717,28,30,34,36,8,8,30,26,77,77,38,37,22,19,1.665275236,1.691058136,1.097316154,1.683975836,5.037072124,4.5217792,anclado_por_activo
56,2015-07-01,2020-08-31,NFLX,Reversión,True,,1.032627305,1.398131651,26,24,23,16,25,28,38,37,78,78,13,12,18,18,1.765632121,1.839001,1.303405989,1.226860064,1.881523803,1.952047346,anclado_por_activo
56,2015-07-01,2020-08-31,NFLX,Crisis,False,ningún trial con ≥ 5 operaciones,,,,,,,,,,,,,,,,,,,,,,,anclado_por_activo
56,2015-07-01,2020-08-31,GOOGL,global,True,,0.5657420946,1.011122197,6,5,38,38,27,27,23,22,68,70,17,19,14,11,1.584361312,1.532683423,2.378849269,2.382965626,5.490811132,5.431833658,anclado_por_activo
56,2015-07-01,2020-08-31,GOOGL,Tendencia,True,,1.378020957,1.64013851,27,25,27,10,21,21,37,39,80,76,21,19,32,29,2.71859584,2.839809423,2.482092271,2.504206077,3.479104143,3.677180878,anclado_por_activo
56,2015-07-01,2020-08-31,GOOGL,Reversión,True,,0.7039654361,1.624855393,22,15,32,53,7,19,39,36,67,70,17,14,20,9,2.153389042,2.479555805,2.893501447,3.178203806,2.071708827,5.052254717,anclado_por_activo
56,2015-07-01,2020-08-31,GOOGL,Crisis,False,ningún trial con ≥ 5 operaciones,,,,,,,,,,,,,,,,,,,,,,,anclado_por_activo
57,2015-07-01,2020-09-30,NVDA,global,True,,1.532788879,1.929347431,6,6,44,55,24,22,30,30,74,73,14,13,9,9,2.051400428,1.94458417,1.356609011,1.32359021,5.52370672,5.684519263,anclado_por_activo
57,2015-07-01,2020-09-30,NVDA,Tendencia,True,,2.31410647,2.223762276,28,27,40,39,25,25,36,37,75,76,13,13,18,20,2.07730916,2.08654466,1.164030406,1.114618412,5.127829419,5.352551852,anclado_por_activo
57,2015-07-01,2020-09-30,NVDA,Reversión,True,,0.5671278446,0.7371391423,20,20,44,52,28,26,37,36,79,75,11,11,37,36,2.327246052,2.441738367,3.541278118,3.675807095,2.049951795,1.220850188,anclado_por_activo
57,2015-07-01,2020-09-30,NVDA,Crisis,False,ningún trial con ≥ 5 operaciones,,,,,,,,,,,,,,,,,,,,,,,anclado_por_activo
57,2015-07-01,2020-09-30,AMZN,global,True,,1.27226186,1.35277241,7,9,81,81,27,25,39,39,78,80,12,12,7,6,2.049599945,2.279834098,2.582605624,2.609797894,4.99963984,4.915895729,anclado_por_activo
57,2015-07-01,2020-09-30,AMZN,Tendencia,True,,0.6735344317,0.8145183435,28,28,89,96,16,16,40,40,79,79,23,22,35,35,1.692347113,1.62690348,3.425378025,3.225032568,5.72954523,5.347903798,anclado_por_activo
57,2015-07-01,2020-09-30,AMZN,Reversión,True,,0.4533369828,0.9367545232,7,8,42,32,7,7,29,29,62,62,13,14,6,5,2.376606037,2.564843898,1.441864434,1.417424648,5.70392544,5.928194873,anclado_por_activo
57,2015-07-01,2020-09-30,AMZN,Crisis,False,ningún trial con ≥ 5 operaciones,,,,,,,,,,,,,,,,,,,,,,,anclado_por_activo
57,2015-07-01,2020-09-30,TSLA,global,True,,0.9683023962,1.188807214,28,27,88,90,21,20,34,34,79,79,35,36,36,38,2.452786518,2.342443782,3.510339579,3.406060964,1.449875997,1.361389849,anclado_por_activo
57,2015-07-01,2020-09-30,TSLA,Tendencia,True,,0.9304957741,2.832379012,6,7,82,82,15,16,32,30,80,80,38,38,12,15,2.64188717,2.540914691,3.831324656,3.575430241,1.33976642,1.125732697,anclado_por_activo
57,2015-07-01,2020-09-30,TSLA,Reversión,True,,0.5308245975,0.5777867311,9,8,16,16,16,16,31,31,64,62,38,36,37,35,2.061562599,2.050179704,2.474207966,2.541866615,4.078786781,4.260178951,anclado_por_activo
57,2015-07-01,2020-09-30,TSLA,Crisis,False,ningún trial con ≥ 5 operaciones,,,,,,,,,,,,,,,,,,,,,,,anclado_por_activo
57,2015-07-01,2020-09-30,META,global,True,,1.373850127,1.499392648,9,10,27,27,27,27,39,40,66,63,26,26,22,22,2.772708365,2.746936629,3.713398003,3.47623977,1.204958297,1.050752426,anclado_por_activo
57,2015-07-01,2020-09-30,META,Tendencia,True,,0.5545431173,0.6903355237,6,5,18,23,27,28,37,37,70,68,31,31,15,15,1.567468916,1.545266537,1.583020762,1.875293122,4.90942647,5.106384617,anclado_por_activo
57,2015-07-01,2020-09-30,META,Reversión,True,,1.034664431,1.479626621,7,6,50,45,8,7,38,38,79,80,37,36,10,9,1.809252796,1.795175266,1.388999191,1.335938792,2.264639498,2.347314954,anclado_por_activo
57,2015-07-01,2020-09-30,META,Crisis,False,ningún trial con ≥ 5 operaciones,,,,,,,,,,,,,,,,,,,,,,,anclado_por_activo
57,2015-07-01,2020-09-30,NFLX,global,True,,0.770282831,1.087607749,28,27,72,54,8,9,29,36,80,80,37,31,23,25,1.653104639,1.58873871,1.491500901,1.479590641,5.295150194,5.145439168,anclado_por_activo
57,2015-07-01,2020-09-30,NFLX,Tendencia,True,,1.339652508,1.297993382,11,11,93,78,14,16,33,35,75,75,16,16,27,30,2.116329682,2.099366161,3.792166129,3.946751448,3.530257264,3.359617392,anclado_por_activo
57,2015-07-01,2020-09-30,NFLX,Reversión,True,,1.271317479,1.40605448,10,10,41,19,26,26,34,36,78,77,12,11,14,16,1.903373148,1.953003655,3.294773342,3.28067731,2.27435317,2.044308354,anclado_por_activo
57,2015-07-01,2020-09-30,NFLX,Crisis,False,ningún trial con ≥ 5 operaciones,,,,,,,,,,,,,,,,,,,,,,,anclado_por_activo
57,2015-07-01,2020-09-30,GOOGL,global,True,,0.8848264206,1.263968372,13,13,24,26,16,16,26,26,78,78,12,13,12,11,2.00036838,2.06722125,2.599127922,2.671966159,1.853678872,1.763983943,anclado_por_activo
57,2015-07-01,2020-09-30,GOOGL,Tendencia,True,,0.8010293395,0.9146609732,19,16,62,71,26,26,20,20,72,75,16,15,26,25,1.636353909,1.75686805,2.176160218,2.232772442,3.195771926,3.170628282,anclado_por_activo
57,2015-07-01,2020-09-30,GOOGL,Reversión,True,,1.631245533,1.631245533,7,10,73,69,25,27,35,36,74,74,35,34,10,10,1.796891765,1.796891765,3.624274944,3.624274944,2.360718888,2.360718888,anclado_por_activo
57,2015-07-01,2020-09-30,GOOGL,Crisis,False,ningún trial con ≥ 5 operaciones,,,,,,,,,,,,,,,,,,,,,,,anclado_por_activo
58,2015-07-01,2020-10-30,NVDA,global,True,,1.036340152,1.772547492,28,27,92,95,16,18,22,21,80,77,14,14,21,23,2.088608835,2.013216131,1.276961201,1.634768994,4.668973949,4.565903261,anclado_por_activo
58,2015-07-01,2020-10-30,NVDA,Tendencia,True,,1.737616202,2.351110819,24,22,94,96,25,25,22,22,76,75,12,12,12,12,2.00850096,1.972823104,1.252951827,1.182172857,5.834344874,5.831572171,anclado_por_activo
58,2015-07-01,2020-10-30,NVDA,Reversión,True,,0.2662250249,0.2429410107,13,15,85,84,25,26,36,36,75,74,30,33,38,40,1.654552398,1.680799035,1.275688271,1.644472075,5.550054356,5.999507009,anclado_por_activo
58,2015-07-01,2020-10-30,NVDA,Crisis,False,ningún trial con ≥ 5 operaciones,,,,,,,,,,,,,,,,,,,,,,,anclado_por_activo
58,2015-07-01,2020-10-30,AMZN,global,True,,0.7869747957,1.762807688,5,5,39,39,26,27,38,39,76,74,27,26,28,29,2.137835957,2.120005549,2.758681544,2.753571447,1.968229554,1.852733693,anclado_por_activo
58,2015-07-01,2020-10-30,AMZN,Tendencia,True,,0.7529659296,0.7986940011,30,29,96,88,25,25,37,33,74,74,17,15,20,22,2.291152005,2.516826383,1.459841214,1.158911799,2.852001273,3.264122132,anclado_por_activo
58,2015-07-01,2020-10-30,AMZN,Reversión,True,,1.87785849,2.742627993,21,21,41,53,24,25,35,35,76,74,11,11,30,29,2.107760694,2.161399551,1.388285414,1.231499205,2.171923235,2.179156154,anclado_por_activo
58,2015-07-01,2020-10-30,AMZN,Crisis,False,ningún trial con ≥ 5 operaciones,,,,,,,,,,,,,,,,,,,,,,,anclado_por_activo
58,2015-07-01,2020-10-30,TSLA,global,True,,0.6526967103,0.7353553644,30,30,90,95,21,19,36,36,69,69,38,37,7,6,2.894115746,2.864433801,2.800287082,2.934703785,1.253877793,1.264866986,anclado_por_activo
58,2015-07-01,2020-10-30,TSLA,Tendencia,True,,0.7236733142,0.7239990807,12,12,74,76,19,17,37,37,79,80,39,39,39,40,2.913958643,2.889156226,3.605500363,3.74595331,5.455721712,5.525202871,anclado_por_activo
58,2015-07-01,2020-10-30,TSLA,Reversión,True,,1.059227549,1.23852877,6,6,18,28,24,23,40,40,61,61,23,25,30,33,2.326179776,2.213968789,2.348485831,2.192015753,5.334342415,5.29377878,anclado_por_activo
58,2015-07-01,2020-10-30,TSLA,Crisis,False,ningún trial con ≥ 5 operaciones,,,,,,,,,,,,,,,,,,,,,,,anclado_por_activo
58,2015-07-01,2020-10-30,META,global,True,,0.9998366781,1.289291345,9,7,37,40,10,9,39,39,79,79,34,34,35,35,2.928933354,2.909323332,3.453045147,3.197109849,4.031625994,3.990865127,anclado_por_activo
58,2015-07-01,2020-10-30,META,Tendencia,True,,0.4217691843,0.3978810607,7,7,40,35,7,7,39,36,79,77,22,21,21,23,2.487692793,2.387546846,3.208397647,2.630917648,2.352088015,2.168543814,anclado_por_activo
58,2015-07-01,2020-10-30,META,Reversión,True,,0.5867223102,1.389584382,19,22,20,12,8,7,36,33,77,75,37,40,9,10,1.723911066,1.689907817,3.711912924,3.904792418,1.971154345,1.971154345,anclado_por_activo
58,2015-07-01,2020-10-30,META,Crisis,False,ningún trial con ≥ 5 operaciones,,,,,,,,,,,,,,,,,,,,,,,anclado_por_activo
58,2015-07-01,2020-10-30,NFLX,global,True,,0.9347066396,0.9702651838,20,18,68,74,8,8,23,23,78,77,38,37,36,36,1.690315277,1.790072483,2.225180438,1.9523756,3.417867083,3.474907684,anclado_por_activo
58,2015-07-01,2020-10-30,NFLX,Tendencia,True,,1.3286069,1.546862959,19,18,49,45,24,24,38,37,70,71,40,39,31,27,2.940707186,2.911975552,3.690469687,3.690469687,2.9591197,3.106724793,anclado_por_activo
58,2015-07-01,2020-10-30,NFLX,Reversión,True,,0.3902063416,0.9746963355,16,9,84,82,23,7,22,40,75,74,36,13,23,19,1.700549282,1.852363596,3.245272466,1.052075645,3.42577971,2.057461162,anclado_por_activo
58,2015-07-01,2020-10-30,NFLX,Crisis,False,ningún trial con ≥ 5 operaciones,,,,,,,,,,,,,,,,,,,,,,,anclado_por_activo
58,2015-07-01,2020-10-30,GOOGL,global,True,,0.6315009325,0.990566378,12,11,32,34,26,25,24,20,79,76,16,18,8,10,1.950753945,1.947264062,1.936082434,1.712656329,2.965155771,3.050318143,anclado_por_activo
58,2015-07-01,2020-10-30,GOOGL,Tendencia,True,,0.6705882089,0.7148210959,7,10,74,78,26,25,39,40,78,79,39,39,34,34,2.338794408,2.419175252,3.114450565,2.85648963,3.683272536,3.460535676,anclado_por_activo
58,2015-07-01,2020-10-30,GOOGL,Reversión,True,,0.9346550477,1.344678989,22,25,17,23,28,27,22,20,75,76,11,10,6,5,1.906225056,1.783728596,3.674056613,3.948711263,5.163920108,5.201039729,anclado_por_activo
58,2015-07-01,2020-10-30,GOOGL,Crisis,False,ningún trial con ≥ 5 operaciones,,,,,,,,,,,,,,,,,,,,,,,anclado_por_activo
59,2015-07-01,2020-11-30,NVDA,global,True,,0.658708191,0.7520358767,20,20,66,67,20,20,30,30,79,79,40,40,8,7,1.690224781,1.668106741,3.31840947,3.791447609,2.964085752,3.373051537,anclado_por_activo
59,2015-07-01,2020-11-30,NVDA,Tendencia,True,,1.527077703,1.621844395,29,30,88,84,24,23,22,20,78,78,12,12,30,34,1.645095775,1.647885561,3.833563298,3.748324343,2.798647794,2.853603123,anclado_por_activo
59,2015-07-01,2020-11-30,NVDA,Reversión,True,,0.4745664362,0.4179732605,27,27,88,92,27,27,37,37,77,78,34,31,6,6,1.92705753,1.936003128,1.31060266,1.139486663,5.653998515,5.970426682,anclado_por_activo
59,2015-07-01,2020-11-30,NVDA,Crisis,False,ningún trial con ≥ 5 operaciones,,,,,,,,,,,,,,,,,,,,,,,anclado_por_activo
59,2015-07-01,2020-11-30,AMZN,global,True,,1.200170233,2.006435438,5,5,14,13,14,14,32,31,80,80,22,25,10,9,1.923384466,2.045264689,3.781886796,3.874852919,5.041439687,5.05269822,anclado_por_activo
59,2015-07-01,2020-11-30,AMZN,Tendencia,True,,0.6926554748,0.6402632084,28,28,28,27,27,25,40,39,79,79,32,34,8,8,1.796054676,1.734593125,2.060491084,2.070362343,4.688653338,5.201967083,anclado_por_activo
59,2015-07-01,2020-11-30,AMZN,Reversión,True,,0.5728918156,0.9721290353,8,7,74,77,26,26,36,36,79,79,31,31,10,9,1.782048424,1.936059498,1.165374396,1.200424874,1.954116342,1.941925135,anclado_por_activo
59,2015-07-01,2020-11-30,AMZN,Crisis,False,ningún trial con ≥ 5 operaciones,,,,,,,,,,,,,,,,,,,,,,,anclado_por_activo
59,2015-07-01,2020-11-30,TSLA,global,True,,0.5185608601,0.6552656065,10,13,82,84,11,11,21,20,77,75,37,37,38,35,2.841877206,2.718406981,2.811515172,2.804071082,1.273017253,1.261741107,anclado_por_activo
59,2015-07-01,2020-11-30,TSLA,Tendencia,True,,1.483219484,2.095501991,20,22,36,30,27,27,37,39,77,77,30,29,6,6,2.938132768,2.953385079,3.787542602,3.76142535,5.483537895,5.513541038,anclado_por_activo
59,2015-07-01,2020-11-30,TSLA,Reversión,True,,0.2909976288,0.3647204278,22,23,62,66,26,25,32,30,77,77,38,37,35,33,1.738663887,1.624876734,2.217150202,2.146758676,3.990692927,4.263671763,anclado_por_activo
59,2015-07-01,2020-11-30,TSLA,Crisis,False,ningún trial con ≥ 5 operaciones,,,,,,,,,,,,,,,,,,,,,,,anclado_por_activo
59,2015-07-01,2020-11-30,META,global,True,,0.376951334,0.7773867062,6,10,18,22,10,13,25,40,62,62,38,32,30,29,2.902880356,2.905830694,3.827449761,3.739704013,5.463881984,5.886688203,anclado_por_activo
59,2015-07-01,2020-11-30,META,Tendencia,True,,0.9460398296,1.15982317,11,16,29,13,11,21,22,24,75,73,13,12,16,21,2.833017658,2.811338522,3.617512977,3.617512977,4.963843727,5.199305844,anclado_por_activo
59,2015-07-01,2020-11-30,META,Reversión,True,,1.509289501,2.487654687,28,29,81,89,8,8,27,26,79,80,22,22,6,6,2.613721901,2.603813951,2.948325864,2.971831066,1.223381528,1.265020602,anclado_por_activo
59,2015-07-01,2020-11-30,META,Crisis,False,ningún trial con ≥ 5 operaciones,,,,,,,,,,,,,,,,,,,,,,,anclado_por_activo
59,2015-07-01,2020-11-30,NFLX,global,True,,0.9633530918,1.133124508,14,16,44,44,28,28,37,35,71,71,34,37,36,37,2.04742934,1.964572656,1.764352274,1.759558094,2.280153633,2.225660996,anclado_por_activo
59,2015-07-01,2020-11-30,NFLX,Tendencia,True,,0.685708278,0.8543284455,27,26,92,92,12,12,21,22,62,64,36,36,34,32,1.875897467,1.811276467,3.278597078,3.327947717,2.013687881,2.048272143,anclado_por_activo
59,2015-07-01,2020-11-30,NFLX,Reversión,True,,1.129074059,1.253321533,28,27,70,66,27,27,38,38,75,76,24,22,6,6,1.766741783,1.860510355,2.435880183,2.668969993,2.41793209,2.261812224,anclado_por_activo
59,2015-07-01,2020-11-30,NFLX,Crisis,False,ningún trial con ≥ 5 operaciones,,,,,,,,,,,,,,,,,,,,,,,anclado_por_activo
59,2015-07-01,2020-11-30,GOOGL,global,True,,0.7092492037,0.8131896585,28,27,72,74,27,25,38,37,72,66,17,19,38,34,1.593383346,1.588430525,3.150411449,3.926763771,3.335558445,2.817780613,anclado_por_activo
59,2015-07-01,2020-11-30,GOOGL,Tendencia,True,,0.8729475122,1.171548675,12,11,97,87,20,20,36,37,78,77,14,14,26,28,2.477671214,2.482080538,2.39865211,2.478233011,1.547850691,1.747891804,anclado_por_activo
59,2015-07-01,2020-11-30,GOOGL,Reversión,True,,1.282705255,2.156723563,13,13,27,33,13,13,39,39,68,68,15,17,6,5,2.086679063,2.086679063,3.75091602,3.75091602,3.771989161,3.74033222,anclado_por_activo
59,2015-07-01,2020-11-30,GOOGL,Crisis,False,ningún trial con ≥ 5 operaciones,,,,,,,,,,,,,,,,,,,,,,,anclado_por_activo
60,2015-07-01,2020-12-31,NVDA,global,True,,0.7585973179,1.132595244,11,11,18,12,16,16,38,38,80,80,12,13,19,23,1.991748719,2.016821119,1.566690276,1.62836846,5.765868662,5.68352122,anclado_por_activo
60,2015-07-01,2020-12-31,NVDA,Tendencia,True,,2.886251022,2.701869175,6,5,13,16,24,24,21,21,77,77,18,20,8,8,1.695801724,1.685480489,3.577595115,3.68997556,4.65817886,4.29476488,anclado_por_activo
60,2015-07-01,2020-12-31,NVDA,Reversión,True,,0.5554754601,0.8227327495,25,25,86,82,12,10,38,38,79,78,13,12,36,37,2.635209541,2.657821621,2.470581878,2.49341153,5.498228716,4.932291918,anclado_por_activo
60,2015-07-01,2020-12-31,NVDA,Crisis,False,ningún trial con ≥ 5 operaciones,,,,,,,,,,,,,,,,,,,,,,,anclado_por_activo
60,2015-07-01,2020-12-31,AMZN,global,True,,1.355563638,1.850395819,16,16,81,86,24,24,37,37,74,71,15,16,12,9,2.624486858,2.670842489,1.907755277,1.761134805,1.483979685,1.483979685,anclado_por_activo
60,2015-07-01,2020-12-31,AMZN,Tendencia,True,,0.9842229495,1.235945287,10,12,88,86,26,26,34,33,74,73,22,21,35,35,2.48171923,2.465569364,1.413738021,1.192225877,4.022890182,4.229997767,anclado_por_activo
60,2015-07-01,2020-12-31,AMZN,Reversión,True,,2.387471212,2.470276975,6,8,18,11,28,28,36,37,78,79,13,12,12,12,1.745693165,1.665649963,1.802037219,1.899212544,1.515874534,1.811678901,anclado_por_activo
60,2015-07-01,2020-12-31,AMZN,Crisis,False,ningún trial con ≥ 5 operaciones,,,,,,,,,,,,,,,,,,,,,,,anclado_por_activo
60,2015-07-01,2020-12-31,TSLA,global,True,,0.7371346491,0.9168244707,13,12,71,71,21,22,39,39,75,73,22,21,28,28,2.729214968,2.810667022,3.665331289,3.915279973,4.770595152,5.660778494,anclado_por_activo
60,2015-07-01,2020-12-31,TSLA,Tendencia,True,,0.7869672857,0.9090095426,21,19,24,21,8,8,20,20,70,70,11,12,23,23,2.901328656,2.708669099,3.678427632,3.746715612,5.74586618,5.834820427,anclado_por_activo
60,2015-07-01,2020-12-31,TSLA,Reversión,True,,0.7943321664,0.889295081,11,11,68,67,15,14,23,23,76,78,34,34,8,7,1.936689939,1.892024522,1.381762766,1.321014456,1.30510139,1.143571185,anclado_por_activo
60,2015-07-01,2020-12-31,TSLA,Crisis,False,ningún trial con ≥ 5 operaciones,,,,,,,,,,,,,,,,,,,,,,,anclado_por_activo
60,2015-07-01,2020-12-31,META,global,True,,0.3285788372,0.8674803798,6,5,27,21,10,10,22,22,79,80,34,34,25,27,1.938262765,1.852937791,3.452891248,3.339504438,2.863608923,2.863608923,anclado_por_activo
60,2015-07-01,2020-12-31,META,Tendencia,True,,1.185377208,1.482417395,6,6,12,12,25,24,25,26,72,72,38,39,27,27,1.723441669,1.544785424,1.693152885,1.650629038,4.532129275,4.54502841,anclado_por_activo
60,2015-07-01,2020-12-31,META,Reversión,True,,2.935209022,3.13103471,9,9,56,57,24,24,40,40,61,61,25,24,10,10,2.545612466,2.501054829,3.784094425,3.589589078,1.20328828,1.327372194,anclado_por_activo
60,2015-07-01,2020-12-31,META,Crisis,False,ningún trial con ≥ 5 operaciones,,,,,,,,,,,,,,,,,,,,,,,anclado_por_activo
60,2015-07-01,2020-12-31,NFLX,global,True,,0.188390816,1.172924532,28,28,51,44,10,11,33,32,76,78,13,28,5,5,2.951539937,2.957864857,1.375216703,2.750938618,4.681969084,4.964211535,anclado_por_activo
60,2015-07-01,2020-12-31,NFLX,Tendencia,True,,0.6145552497,0.7899373419,18,19,92,88,10,9,32,32,74,74,34,33,7,7,2.837715737,2.896617817,1.94490828,1.841923897,5.506223897,5.372563372,anclado_por_activo
60,2015-07-01,2020-12-31,NFLX,Reversión,True,,1.098101216,1.308547365,6,6,92,86,24,22,34,32,77,77,34,34,11,14,2.05649268,2.032732974,1.16091108,1.009849072,1.744383267,1.765079277,anclado_por_activo
60,2015-07-01,2020-12-31,NFLX,Crisis,False,ningún trial con ≥ 5 operaciones,,,,,,,,,,,,,,,,,,,,,,,anclado_por_activo
60,2015-07-01,2020-12-31,GOOGL,global,True,,0.8037953214,0.8241716043,26,28,19,18,28,25,39,36,63,63,15,13,14,12,1.981330693,2.018516734,3.713999116,3.827356825,1.829987587,1.907512462,anclado_por_activo
60,2015-07-01,2020-12-31,GOOGL,Tendencia,True,,1.217648547,3.350534663,16,22,75,37,22,19,39,36,73,74,11,15,8,8,2.858783577,2.720736672,1.200277386,1.519034679,1.434996761,1.736380583,anclado_por_activo
60,2015-07-01,2020-12-31,GOOGL,Reversión,True,,1.379884805,1.503900555,7,6,47,36,26,27,39,40,70,70,13,13,10,12,1.772381712,1.772381712,3.829979352,3.829979352,3.801749613,4.124380488,anclado_por_activo
60,2015-07-01,2020-12-31,GOOGL,Crisis,False,ningún trial con ≥ 5 operaciones,,,,,,,,,,,,,,,,,,,,,,,anclado_por_activo
61,2015-07-01,2021-01-29,NVDA,global,True,,1.03922537,1.260205446,20,21,94,89,26,28,38,38,77,77,34,33,6,6,2.358878594,2.376950078,1.223474065,1.219248321,4.302044134,4.302234809,anclado_por_activo
61,2015-07-01,2021-01-29,NVDA,Tendencia,True,,1.904772395,2.158416304,20,20,44,52,24,24,25,24,75,78,10,10,32,32,2.020782098,1.980549424,3.857409475,3.852139674,4.028396347,3.792434308,anclado_por_activo
61,2015-07-01,2021-01-29,NVDA,Reversión,True,,0.3476674836,0.3928381172,28,28,92,98,16,16,29,30,76,75,12,10,7,6,2.155911698,2.126599363,1.962739808,1.95299543,2.273367699,1.800701159,anclado_por_activo
61,2015-07-01,2021-01-29,NVDA,Crisis,False,ningún trial con ≥ 5 operaciones,,,,,,,,,,,,,,,,,,,,,,,anclado_por_activo
61,2015-07-01,2021-01-29,AMZN,global,True,,0.8799857709,1.020982301,28,8,58,48,21,21,38,39,77,79,22,40,28,7,1.608382971,2.654437891,1.301030718,2.090346323,4.845371869,4.592663284,anclado_por_activo
61,2015-07-01,2021-01-29,AMZN,Tendencia,True,,1.2803574,1.27713325,10,11,35,35,16,16,21,22,80,80,21,21,29,29,2.683296022,2.665374127,1.252586064,1.308667773,5.668321232,5.668321232,anclado_por_activo
61,2015-07-01,2021-01-29,AMZN,Reversión,True,,1.795243527,2.129012715,25,28,53,47,27,25,38,36,77,75,12,12,7,6,2.251377599,2.358500718,1.319509904,1.332154598,5.545145462,5.253516932,anclado_por_activo
61,2015-07-01,2021-01-29,AMZN,Crisis,False,ningún trial con ≥ 5 operaciones,,,,,,,,,,,,,,,,,,,,,,,anclado_por_activo
61,2015-07-01,2021-01-29,TSLA,global,True,,0.9831976877,1.499735608,10,5,18,29,21,24,33,34,80,75,37,27,22,30,2.403111147,2.304556505,3.879133182,3.581008902,4.233223408,5.204688204,anclado_por_activo
61,2015-07-01,2021-01-29,TSLA,Tendencia,True,,0.261409479,0.3650512652,24,27,40,35,8,7,37,34,65,64,35,36,28,30,2.274872749,2.067502652,2.894598913,2.873849825,5.295555618,5.490005568,anclado_por_activo
61,2015-07-01,2021-01-29,TSLA,Reversión,True,,0.3720293077,0.4296171859,7,6,93,93,26,27,32,29,73,72,20,19,19,20,2.141987614,2.212918424,1.561091432,1.414352996,2.507406518,2.385086662,anclado_por_activo
61,2015-07-01,2021-01-29,TSLA,Crisis,False,ningún trial con ≥ 5 operaciones,,,,,,,,,,,,,,,,,,,,,,,anclado_por_activo
61,2015-07-01,2021-01-29,META,global,True,,0.5194219002,0.7497216387,18,6,16,64,13,17,37,37,79,65,14,30,22,26,1.875510461,2.846716802,1.586825871,2.249838605,5.359240513,4.800410428,anclado_por_activo
61,2015-07-01,2021-01-29,META,Tendencia,True,,1.330682746,1.54336178,9,7,16,19,24,23,35,35,68,67,31,31,30,31,2.87352465,2.811328241,1.14916184,1.163971054,3.827959808,3.793659369,anclado_por_activo
61,2015-07-01,2021-01-29,META,Reversión,True,,0.7268562467,1.231293775,26,26,19,18,14,20,23,26,64,65,13,24,6,6,2.409181407,2.189905649,3.40792394,3.029244518,3.824415899,3.69334499,anclado_por_activo
61,2015-07-01,2021-01-29,META,Crisis,False,ningún trial con ≥ 5 operaciones,,,,,,,,,,,,,,,,,,,,,,,anclado_por_activo
61,2015-07-01,2021-01-29,NFLX,global,True,,0.9399998863,1.139518114,26,23,70,71,7,7,33,33,78,78,29,30,34,34,2.711906319,2.708339574,2.445953933,2.291227293,2.285313137,2.582453881,anclado_por_activo
61,2015-07-01,2021-01-29,NFLX,Tendencia,True,,1.713390957,1.67169151,16,17,30,26,18,18,38,39,76,75,27,28,10,8,1.565485798,1.519378624,3.452281823,3.363508869,5.728023247,5.834677308,anclado_por_activo
61,2015-07-01,2021-01-29,NFLX,Reversión,True,,0.3969437234,0.5045289867,29,29,26,28,23,20,21,21,78,78,32,32,21,21,1.854620776,1.863145788,3.648028418,3.662944772,3.563048099,3.812292406,anclado_por_activo
61,2015-07-01,2021-01-29,NFLX,Crisis,False,ningún trial con ≥ 5 operaciones,,,,,,,,,,,,,,,,,,,,,,,anclado_por_activo
61,2015-07-01,2021-01-29,GOOGL,global,True,,1.010895052,1.237619282,6,5,78,71,7,7,39,39,74,76,12,11,27,26,2.774207091,2.77975366,1.881947401,1.881947401,3.860597493,4.033813817,anclado_por_activo
61,2015-07-01,2021-01-29,GOOGL,Tendencia,True,,0.3758460632,0.8364179012,7,10,72,55,26,26,30,22,78,77,22,40,34,12,2.386040582,1.880591922,2.174504698,3.843461766,1.157553646,3.343491484,anclado_por_activo
61,2015-07-01,2021-01-29,GOOGL,Reversión,True,,2.70073063,2.896444438,8,5,43,43,20,22,32,34,63,64,19,20,16,22,2.595115382,2.583329779,3.769476833,3.504654567,1.24194975,1.524561204,anclado_por_activo
61,2015-07-01,2021-01-29,GOOGL,Crisis,False,ningún trial con ≥ 5 operaciones,,,,,,,,,,,,,,,,,,,,,,,anclado_por_activo
62,2015-07-01,2021-02-26,NVDA,global,True,,0.4000891326,0.7995278878,21,19,40,31,10,10,40,40,80,80,29,29,32,32,2.936018257,2.928200522,3.540783005,3.706345762,4.636008261,4.24267823,anclado_por_activo
62,2015-07-01,2021-02-26,NVDA,Tendencia,True,,0.01776662342,0.8085789474,24,26,18,15,8,16,38,37,79,79,27,28,14,34,2.538205198,2.860233992,3.007304762,2.859897245,1.549172436,1.798883145,anclado_por_activo
62,2015-07-01,2021-02-26,NVDA,Reversión,True,,0.4173372646,0.525094732,29,29,95,96,20,20,25,27,78,78,22,22,23,21,1.577653386,1.528167635,3.365391882,3.411260725,3.040686899,3.035284713,anclado_por_activo
62,2015-07-01,2021-02-26,NVDA,Crisis,False,ningún trial con ≥ 5 operaciones,,,,,,,,,,,,,,,,,,,,,,,anclado_por_activo
62,2015-07-01,2021-02-26,AMZN,global,True,,0.7434226425,0.7460084175,28,30,18,19,26,27,25,26,75,74,22,23,31,30,2.640717755,2.67576212,1.470324088,1.304370497,4.437366165,4.54840301,anclado_por_activo
62,2015-07-01,2021-02-26,AMZN,Tendencia,True,,0.4557581178,1.086615274,12,12,14,20,28,27,24,22,76,80,21,21,14,18,2.275413855,2.242363949,1.05799127,1.015701067,5.525658869,5.423155174,anclado_por_activo
62,2015-07-01,2021-02-26,AMZN,Reversión,True,,1.226404529,1.8407893,15,14,46,71,27,20,27,31,79,75,11,11,7,6,2.043462289,2.293664526,3.506323078,3.861858674,4.769951444,4.867028951,anclado_por_activo
62,2015-07-01,2021-02-26,AMZN,Crisis,False,ningún trial con ≥ 5 operaciones,,,,,,,,,,,,,,,,,,,,,,,anclado_por_activo
62,2015-07-01,2021-02-26,TSLA,global,True,,1.481669434,1.312751375,23,19,91,74,20,20,40,40,78,76,22,21,22,23,2.693281162,2.699807866,3.57460248,3.877260405,1.418063445,1.346670163,anclado_por_activo
62,2015-07-01,2021-02-26,TSLA,Tendencia,True,,1.417596968,1.46780702,12,13,14,16,27,26,24,22,76,76,12,12,31,29,2.0973344,2.100121199,2.916310811,2.875431601,1.435155356,1.402545866,anclado_por_activo
62,2015-07-01,2021-02-26,TSLA,Reversión,True,,0.3820556552,0.453120255,7,8,22,22,19,21,32,32,76,77,39,36,11,10,1.762609628,1.566931753,1.493625367,1.508120718,3.529901475,3.526589336,anclado_por_activo
62,2015-07-01,2021-02-26,TSLA,Crisis,True,,0.8741329014,0.8741329014,21,21,43,43,9,9,34,34,74,74,23,23,13,13,1.585418243,1.585418243,2.931861765,2.931861765,4.479438956,4.479438956,anclado_por_activo
62,2015-07-01,2021-02-26,META,global,True,,1.317306876,1.262655928,8,8,67,54,22,22,21,21,65,66,12,12,26,28,2.805950201,2.852505792,3.81469947,3.703862548,5.238709792,5.570146958,anclado_por_activo
62,2015-07-01,2021-02-26,META,Tendencia,True,,0.8598353364,1.215474059,6,9,44,26,9,15,26,28,79,80,28,27,16,12,2.79454887,2.755410409,3.83801171,3.622898665,4.901173762,4.720192659,anclado_por_activo
62,2015-07-01,2021-02-26,META,Reversión,True,,1.327457474,1.891328977,10,8,13,12,8,7,34,32,77,79,21,22,6,6,2.359872528,2.359872528,2.720839878,2.750341136,5.495282772,5.178395381,anclado_por_activo
62,2015-07-01,2021-02-26,META,Crisis,False,ningún trial con ≥ 5 operaciones,,,,,,,,,,,,,,,,,,,,,,,anclado_por_activo
62,2015-07-01,2021-02-26,NFLX,global,True,,0.5704513027,1.42036139,29,30,50,44,8,9,34,36,78,80,38,38,30,30,2.143022949,2.246051302,3.800529714,3.776891843,4.883466153,4.861946148,anclado_por_activo
62,2015-07-01,2021-02-26,NFLX,Tendencia,True,,1.351570147,1.531316661,26,25,24,28,20,21,35,35,70,68,38,37,38,39,2.89738675,2.867904818,2.137847518,2.067196323,3.326851617,3.560737147,anclado_por_activo
62,2015-07-01,2021-02-26,NFLX,Reversión,True,,0.6935795813,0.7666611347,25,25,49,49,11,9,33,36,63,63,13,14,36,34,1.659835411,1.774332559,2.950777766,3.020985198,1.336601401,1.374335284,anclado_por_activo
62,2015-07-01,2021-02-26,NFLX,Crisis,False,ningún trial con ≥ 5 operaciones,,,,,,,,,,,,,,,,,,,,,,,anclado_por_activo
62,2015-07-01,2021-02-26,GOOGL,global,True,,1.049904997,1.285363425,5,5,93,99,26,25,24,23,64,64,12,12,16,16,2.059840535,2.030282234,2.945161252,2.712565422,2.239401936,2.229922197,anclado_por_activo
62,2015-07-01,2021-02-26,GOOGL,Tendencia,True,,1.501104241,3.210346645,22,25,42,37,16,16,34,34,66,65,14,14,6,6,2.886393108,2.982313118,2.754795118,2.851141315,2.334460971,2.533965896,anclado_por_activo
62,2015-07-01,2021-02-26,GOOGL,Reversión,True,,0.2299903952,1.178577989,18,18,56,57,26,26,28,27,74,74,39,37,26,26,1.645038248,1.643275899,3.806604998,3.968986436,1.206976117,1.197900138,anclado_por_activo
62,2015-07-01,2021-02-26,GOOGL,Crisis,False,ningún trial con ≥ 5 operaciones,,,,,,,,,,,,,,,,,,,,,,,anclado_por_activo
63,2015-07-01,2021-03-31,NVDA,global,True,,1.437520003,1.798963648,13,10,12,22,24,22,27,28,79,74,15,15,36,35,2.198684183,2.245668183,3.66694682,3.484988214,5.845414429,5.90576103,anclado_por_activo
63,2015-07-01,2021-03-31,NVDA,Tendencia,True,,1.247816683,0.6921807842,8,11,46,59,20,23,30,30,73,71,16,17,36,35,2.282762694,2.367968125,1.900631076,1.900022105,1.902565389,2.227232331,anclado_por_activo
63,2015-07-01,2021-03-31,NVDA,Reversión,True,,0.48175855,0.6106734181,9,8,90,90,20,20,36,33,61,60,16,13,39,37,2.555269263,2.540708473,1.306570495,1.21687462,5.358135694,5.164469646,anclado_por_activo
63,2015-07-01,2021-03-31,NVDA,Crisis,False,ningún trial con ≥ 5 operaciones,,,,,,,,,,,,,,,,,,,,,,,anclado_por_activo
63,2015-07-01,2021-03-31,AMZN,global,True,,0.9506134158,1.186401693,27,27,90,91,12,12,21,22,77,76,12,12,17,15,2.254368324,2.327407961,2.190557787,2.177444007,1.662867618,1.709300311,anclado_por_activo
63,2015-07-01,2021-03-31,AMZN,Tendencia,True,,0.05140407071,0.4028762324,26,22,76,75,18,17,34,36,79,79,36,37,10,12,2.405511942,2.394681253,1.936517317,2.031690996,1.336651748,1.306173801,anclado_por_activo
63,2015-07-01,2021-03-31,AMZN,Reversión,True,,1.578207683,1.735628773,28,29,32,32,24,24,36,36,79,80,11,11,23,27,1.783570427,1.680617833,1.589010958,1.551505243,2.191591855,2.195264099,anclado_por_activo
63,2015-07-01,2021-03-31,AMZN,Crisis,False,ningún trial con ≥ 5 operaciones,,,,,,,,,,,,,,,,,,,,,,,anclado_por_activo
63,2015-07-01,2021-03-31,TSLA,global,True,,0.7174563711,0.7482965158,7,9,80,88,15,15,33,33,72,73,40,40,6,6,2.668943084,2.717350773,3.602260362,3.547269903,5.701199805,5.880681137,anclado_por_activo
63,2015-07-01,2021-03-31,TSLA,Tendencia,True,,1.220315474,1.459529736,28,27,84,83,27,28,39,39,77,76,10,10,31,31,2.688836094,2.604047254,3.106391399,3.173622573,5.282304767,5.282304767,anclado_por_activo
63,2015-07-01,2021-03-31,TSLA,Reversión,True,,0.2764065499,0.5129480181,10,6,91,94,14,13,23,27,80,80,30,32,18,18,1.690438271,1.649229978,1.628348933,1.622799669,3.673499224,5.323049026,anclado_por_activo
63,2015-07-01,2021-03-31,TSLA,Crisis,False,ningún trial con ≥ 5 operaciones,,,,,,,,,,,,,,,,,,,,,,,anclado_por_activo
63,2015-07-01,2021-03-31,META,global,True,,0.8940169664,1.141301091,27,22,60,81,10,10,39,40,76,76,28,32,36,38,2.729101615,2.832234682,1.643386373,1.852064512,4.947984796,4.839538251,anclado_por_activo
63,2015-07-01,2021-03-31,META,Tendencia,True,,0.5584701714,0.5857516196,21,21,38,49,15,15,36,37,72,72,36,40,33,34,2.670984282,2.566398656,3.183495199,3.13169284,5.410001425,5.622783277,anclado_por_activo
63,2015-07-01,2021-03-31,META,Reversión,True,,2.119892347,2.029909445,28,26,69,69,7,8,28,28,78,74,22,22,5,5,2.318731816,2.258813559,3.56519989,3.512566621,5.523047471,5.735184651,anclado_por_activo
63,2015-07-01,2021-03-31,META,Crisis,True,,0.1045253666,0.1811639473,20,19,66,67,10,11,38,39,62,61,11,11,6,5,1.538521419,1.542323332,1.288114099,1.215923544,1.845231493,1.529933989,anclado_por_activo
63,2015-07-01,2021-03-31,NFLX,global,True,,1.154611052,1.153958007,28,27,53,58,13,13,35,36,76,76,11,11,22,19,1.918911453,1.928711828,2.883067873,2.93272817,1.160299138,1.155999141,anclado_por_activo
63,2015-07-01,2021-03-31,NFLX,Tendencia,True,,0.953592142,1.259446046,10,10,89,91,27,27,22,22,72,73,17,16,31,28,1.982926324,2.055517753,1.588517225,1.654839109,4.83670262,4.798970624,anclado_por_activo
63,2015-07-01,2021-03-31,NFLX,Reversión,True,,0.8117397158,1.334148623,24,24,57,57,9,9,39,40,60,61,14,14,12,16,2.345517849,2.400290885,1.203761774,1.164843934,2.081087097,2.083504281,anclado_por_activo
63,2015-07-01,2021-03-31,NFLX,Crisis,False,ningún trial con ≥ 5 operaciones,,,,,,,,,,,,,,,,,,,,,,,anclado_por_activo
63,2015-07-01,2021-03-31,GOOGL,global,True,,1.087344713,1.196678221,8,10,18,12,10,9,38,37,80,80,22,23,30,30,2.603682101,2.584533832,2.025813228,2.019295455,5.665340923,5.995147336,anclado_por_activo
63,2015-07-01,2021-03-31,GOOGL,Tendencia,True,,0.1772745686,0.4472853482,16,15,18,21,16,15,39,40,75,70,16,13,31,31,1.591739381,1.649618123,3.810466062,3.58374712,2.118058916,2.147760636,anclado_por_activo
63,2015-07-01,2021-03-31,GOOGL,Reversión,True,,1.137803075,2.157762031,6,5,57,48,11,11,23,24,62,62,13,15,5,5,2.076108695,2.096322895,2.22889614,2.479765804,3.743305575,3.958299681,anclado_por_activo
63,2015-07-01,2021-03-31,GOOGL,Crisis,False,ningún trial con ≥ 5 operaciones,,,,,,,,,,,,,,,,,,,,,,,anclado_por_activo
64,2015-07-01,2021-04-30,NVDA,global,True,,0.7636855124,1.19693152,29,30,97,95,8,7,22,22,80,80,15,18,34,33,2.215162033,2.276931043,1.347413322,1.163288325,2.670259253,2.801621333,anclado_por_activo
64,2015-07-01,2021-04-30,NVDA,Tendencia,True,,1.119740404,1.301073177,28,26,98,87,8,12,40,40,61,64,27,26,31,31,2.918860528,2.965158749,3.926482236,3.777321838,5.452232402,5.887084417,anclado_por_activo
64,2015-07-01,2021-04-30,NVDA,Reversión,True,,0.9684449902,0.6910355879,11,10,15,30,13,14,39,38,78,73,12,10,10,10,2.339227474,2.283658428,2.101466394,2.799722266,5.231308658,5.416281803,anclado_por_activo
64,2015-07-01,2021-04-30,NVDA,Crisis,False,ningún trial con ≥ 5 operaciones,,,,,,,,,,,,,,,,,,,,,,,anclado_por_activo
64,2015-07-01,2021-04-30,AMZN,global,True,,0.7403536055,1.045210505,24,22,18,19,27,27,37,39,76,77,21,21,29,24,2.401082321,2.356943804,1.21676238,1.338462528,5.357125717,5.795493337,anclado_por_activo
64,2015-07-01,2021-04-30,AMZN,Tendencia,True,,1.1034016,1.139216606,26,27,95,90,15,13,37,38,80,80,35,35,28,28,1.614942683,1.529698611,3.744897667,3.760879184,2.13262436,2.448810908,anclado_por_activo
64,2015-07-01,2021-04-30,AMZN,Reversión,True,,0.8823758337,1.386421919,9,10,64,53,28,28,37,37,77,78,11,10,16,17,2.014047097,1.880546976,3.198188673,3.301822738,1.907494491,2.180405389,anclado_por_activo
64,2015-07-01,2021-04-30,AMZN,Crisis,False,ningún trial con ≥ 5 operaciones,,,,,,,,,,,,,,,,,,,,,,,anclado_por_activo
64,2015-07-01,2021-04-30,TSLA,global,True,,0.7475794167,0.9925978336,6,5,56,56,23,22,37,38,78,79,33,33,12,9,2.536261332,2.667318033,3.578607656,3.498518982,5.565008919,5.232099005,anclado_por_activo
64,2015-07-01,2021-04-30,TSLA,Tendencia,True,,1.339260503,2.343018822,28,27,16,15,27,26,38,38,77,78,39,40,34,33,2.839655461,2.646560365,3.014090493,3.404729353,1.639312255,1.633313339,anclado_por_activo
64,2015-07-01,2021-04-30,TSLA,Reversión,True,,0.7159036242,0.8249170034,13,14,17,17,27,27,39,39,76,79,30,30,38,39,1.998541048,2.022643179,2.339149617,2.239370225,5.579821595,5.92728004,anclado_por_activo
64,2015-07-01,2021-04-30,TSLA,Crisis,True,,0.22090208,1.238821555,26,25,42,51,8,7,30,27,62,63,20,25,8,5,1.550736722,1.553997662,3.808576036,3.849727304,2.575509856,2.738923463,anclado_por_activo
64,2015-07-01,2021-04-30,META,global,True,,0.8291123794,0.9197533623,29,30,20,24,10,10,27,27,77,78,34,33,24,27,2.924349389,2.986098988,3.54188314,3.314339163,1.954131187,1.973536681,anclado_por_activo
64,2015-07-01,2021-04-30,META,Tendencia,True,,0.6637627586,1.013303711,7,6,44,42,26,26,36,35,66,66,36,36,24,23,2.897150465,2.943587448,3.412800221,3.328262617,3.436017488,3.126043023,anclado_por_activo
64,2015-07-01,2021-04-30,META,Reversión,True,,1.592978851,1.592978851,16,16,11,19,7,8,21,20,75,73,23,23,6,6,2.602286719,2.603978098,2.044378123,2.131214406,5.489192568,3.944326758,anclado_por_activo
64,2015-07-01,2021-04-30,META,Crisis,False,ningún trial con ≥ 5 operaciones,,,,,,,,,,,,,,,,,,,,,,,anclado_por_activo
64,2015-07-01,2021-04-30,NFLX,global,True,,0.4237468394,0.835709785,28,28,86,97,11,12,39,40,65,66,36,35,36,30,1.883303765,2.130082543,2.62445871,2.631191592,5.612918333,5.582736207,anclado_por_activo
64,2015-07-01,2021-04-30,NFLX,Tendencia,True,,0.8442754735,1.297603662,28,12,92,16,12,28,39,35,62,62,20,16,36,25,2.109042744,2.051182644,3.774352878,3.997776818,5.486077259,5.620424052,anclado_por_activo
64,2015-07-01,2021-04-30,NFLX,Reversión,True,,0.1529230046,0.7388385852,27,26,78,90,10,9,40,40,63,61,25,25,38,36,2.795063426,2.798506191,3.891176123,3.88262371,1.262481464,1.032349149,anclado_por_activo
64,2015-07-01,2021-04-30,NFLX,Crisis,False,ningún trial con ≥ 5 operaciones,,,,,,,,,,,,,,,,,,,,,,,anclado_por_activo
64,2015-07-01,2021-04-30,GOOGL,global,True,,1.015779387,1.426589965,6,5,66,68,12,12,30,30,76,74,14,13,37,37,2.232812545,2.318948736,3.715160598,3.50432866,3.863612032,3.868157653,anclado_por_activo
64,2015-07-01,2021-04-30,GOOGL,Tendencia,True,,0.5543005146,0.7523771138,18,18,18,23,27,27,35,35,68,71,18,18,38,37,2.090994637,2.001061616,3.790543631,3.640030737,5.585014344,5.7733499,anclado_por_activo
64,2015-07-01,2021-04-30,GOOGL,Reversión,True,,1.428368382,1.466538528,7,5,91,93,23,25,38,38,80,79,13,13,7,9,2.398618619,2.37971106,1.267422063,1.325948293,5.735080834,5.956040545,anclado_por_activo
64,2015-07-01,2021-04-30,GOOGL,Crisis,False,ningún trial con ≥ 5 operaciones,,,,,,,,,,,,,,,,,,,,,,,anclado_por_activo
65,2015-07-01,2021-05-28,NVDA,global,True,,0.8862763225,1.057918766,13,9,96,93,28,27,29,29,75,76,11,12,28,27,2.391587145,2.342561279,3.651284588,3.875424507,4.442868426,4.672839352,anclado_por_activo
65,2015-07-01,2021-05-28,NVDA,Tendencia,True,,1.633721277,2.169826963,14,14,16,13,28,28,38,38,79,76,14,16,27,26,2.193717636,2.229191233,1.497476253,1.426006029,5.63274991,5.405306601,anclado_por_activo
65,2015-07-01,2021-05-28,NVDA,Reversión,True,,0.2158634069,0.6391165132,9,8,92,92,26,25,20,20,71,69,20,20,5,6,1.983489235,1.820645193,3.484699813,3.678441817,2.138306664,1.31404098,anclado_por_activo
65,2015-07-01,2021-05-28,NVDA,Crisis,False,ningún trial con ≥ 5 operaciones,,,,,,,,,,,,,,,,,,,,,,,anclado_por_activo
65,2015-07-01,2021-05-28,AMZN,global,True,,0.875506168,1.463575206,28,29,88,89,26,28,38,38,76,74,17,23,22,21,2.635973639,2.603516617,2.199236103,1.998270185,2.721126426,2.117446268,anclado_por_activo
65,2015-07-01,2021-05-28,AMZN,Tendencia,True,,0.8305424993,1.030109316,30,30,19,19,25,27,39,40,72,71,13,14,5,8,2.687049484,2.838985266,3.472813625,3.105031225,5.62603701,5.455674452,anclado_por_activo
65,2015-07-01,2021-05-28,AMZN,Reversión,True,,0.4945769536,0.4748892143,24,15,23,19,14,12,40,40,78,78,19,20,14,14,2.054696758,2.298895014,1.173001542,2.51047049,2.063657651,2.199903973,anclado_por_activo
65,2015-07-01,2021-05-28,AMZN,Crisis,False,ningún trial con ≥ 5 operaciones,,,,,,,,,,,,,,,,,,,,,,,anclado_por_activo
65,2015-07-01,2021-05-28,TSLA,global,True,,0.5245866504,1.150167586,13,15,86,73,26,25,38,37,75,76,20,20,33,34,2.716331602,2.78681562,1.412000583,1.392088483,2.247697415,2.653355451,anclado_por_activo
65,2015-07-01,2021-05-28,TSLA,Tendencia,True,,0.913681085,0.9297090811,6,7,60,72,26,25,35,33,78,79,33,32,6,6,2.566771462,2.568559054,1.392337612,1.365692587,2.955661546,2.866036618,anclado_por_activo
65,2015-07-01,2021-05-28,TSLA,Reversión,True,,0.7281043983,0.8324506184,11,11,29,28,21,23,38,38,67,67,18,17,34,33,2.495275952,2.563459794,1.253177179,1.10069409,4.06158539,3.806038895,anclado_por_activo
65,2015-07-01,2021-05-28,TSLA,Crisis,True,,0.5498323019,0.5498323019,30,30,20,20,8,8,31,31,72,72,15,15,13,13,2.122953227,2.122953227,1.373894159,1.373894159,3.002013058,3.002013058,anclado_por_activo
65,2015-07-01,2021-05-28,META,global,True,,1.391974554,1.418118919,30,30,48,44,7,7,37,36,79,79,20,19,11,12,2.625097928,2.594610407,2.423817956,2.557998024,5.436024861,5.444761559,anclado_por_activo
65,2015-07-01,2021-05-28,META,Tendencia,True,,1.176690112,1.275296523,16,16,12,10,28,26,20,21,66,64,26,23,9,9,2.782526384,2.772173855,3.721037068,3.929981647,5.423129165,5.269444683,anclado_por_activo
65,2015-07-01,2021-05-28,META,Reversión,True,,1.022532427,1.077934114,10,12,86,86,27,25,34,34,74,73,10,11,24,24,2.400119032,2.344441922,3.628952927,3.67991382,2.63769968,2.793117318,anclado_por_activo
65,2015-07-01,2021-05-28,META,Crisis,False,ningún trial con ≥ 5 operaciones,,,,,,,,,,,,,,,,,,,,,,,anclado_por_activo
65,2015-07-01,2021-05-28,NFLX,global,True,,1.167479361,1.515544232,20,19,51,52,11,11,39,40,61,61,18,17,31,30,2.055733621,2.044030114,3.829169205,3.762044796,4.578333078,4.610014992,anclado_por_activo
65,2015-07-01,2021-05-28,NFLX,Tendencia,True,,1.194094741,1.683395118,14,20,18,34,20,17,36,34,74,75,34,38,32,35,2.051270713,2.148873688,3.613816682,3.583760815,3.221552625,3.411682572,anclado_por_activo
65,2015-07-01,2021-05-28,NFLX,Reversión,True,,0.5755078869,0.8148514973,14,15,47,47,10,12,21,23,62,61,31,31,25,23,2.523355585,2.523355585,1.22985663,1.012473116,1.730131336,1.426020928,anclado_por_activo
65,2015-07-01,2021-05-28,NFLX,Crisis,False,ningún trial con ≥ 5 operaciones,,,,,,,,,,,,,,,,,,,,,,,anclado_por_activo
65,2015-07-01,2021-05-28,GOOGL,global,True,,1.495350812,1.609334727,5,6,60,61,24,24,24,24,66,66,14,14,10,10,2.567516901,2.527219746,3.653427531,3.640708504,4.691534352,3.808337729,anclado_por_activo
65,2015-07-01,2021-05-28,GOOGL,Tendencia,True,,0.6431874289,0.5842552388,28,26,14,14,23,23,37,36,68,68,38,37,34,38,2.195646416,2.197802743,3.704991851,3.701456666,2.852690435,3.111692694,anclado_por_activo
65,2015-07-01,2021-05-28,GOOGL,Reversión,True,,1.955026796,2.714293921,15,15,15,10,27,27,28,28,65,66,17,17,11,11,1.980396584,1.980396584,1.238400519,1.12475876,4.937751245,4.937751245,anclado_por_activo
65,2015-07-01,2021-05-28,GOOGL,Crisis,False,ningún trial con ≥ 5 operaciones,,,,,,,,,,,,,,,,,,,,,,,anclado_por_activo
66,2015-07-01,2021-06-30,NVDA,global,True,,0.5690498337,0.6130360892,26,8,15,90,15,7,34,38,80,72,29,15,33,31,1.621325378,2.19339931,3.750003936,1.095579304,5.279606481,5.968292926,anclado_por_activo
66,2015-07-01,2021-06-30,NVDA,Tendencia,True,,1.037432297,1.016126365,26,27,34,38,11,11,24,23,77,77,11,10,20,22,1.941105112,2.005412872,3.062788476,2.997023415,5.452393286,5.877364067,anclado_por_activo
66,2015-07-01,2021-06-30,NVDA,Reversión,True,,0.536426944,0.5493319851,22,20,88,97,11,11,26,26,72,72,31,31,6,6,2.429434781,2.35420257,3.775377808,3.711270903,5.631091633,5.382049437,anclado_por_activo
66,2015-07-01,2021-06-30,NVDA,Crisis,True,,0.2770637662,0.3851985962,29,30,92,82,9,8,39,39,66,67,18,18,31,32,1.867133098,1.869400834,1.279118894,1.17457515,4.198107619,4.198107619,anclado_por_activo
66,2015-07-01,2021-06-30,AMZN,global,True,,1.18556254,1.23398859,9,8,84,89,27,28,38,38,72,74,12,12,36,36,1.821189514,1.821118951,1.747083479,1.558251191,3.028416117,2.977482928,anclado_por_activo
66,2015-07-01,2021-06-30,AMZN,Tendencia,True,,1.027350153,3.484176121,6,7,65,63,27,28,39,40,73,71,14,15,33,33,2.554848534,2.515658365,1.822622179,1.659009044,1.282598817,1.062000032,anclado_por_activo
66,2015-07-01,2021-06-30,AMZN,Reversión,True,,1.596900929,1.620300344,10,10,77,84,16,15,32,31,78,76,12,12,29,31,1.743848241,1.693336923,1.589301117,1.633879474,2.103563167,2.040029051,anclado_por_activo
66,2015-07-01,2021-06-30,AMZN,Crisis,False,ningún trial con ≥ 5 operaciones,,,,,,,,,,,,,,,,,,,,,,,anclado_por_activo
66,2015-07-01,2021-06-30,TSLA,global,True,,0.7827649708,1.308042638,6,7,44,30,24,23,40,39,78,77,33,33,34,33,2.410843967,2.337747311,2.799660689,2.703494091,4.754007638,4.915107381,anclado_por_activo
66,2015-07-01,2021-06-30,TSLA,Tendencia,True,,0.6657910303,0.8486148624,26,29,74,77,24,24,39,38,76,76,24,23,30,30,2.500318478,2.585378445,3.753285209,3.833361954,4.474864108,5.05865454,anclado_por_activo
66,2015-07-01,2021-06-30,TSLA,Reversión,True,,0.1500860396,0.2581297526,15,11,70,65,10,10,34,37,69,69,30,22,36,37,1.810793197,2.226876974,1.419214725,1.42826239,5.642424412,5.893358214,anclado_por_activo
66,2015-07-01,2021-06-30,TSLA,Crisis,True,,2.303537574,2.43093971,29,30,92,93,12,13,39,39,72,72,29,24,34,38,1.761458087,1.796157781,1.085816018,1.023130965,2.229184088,2.224699333,anclado_por_activo
66,2015-07-01,2021-06-30,META,global,True,,1.638756688,2.123915589,10,10,65,62,11,10,36,34,78,80,32,36,10,10,2.861570502,2.9924287,2.272506952,2.01743783,4.799654647,5.065735207,anclado_por_activo
66,2015-07-01,2021-06-30,META,Tendencia,True,,1.373262217,1.596463443,23,22,82,82,24,23,36,36,69,74,36,37,24,19,2.96256019,2.951992199,1.362926417,1.392024767,1.441468288,1.582373469,anclado_por_activo
66,2015-07-01,2021-06-30,META,Reversión,True,,2.61809067,2.721928609,29,30,83,82,26,25,22,22,63,63,20,18,8,8,2.869920208,2.632064581,1.843012982,1.799653835,1.240304766,1.2956375,anclado_por_activo
66,2015-07-01,2021-06-30,META,Crisis,True,,0.127530198,0.1722028978,21,22,97,97,8,8,39,39,71,72,11,11,28,29,1.724392895,1.7587049,3.229474519,3.229474519,2.737671242,2.942998932,anclado_por_activo
66,2015-07-01,2021-06-30,NFLX,global,True,,0.7612527161,1.006806963,28,28,19,21,25,25,38,38,78,78,38,39,6,6,1.708651921,1.566640303,1.753573162,1.764148807,5.614343683,5.87027583,anclado_por_activo
66,2015-07-01,2021-06-30,NFLX,Tendencia,True,,0.7796946087,0.8343081202,14,16,56,52,22,23,34,34,64,64,39,40,34,34,2.820351548,2.818110441,1.113482464,1.095268053,2.667434942,3.059184393,anclado_por_activo
66,2015-07-01,2021-06-30,NFLX,Reversión,True,,0.1501555291,0.4958506107,20,24,60,65,22,24,30,33,70,69,32,25,36,40,2.290243564,2.445637124,1.2944883,1.332071649,1.596831675,1.720406895,anclado_por_activo
66,2015-07-01,2021-06-30,NFLX,Crisis,False,ningún trial con ≥ 5 operaciones,,,,,,,,,,,,,,,,,,,,,,,anclado_por_activo
66,2015-07-01,2021-06-30,GOOGL,global,True,,0.6768491972,0.9248594874,12,12,44,31,28,28,38,39,67,66,23,23,15,13,2.599852479,2.566653838,3.340402594,3.151797585,1.722979544,1.989775378,anclado_por_activo
66,2015-07-01,2021-06-30,GOOGL,Tendencia,True,,0.3512982234,0.9896004384,7,6,45,35,16,16,34,34,79,72,36,33,34,27,2.066107121,2.912890632,1.259069949,1.762811773,3.154568706,3.519555297,anclado_por_activo
66,2015-07-01,2021-06-30,GOOGL,Reversión,True,,3.502443304,3.467657022,25,24,78,80,18,18,29,29,71,70,13,13,32,31,2.465096365,2.455409149,1.521706913,1.605983941,1.982694283,1.523361604,anclado_por_activo
66,2015-07-01,2021-06-30,GOOGL,Crisis,False,ningún trial con ≥ 5 operaciones,,,,,,,,,,,,,,,,,,,,,,,anclado_por_activo
67,2015-07-01,2021-07-30,NVDA,global,True,,0.3969891222,0.5973250637,13,12,22,26,27,26,28,23,68,65,16,16,29,29,2.327392408,2.448251541,1.778654298,1.486308552,2.455764595,2.817484384,anclado_por_activo
67,2015-07-01,2021-07-30,NVDA,Tendencia,True,,1.423772147,1.476103297,6,7,16,14,20,21,22,20,80,79,34,32,10,10,1.695912311,1.715813156,3.859452153,3.760443545,3.965157587,4.187963715,anclado_por_activo
67,2015-07-01,2021-07-30,NVDA,Reversión,True,,0.8134768024,0.814175114,16,18,95,95,14,14,39,39,78,78,20,22,33,30,2.619582778,2.730254935,1.344428487,1.45939995,5.637989017,5.430127878,anclado_por_activo
67,2015-07-01,2021-07-30,NVDA,Crisis,True,,0.2193323546,0.5025190927,28,26,36,45,9,9,38,39,69,70,25,23,38,39,1.802623216,1.802623216,1.092753962,1.092753962,5.658789311,5.686873416,anclado_por_activo
67,2015-07-01,2021-07-30,AMZN,global,True,,0.3649743887,0.4452310636,20,22,42,43,9,9,21,20,61,61,11,10,7,5,2.896023113,2.944919605,2.95289956,3.083772549,3.765623196,4.150706306,anclado_por_activo
67,2015-07-01,2021-07-30,AMZN,Tendencia,True,,0.7805240298,0.6298078637,19,19,94,93,26,25,22,22,74,74,34,33,38,40,1.746870309,1.832344139,3.782534333,3.859579668,2.251241103,2.127281289,anclado_por_activo
67,2015-07-01,2021-07-30,AMZN,Reversión,True,,1.998137161,2.002325064,21,21,18,23,16,18,34,35,79,79,38,38,24,28,1.953639108,2.006017699,1.125722704,1.184484054,1.290027983,1.374846438,anclado_por_activo
67,2015-07-01,2021-07-30,AMZN,Crisis,False,ningún trial con ≥ 5 operaciones,,,,,,,,,,,,,,,,,,,,,,,anclado_por_activo
67,2015-07-01,2021-07-30,TSLA,global,True,,1.66059569,2.006086413,25,23,61,62,24,24,36,37,79,79,31,32,36,39,2.916063859,2.994120432,2.558302618,2.654994695,1.805846934,1.97761992,anclado_por_activo
67,2015-07-01,2021-07-30,TSLA,Tendencia,True,,1.558968106,1.251541926,23,22,92,94,26,28,34,33,80,80,12,12,32,31,2.035535435,2.104818651,2.869197448,3.037806464,1.459977852,1.539485489,anclado_por_activo
67,2015-07-01,2021-07-30,TSLA,Reversión,True,,0.5673663748,1.195455283,7,6,26,25,12,10,22,20,76,76,34,33,33,33,1.963057669,1.967898606,1.36286789,1.403228744,1.401689938,1.402886224,anclado_por_activo
67,2015-07-01,2021-07-30,TSLA,Crisis,False,ningún trial con ≥ 5 operaciones,,,,,,,,,,,,,,,,,,,,,,,anclado_por_activo
67,2015-07-01,2021-07-30,META,global,True,,0.9591501855,2.181387535,8,5,12,18,8,8,37,36,74,75,35,34,8,11,2.963239199,2.958725684,2.339960947,2.549444297,4.051811898,3.931610825,anclado_por_activo
67,2015-07-01,2021-07-30,META,Tendencia,True,,0.4691477498,0.7048367338,6,6,15,17,11,11,37,37,79,79,16,16,22,25,2.020022868,2.019345998,3.459817771,3.060695705,5.318718015,5.709535292,anclado_por_activo
67,2015-07-01,2021-07-30,META,Reversión,True,,0.9267691831,1.057119581,20,21,44,37,19,19,26,26,77,77,12,12,30,28,2.519664376,2.520847449,1.196997257,1.198723729,4.958382387,5.248727638,anclado_por_activo
67,2015-07-01,2021-07-30,META,Crisis,True,,0.1923665024,0.1962905647,20,21,88,97,8,9,38,40,68,66,26,26,39,39,1.587249771,1.63914081,2.183915327,2.101420498,1.023087227,1.005136505,anclado_por_activo
67,2015-07-01,2021-07-30,NFLX,global,True,,1.278242457,1.327774949,12,13,87,92,10,11,38,40,80,79,30,28,24,24,1.731046581,1.719924092,1.540806506,1.569609092,4.617126479,4.519026683,anclado_por_activo
67,2015-07-01,2021-07-30,NFLX,Tendencia,True,,1.168283823,1.345689247,22,22,78,72,7,7,29,29,80,80,34,34,38,39,2.840152681,2.906077326,1.231167235,1.1991443,5.549076689,5.204620045,anclado_por_activo
67,2015-07-01,2021-07-30,NFLX,Reversión,True,,0.3232931119,0.6181497907,6,8,81,77,18,19,30,31,80,79,38,35,24,27,1.676075366,1.737838061,1.489340349,1.728522028,5.44964194,4.955679255,anclado_por_activo
67,2015-07-01,2021-07-30,NFLX,Crisis,False,ningún trial con ≥ 5 operaciones,,,,,,,,,,,,,,,,,,,,,,,anclado_por_activo
67,2015-07-01,2021-07-30,GOOGL,global,True,,0.5144415889,0.8522494344,18,18,97,98,11,11,22,22,79,80,22,22,35,35,2.46572867,2.403317345,2.588590749,2.735201042,2.835177476,2.802544708,anclado_por_activo
67,2015-07-01,2021-07-30,GOOGL,Tendencia,True,,0.8556559634,1.030303388,20,19,36,36,11,12,22,23,77,77,13,14,32,31,2.529252003,2.560084763,2.561679052,2.517741799,3.315202223,3.114401282,anclado_por_activo
67,2015-07-01,2021-07-30,GOOGL,Reversión,True,,0.8511795082,1.198830269,17,15,40,52,24,25,39,40,74,75,16,16,24,23,2.044062583,2.051686154,1.62851444,1.490422341,5.71508602,5.881260489,anclado_por_activo
67,2015-07-01,2021-07-30,GOOGL,Crisis,False,ningún trial con ≥ 5 operaciones,,,,,,,,,,,,,,,,,,,,,,,anclado_por_activo
68,2015-07-01,2021-08-31,NVDA,global,True,,1.16158621,2.297769743,29,29,74,72,21,20,21,21,77,79,16,15,37,37,2.129730518,2.413259357,1.553506046,1.457983298,4.575465789,4.496595707,anclado_por_activo
68,2015-07-01,2021-08-31,NVDA,Tendencia,True,,2.390625515,2.550893758,25,24,95,97,26,28,21,21,75,75,11,10,28,28,1.786323026,2.031136789,3.826232555,3.813836139,5.099078932,4.98277903,anclado_por_activo
68,2015-07-01,2021-08-31,NVDA,Reversión,True,,0.9083103914,0.6965362648,25,21,85,89,19,23,28,30,78,78,20,21,17,17,1.835096287,1.82728861,2.516567115,3.051666938,1.807549722,1.845221328,anclado_por_activo
68,2015-07-01,2021-08-31,NVDA,Crisis,True,,0.1342580014,0.1342580014,29,29,82,82,10,10,39,39,62,62,14,14,36,36,1.648433283,1.648433283,1.842666311,1.842666311,2.00629083,2.00629083,anclado_por_activo
68,2015-07-01,2021-08-31,AMZN,global,True,,0.6560113272,0.7510930171,16,14,92,94,27,27,37,40,78,77,12,13,36,33,2.365833355,2.471479953,2.013813011,2.174125959,1.828315773,1.565164824,anclado_por_activo
68,2015-07-01,2021-08-31,AMZN,Tendencia,True,,0.6151435498,0.7169357313,28,30,98,85,18,18,34,34,79,79,19,21,36,34,1.906672644,2.144901132,3.702524467,3.740455973,1.615301185,2.376342873,anclado_por_activo
68,2015-07-01,2021-08-31,AMZN,Reversión,True,,1.172437305,1.41524189,25,24,94,98,20,16,34,32,73,73,34,37,23,23,2.842218341,2.852465097,1.963663661,2.292273648,1.804362403,2.169089108,anclado_por_activo
68,2015-07-01,2021-08-31,AMZN,Crisis,False,ningún trial con ≥ 5 operaciones,,,,,,,,,,,,,,,,,,,,,,,anclado_por_activo
68,2015-07-01,2021-08-31,TSLA,global,True,,0.4850819333,1.009784795,16,17,88,88,25,25,29,27,74,72,25,25,32,35,2.782968005,2.792064652,1.368180103,1.323962792,1.361125275,1.161061729,anclado_por_activo
68,2015-07-01,2021-08-31,TSLA,Tendencia,True,,0.732281051,1.092998231,5,6,38,36,26,28,29,29,74,72,12,12,30,30,2.031058159,2.091353956,1.401438498,1.372164607,1.368981012,1.658891164,anclado_por_activo
68,2015-07-01,2021-08-31,TSLA,Reversión,True,,0.2315269793,0.4926320448,6,7,90,93,14,13,22,20,77,79,35,38,37,38,2.514099217,2.519742203,1.259209682,1.070550147,5.313915013,5.708761618,anclado_por_activo
68,2015-07-01,2021-08-31,TSLA,Crisis,True,,1.229089636,1.292670242,23,23,78,90,9,10,40,40,63,63,14,13,36,36,1.808173721,1.868203113,1.798722659,1.853092557,2.569762527,2.202460722,anclado_por_activo
68,2015-07-01,2021-08-31,META,global,True,,0.6580491862,0.94935029,7,5,89,89,16,15,34,33,79,79,26,26,22,24,2.683004911,2.635767207,1.709095905,1.720792079,5.410414025,5.497748889,anclado_por_activo
68,2015-07-01,2021-08-31,META,Tendencia,True,,0.4239570253,0.6738423245,16,14,90,93,12,13,23,25,62,62,28,31,9,9,2.770675947,2.685001109,2.280913115,2.185975196,1.853729499,1.947817236,anclado_por_activo
68,2015-07-01,2021-08-31,META,Reversión,True,,1.458526935,1.827150018,6,6,17,16,8,7,40,37,72,73,20,21,12,14,2.462711877,2.370576776,3.541903566,3.397504379,5.46492228,5.205012943,anclado_por_activo
68,2015-07-01,2021-08-31,META,Crisis,False,ningún trial con ≥ 5 operaciones,,,,,,,,,,,,,,,,,,,,,,,anclado_por_activo
68,2015-07-01,2021-08-31,NFLX,global,True,,0.8013765693,0.8473483201,17,16,74,79,22,22,33,31,71,71,32,32,22,22,2.922504382,2.97733258,3.392752536,3.066308794,2.54739582,2.653915991,anclado_por_activo
68,2015-07-01,2021-08-31,NFLX,Tendencia,True,,0.7170439229,0.9618211993,12,14,70,43,9,10,33,38,64,65,17,17,37,36,2.834605339,2.557749468,3.774348406,3.822451833,1.583758753,1.745979144,anclado_por_activo
68,2015-07-01,2021-08-31,NFLX,Reversión,True,,0.7058251124,0.5313154993,29,29,76,74,10,11,22,23,65,65,17,14,34,32,2.532576309,2.497974531,1.564764053,1.498588234,2.222853277,2.208514818,anclado_por_activo
68,2015-07-01,2021-08-31,NFLX,Crisis,False,ningún trial con ≥ 5 operaciones,,,,,,,,,,,,,,,,,,,,,,,anclado_por_activo
68,2015-07-01,2021-08-31,GOOGL,global,True,,0.6384509823,0.8479663723,7,8,18,18,27,24,23,29,76,76,18,18,32,34,1.698558294,2.13264291,2.797190853,2.413619657,5.190266221,5.359421982,anclado_por_activo
68,2015-07-01,2021-08-31,GOOGL,Tendencia,True,,0.4010156393,0.5264745037,10,13,96,99,20,19,34,35,75,74,12,10,34,37,1.560353439,1.544606505,3.914315236,3.951454277,5.019912082,5.067124325,anclado_por_activo
68,2015-07-01,2021-08-31,GOOGL,Reversión,True,,1.078507421,1.237135965,9,11,56,53,20,20,37,38,77,77,14,14,26,25,1.995831377,1.953883111,1.893781175,1.838884088,4.880302291,4.779618329,anclado_por_activo
68,2015-07-01,2021-08-31,GOOGL,Crisis,False,ningún trial con ≥ 5 operaciones,,,,,,,,,,,,,,,,,,,,,,,anclado_por_activo
69,2015-07-01,2021-09-30,NVDA,global,True,,0.5289014791,1.07868626,28,29,88,99,9,7,22,23,79,79,15,15,38,37,2.086709735,2.135404435,1.790215535,1.553133639,5.355115885,5.666589385,anclado_por_activo
69,2015-07-01,2021-09-30,NVDA,Tendencia,True,,0.9841903246,1.143532338,26,26,35,35,27,28,22,22,76,75,17,17,28,27,1.85388302,1.825204025,1.942019448,1.740957801,4.403489572,4.378463697,anclado_por_activo
69,2015-07-01,2021-09-30,NVDA,Reversión,True,,0.7357419013,1.073497201,28,27,31,35,12,11,39,38,72,74,11,17,29,34,2.968354822,2.752610819,1.188145562,1.164559294,5.84557175,5.892626999,anclado_por_activo
69,2015-07-01,2021-09-30,NVDA,Crisis,False,ningún trial con ≥ 5 operaciones,,,,,,,,,,,,,,,,,,,,,,,anclado_por_activo
69,2015-07-01,2021-09-30,AMZN,global,True,,0.751534764,1.351450716,18,19,88,88,27,27,36,37,75,75,16,21,35,39,2.249886284,2.320966893,1.836592693,1.723625895,2.302167002,2.825934433,anclado_por_activo
69,2015-07-01,2021-09-30,AMZN,Tendencia,True,,0.732842131,1.131535376,13,12,91,99,25,22,38,36,79,79,14,16,22,29,2.620097976,2.650601713,3.072193773,2.959178325,1.504528322,1.950353965,anclado_por_activo
69,2015-07-01,2021-09-30,AMZN,Reversión,True,,0.661241322,0.7894863842,7,7,48,30,27,27,37,39,79,80,13,16,34,35,1.857591206,1.971894571,1.13142515,1.071004584,5.52927461,5.895753155,anclado_por_activo
69,2015-07-01,2021-09-30,AMZN,Crisis,False,ningún trial con ≥ 5 operaciones,,,,,,,,,,,,,,,,,,,,,,,anclado_por_activo
69,2015-07-01,2021-09-30,TSLA,global,True,,1.238699743,1.732616468,25,29,22,14,19,21,32,35,79,80,39,38,35,36,2.641330282,2.659437405,2.529963597,2.371255554,1.191011334,1.823585056,anclado_por_activo
69,2015-07-01,2021-09-30,TSLA,Tendencia,True,,0.8632592577,0.8300952042,8,9,34,35,22,23,34,35,79,79,11,11,22,22,2.46558559,2.46558559,2.996283988,3.209470359,5.202185727,4.647586861,anclado_por_activo
69,2015-07-01,2021-09-30,TSLA,Reversión,True,,0.3315578389,0.3579653359,16,16,20,17,18,19,33,32,78,78,18,18,30,30,1.664947199,1.661412137,3.676872225,3.731743869,1.127521751,1.058824782,anclado_por_activo
69,2015-07-01,2021-09-30,TSLA,Crisis,True,,1.044908138,1.048244243,29,29,35,35,7,7,30,31,77,77,27,27,5,5,1.964502159,1.846482862,1.03258935,1.001623185,3.661727934,3.661727934,anclado_por_activo
69,2015-07-01,2021-09-30,META,global,True,,1.032567492,1.064588337,16,12,96,97,28,27,31,31,69,67,35,33,21,18,2.93285385,2.933518098,1.149155162,1.166495119,5.488654988,5.266059449,anclado_por_activo
69,2015-07-01,2021-09-30,META,Tendencia,True,,0.4727989307,0.5435745564,29,29,34,34,14,14,26,25,74,76,31,31,21,20,2.689985024,2.310270528,3.661363214,3.717640921,2.071416725,2.099340742,anclado_por_activo
69,2015-07-01,2021-09-30,META,Reversión,True,,0.7748153983,1.285846806,21,18,76,71,8,7,31,32,78,78,28,28,33,33,2.324993879,2.349309037,3.665821972,3.551912862,1.547040971,1.71965598,anclado_por_activo
69,2015-07-01,2021-09-30,META,Crisis,False,ningún trial con ≥ 5 operaciones,,,,,,,,,,,,,,,,,,,,,,,anclado_por_activo
69,2015-07-01,2021-09-30,NFLX,global,True,,0.9121752964,0.8134991848,22,21,84,76,10,11,38,40,74,75,36,36,36,33,2.886674101,2.982276809,1.725804126,1.54426227,1.848539465,1.924279463,anclado_por_activo
69,2015-07-01,2021-09-30,NFLX,Tendencia,True,,0.9551899044,1.259694433,21,25,88,87,11,15,33,37,67,66,27,27,32,39,2.481904337,2.336467935,3.792914952,3.280689589,1.552385049,1.624005601,anclado_por_activo
69,2015-07-01,2021-09-30,NFLX,Reversión,True,,0.243938611,0.5980300352,25,18,94,89,26,27,36,33,79,74,17,24,38,38,2.454071503,2.572122622,1.250647124,1.078246623,3.607707707,3.105282295,anclado_por_activo
69,2015-07-01,2021-09-30,NFLX,Crisis,False,ningún trial con ≥ 5 operaciones,,,,,,,,,,,,,,,,,,,,,,,anclado_por_activo
69,2015-07-01,2021-09-30,GOOGL,global,True,,1.496527742,1.527584562,6,5,28,23,22,23,21,21,78,78,15,16,10,9,2.187099136,2.112727596,2.307253457,2.252774864,4.6738858,4.966234829,anclado_por_activo
69,2015-07-01,2021-09-30,GOOGL,Tendencia,True,,0.3405117456,0.3399417717,16,17,94,96,25,23,40,40,68,68,36,34,38,39,2.802274337,2.786390039,3.907141342,3.997701328,4.583086256,4.660217064,anclado_por_activo
69,2015-07-01,2021-09-30,GOOGL,Reversión,True,,1.33984613,1.428577201,8,8,46,50,25,26,23,25,67,68,13,13,21,22,1.876986729,1.849287286,3.198052571,2.896843402,5.35810031,5.265105979,anclado_por_activo
69,2015-07-01,2021-09-30,GOOGL,Crisis,True,,0.3512907678,0.476297463,27,24,87,98,8,9,34,34,66,66,13,10,13,13,1.534324275,1.522704603,3.741346004,3.904804656,4.755370653,4.634610437,anclado_por_activo
70,2015-07-01,2021-10-29,NVDA,global,True,,0.9525991228,0.929140668,30,30,54,49,26,27,22,23,76,76,11,11,29,29,1.594727106,1.618063241,3.756030256,3.702313622,4.84827241,4.852269263,anclado_por_activo
70,2015-07-01,2021-10-29,NVDA,Tendencia,True,,1.402025749,1.510394094,26,26,98,94,26,26,28,28,76,77,34,33,36,37,2.304107955,2.370415806,1.164669492,1.073648145,4.631917971,4.557675578,anclado_por_activo
70,2015-07-01,2021-10-29,NVDA,Reversión,True,,0.5310676103,0.5293571396,26,27,18,13,27,28,38,38,76,76,20,19,12,12,1.86506354,2.012024989,2.035721462,1.989821438,4.018587403,4.181345264,anclado_por_activo
70,2015-07-01,2021-10-29,NVDA,Crisis,False,ningún trial con ≥ 5 operaciones,,,,,,,,,,,,,,,,,,,,,,,anclado_por_activo
70,2015-07-01,2021-10-29,AMZN,global,True,,0.3771246234,0.7348924324,21,18,93,78,14,19,30,31,79,76,38,38,24,20,2.107747155,2.093147486,2.82346897,3.844344237,3.91302828,1.925030831,anclado_por_activo
70,2015-07-01,2021-10-29,AMZN,Tendencia,True,,0.3971114538,0.8302928305,28,23,93,80,18,16,25,33,70,80,21,20,26,39,1.672689415,2.957070136,2.224057123,2.709337516,2.625161151,2.642434619,anclado_por_activo
70,2015-07-01,2021-10-29,AMZN,Reversión,True,,0.3870794944,0.6043648955,15,19,76,89,24,24,36,36,67,67,11,11,34,31,1.927413814,1.985739123,3.777074452,3.724279445,5.723354545,5.234138483,anclado_por_activo
70,2015-07-01,2021-10-29,AMZN,Crisis,False,ningún trial con ≥ 5 operaciones,,,,,,,,,,,,,,,,,,,,,,,anclado_por_activo
70,2015-07-01,2021-10-29,TSLA,global,True,,0.5752547471,0.8709647825,6,5,46,55,14,17,29,30,80,80,36,36,7,7,2.561294599,2.538718376,1.64026194,1.324735203,2.230800443,2.079654051,anclado_por_activo
70,2015-07-01,2021-10-29,TSLA,Tendencia,True,,0.3087655262,0.4581300468,14,16,96,97,10,10,21,20,78,78,12,12,34,30,1.868896977,1.902926827,3.066884799,3.055649592,5.707990154,5.820519531,anclado_por_activo
70,2015-07-01,2021-10-29,TSLA,Reversión,True,,0.3503598352,0.4148022312,6,5,20,34,27,27,35,34,73,75,22,18,33,40,1.514229317,1.636802533,1.318084167,1.514974837,4.188442183,4.188442183,anclado_por_activo
70,2015-07-01,2021-10-29,TSLA,Crisis,True,,0.7610575683,0.9503903156,15,16,73,64,9,7,39,40,78,76,11,35,21,17,1.731167577,1.826649011,1.011722969,1.006838045,5.702712389,5.742197345,anclado_por_activo
70,2015-07-01,2021-10-29,META,global,True,,0.5250353798,0.8767515879,9,8,22,79,8,8,40,40,74,73,37,25,12,26,2.806441514,2.521099971,3.759629366,1.830960811,2.118181552,2.039254446,anclado_por_activo
70,2015-07-01,2021-10-29,META,Tendencia,True,,-0.09848780018,0.5186426454,14,13,16,18,20,19,20,21,62,60,14,14,32,36,2.811357698,2.997913278,3.129020916,3.246014227,1.132842644,1.239837227,anclado_por_activo
70,2015-07-01,2021-10-29,META,Reversión,True,,2.125836913,2.070304089,24,25,95,95,28,28,32,31,61,60,37,36,6,6,2.222948707,2.195422005,1.548136093,1.403260748,3.112234711,3.07625957,anclado_por_activo
70,2015-07-01,2021-10-29,META,Crisis,False,ningún trial con ≥ 5 operaciones,,,,,,,,,,,,,,,,,,,,,,,anclado_por_activo
70,2015-07-01,2021-10-29,NFLX,global,True,,1.201175634,0.8836065182,26,29,56,67,17,24,38,38,73,75,12,13,37,36,1.672041148,1.703615273,1.748718078,2.445882343,2.468768864,2.555585824,anclado_por_activo
70,2015-07-01,2021-10-29,NFLX,Tendencia,True,,0.5775484698,1.219904481,6,9,17,16,19,18,35,37,73,76,36,37,39,32,1.605683965,1.631163012,1.137187441,1.467713938,3.029982565,2.917835383,anclado_por_activo
70,2015-07-01,2021-10-29,NFLX,Reversión,True,,0.3666485944,0.6673979319,6,6,41,41,8,7,34,35,74,74,12,12,6,6,1.869495942,1.896797882,1.27033745,1.121255789,3.775306904,3.648284447,anclado_por_activo
70,2015-07-01,2021-10-29,NFLX,Crisis,False,ningún trial con ≥ 5 operaciones,,,,,,,,,,,,,,,,,,,,,,,anclado_por_activo
70,2015-07-01,2021-10-29,GOOGL,global,True,,1.044298013,1.194907513,15,18,22,34,20,23,38,39,74,75,19,17,28,30,1.540464702,1.513181446,2.290477285,2.235122576,4.524144754,4.387171329,anclado_por_activo
70,2015-07-01,2021-10-29,GOOGL,Tendencia,True,,0.382500281,0.8491226621,8,7,87,94,8,7,40,40,77,78,12,11,38,40,1.902035372,1.897927035,3.930403185,3.931873042,3.601606135,3.573368687,anclado_por_activo
70,2015-07-01,2021-10-29,GOOGL,Reversión,True,,2.189402006,3.107097911,8,8,58,61,23,25,24,23,75,75,13,14,10,12,1.910739286,1.90821554,2.916274883,2.869551755,5.731282032,5.98527619,anclado_por_activo
70,2015-07-01,2021-10-29,GOOGL,Crisis,True,,0.2212621709,0.434019095,16,16,64,63,10,10,38,40,63,63,18,19,34,29,1.61568562,1.768015343,1.042877816,1.040657365,3.998739675,3.944200679,anclado_por_activo
71,2015-07-01,2021-11-30,NVDA,global,True,,0.6583933358,0.8362382371,10,12,46,47,7,7,38,38,77,77,14,14,20,19,2.642419947,2.66113792,2.496451041,2.706306804,5.589656694,5.433895411,anclado_por_activo
71,2015-07-01,2021-11-30,NVDA,Tendencia,True,,1.214229518,2.255045359,10,9,18,14,18,18,38,39,78,78,17,16,39,39,1.758974186,1.828365993,3.840607415,3.804884224,5.228135831,5.441909082,anclado_por_activo
71,2015-07-01,2021-11-30,NVDA,Reversión,True,,0.398533152,0.7179286604,10,8,40,25,17,23,40,34,79,80,20,20,38,33,1.948024799,1.791874517,1.354470575,1.328170459,1.198048932,1.277205828,anclado_por_activo
71,2015-07-01,2021-11-30,NVDA,Crisis,False,ningún trial con ≥ 5 operaciones,,,,,,,,,,,,,,,,,,,,,,,anclado_por_activo
71,2015-07-01,2021-11-30,AMZN,global,True,,1.309987743,1.398629833,27,29,93,91,20,17,34,33,76,79,31,32,24,24,2.542838881,2.490185166,3.762001755,3.24289079,2.150240706,2.222651489,anclado_por_activo
71,2015-07-01,2021-11-30,AMZN,Tendencia,True,,0.6043142334,0.570915981,29,30,48,47,20,20,22,24,76,76,40,40,35,40,2.066650476,2.081041866,3.43901689,3.581575311,2.597308801,2.601195017,anclado_por_activo
71,2015-07-01,2021-11-30,AMZN,Reversión,True,,1.271023873,1.343750825,8,7,16,17,12,10,38,37,78,78,12,12,5,5,2.293406754,2.305143469,1.541880211,1.724952714,5.383434402,5.638357196,anclado_por_activo
71,2015-07-01,2021-11-30,AMZN,Crisis,False,ningún trial con ≥ 5 operaciones,,,,,,,,,,,,,,,,,,,,,,,anclado_por_activo
71,2015-07-01,2021-11-30,TSLA,global,True,,0.6375358487,0.6920068182,22,21,15,19,28,28,40,40,76,75,12,12,34,33,1.784599569,1.87244771,3.420699059,3.363567989,5.625033057,5.123135766,anclado_por_activo
71,2015-07-01,2021-11-30,TSLA,Tendencia,True,,0.7515512191,0.9572254833,17,16,24,22,24,24,23,23,76,76,12,12,10,7,2.025794229,2.054743409,3.379411071,3.122873457,2.007281086,2.160674972,anclado_por_activo
71,2015-07-01,2021-11-30,TSLA,Reversión,True,,0.4232466548,0.3978010415,6,6,90,90,26,26,35,34,70,71,34,36,10,9,1.929437725,1.758973244,1.49481781,1.333809887,1.361286532,1.369951193,anclado_por_activo
71,2015-07-01,2021-11-30,TSLA,Crisis,True,,0.6585848558,0.6585848558,22,22,46,46,7,7,26,26,64,64,25,25,33,33,2.003341952,2.003341952,1.098682683,1.098682683,5.887860501,5.887860501,anclado_por_activo
71,2015-07-01,2021-11-30,META,global,True,,0.890500909,1.476731196,7,6,26,29,8,8,40,40,66,68,19,19,22,22,2.813761531,2.824380857,2.263547342,2.380032965,4.303286317,3.965297937,anclado_por_activo
71,2015-07-01,2021-11-30,META,Tendencia,True,,0.4412032164,0.8518646991,21,5,82,19,8,10,22,20,70,77,13,26,8,12,2.835941931,2.569664435,2.511507518,3.8382819,1.989481294,3.178141374,anclado_por_activo
71,2015-07-01,2021-11-30,META,Reversión,True,,0.8617656833,1.109190689,19,29,91,91,17,17,39,39,66,66,11,11,10,6,2.70181271,2.426916781,1.364306784,1.569777425,4.087247714,3.675957105,anclado_por_activo
71,2015-07-01,2021-11-30,META,Crisis,False,ningún trial con ≥ 5 operaciones,,,,,,,,,,,,,,,,,,,,,,,anclado_por_activo
71,2015-07-01,2021-11-30,NFLX,global,True,,0.6416611441,1.42602364,22,22,64,53,20,21,32,35,72,73,17,16,38,39,1.876274116,2.019143669,3.375884901,3.267194597,5.070259118,5.772869875,anclado_por_activo
71,2015-07-01,2021-11-30,NFLX,Tendencia,True,,1.087856994,1.149850756,29,26,70,72,22,22,36,36,64,64,31,31,28,30,2.89007244,2.932121382,3.805042795,3.843746192,2.380191601,2.553546501,anclado_por_activo
71,2015-07-01,2021-11-30,NFLX,Reversión,True,,0.517752545,0.6026734142,25,23,42,52,27,27,36,36,73,75,23,21,36,31,1.562152953,1.718688846,3.116598474,3.334019411,2.735932778,3.604204711,anclado_por_activo
71,2015-07-01,2021-11-30,NFLX,Crisis,False,ningún trial con ≥ 5 operaciones,,,,,,,,,,,,,,,,,,,,,,,anclado_por_activo
71,2015-07-01,2021-11-30,GOOGL,global,True,,0.4211451168,0.967810244,29,30,20,16,24,23,38,38,79,80,24,27,36,36,2.728506103,2.735907356,1.298828718,1.467922682,3.555724894,3.782554505,anclado_por_activo
71,2015-07-01,2021-11-30,GOOGL,Tendencia,True,,0.544968718,1.031767347,24,23,82,77,17,17,23,21,79,77,16,15,36,35,2.609190185,2.541310098,2.48288228,2.491918081,5.706183119,5.180996533,anclado_por_activo
71,2015-07-01,2021-11-30,GOOGL,Reversión,True,,2.729878792,3.173129103,9,17,47,62,26,24,37,37,76,75,13,13,10,7,2.342446365,2.358740578,1.66087846,1.771222867,1.695769919,2.060167778,anclado_por_activo
71,2015-07-01,2021-11-30,GOOGL,Crisis,True,,0.2258279663,0.6904667363,26,26,14,12,8,7,40,40,65,65,21,18,5,5,1.53970208,1.500985724,1.708634165,1.604174706,2.919198456,3.106796388,anclado_por_activo
72,2015-07-01,2021-12-31,NVDA,global,True,,1.045214828,0.9515844212,19,19,94,97,25,25,21,23,76,75,13,13,27,26,1.982098432,2.017732391,3.385347961,3.269022248,5.085360254,5.053893385,anclado_por_activo
72,2015-07-01,2021-12-31,NVDA,Tendencia,True,,1.023863483,1.45294247,20,18,96,100,20,19,36,35,77,78,13,13,18,21,1.992512139,1.944725973,1.766739281,1.658364963,5.580029077,5.668593158,anclado_por_activo
72,2015-07-01,2021-12-31,NVDA,Reversión,True,,0.7053579486,1.402604267,19,20,95,97,25,28,22,29,77,77,22,20,9,8,1.77777273,1.858190807,1.42649667,1.255364935,5.760107468,5.286520834,anclado_por_activo
72,2015-07-01,2021-12-31,NVDA,Crisis,True,,-0.02025613264,-0.02025613264,29,29,85,85,8,8,23,23,64,64,12,12,5,5,1.550641876,1.550641876,1.938733148,1.938733148,5.163873462,5.163873462,anclado_por_activo
72,2015-07-01,2021-12-31,AMZN,global,True,,0.3175958525,0.7473008391,29,27,86,83,26,23,38,38,71,72,14,12,30,24,2.178258885,2.35082156,2.14397533,2.07257778,3.354117596,2.948118921,anclado_por_activo
72,2015-07-01,2021-12-31,AMZN,Tendencia,True,,0.5606031099,0.8551581459,24,24,92,93,26,27,22,20,78,78,20,22,39,37,1.638489258,1.620528497,3.854732522,3.872179903,2.359542109,2.701276056,anclado_por_activo
72,2015-07-01,2021-12-31,AMZN,Reversión,True,,0.2284604616,0.8613222415,24,22,31,32,14,15,33,33,79,79,14,12,38,38,2.148798272,2.313333597,1.926307262,1.665298465,2.449827271,2.315738222,anclado_por_activo
72,2015-07-01,2021-12-31,AMZN,Crisis,False,ningún trial con ≥ 5 operaciones,,,,,,,,,,,,,,,,,,,,,,,anclado_por_activo
72,2015-07-01,2021-12-31,TSLA,global,True,,0.9373393502,0.8654273574,19,19,93,97,21,22,35,35,79,79,12,12,34,36,1.878997027,1.941678861,2.832252964,2.838155444,1.457771776,1.415997621,anclado_por_activo
72,2015-07-01,2021-12-31,TSLA,Tendencia,True,,0.4882343215,0.5454931486,21,19,71,70,7,7,38,38,78,79,24,25,23,22,2.897095495,2.957517605,2.436683202,2.461705526,2.407835573,2.669645692,anclado_por_activo
72,2015-07-01,2021-12-31,TSLA,Reversión,True,,0.2319008817,0.3580296803,7,7,24,62,22,23,36,34,75,75,36,36,33,19,1.631372213,1.772080976,1.444897258,1.633903925,5.793848698,5.949918393,anclado_por_activo
72,2015-07-01,2021-12-31,TSLA,Crisis,True,,1.911328448,2.255245866,22,23,79,77,9,8,34,34,62,61,14,13,14,13,1.764681296,1.759129539,1.068960433,1.062971278,2.039576201,2.019470247,anclado_por_activo
72,2015-07-01,2021-12-31,META,global,True,,0.9784758294,1.172069202,21,20,14,21,13,14,30,30,76,76,12,12,15,14,2.804256693,2.757772768,3.500591125,3.56840666,5.632257281,5.632257281,anclado_por_activo
72,2015-07-01,2021-12-31,META,Tendencia,True,,0.06286380298,0.3335132571,29,5,61,47,26,10,37,34,67,74,33,29,28,32,1.575522671,1.872064734,2.746387363,2.613419196,5.449971406,5.967812457,anclado_por_activo
72,2015-07-01,2021-12-31,META,Reversión,True,,1.472728606,1.72992826,17,18,24,19,7,7,38,37,78,77,21,22,33,39,2.920567739,2.837104867,1.614478493,1.760946596,4.646029169,4.861392888,anclado_por_activo
72,2015-07-01,2021-12-31,META,Crisis,True,,-0.07498441361,-0.07498441361,15,15,63,63,7,7,24,24,61,61,10,10,26,26,1.810949572,1.810949572,1.338585708,1.338585708,5.584411743,5.584411743,anclado_por_activo
72,2015-07-01,2021-12-31,NFLX,global,True,,0.4359451482,0.4856563646,24,26,61,65,19,19,30,29,67,65,30,30,37,40,2.819045195,2.884085491,1.143420336,1.143420336,3.512535366,2.567679795,anclado_por_activo
72,2015-07-01,2021-12-31,NFLX,Tendencia,True,,1.610589477,1.749033706,26,25,57,57,13,13,32,31,76,76,16,16,37,39,2.069625913,2.057288955,3.416270519,3.32675864,5.422248334,5.774385953,anclado_por_activo
72,2015-07-01,2021-12-31,NFLX,Reversión,True,,0.4845396521,0.9193938094,17,18,90,86,8,8,39,40,79,77,15,16,36,38,2.848321279,2.84387954,2.230628591,2.001133878,2.545892388,2.638489795,anclado_por_activo
72,2015-07-01,2021-12-31,NFLX,Crisis,False,ningún trial con ≥ 5 operaciones,,,,,,,,,,,,,,,,,,,,,,,anclado_por_activo
72,2015-07-01,2021-12-31,GOOGL,global,True,,0.6132647517,1.1670121,8,6,30,64,10,11,22,36,79,79,15,16,8,12,1.901320616,2.114727057,2.863704446,3.328045985,3.270098041,3.6912863,anclado_por_activo
72,2015-07-01,2021-12-31,GOOGL,Tendencia,True,,0.1705221304,0.6590469011,13,13,76,74,12,16,29,26,77,77,14,14,38,36,2.088189236,2.340962428,3.757442364,3.898757348,5.523166904,5.850641189,anclado_por_activo
72,2015-07-01,2021-12-31,GOOGL,Reversión,True,,0.9626227383,1.615879976,6,6,81,84,24,28,28,29,68,70,11,16,29,12,2.073307155,1.989593756,1.963585657,2.279420971,5.141927961,3.561997809,anclado_por_activo
72,2015-07-01,2021-12-31,GOOGL,Crisis,False,ningún trial con ≥ 5 operaciones,,,,,,,,,,,,,,,,,,,,,,,anclado_por_activo
73,2015-07-01,2022-01-31,NVDA,global,True,,0.4692946681,0.7576983304,6,8,68,70,24,24,30,30,76,77,21,11,39,37,1.609668922,1.78070461,1.481083095,1.256551135,4.966817012,5.720704886,anclado_por_activo
73,2015-07-01,2022-01-31,NVDA,Tendencia,True,,1.057797414,1.509522173,28,26,75,73,23,26,21,21,76,75,11,10,16,17,2.002899804,2.025193279,3.814947905,3.950650541,5.685440002,5.916245044,anclado_por_activo
73,2015-07-01,2022-01-31,NVDA,Reversión,True,,0.7731974301,0.794214933,8,9,68,79,10,11,33,36,72,70,16,16,14,14,2.591962235,2.667077296,1.196792023,1.199747719,5.325966251,4.889425312,anclado_por_activo
73,2015-07-01,2022-01-31,NVDA,Crisis,False,ningún trial con ≥ 5 operaciones,,,,,,,,,,,,,,,,,,,,,,,anclado_por_activo
73,2015-07-01,2022-01-31,AMZN,global,True,,0.6685626606,0.9214903771,26,25,28,23,19,22,36,36,78,77,23,23,34,34,1.669227058,1.636620556,1.776535517,1.454006993,4.562987764,5.060997134,anclado_por_activo
73,2015-07-01,2022-01-31,AMZN,Tendencia,True,,0.7928457562,0.9804364804,11,11,32,28,26,25,39,39,73,73,37,34,39,39,1.695977135,1.686711572,3.635306863,3.450796538,2.722771573,2.976667358,anclado_por_activo
73,2015-07-01,2022-01-31,AMZN,Reversión,True,,1.200426773,1.154984555,30,30,96,95,9,9,26,26,62,60,28,25,6,9,2.928062548,2.954870676,1.179005429,1.291347393,4.500290374,4.433869538,anclado_por_activo
73,2015-07-01,2022-01-31,AMZN,Crisis,False,ningún trial con ≥ 5 operaciones,,,,,,,,,,,,,,,,,,,,,,,anclado_por_activo
73,2015-07-01,2022-01-31,TSLA,global,True,,1.436855797,1.783970536,21,20,40,36,28,28,38,38,77,78,28,28,8,10,2.886915026,2.839061875,2.918516507,3.018228674,1.983070987,2.043635089,anclado_por_activo
73,2015-07-01,2022-01-31,TSLA,Tendencia,True,,0.4173803474,1.363919875,8,28,16,88,26,21,34,35,67,79,38,26,33,16,2.777078524,2.795765896,3.479582754,2.548829701,5.785245789,1.706704172,anclado_por_activo
73,2015-07-01,2022-01-31,TSLA,Reversión,True,,0.4901698808,1.189113628,18,19,52,52,20,19,36,37,78,77,19,25,10,5,2.659328262,2.655731063,1.185095158,1.10353154,5.287136854,5.670239761,anclado_por_activo
73,2015-07-01,2022-01-31,TSLA,Crisis,False,ningún trial con ≥ 5 operaciones,,,,,,,,,,,,,,,,,,,,,,,anclado_por_activo
73,2015-07-01,2022-01-31,META,global,True,,0.8053471157,0.838323391,15,16,20,20,10,8,23,23,70,70,35,37,10,5,2.928096696,2.987874482,3.35236198,3.510917955,4.254986526,5.150654798,anclado_por_activo
73,2015-07-01,2022-01-31,META,Tendencia,True,,0.2966926773,0.4466118128,28,28,92,92,13,10,39,40,78,80,38,39,26,25,2.739109052,2.986670262,2.871364906,3.186622458,5.869992614,5.953836978,anclado_por_activo
73,2015-07-01,2022-01-31,META,Reversión,True,,1.012206811,1.18280042,8,7,32,28,10,10,39,39,69,71,38,37,5,5,2.901995144,2.955267222,1.386862398,1.433734048,5.545971821,5.545971821,anclado_por_activo
73,2015-07-01,2022-01-31,META,Crisis,True,,-0.01083236659,0.08296051029,20,17,66,70,9,9,38,36,61,60,16,15,35,39,1.601851844,1.580403469,3.635214442,3.561632979,5.320977429,5.987504863,anclado_por_activo
73,2015-07-01,2022-01-31,NFLX,global,True,,0.2835805776,1.003668462,26,27,46,34,8,9,34,36,79,78,25,28,27,31,2.731907152,2.611398405,2.275519192,2.231694446,5.492082323,5.496920111,anclado_por_activo
73,2015-07-01,2022-01-31,NFLX,Tendencia,True,,0.8419466633,1.050166492,10,12,90,95,16,16,39,38,63,63,32,32,30,29,2.926647803,2.947207959,3.865752444,3.814238848,1.504150809,1.592907216,anclado_por_activo
73,2015-07-01,2022-01-31,NFLX,Reversión,True,,0.1313109275,0.5418477754,7,7,72,72,24,24,24,25,79,80,12,12,13,15,1.683938608,1.674850461,2.613809103,2.477020191,1.612341621,1.414310823,anclado_por_activo
73,2015-07-01,2022-01-31,NFLX,Crisis,False,ningún trial con ≥ 5 operaciones,,,,,,,,,,,,,,,,,,,,,,,anclado_por_activo
73,2015-07-01,2022-01-31,GOOGL,global,True,,0.4878982793,0.7993468004,6,6,67,75,23,22,21,20,77,77,22,19,38,38,1.609571074,1.614489458,1.978517165,1.875870815,4.637776261,4.714459762,anclado_por_activo
73,2015-07-01,2022-01-31,GOOGL,Tendencia,True,,0.3105237612,0.5225282978,12,12,14,92,26,21,40,35,73,73,21,23,27,18,1.944452961,2.559685618,3.311497174,2.492930809,5.584684942,3.466105152,anclado_por_activo
73,2015-07-01,2022-01-31,GOOGL,Reversión,True,,1.38338784,2.586787581,29,30,69,69,26,25,26,27,75,73,11,12,6,5,2.308750997,2.282097961,1.535708865,1.635286124,5.360832877,5.290948017,anclado_por_activo
73,2015-07-01,2022-01-31,GOOGL,Crisis,False,ningún trial con ≥ 5 operaciones,,,,,,,,,,,,,,,,,,,,,,,anclado_por_activo
74,2015-07-01,2022-02-28,NVDA,global,True,,0.3762343726,0.7833395556,14,13,88,96,27,28,32,32,78,79,38,38,21,21,2.405114623,2.405283654,2.972162961,3.111596317,1.556532697,1.916513604,anclado_por_activo
74,2015-07-01,2022-02-28,NVDA,Tendencia,True,,0.5666767881,0.7911726338,22,23,24,14,8,7,40,40,79,79,37,36,28,26,1.582777318,1.521610797,3.110869882,3.292778947,5.115254516,5.494889499,anclado_por_activo
74,2015-07-01,2022-02-28,NVDA,Reversión,True,,0.1254402656,0.3896510059,28,26,28,23,17,17,34,34,74,75,15,17,28,27,2.004832996,2.011593294,2.641385581,2.666476958,1.460526713,1.513123729,anclado_por_activo
74,2015-07-01,2022-02-28,NVDA,Crisis,False,ningún trial con ≥ 5 operaciones,,,,,,,,,,,,,,,,,,,,,,,anclado_por_activo
74,2015-07-01,2022-02-28,AMZN,global,True,,0.3873757935,0.9337721779,28,28,28,27,23,24,38,38,76,75,28,27,24,24,1.922927782,1.916237962,1.11424628,1.035980155,3.540420724,3.364124878,anclado_por_activo
74,2015-07-01,2022-02-28,AMZN,Tendencia,True,,0.7377428861,0.893100595,18,18,92,80,15,15,26,21,79,79,15,16,26,26,2.612729508,2.656881952,3.887866023,3.771530181,1.231399695,1.393332887,anclado_por_activo
74,2015-07-01,2022-02-28,AMZN,Reversión,True,,0.5757173633,0.884292171,28,29,15,15,24,23,30,31,66,68,11,11,37,37,2.235986496,2.424120079,1.792823001,2.12987819,3.88726505,3.91400527,anclado_por_activo
74,2015-07-01,2022-02-28,AMZN,Crisis,False,ningún trial con ≥ 5 operaciones,,,,,,,,,,,,,,,,,,,,,,,anclado_por_activo
74,2015-07-01,2022-02-28,TSLA,global,True,,0.3646631342,0.5009430703,26,25,31,25,17,15,24,22,78,78,40,39,30,29,2.496916227,2.531396261,2.966224125,2.953758614,5.773873115,5.655122888,anclado_por_activo
74,2015-07-01,2022-02-28,TSLA,Tendencia,True,,0.35132763,0.6793699861,26,24,44,50,28,28,31,30,78,80,22,21,38,39,2.263679622,2.232721838,3.835521101,3.720126681,3.24702206,3.178299578,anclado_por_activo
74,2015-07-01,2022-02-28,TSLA,Reversión,True,,0.6262601189,0.5959191427,28,30,57,56,24,25,40,40,76,76,32,34,20,22,2.325567807,2.433029233,3.790338331,3.845813704,4.649056458,4.570120869,anclado_por_activo
74,2015-07-01,2022-02-28,TSLA,Crisis,False,ningún trial con ≥ 5 operaciones,,,,,,,,,,,,,,,,,,,,,,,anclado_por_activo
74,2015-07-01,2022-02-28,META,global,True,,0.192898538,1.428824975,13,13,16,17,25,25,20,20,64,64,18,18,11,12,2.96352876,2.989557565,3.644221604,3.644221604,4.981077418,5.084635696,anclado_por_activo
74,2015-07-01,2022-02-28,META,Tendencia,True,,0.1465884326,1.115589731,18,5,28,15,10,19,36,29,62,68,20,20,28,23,2.825525921,2.615937991,1.885457913,1.404164781,1.41729896,5.073244048,anclado_por_activo
74,2015-07-01,2022-02-28,META,Reversión,True,,0.3769603002,0.5246030281,19,18,68,68,27,28,36,38,64,64,15,15,38,37,1.612723258,1.501152561,2.138909777,2.139079931,1.566725834,1.498936963,anclado_por_activo
74,2015-07-01,2022-02-28,META,Crisis,False,ningún trial con ≥ 5 operaciones,,,,,,,,,,,,,,,,,,,,,,,anclado_por_activo
74,2015-07-01,2022-02-28,NFLX,global,True,,0.373548758,0.5343424058,7,7,76,76,28,28,22,22,70,69,39,40,10,10,1.881248555,1.875019274,3.815291341,3.880991209,4.405503092,4.355073566,anclado_por_activo
74,2015-07-01,2022-02-28,NFLX,Tendencia,True,,0.8310296673,1.204901409,24,25,14,12,26,26,40,40,78,78,26,28,27,30,1.612807834,1.508372879,2.521107474,2.450234855,4.63776076,4.910988081,anclado_por_activo
74,2015-07-01,2022-02-28,NFLX,Reversión,True,,0.7238654562,0.7549432351,19,18,61,58,9,9,40,40,74,74,16,17,34,34,2.903497459,2.9689956,3.333562856,3.579928715,1.306547935,1.389339118,anclado_por_activo
74,2015-07-01,2022-02-28,NFLX,Crisis,False,ningún trial con ≥ 5 operaciones,,,,,,,,,,,,,,,,,,,,,,,anclado_por_activo
74,2015-07-01,2022-02-28,GOOGL,global,True,,0.7800112478,0.7776618306,7,5,83,89,7,7,39,39,75,73,12,11,32,32,2.830291115,2.662339296,3.323258641,3.492588253,5.076326332,4.841094398,anclado_por_activo
74,2015-07-01,2022-02-28,GOOGL,Tendencia,True,,0.6046716643,0.7487506926,16,16,18,17,11,13,22,23,80,80,15,14,20,24,2.113250923,2.122917403,2.575846947,2.444404857,1.696745005,1.516856363,anclado_por_activo
74,2015-07-01,2022-02-28,GOOGL,Reversión,True,,1.168162011,1.406265343,28,29,95,91,16,16,22,22,80,80,31,31,5,5,2.363060251,2.280880465,1.721161204,1.721161204,5.4323339,5.270307101,anclado_por_activo
74,2015-07-01,2022-02-28,GOOGL,Crisis,False,ningún trial con ≥ 5 operaciones,,,,,,,,,,,,,,,,,,,,,,,anclado_por_activo
75,2015-07-01,2022-03-31,NVDA,global,True,,0.3058236094,0.4104788246,22,23,65,67,23,21,40,40,79,80,35,37,28,29,2.706301598,2.86282345,1.183360272,1.259373481,5.58458954,5.492868498,anclado_por_activo
75,2015-07-01,2022-03-31,NVDA,Tendencia,True,,1.315019461,1.322920211,15,15,93,91,22,23,37,39,75,75,13,13,12,12,1.917279583,1.908789748,1.589332839,1.541322275,4.488035967,4.52529709,anclado_por_activo
75,2015-07-01,2022-03-31,NVDA,Reversión,True,,0.3547881092,0.7971735168,26,23,68,92,27,27,38,38,74,75,16,18,13,14,2.373901479,2.208265253,1.601627435,1.394096747,5.642006752,5.386699173,anclado_por_activo
75,2015-07-01,2022-03-31,NVDA,Crisis,False,ningún trial con ≥ 5 operaciones,,,,,,,,,,,,,,,,,,,,,,,anclado_por_activo
75,2015-07-01,2022-03-31,AMZN,global,True,,0.501449713,0.9826910213,5,5,94,94,22,22,39,39,79,79,22,23,10,11,2.225517746,2.227625666,1.135961379,1.156666455,4.824602997,4.890189135,anclado_por_activo
75,2015-07-01,2022-03-31,AMZN,Tendencia,True,,0.5251344887,0.7375456067,20,18,16,10,23,24,38,38,72,72,21,21,36,37,1.60494899,1.664784698,2.041915417,1.720706507,1.841619075,1.632779269,anclado_por_activo
75,2015-07-01,2022-03-31,AMZN,Reversión,True,,0.2519219357,1.027724245,25,25,49,99,17,17,32,31,69,78,29,15,35,5,1.629228232,2.627847259,1.066132427,2.978482685,5.099976367,5.715289397,anclado_por_activo
75,2015-07-01,2022-03-31,AMZN,Crisis,False,ningún trial con ≥ 5 operaciones,,,,,,,,,,,,,,,,,,,,,,,anclado_por_activo
75,2015-07-01,2022-03-31,TSLA,global,True,,0.3795647202,0.4253097496,28,26,13,19,18,18,22,22,79,79,12,12,11,12,2.025078672,2.036270672,2.085192577,2.416042759,1.406448886,1.429507095,anclado_por_activo
75,2015-07-01,2022-03-31,TSLA,Tendencia,True,,0.4353094369,0.6728610161,7,13,24,10,18,27,38,35,72,78,10,19,27,25,2.234379504,2.3583775,3.129035097,3.142909176,5.273889181,4.993951863,anclado_por_activo
75,2015-07-01,2022-03-31,TSLA,Reversión,True,,0.3788664476,0.5799663224,27,27,74,69,9,9,25,26,76,74,10,10,37,40,2.916139609,2.916139609,3.752271404,3.756232096,4.731643038,4.509827432,anclado_por_activo
75,2015-07-01,2022-03-31,TSLA,Crisis,False,ningún trial con ≥ 5 operaciones,,,,,,,,,,,,,,,,,,,,,,,anclado_por_activo
75,2015-07-01,2022-03-31,META,global,True,,0.4933829281,0.667720136,8,9,86,98,13,13,20,20,80,80,29,29,25,25,2.103061056,2.090275271,3.154688372,3.331004618,5.728583109,5.778079179,anclado_por_activo
75,2015-07-01,2022-03-31,META,Tendencia,True,,0.4630064955,0.4140283921,28,28,92,58,16,25,21,30,65,70,30,11,23,22,2.788356017,2.793817514,2.752424455,2.908390832,5.678225922,4.191149715,anclado_por_activo
75,2015-07-01,2022-03-31,META,Reversión,True,,0.7521305008,2.401902588,26,24,97,98,14,15,38,36,68,69,34,36,30,27,2.909688352,2.907977933,1.300074317,1.300074317,1.117825667,1.082401904,anclado_por_activo
75,2015-07-01,2022-03-31,META,Crisis,False,ningún trial con ≥ 5 operaciones,,,,,,,,,,,,,,,,,,,,,,,anclado_por_activo
75,2015-07-01,2022-03-31,NFLX,global,True,,0.9844537215,1.027617013,28,30,47,55,24,25,34,34,73,72,39,39,40,40,2.781196318,2.794971314,3.600444718,3.417567595,1.895844284,1.884670131,anclado_por_activo
75,2015-07-01,2022-03-31,NFLX,Tendencia,True,,0.8416310288,0.8080961638,12,11,94,99,24,24,33,32,73,72,38,39,31,33,1.766169904,1.805088572,2.45979834,2.304070783,2.756910678,2.623822617,anclado_por_activo
75,2015-07-01,2022-03-31,NFLX,Reversión,True,,0.07227128606,0.3216936673,12,10,92,92,10,10,40,40,69,69,36,36,38,40,2.829783416,2.842263016,2.635257503,2.811302999,3.776626429,2.80490032,anclado_por_activo
75,2015-07-01,2022-03-31,NFLX,Crisis,False,ningún trial con ≥ 5 operaciones,,,,,,,,,,,,,,,,,,,,,,,anclado_por_activo
75,2015-07-01,2022-03-31,GOOGL,global,True,,0.6966386375,0.6711115183,24,22,18,23,23,23,24,24,66,67,10,10,35,39,1.622625198,1.63537839,3.849815215,3.826027553,3.137627321,3.054168148,anclado_por_activo
75,2015-07-01,2022-03-31,GOOGL,Tendencia,True,,0.6431592449,1.376552139,27,27,70,68,18,17,20,20,76,76,15,15,24,27,2.108940345,2.03504804,3.565238287,3.758466799,2.421149283,3.160115677,anclado_por_activo
75,2015-07-01,2022-03-31,GOOGL,Reversión,True,,2.77506438,4.412728845,9,8,18,21,12,12,38,37,79,77,17,16,39,40,2.122014406,2.226802267,3.868740516,3.822815301,1.615855101,1.529767251,anclado_por_activo
75,2015-07-01,2022-03-31,GOOGL,Crisis,True,,0.08788986531,0.08788986531,7,7,31,31,7,7,34,34,62,62,15,15,33,33,1.640288701,1.640288701,1.366138712,1.366138712,3.058445019,3.058445019,anclado_por_activo
76,2015-07-01,2022-04-29,NVDA,global,True,,0.3944635275,0.4621476828,29,29,94,86,16,16,30,31,80,80,18,18,26,27,1.908549473,1.92207656,3.709329174,3.655160887,3.955891873,3.730815401,anclado_por_activo
76,2015-07-01,2022-04-29,NVDA,Tendencia,True,,0.9836003022,1.265940893,29,29,90,86,7,7,40,38,78,77,10,10,34,32,2.365048648,2.413222989,3.5021272,3.714095522,5.790688427,5.762810015,anclado_por_activo
76,2015-07-01,2022-04-29,NVDA,Reversión,True,,0.3125009742,0.8620283334,28,29,92,91,12,9,26,24,80,77,14,14,13,13,2.744027547,2.920569394,1.396832388,1.487051628,3.458310068,3.311862602,anclado_por_activo
76,2015-07-01,2022-04-29,NVDA,Crisis,True,,0.3627157125,0.4289113944,20,19,64,62,8,8,39,39,65,67,26,27,33,32,1.755328324,1.755328324,2.917121226,2.991031718,5.342757911,5.342757911,anclado_por_activo
76,2015-07-01,2022-04-29,AMZN,global,True,,0.4088700217,0.5094781357,29,28,18,21,17,16,40,40,78,77,30,31,39,40,2.945781245,2.972765501,3.834058202,3.820730635,5.585586859,5.708314652,anclado_por_activo
76,2015-07-01,2022-04-29,AMZN,Tendencia,True,,0.6547202624,0.6228223599,26,24,80,86,14,13,32,32,80,79,25,22,27,34,1.801343458,1.77716554,2.543270932,2.37482485,2.634378195,2.651184107,anclado_por_activo
76,2015-07-01,2022-04-29,AMZN,Reversión,True,,0.5759172903,1.248266613,14,16,40,40,16,16,34,33,79,77,12,15,12,9,2.031600537,2.123493606,1.392101517,1.552964328,4.579106479,4.105236136,anclado_por_activo
76,2015-07-01,2022-04-29,AMZN,Crisis,False,ningún trial con ≥ 5 operaciones,,,,,,,,,,,,,,,,,,,,,,,anclado_por_activo
76,2015-07-01,2022-04-29,TSLA,global,True,,0.4900437573,0.8804914826,6,5,86,90,22,22,38,38,78,80,37,34,38,38,1.826066213,1.79441701,3.346812608,3.395435762,2.771621474,2.684257339,anclado_por_activo
76,2015-07-01,2022-04-29,TSLA,Tendencia,True,,0.4206300116,0.4819013405,20,20,92,98,24,24,20,21,78,78,30,29,6,6,2.45303682,2.299364519,3.891788032,3.950901162,5.604594608,5.892406864,anclado_por_activo
76,2015-07-01,2022-04-29,TSLA,Reversión,True,,0.5558263223,0.5749398893,8,10,21,12,17,17,24,23,78,78,38,38,23,25,1.571523278,1.576248395,1.254414898,1.029678596,5.049902277,5.049902277,anclado_por_activo
76,2015-07-01,2022-04-29,TSLA,Crisis,True,,0.3480405849,0.5890611771,26,28,79,77,10,9,36,36,62,62,14,13,38,36,1.603586795,1.569941733,1.665733217,1.481516156,3.810397773,3.93102902,anclado_por_activo
76,2015-07-01,2022-04-29,META,global,True,,0.5809448263,0.9145008265,28,29,64,64,27,28,22,22,62,62,14,12,12,13,2.5446942,2.684215346,3.394297016,3.491465065,4.745388481,4.636444145,anclado_por_activo
76,2015-07-01,2022-04-29,META,Tendencia,True,,0.1137773829,0.3875628258,28,24,24,96,8,24,22,28,68,70,30,13,24,10,2.387927964,2.842274023,3.585825878,3.488018988,4.379988429,2.393899643,anclado_por_activo
76,2015-07-01,2022-04-29,META,Reversión,True,,1.223203618,1.266412611,14,14,48,44,27,25,22,20,69,70,15,15,36,35,1.801939613,1.768719795,1.187343584,1.492601456,5.733112624,5.790836629,anclado_por_activo
76,2015-07-01,2022-04-29,META,Crisis,True,,0.3423065965,0.4383410671,18,18,81,87,8,8,34,35,72,71,24,22,9,9,1.683003238,1.651081774,3.463555451,3.663642531,1.920418688,1.50489373,anclado_por_activo
76,2015-07-01,2022-04-29,NFLX,global,True,,0.7189401536,0.8322080726,6,7,79,79,11,11,40,40,80,80,16,14,38,36,2.940187386,2.684040217,2.853151738,2.789674743,1.672792962,1.665483395,anclado_por_activo
76,2015-07-01,2022-04-29,NFLX,Tendencia,True,,0.5268625743,0.6515673707,12,14,94,91,7,7,25,23,62,62,35,39,35,33,2.798863272,2.794518922,3.529844972,3.429217838,2.509237802,1.734790998,anclado_por_activo
76,2015-07-01,2022-04-29,NFLX,Reversión,True,,0.4764631194,0.4948641474,10,9,94,100,24,26,34,35,77,80,13,13,26,23,1.728117968,1.68225527,1.326510773,1.527029019,2.110346935,2.158963688,anclado_por_activo
76,2015-07-01,2022-04-29,NFLX,Crisis,False,ningún trial con ≥ 5 operaciones,,,,,,,,,,,,,,,,,,,,,,,anclado_por_activo
76,2015-07-01,2022-04-29,GOOGL,global,True,,1.389790956,1.180629926,6,6,96,96,14,15,22,21,76,74,13,13,28,29,2.391776797,2.392489171,3.406616082,3.333744507,4.789542567,4.774131586,anclado_por_activo
76,2015-07-01,2022-04-29,GOOGL,Tendencia,True,,0.2877737458,0.5290228132,18,20,40,53,14,13,34,36,76,77,39,39,38,37,1.870641694,1.880464736,1.14216518,1.116678866,3.644559753,3.666835813,anclado_por_activo
76,2015-07-01,2022-04-29,GOOGL,Reversión,True,,2.254577019,3.400881222,6,8,95,97,12,13,22,24,77,77,16,16,20,22,2.049678267,1.975196572,1.415385181,1.404511603,1.688361303,1.886398415,anclado_por_activo
76,2015-07-01,2022-04-29,GOOGL,Crisis,True,,0.1395046228,0.1791992009,30,28,33,17,10,10,39,36,64,64,18,19,21,24,1.662658272,1.7580259,1.975517666,1.738812516,2.966869072,2.679552489,anclado_por_activo
77,2015-07-01,2022-05-31,NVDA,global,True,,0.7551032324,0.7280858841,27,27,72,73,14,15,22,21,80,79,17,17,27,29,2.23547615,2.243398298,3.865781152,3.952776581,5.163368254,5.011924758,anclado_por_activo
77,2015-07-01,2022-05-31,NVDA,Tendencia,True,,0.856679498,1.131611836,18,18,86,90,14,13,37,38,78,79,12,13,25,26,1.960630014,1.994905303,1.191664809,1.283668468,5.314708352,5.891119365,anclado_por_activo
77,2015-07-01,2022-05-31,NVDA,Reversión,True,,0.08821077203,0.4031730303,25,24,90,100,8,8,32,33,78,79,15,19,37,37,2.402364917,2.219739071,2.13719273,2.374863614,3.673360417,3.616676244,anclado_por_activo
77,2015-07-01,2022-05-31,NVDA,Crisis,False,ningún trial con ≥ 5 operaciones,,,,,,,,,,,,,,,,,,,,,,,anclado_por_activo
77,2015-07-01,2022-05-31,AMZN,global,True,,1.228638531,1.326474767,26,27,54,44,13,12,29,29,79,77,15,15,7,7,2.936379754,2.897760074,2.562280232,2.82535101,1.301657757,1.296508817,anclado_por_activo
77,2015-07-01,2022-05-31,AMZN,Tendencia,True,,0.1543362432,0.7499015559,5,5,49,55,23,20,20,21,78,77,21,22,24,24,2.663985494,2.663985494,3.272504138,3.557675105,3.421195015,3.474157301,anclado_por_activo
77,2015-07-01,2022-05-31,AMZN,Reversión,True,,1.244704552,1.815462954,18,18,58,60,27,28,35,36,70,70,10,10,9,10,2.204335821,2.193960851,1.487078918,1.250155011,2.325881967,2.684125029,anclado_por_activo
77,2015-07-01,2022-05-31,AMZN,Crisis,False,ningún trial con ≥ 5 operaciones,,,,,,,,,,,,,,,,,,,,,,,anclado_por_activo
77,2015-07-01,2022-05-31,TSLA,global,True,,1.280254306,1.395031768,25,25,82,80,26,26,39,39,77,77,21,21,26,22,2.899708347,2.916238658,2.915274374,3.368581948,5.197386132,4.790544688,anclado_por_activo
77,2015-07-01,2022-05-31,TSLA,Tendencia,True,,-0.002594336853,0.1188663575,27,27,90,93,24,23,39,39,66,65,38,38,36,36,2.889328385,2.896571852,1.444500121,1.375082958,3.878507174,3.506662959,anclado_por_activo
77,2015-07-01,2022-05-31,TSLA,Reversión,True,,0.3249455904,0.3598605521,8,11,30,28,12,12,35,40,78,80,33,30,18,16,2.520904142,2.547585351,1.405509069,1.564898132,4.273980602,4.270017681,anclado_por_activo
77,2015-07-01,2022-05-31,TSLA,Crisis,False,ningún trial con ≥ 5 operaciones,,,,,,,,,,,,,,,,,,,,,,,anclado_por_activo
77,2015-07-01,2022-05-31,META,global,True,,0.4390383803,0.5683585335,14,16,21,19,25,25,37,38,79,79,29,29,39,39,2.694907419,2.708059999,3.751596972,3.859437621,5.194285491,5.271359293,anclado_por_activo
77,2015-07-01,2022-05-31,META,Tendencia,True,,0.6406469076,0.7238629104,24,25,62,61,25,26,36,36,64,62,30,30,14,14,2.815435147,2.830424019,2.874803008,2.9477632,5.439919879,5.433913731,anclado_por_activo
77,2015-07-01,2022-05-31,META,Reversión,True,,0.8551917082,0.9921029003,11,11,80,69,26,26,22,21,68,71,10,10,20,18,1.584543095,1.607017517,2.879341671,2.933317058,2.884683787,2.876350549,anclado_por_activo
77,2015-07-01,2022-05-31,META,Crisis,False,ningún trial con ≥ 5 operaciones,,,,,,,,,,,,,,,,,,,,,,,anclado_por_activo
77,2015-07-01,2022-05-31,NFLX,global,True,,0.5371427554,0.6198183964,19,19,22,16,26,27,21,22,72,74,12,11,27,27,1.822688498,1.868795757,2.409993591,2.417948518,2.166516101,2.383335793,anclado_por_activo
77,2015-07-01,2022-05-31,NFLX,Tendencia,True,,1.15445309,1.305246518,14,12,92,90,22,22,27,27,71,71,39,38,28,28,2.856414789,2.900373837,3.584835986,3.420598883,3.168786137,3.522870125,anclado_por_activo
77,2015-07-01,2022-05-31,NFLX,Reversión,True,,0.3335032169,0.5559219207,26,27,28,24,27,28,34,34,78,79,32,34,22,26,2.645123307,2.660047709,1.646960285,1.62899282,2.079518135,1.862142582,anclado_por_activo
77,2015-07-01,2022-05-31,NFLX,Crisis,False,ningún trial con ≥ 5 operaciones,,,,,,,,,,,,,,,,,,,,,,,anclado_por_activo
77,2015-07-01,2022-05-31,GOOGL,global,True,,0.8687304611,1.16379647,8,9,95,88,14,15,28,29,78,80,11,10,14,10,2.368565247,2.264799172,1.967915112,1.680767325,1.7764742,2.139129896,anclado_por_activo
77,2015-07-01,2022-05-31,GOOGL,Tendencia,True,,0.6290197875,0.9065920673,16,8,27,17,26,27,20,32,74,74,12,14,39,37,1.657673484,2.658256836,3.7914024,2.898298527,3.067118813,4.367110291,anclado_por_activo
77,2015-07-01,2022-05-31,GOOGL,Reversión,True,,3.816257646,3.816257646,26,25,58,66,26,27,36,36,72,74,16,16,5,5,2.108477615,2.111254726,2.127286641,2.374989312,3.44697179,3.480918239,anclado_por_activo
77,2015-07-01,2022-05-31,GOOGL,Crisis,True,,0.8554330143,0.8579033239,24,24,72,73,10,10,38,38,64,64,14,14,14,14,1.656518342,1.587719677,3.725467201,3.703201867,5.723298868,5.765763459,anclado_por_activo
78,2015-07-01,2022-06-30,NVDA,global,True,,0.2375935761,0.6240697202,6,7,96,97,8,7,38,38,66,67,11,11,30,30,1.990253793,2.087927984,1.97168349,2.0510301,5.339707782,5.529879328,anclado_por_activo
78,2015-07-01,2022-06-30,NVDA,Tendencia,True,,0.9529568254,1.602108689,24,25,94,100,18,19,27,27,79,79,12,12,11,13,1.976228913,1.943058749,1.383946822,1.376742298,3.693483247,3.728513697,anclado_por_activo
78,2015-07-01,2022-06-30,NVDA,Reversión,True,,0.295891276,0.5353986118,14,16,25,33,11,12,38,38,75,76,30,27,37,36,2.959599262,2.959599262,1.406160445,1.309197783,5.299464168,5.129110266,anclado_por_activo
78,2015-07-01,2022-06-30,NVDA,Crisis,False,ningún trial con ≥ 5 operaciones,,,,,,,,,,,,,,,,,,,,,,,anclado_por_activo
78,2015-07-01,2022-06-30,AMZN,global,True,,0.5625797536,0.7098468144,27,29,95,95,27,28,40,40,74,74,12,12,38,32,2.890435265,2.81653332,3.120949452,3.188967131,2.614917476,2.93131398,anclado_por_activo
78,2015-07-01,2022-06-30,AMZN,Tendencia,True,,0.4648430645,0.8202894294,21,22,85,90,17,17,30,30,78,79,18,18,38,38,1.880410223,1.965824227,3.793922637,3.793912852,2.591413699,2.934787555,anclado_por_activo
78,2015-07-01,2022-06-30,AMZN,Reversión,True,,0.6143872452,0.6448596881,15,13,87,87,25,27,32,32,61,62,13,13,36,40,2.563686562,2.579687008,2.0501753,2.04137776,4.32014486,4.562354811,anclado_por_activo
78,2015-07-01,2022-06-30,AMZN,Crisis,True,,0.9959749003,1.090203778,15,17,82,93,9,9,31,31,61,61,24,23,15,16,1.5426635,1.5426635,1.170037703,1.170037703,5.812925954,5.677617738,anclado_por_activo
78,2015-07-01,2022-06-30,TSLA,global,True,,0.1166812296,0.4198972136,18,17,74,92,25,23,39,38,79,80,36,36,18,13,1.683483237,1.679960081,3.673944661,3.636203257,3.413572274,3.188975981,anclado_por_activo
78,2015-07-01,2022-06-30,TSLA,Tendencia,True,,0.6489565476,0.9832353952,18,18,40,37,12,11,29,30,77,77,12,12,38,39,2.104329254,2.102514425,3.153747333,3.571438634,1.61201935,1.578358134,anclado_por_activo
78,2015-07-01,2022-06-30,TSLA,Reversión,True,,0.5619520956,0.6450762401,28,29,25,24,17,17,24,23,79,80,31,35,24,20,1.669907102,1.757032333,2.768564185,2.704115599,5.343821934,5.206701833,anclado_por_activo
78,2015-07-01,2022-06-30,TSLA,Crisis,True,,0.2413849897,0.2424869474,29,28,39,40,8,8,23,23,62,64,16,16,8,8,1.802366384,1.86686398,3.02271201,3.308592136,2.285488456,2.568913565,anclado_por_activo
78,2015-07-01,2022-06-30,META,global,True,,0.5355086382,0.6697518498,28,27,71,75,17,17,24,23,66,66,16,16,11,11,2.49037388,2.444271351,3.384125456,3.511789684,3.78458688,3.925149988,anclado_por_activo
78,2015-07-01,2022-06-30,META,Tendencia,True,,0.177667967,0.4647131916,22,22,54,63,11,11,28,24,78,78,28,29,33,31,2.733899225,2.858351918,3.699750326,3.66218215,5.497378153,5.787515283,anclado_por_activo
78,2015-07-01,2022-06-30,META,Reversión,True,,0.7710289925,0.9749578313,28,27,92,90,21,21,22,22,72,70,37,40,6,5,1.713646767,1.681902051,2.782947598,2.687109045,4.767480715,4.963977442,anclado_por_activo
78,2015-07-01,2022-06-30,META,Crisis,True,,0.9164411717,0.8478474739,5,5,86,83,8,8,36,36,65,65,10,10,29,28,1.70903583,1.72214435,1.10539931,1.059497764,5.333160279,4.797562109,anclado_por_activo
78,2015-07-01,2022-06-30,NFLX,global,True,,0.6455038832,0.8007798468,16,18,69,72,24,24,22,22,76,78,11,11,27,25,1.564976065,1.505566536,3.807072873,3.799059569,5.534211941,5.829485984,anclado_por_activo
78,2015-07-01,2022-06-30,NFLX,Tendencia,True,,1.097110368,1.34173641,14,12,42,46,10,10,39,38,70,71,33,33,37,36,2.921104179,2.959958471,3.613832837,3.40365968,2.293053081,2.666722098,anclado_por_activo
78,2015-07-01,2022-06-30,NFLX,Reversión,True,,0.7696603313,0.7367084054,30,30,16,21,11,9,40,39,62,61,12,12,26,24,2.167540397,2.255424698,1.33166909,1.57482833,2.271583002,2.379394796,anclado_por_activo
78,2015-07-01,2022-06-30,NFLX,Crisis,False,ningún trial con ≥ 5 operaciones,,,,,,,,,,,,,,,,,,,,,,,anclado_por_activo
78,2015-07-01,2022-06-30,GOOGL,global,True,,0.828040611,0.8039749638,8,5,90,87,20,20,33,34,79,80,13,13,25,26,2.412056961,2.438934098,1.154787879,1.219265008,2.154474176,2.000283334,anclado_por_activo
78,2015-07-01,2022-06-30,GOOGL,Tendencia,True,,0.2724194557,0.5356255377,25,25,20,29,27,28,21,21,69,66,14,14,14,14,2.682770771,2.693894653,2.748518231,3.323124145,4.14011837,4.221499624,anclado_por_activo
78,2015-07-01,2022-06-30,GOOGL,Reversión,True,,2.292608402,2.716410544,23,21,73,77,23,23,26,24,80,80,12,10,8,8,2.31533659,2.253614944,3.498740101,3.574549385,1.814083378,1.930628332,anclado_por_activo
78,2015-07-01,2022-06-30,GOOGL,Crisis,False,ningún trial con ≥ 5 operaciones,,,,,,,,,,,,,,,,,,,,,,,anclado_por_activo
79,2015-07-01,2022-07-29,NVDA,global,True,,0.3662214803,0.8126832874,5,5,26,24,26,27,38,38,77,76,12,11,23,15,1.781065798,1.77662249,3.721079838,3.533242484,5.236857196,5.100982832,anclado_por_activo
79,2015-07-01,2022-07-29,NVDA,Tendencia,True,,1.866456892,1.952296924,25,27,96,98,24,26,30,31,77,76,11,11,26,26,1.618148535,1.559431221,3.702449039,3.663946304,5.258398414,4.956914988,anclado_por_activo
79,2015-07-01,2022-07-29,NVDA,Reversión,True,,-0.06557619544,0.3510238855,28,29,59,63,22,25,26,20,65,64,35,35,30,29,2.491071883,2.508790141,1.228890845,1.149253998,2.424733346,1.914759104,anclado_por_activo
79,2015-07-01,2022-07-29,NVDA,Crisis,False,ningún trial con ≥ 5 operaciones,,,,,,,,,,,,,,,,,,,,,,,anclado_por_activo
79,2015-07-01,2022-07-29,AMZN,global,True,,0.5640865549,0.7202919286,20,23,23,26,26,27,37,36,78,78,12,12,26,25,1.946256819,1.984299722,3.67520291,3.750054982,2.609860703,2.519420705,anclado_por_activo
79,2015-07-01,2022-07-29,AMZN,Tendencia,True,,0.6837413293,0.7633783848,28,28,91,91,26,28,38,40,80,80,38,38,27,28,1.688036961,1.699470572,3.83301304,3.80081086,2.544813664,2.743080044,anclado_por_activo
79,2015-07-01,2022-07-29,AMZN,Reversión,True,,0.9545298649,0.9448686221,11,11,74,75,10,10,26,26,80,80,13,13,7,7,1.765878852,1.749148098,1.569417831,1.581019211,4.957366934,5.043174434,anclado_por_activo
79,2015-07-01,2022-07-29,AMZN,Crisis,False,ningún trial con ≥ 5 operaciones,,,,,,,,,,,,,,,,,,,,,,,anclado_por_activo
79,2015-07-01,2022-07-29,TSLA,global,True,,0.3015811075,0.497444859,28,26,53,59,12,11,23,24,80,80,40,40,31,32,2.92621076,2.925256828,3.013673343,2.933739873,5.355884709,5.658551592,anclado_por_activo
79,2015-07-01,2022-07-29,TSLA,Tendencia,True,,0.579855658,1.141303912,26,26,92,97,25,28,36,36,79,78,13,14,23,24,2.071059927,1.978954773,3.076587324,2.784386466,1.410627681,1.701654777,anclado_por_activo
79,2015-07-01,2022-07-29,TSLA,Reversión,True,,0.6396105652,0.6913461902,28,28,24,27,14,15,23,23,80,80,31,31,18,16,1.891875097,1.758425689,2.11299537,2.28272635,4.882006673,4.659339753,anclado_por_activo
79,2015-07-01,2022-07-29,TSLA,Crisis,True,,-0.03478548097,0.7527475978,8,25,75,88,8,10,37,34,76,76,13,20,17,6,1.603628942,1.548482941,3.696158973,3.906965863,4.644904241,4.120209898,anclado_por_activo
79,2015-07-01,2022-07-29,META,global,True,,0.4753129214,0.7453863106,18,18,17,17,11,15,32,32,68,67,16,19,8,6,2.396623702,2.323028364,3.827222511,3.76345805,2.364488085,2.475053928,anclado_por_activo
79,2015-07-01,2022-07-29,META,Tendencia,True,,0.8696971201,1.146054847,6,7,16,14,18,19,26,27,74,75,32,30,14,15,1.714543055,1.708552477,2.665872046,2.348342679,3.617023745,3.998339488,anclado_por_activo
79,2015-07-01,2022-07-29,META,Reversión,True,,0.9180997389,1.115485804,21,20,73,68,8,7,40,40,77,79,38,40,6,6,2.443489151,2.427644012,1.291253075,1.460496659,2.056473913,1.874610279,anclado_por_activo
79,2015-07-01,2022-07-29,META,Crisis,True,,0.2994560028,0.342283853,24,26,13,12,9,9,39,38,65,67,24,22,34,38,1.701236216,1.680012445,2.697958301,2.697958301,3.460774276,3.997042364,anclado_por_activo
79,2015-07-01,2022-07-29,NFLX,global,True,,0.4993899893,0.5632751861,24,27,53,58,27,28,24,24,75,75,38,39,6,5,1.880559815,1.894478849,2.870080812,2.677711018,1.995913162,2.177470021,anclado_por_activo
79,2015-07-01,2022-07-29,NFLX,Tendencia,True,,0.6846307109,1.054432841,23,28,29,26,9,10,33,33,80,79,18,17,36,35,2.006407461,2.002487654,3.539354486,3.300468365,3.322832647,3.157521975,anclado_por_activo
79,2015-07-01,2022-07-29,NFLX,Reversión,True,,0.3214068568,0.5487630074,30,28,86,92,12,9,40,40,64,64,24,24,32,31,2.880152035,2.902364333,1.720235036,1.679658228,2.295749712,2.182630137,anclado_por_activo
79,2015-07-01,2022-07-29,NFLX,Crisis,True,,-0.04043601182,0.01072952339,23,24,84,86,8,8,34,32,72,73,12,16,34,33,1.56949936,1.562611309,1.36545059,1.561394736,5.434001108,5.632098938,anclado_por_activo
79,2015-07-01,2022-07-29,GOOGL,global,True,,0.7014257782,0.9229434317,28,28,57,49,22,22,23,23,74,73,15,11,38,35,2.424826676,2.512939186,2.081441881,2.047908628,1.824511269,1.93940808,anclado_por_activo
79,2015-07-01,2022-07-29,GOOGL,Tendencia,True,,0.3972536154,2.484826303,8,25,20,29,20,26,39,40,76,70,38,13,34,14,2.234721613,2.966741555,2.274456482,1.906033997,3.175040139,1.935784801,anclado_por_activo
79,2015-07-01,2022-07-29,GOOGL,Reversión,True,,1.687873055,2.004571214,26,25,18,19,26,26,38,38,71,71,18,18,26,30,2.016001277,1.9635686,1.278576028,1.358390852,1.652693516,1.821221657,anclado_por_activo
79,2015-07-01,2022-07-29,GOOGL,Crisis,True,,0.3393300343,0.3948270248,28,29,30,29,7,7,31,30,62,62,11,12,13,13,1.603276574,1.654838076,3.51277843,3.457682701,2.525695462,2.451531537,anclado_por_activo
80,2015-07-01,2022-08-31,NVDA,global,True,,0.3794063691,0.681604778,17,20,67,65,26,26,32,33,76,76,14,22,33,38,1.800585321,1.822672754,3.800189712,3.877583848,2.641487949,2.373515424,anclado_por_activo
80,2015-07-01,2022-08-31,NVDA,Tendencia,True,,1.385309634,1.609194259,29,30,93,93,16,16,38,37,79,79,10,11,25,27,1.78329492,1.564421535,3.828453147,3.838296777,5.390089069,5.256643481,anclado_por_activo
80,2015-07-01,2022-08-31,NVDA,Reversión,True,,0.6487899368,1.275046865,12,13,16,16,12,15,39,40,72,76,14,14,38,40,2.506181598,2.585732426,1.326796851,1.6053321,4.20719144,3.945505545,anclado_por_activo
80,2015-07-01,2022-08-31,NVDA,Crisis,True,,0.1387094056,0.1387094056,11,11,33,33,7,7,30,30,60,60,17,17,10,10,1.856998719,1.856998719,1.967133196,1.967133196,1.564529665,1.564529665,anclado_por_activo
80,2015-07-01,2022-08-31,AMZN,global,True,,0.5891492575,1.140737976,7,6,17,39,26,24,39,38,76,79,28,30,24,21,1.772450264,1.770587704,2.472226699,2.31696592,3.408415593,2.969363864,anclado_por_activo
80,2015-07-01,2022-08-31,AMZN,Tendencia,True,,0.4526057926,0.7320235021,8,7,52,51,21,22,22,21,78,77,23,21,34,32,2.632848521,2.590373616,1.743530099,2.176660413,5.540112617,5.543482525,anclado_por_activo
80,2015-07-01,2022-08-31,AMZN,Reversión,True,,0.8786167801,1.267863223,14,14,89,89,16,16,26,26,76,76,12,12,25,26,1.607621147,1.721708069,1.738790819,1.588203773,2.117365784,2.117365784,anclado_por_activo
80,2015-07-01,2022-08-31,AMZN,Crisis,False,ningún trial con ≥ 5 operaciones,,,,,,,,,,,,,,,,,,,,,,,anclado_por_activo
80,2015-07-01,2022-08-31,TSLA,global,True,,0.9427595013,0.988499848,28,30,36,40,24,24,37,36,79,79,39,39,24,24,2.745437983,2.791897802,2.698828968,2.835701733,2.048447871,2.066922602,anclado_por_activo
80,2015-07-01,2022-08-31,TSLA,Tendencia,True,,0.5417954268,0.6458005307,8,6,79,77,16,16,25,28,79,79,22,25,26,28,2.80992771,2.866479864,2.864578773,2.767200711,1.270872333,1.030537259,anclado_por_activo
80,2015-07-01,2022-08-31,TSLA,Reversión,True,,0.3502367133,0.4242596133,20,21,44,54,18,17,28,27,76,76,27,29,20,23,1.746759806,1.7512484,3.746892484,3.644522499,2.989681433,2.650066837,anclado_por_activo
80,2015-07-01,2022-08-31,TSLA,Crisis,True,,1.325657633,1.451933158,28,30,41,41,12,11,40,40,74,75,17,18,9,10,2.040687613,1.978959216,1.17602642,1.060092463,2.462239573,2.462239573,anclado_por_activo
80,2015-07-01,2022-08-31,META,global,True,,0.781851353,0.831104884,6,8,49,54,22,22,23,23,67,67,13,14,10,9,2.820739857,2.989725144,3.651416567,3.651416567,1.765837108,2.144120841,anclado_por_activo
80,2015-07-01,2022-08-31,META,Tendencia,True,,0.5174312715,0.6420762627,16,14,74,86,16,16,30,30,67,66,30,28,20,21,2.830747736,2.83425344,2.76261209,2.537157533,5.094167503,5.280029699,anclado_por_activo
80,2015-07-01,2022-08-31,META,Reversión,True,,1.132743348,1.242264862,25,23,90,92,25,25,21,20,61,61,10,10,13,10,1.578975281,1.592051737,3.688680327,3.634538231,3.071422384,2.845786248,anclado_por_activo
80,2015-07-01,2022-08-31,META,Crisis,True,,0.6562836531,0.7212280408,20,20,67,73,7,7,39,37,60,60,26,27,10,9,2.044089023,1.986189573,1.986530323,1.817420302,5.041028745,4.940959175,anclado_por_activo
80,2015-07-01,2022-08-31,NFLX,global,True,,0.5301483676,0.9390737762,19,22,62,62,21,22,22,21,73,73,19,18,38,40,1.563382847,1.564036819,2.256134039,2.393484194,5.601051648,5.568229297,anclado_por_activo
80,2015-07-01,2022-08-31,NFLX,Tendencia,True,,0.748332011,0.9084071619,30,30,61,58,27,28,21,20,74,72,16,17,10,11,2.125025526,2.033635584,3.440524952,3.472861624,5.015767882,5.15312373,anclado_por_activo
80,2015-07-01,2022-08-31,NFLX,Reversión,True,,0.3220409781,0.5410020065,28,30,25,21,28,27,34,33,69,69,20,19,18,17,2.511544656,2.648256776,2.452888224,2.832653348,2.40817251,2.325180916,anclado_por_activo
80,2015-07-01,2022-08-31,NFLX,Crisis,True,,0.1078859542,0.2508740124,11,9,92,90,8,9,40,39,60,60,12,11,38,38,1.721909894,1.780442164,3.611683932,3.343842669,5.69967642,5.816537657,anclado_por_activo
80,2015-07-01,2022-08-31,GOOGL,global,True,,0.5487266799,1.232630233,18,17,26,21,24,25,24,24,77,79,14,12,28,28,1.959354186,1.97181986,3.616120022,3.444119297,3.173062181,2.959100991,anclado_por_activo
80,2015-07-01,2022-08-31,GOOGL,Tendencia,True,,0.09514126838,1.027733598,27,26,40,43,14,14,35,36,78,77,32,32,26,28,2.782423317,2.863154295,2.130305181,1.723228566,1.466563964,1.51058346,anclado_por_activo
80,2015-07-01,2022-08-31,GOOGL,Reversión,True,,0.853629264,1.441459502,6,7,82,93,27,28,24,26,71,71,15,19,9,5,2.107615922,2.084030893,1.185515986,1.379364985,2.936288171,2.382787835,anclado_por_activo
80,2015-07-01,2022-08-31,GOOGL,Crisis,False,ningún trial con ≥ 5 operaciones,,,,,,,,,,,,,,,,,,,,,,,anclado_por_activo
81,2015-07-01,2022-09-30,NVDA,global,True,,0.9792556893,1.26875803,9,8,96,97,18,17,27,27,78,80,18,18,38,40,2.228562296,2.154496398,1.82806626,2.008844435,5.522345821,5.655851829,anclado_por_activo
81,2015-07-01,2022-09-30,NVDA,Tendencia,True,,1.032026952,1.079600818,29,29,95,97,25,25,40,40,78,77,28,29,31,31,2.587442463,2.460676754,2.133483601,2.208266118,2.753594094,2.835555033,anclado_por_activo
81,2015-07-01,2022-09-30,NVDA,Reversión,True,,0.2720360423,0.5449382778,24,25,85,85,14,13,29,28,78,76,18,18,8,7,2.102732356,2.081208296,3.597831162,3.608265476,2.647022836,2.23424838,anclado_por_activo
81,2015-07-01,2022-09-30,NVDA,Crisis,False,ningún trial con ≥ 5 operaciones,,,,,,,,,,,,,,,,,,,,,,,anclado_por_activo
81,2015-07-01,2022-09-30,AMZN,global,True,,0.3544575752,0.624636658,26,26,82,80,18,18,32,32,79,78,20,21,39,40,1.644351038,1.59037146,3.836264325,3.833927419,2.41908451,2.45253582,anclado_por_activo
81,2015-07-01,2022-09-30,AMZN,Tendencia,True,,0.58156876,0.7087377271,6,7,92,95,16,17,39,39,80,79,22,22,26,27,2.485265138,2.422076521,3.829654673,3.597849544,3.838792214,4.157686746,anclado_por_activo
81,2015-07-01,2022-09-30,AMZN,Reversión,True,,0.9045410955,1.235367791,22,23,90,87,28,28,36,36,77,79,22,22,30,32,2.437064762,2.452012263,1.178147634,1.22454213,1.867734868,1.912461675,anclado_por_activo
81,2015-07-01,2022-09-30,AMZN,Crisis,False,ningún trial con ≥ 5 operaciones,,,,,,,,,,,,,,,,,,,,,,,anclado_por_activo
81,2015-07-01,2022-09-30,TSLA,global,True,,0.5598186949,1.332283372,12,11,88,88,16,18,32,31,77,78,25,26,25,22,2.863484272,2.901000099,1.372839551,1.620023384,1.212987287,1.115595699,anclado_por_activo
81,2015-07-01,2022-09-30,TSLA,Tendencia,True,,0.4992355399,0.6924817831,26,23,80,25,22,19,38,38,62,64,11,12,25,24,2.884465613,2.878754505,3.003042481,3.012147725,3.438890579,3.615543815,anclado_por_activo
81,2015-07-01,2022-09-30,TSLA,Reversión,True,,0.7500778431,0.8848617687,15,13,19,19,20,18,35,35,79,77,24,25,34,38,2.448107036,2.325180046,1.236311338,1.231300213,5.427701039,5.661040069,anclado_por_activo
81,2015-07-01,2022-09-30,TSLA,Crisis,True,,0.2300028522,0.2434303918,11,11,86,83,10,10,39,39,64,65,25,25,16,16,2.171246235,2.23779918,1.730095967,1.652450841,4.323970683,4.426854838,anclado_por_activo
81,2015-07-01,2022-09-30,META,global,True,,1.196466856,1.204071695,10,11,32,34,7,7,40,39,72,74,20,19,7,7,2.636190057,2.589880092,3.539057723,3.557674655,5.486635239,5.736600064,anclado_por_activo
81,2015-07-01,2022-09-30,META,Tendencia,True,,0.827799631,1.198412042,6,6,56,52,21,22,34,34,69,67,36,35,34,36,2.947613418,2.929467943,3.892979175,3.874903436,5.668134378,5.469448051,anclado_por_activo
81,2015-07-01,2022-09-30,META,Reversión,True,,0.9202365035,0.9691110595,18,15,20,18,26,24,26,25,61,60,29,30,5,5,2.353942603,2.5510316,3.779717983,3.825263317,1.437700133,1.276345555,anclado_por_activo
81,2015-07-01,2022-09-30,META,Crisis,False,ningún trial con ≥ 5 operaciones,,,,,,,,,,,,,,,,,,,,,,,anclado_por_activo
81,2015-07-01,2022-09-30,NFLX,global,True,,0.04292404072,0.3269757128,12,13,88,74,26,27,32,23,73,73,31,31,8,8,2.510782822,2.360838755,2.568854775,3.772273643,2.334810448,2.21360182,anclado_por_activo
81,2015-07-01,2022-09-30,NFLX,Tendencia,True,,1.051014716,1.096590806,29,25,50,46,27,27,24,24,68,69,38,40,21,21,2.911592447,2.829755001,3.371344819,3.440151166,2.953101926,2.566313844,anclado_por_activo
81,2015-07-01,2022-09-30,NFLX,Reversión,True,,0.3288674181,0.5191638076,12,11,33,36,10,10,33,33,69,67,18,18,21,23,2.694652252,2.582579723,1.568724832,1.572415353,2.525832706,2.352098127,anclado_por_activo
81,2015-07-01,2022-09-30,NFLX,Crisis,True,,0.02264893674,0.1326659513,21,21,60,58,8,8,38,40,64,66,20,20,22,22,1.587656805,1.523948737,1.312105376,1.056431446,1.925556174,1.976540253,anclado_por_activo
81,2015-07-01,2022-09-30,GOOGL,global,True,,0.8121923627,0.9481099492,10,11,19,17,11,11,38,38,77,77,28,28,32,32,1.565955514,1.556491894,1.193423695,1.144597723,3.72883635,3.729906739,anclado_por_activo
81,2015-07-01,2022-09-30,GOOGL,Tendencia,True,,0.2157472507,0.3808200144,15,14,80,76,16,17,40,40,76,78,16,12,16,16,1.62608985,1.644002712,3.861665682,3.971754225,3.435577242,1.450044183,anclado_por_activo
81,2015-07-01,2022-09-30,GOOGL,Reversión,True,,1.788719402,2.21019196,12,10,34,35,26,26,38,38,75,76,20,20,8,9,1.89440682,1.857720581,2.871737446,3.3768422,3.923369753,3.679397957,anclado_por_activo
81,2015-07-01,2022-09-30,GOOGL,Crisis,True,,0.8090162614,0.8763577267,22,22,52,58,9,10,38,40,62,62,33,32,13,14,1.731824899,1.659861002,3.672066212,3.897031147,3.365901815,2.966753009,anclado_por_activo
82,2015-07-01,2022-10-31,NVDA,global,True,,1.132284379,1.112102213,8,6,92,96,27,26,38,38,75,75,18,18,9,10,2.148265898,2.054908675,3.84917324,3.938062451,3.321290967,3.730579013,anclado_por_activo
82,2015-07-01,2022-10-31,NVDA,Tendencia,True,,0.5219505719,0.8612813269,30,30,96,93,15,16,23,20,80,80,14,16,22,24,1.872040495,2.009058344,3.146191081,3.157747014,1.206806608,1.384017602,anclado_por_activo
82,2015-07-01,2022-10-31,NVDA,Reversión,True,,0.2096691845,0.2677229802,10,10,80,80,25,27,36,36,64,66,19,19,7,7,2.094524407,2.039932994,3.571246571,3.761198706,3.211585314,3.315335338,anclado_por_activo
82,2015-07-01,2022-10-31,NVDA,Crisis,True,,0.06631419088,0.3456866039,8,8,80,81,8,7,32,32,61,61,16,16,10,10,1.624022181,1.54143884,1.310945888,1.191333715,2.511171905,2.465301166,anclado_por_activo
82,2015-07-01,2022-10-31,AMZN,global,True,,0.593250227,0.705272307,28,29,92,90,17,16,36,34,78,80,40,40,20,22,2.748626089,2.783152409,3.80796725,3.694578631,1.180764235,1.176189565,anclado_por_activo
82,2015-07-01,2022-10-31,AMZN,Tendencia,True,,0.1721520307,0.4209830576,28,26,26,27,18,20,38,37,76,74,38,39,8,6,1.586369944,1.592062706,3.809011645,3.911039884,2.180074404,1.509639486,anclado_por_activo
82,2015-07-01,2022-10-31,AMZN,Reversión,True,,0.4657935409,1.829777178,16,16,54,55,11,11,26,24,76,78,32,32,35,37,2.934565595,2.889103256,1.439059576,1.465786328,1.940382171,1.025420573,anclado_por_activo
82,2015-07-01,2022-10-31,AMZN,Crisis,True,,0.4369201755,0.3338563905,16,13,78,68,8,8,39,40,74,74,24,25,9,7,1.6394788,1.647115875,2.356458413,2.166104091,1.109181631,1.09479826,anclado_por_activo
82,2015-07-01,2022-10-31,TSLA,global,True,,0.5784103846,0.646412648,16,16,78,70,27,25,38,38,78,79,39,38,32,29,2.773687461,2.961694696,3.226401946,2.777116303,4.120823474,4.312742905,anclado_por_activo
82,2015-07-01,2022-10-31,TSLA,Tendencia,True,,0.2503022262,0.4035050353,28,28,84,81,27,25,22,22,80,80,34,36,16,13,1.945202692,1.94055288,2.408368673,2.680377939,1.442527807,1.617883894,anclado_por_activo
82,2015-07-01,2022-10-31,TSLA,Reversión,True,,0.2071858898,0.5714826836,9,11,27,29,24,24,27,26,70,71,24,25,22,21,1.990698724,1.982497017,1.135453166,1.072713736,3.608487899,2.741945278,anclado_por_activo
82,2015-07-01,2022-10-31,TSLA,Crisis,True,,0.2978733695,0.5159533239,28,29,37,36,8,9,26,25,75,76,18,18,5,5,1.645556883,1.516630223,2.937869389,3.041045212,5.327513748,5.064047605,anclado_por_activo
82,2015-07-01,2022-10-31,META,global,True,,0.64996464,0.7006218041,8,7,21,21,9,10,37,36,75,76,13,13,7,5,2.912482103,2.955823827,3.760975959,3.663863734,4.277368582,4.21596222,anclado_por_activo
82,2015-07-01,2022-10-31,META,Tendencia,True,,0.3113173657,0.7379157218,6,7,30,18,18,16,34,35,73,72,38,36,28,26,2.956015634,2.954752444,3.846482025,3.891592533,2.167270901,2.608102681,anclado_por_activo
82,2015-07-01,2022-10-31,META,Reversión,True,,0.7183768628,0.9092210805,28,28,30,38,18,17,22,20,74,77,13,13,34,33,1.598750097,1.696781544,2.509300303,2.412876326,5.60809237,5.650005122,anclado_por_activo
82,2015-07-01,2022-10-31,META,Crisis,False,ningún trial con ≥ 5 operaciones,,,,,,,,,,,,,,,,,,,,,,,anclado_por_activo
82,2015-07-01,2022-10-31,NFLX,global,True,,0.8907034168,0.9361431416,28,30,47,46,27,27,22,23,73,73,39,38,6,5,1.758602841,1.745820625,3.752784407,3.608333498,2.377543374,2.045506234,anclado_por_activo
82,2015-07-01,2022-10-31,NFLX,Tendencia,True,,0.804583981,1.62776795,24,25,13,15,24,24,39,39,74,73,40,39,38,38,1.685216667,1.564830947,2.146187933,2.252815564,2.028205523,2.014640857,anclado_por_activo
82,2015-07-01,2022-10-31,NFLX,Reversión,True,,0.513730238,0.6170565337,25,25,86,86,27,26,33,33,63,63,22,20,10,13,2.921203844,2.974344413,1.686003924,1.382051559,2.659034853,2.960076646,anclado_por_activo
82,2015-07-01,2022-10-31,NFLX,Crisis,True,,0.1203742725,0.2227337412,28,27,94,89,7,7,32,32,62,62,11,12,36,35,1.821939574,1.808067166,3.774667931,3.949560348,3.783403669,2.879915555,anclado_por_activo
82,2015-07-01,2022-10-31,GOOGL,global,True,,0.3993603324,0.6937986496,16,16,54,50,7,7,39,39,78,80,30,30,24,29,2.758735449,2.843961728,1.25603637,1.242478846,4.079454362,3.780933861,anclado_por_activo
82,2015-07-01,2022-10-31,GOOGL,Tendencia,True,,0.5047075675,0.4625996757,21,19,91,91,27,27,38,39,66,66,18,18,36,36,1.703217334,1.755806601,2.343332415,2.375031222,5.152375144,5.162056909,anclado_por_activo
82,2015-07-01,2022-10-31,GOOGL,Reversión,True,,0.8874408807,1.16812313,11,15,32,31,20,21,32,31,74,70,37,33,5,5,1.70400393,2.186137041,3.508522807,3.551223026,2.421360579,3.575892992,anclado_por_activo
82,2015-07-01,2022-10-31,GOOGL,Crisis,True,,0.2439639738,0.3321955653,7,8,93,90,8,9,35,35,62,64,19,20,17,17,1.550085247,1.550027428,3.894999042,3.73077795,3.983635072,4.426290084,anclado_por_activo
83,2015-07-01,2022-11-30,NVDA,global,True,,0.7764197527,0.7822893679,27,27,52,51,27,26,20,20,76,76,21,21,32,31,2.212951191,2.208135489,3.061740137,2.991202238,4.422716557,4.326289161,anclado_por_activo
83,2015-07-01,2022-11-30,NVDA,Tendencia,True,,0.8432713077,0.8888492151,15,15,96,91,16,16,22,22,80,79,17,17,37,37,1.99746137,1.896393173,3.388681529,3.423718579,1.742531148,1.865580927,anclado_por_activo
83,2015-07-01,2022-11-30,NVDA,Reversión,True,,0.5292499268,0.7589878019,8,8,13,12,12,13,39,39,76,76,12,11,20,25,2.412614865,2.501327403,2.705846313,2.772649207,1.125739991,1.15618717,anclado_por_activo
83,2015-07-01,2022-11-30,NVDA,Crisis,True,,-0.113857537,0.3085786675,26,28,32,55,7,7,27,39,62,67,11,29,30,34,1.859367128,1.522514719,3.397434954,2.023799712,5.511996226,1.941834346,anclado_por_activo
83,2015-07-01,2022-11-30,AMZN,global,True,,0.5957408862,0.6776746363,24,25,96,94,14,11,21,21,79,80,22,22,20,20,1.597861654,1.599052206,3.28397121,2.794196861,5.254261805,5.243641321,anclado_por_activo
83,2015-07-01,2022-11-30,AMZN,Tendencia,True,,0.6599373712,0.8702343471,14,14,90,92,25,24,28,28,77,75,21,22,38,38,2.746815174,2.751236542,3.47829388,3.502716011,3.615985145,3.91099904,anclado_por_activo
83,2015-07-01,2022-11-30,AMZN,Reversión,True,,0.5333460567,0.5624942134,11,11,16,16,25,25,33,33,72,71,36,36,16,11,1.728928657,1.604535694,1.25942642,1.004329701,2.990166464,2.930737987,anclado_por_activo
83,2015-07-01,2022-11-30,AMZN,Crisis,True,,-0.04211357312,0.05551984335,28,28,40,84,8,8,39,36,62,63,29,26,12,15,1.756599867,1.839028559,1.203795497,1.459776318,3.522409416,3.847880313,anclado_por_activo
83,2015-07-01,2022-11-30,TSLA,global,True,,-0.006022641459,0.161179157,12,16,48,53,19,19,31,30,66,66,38,38,31,31,2.826626589,2.930897731,2.861800706,2.788845192,5.626741808,5.708400154,anclado_por_activo
83,2015-07-01,2022-11-30,TSLA,Tendencia,True,,0.6369754003,0.7651715526,27,29,70,73,20,21,38,40,78,78,26,27,29,30,2.551615628,2.554682173,3.587097211,3.47849098,4.811135807,4.916982647,anclado_por_activo
83,2015-07-01,2022-11-30,TSLA,Reversión,True,,0.1789607356,0.38853954,16,9,67,63,26,27,39,39,79,75,27,26,16,26,2.190201837,2.427089557,1.878765437,1.590443762,1.693147705,1.332615104,anclado_por_activo
83,2015-07-01,2022-11-30,TSLA,Crisis,True,,1.066649452,1.118172429,28,28,48,53,11,11,36,35,76,75,35,35,26,25,2.012152961,2.05824341,1.523388734,1.525150859,5.339673577,5.287849806,anclado_por_activo
83,2015-07-01,2022-11-30,META,global,True,,0.4278129522,0.7546768554,22,20,78,74,17,16,26,25,73,74,11,11,12,10,1.571104003,1.52597724,3.283449263,3.22817142,5.681290173,5.924766818,anclado_por_activo
83,2015-07-01,2022-11-30,META,Tendencia,True,,0.6546022885,0.8352005589,6,8,19,24,14,14,33,33,80,78,29,28,37,37,2.795330945,2.792163627,1.33012891,1.254403487,3.680619813,3.828058259,anclado_por_activo
83,2015-07-01,2022-11-30,META,Reversión,True,,0.7103285186,0.747041977,13,13,23,30,7,7,25,25,78,78,24,24,7,7,2.385486876,2.385486876,3.002719708,2.742109051,4.665508199,4.311753738,anclado_por_activo
83,2015-07-01,2022-11-30,META,Crisis,True,,0.3538664876,0.4384822234,28,25,33,33,7,7,31,31,62,62,11,10,29,30,1.623609483,1.556248004,1.191760168,1.171129148,2.629755065,2.44543556,anclado_por_activo
83,2015-07-01,2022-11-30,NFLX,global,True,,0.8407048228,0.8371670567,25,24,18,20,10,10,39,39,67,69,11,10,32,29,2.875264402,2.931051818,3.748184835,3.677848758,2.510944099,2.640476907,anclado_por_activo
83,2015-07-01,2022-11-30,NFLX,Tendencia,True,,0.7290392673,0.7859668648,25,27,94,94,9,9,30,30,64,66,27,27,34,36,1.546067803,1.551440047,3.298331867,3.187343383,3.37321891,3.068206569,anclado_por_activo
83,2015-07-01,2022-11-30,NFLX,Reversión,True,,0.4836464678,0.5918568498,28,29,40,40,27,27,35,35,79,80,33,33,13,10,2.851392394,2.891180843,2.318720672,2.258367864,2.155690413,2.155690413,anclado_por_activo
83,2015-07-01,2022-11-30,NFLX,Crisis,False,ningún trial con ≥ 5 operaciones,,,,,,,,,,,,,,,,,,,,,,,anclado_por_activo
83,2015-07-01,2022-11-30,GOOGL,global,True,,0.9679376721,0.9952856405,9,9,90,92,14,15,38,40,74,73,15,15,38,39,2.025341525,2.046430982,1.799190459,1.640134046,5.118254872,5.989110284,anclado_por_activo
83,2015-07-01,2022-11-30,GOOGL,Tendencia,True,,0.438330484,0.4984959561,24,25,75,75,12,12,38,38,79,78,13,12,28,30,1.597674319,1.584717803,3.595174379,3.313518268,4.77363752,5.208059498,anclado_por_activo
83,2015-07-01,2022-11-30,GOOGL,Reversión,True,,2.091740423,2.953131786,21,23,34,44,11,12,24,26,80,80,13,14,8,10,2.501944572,2.480263048,3.710435525,3.646188849,1.580998554,1.509990055,anclado_por_activo
83,2015-07-01,2022-11-30,GOOGL,Crisis,True,,0.2504994829,0.3388599296,11,11,92,77,7,9,32,34,64,63,27,35,36,35,1.57130185,1.619302435,3.47786058,2.927753706,2.945172995,2.871356258,anclado_por_activo
84,2015-07-01,2022-12-30,NVDA,global,True,,0.5475053343,0.5570430031,27,27,96,98,15,15,26,26,80,79,19,16,38,40,1.78694995,1.886909915,3.173755482,3.398688352,1.748086289,1.878657872,anclado_por_activo
84,2015-07-01,2022-12-30,NVDA,Tendencia,True,,0.7072193351,0.9836727424,16,15,95,92,26,27,21,21,74,75,18,21,10,13,1.578096997,1.579302277,3.247346418,3.057267022,5.434614509,5.538204234,anclado_por_activo
84,2015-07-01,2022-12-30,NVDA,Reversión,True,,0.2038302806,0.3313207996,26,23,15,11,11,11,36,37,72,76,14,16,11,12,2.825300209,2.825300209,1.487517729,1.487517729,3.263147653,2.508233714,anclado_por_activo
84,2015-07-01,2022-12-30,NVDA,Crisis,True,,0.1746279201,0.8638699221,27,26,96,93,12,12,40,40,65,69,21,19,6,6,1.70798221,1.693047076,2.149351305,2.24118757,4.327013921,4.481515086,anclado_por_activo
84,2015-07-01,2022-12-30,AMZN,global,True,,0.5612892913,0.3713268202,10,11,86,90,8,7,30,30,74,71,12,10,22,23,2.606663414,2.604402496,2.19591851,2.248586073,1.704766951,1.729455032,anclado_por_activo
84,2015-07-01,2022-12-30,AMZN,Tendencia,True,,0.516172135,0.550866938,17,17,90,92,21,21,31,31,77,78,38,39,24,21,2.304712766,2.287307821,2.745074562,2.634306785,2.698090924,2.506486201,anclado_por_activo
84,2015-07-01,2022-12-30,AMZN,Reversión,True,,0.13052326,0.684013184,28,29,48,44,26,28,38,38,66,68,38,39,6,5,1.731144769,1.728133504,1.178404642,1.180678124,1.360553038,1.345586825,anclado_por_activo
84,2015-07-01,2022-12-30,AMZN,Crisis,True,,0.4445298107,0.4403960611,28,29,28,34,8,8,33,33,70,69,24,24,6,6,1.789091492,1.656988985,1.876862053,1.89620731,1.562989963,1.516142944,anclado_por_activo
84,2015-07-01,2022-12-30,TSLA,global,True,,0.1945521198,0.4511216348,8,8,14,31,21,20,34,35,78,78,14,12,21,21,2.091081661,1.949747343,3.656990968,3.607410414,1.206092672,1.36142837,anclado_por_activo
84,2015-07-01,2022-12-30,TSLA,Tendencia,True,,0.5304203777,0.5985183887,6,6,45,44,27,25,38,38,77,79,39,36,10,10,2.793072424,2.628091307,2.994796112,3.421505791,4.097766414,4.482320802,anclado_por_activo
84,2015-07-01,2022-12-30,TSLA,Reversión,True,,1.130752919,0.9187384784,10,12,27,20,14,14,21,22,80,80,28,27,9,10,1.71297616,1.659671089,3.594050367,3.373016895,1.315391825,1.065281128,anclado_por_activo
84,2015-07-01,2022-12-30,TSLA,Crisis,True,,0.4407319737,1.187385117,30,30,20,20,8,14,30,34,68,68,39,34,10,6,1.538236982,1.564080252,1.421410929,1.804809234,1.327041168,1.068486939,anclado_por_activo
84,2015-07-01,2022-12-30,META,global,True,,0.5759072018,0.6490269487,28,28,47,47,15,14,25,26,76,75,30,33,38,39,2.802650329,2.816795762,3.822874815,3.585486936,5.658456107,5.716309485,anclado_por_activo
84,2015-07-01,2022-12-30,META,Tendencia,True,,0.5338730623,0.876759747,24,25,90,90,22,21,34,34,75,76,34,35,17,11,2.911666878,2.963058408,1.433503196,1.677675706,1.767577194,1.550876003,anclado_por_activo
84,2015-07-01,2022-12-30,META,Reversión,True,,0.6567324497,0.6918420612,22,23,88,93,28,28,22,22,78,77,11,10,28,27,1.608137434,1.523440797,2.130732608,1.990028177,4.112360924,4.026897437,anclado_por_activo
84,2015-07-01,2022-12-30,META,Crisis,True,,0.2610117429,0.291619422,25,28,46,43,11,11,39,39,62,61,14,17,36,36,1.586895402,1.700982296,2.482935321,2.374682965,1.195281726,1.196312616,anclado_por_activo
84,2015-07-01,2022-12-30,NFLX,global,True,,0.3716682267,0.4945545395,26,27,40,35,25,23,24,24,63,63,27,27,17,24,2.948396381,2.965839351,3.464892311,3.254614731,1.679614143,1.476943355,anclado_por_activo
84,2015-07-01,2022-12-30,NFLX,Tendencia,True,,0.8260720334,0.9012884041,30,29,96,99,9,9,35,36,62,65,30,28,33,34,1.580265436,1.592154105,3.329951651,3.287974829,5.594180769,5.811931437,anclado_por_activo
84,2015-07-01,2022-12-30,NFLX,Reversión,True,,0.7204366294,0.6894832193,28,29,46,46,28,28,24,25,78,77,13,19,8,7,1.642314635,1.581026892,3.645754403,3.030458016,2.358765291,3.865237905,anclado_por_activo
84,2015-07-01,2022-12-30,NFLX,Crisis,False,ningún trial con ≥ 5 operaciones,,,,,,,,,,,,,,,,,,,,,,,anclado_por_activo
84,2015-07-01,2022-12-30,GOOGL,global,True,,0.6490374205,0.7617110572,28,26,96,95,28,28,35,35,67,70,23,23,16,20,2.398992719,2.394664186,3.454146444,3.408599775,2.130032463,1.930969655,anclado_por_activo
84,2015-07-01,2022-12-30,GOOGL,Tendencia,True,,0.2529632093,0.7259383962,20,22,42,39,26,27,39,40,74,74,14,13,33,35,2.452752713,2.465438869,2.34776105,2.36836,1.330461819,1.71917761,anclado_por_activo
84,2015-07-01,2022-12-30,GOOGL,Reversión,True,,1.240477608,1.338617808,22,22,22,13,24,24,38,37,68,67,14,16,26,23,2.017762395,2.035786964,1.848137954,1.6078147,3.898025782,3.466430517,anclado_por_activo
84,2015-07-01,2022-12-30,GOOGL,Crisis,True,,0.2730399171,0.3056020291,18,18,87,75,8,7,31,33,62,62,25,25,14,15,1.595384883,1.595384883,3.527974417,3.658155809,1.47162752,1.586361989,anclado_por_activo
85,2015-07-01,2023-01-31,NVDA,global,True,,1.054349607,1.160125812,28,28,77,71,25,26,22,21,78,78,12,12,35,36,2.318492714,2.434443638,3.805294671,3.893601825,5.447041088,5.185800185,anclado_por_activo
85,2015-07-01,2023-01-31,NVDA,Tendencia,True,,0.9518066396,0.9838744863,7,9,18,15,19,17,22,22,78,79,11,11,24,24,1.721308811,1.632670142,1.714717217,1.474382305,5.388375645,5.497404265,anclado_por_activo
85,2015-07-01,2023-01-31,NVDA,Reversión,True,,0.1486240645,0.2779678104,24,25,69,67,17,17,22,24,79,79,31,31,24,25,1.574412795,1.514000445,3.790982356,3.890653596,4.39269223,4.431096197,anclado_por_activo
85,2015-07-01,2023-01-31,NVDA,Crisis,False,ningún trial con ≥ 5 operaciones,,,,,,,,,,,,,,,,,,,,,,,anclado_por_activo
85,2015-07-01,2023-01-31,AMZN,global,True,,0.2491396482,0.2926356964,27,28,16,75,26,26,26,40,78,77,13,20,6,36,2.474120834,2.288031524,3.572204502,2.825250248,3.88489619,4.150721604,anclado_por_activo
85,2015-07-01,2023-01-31,AMZN,Tendencia,True,,0.2941132154,0.5482638661,16,16,18,13,27,27,28,29,76,76,18,16,34,31,2.296379418,2.528392685,1.249988652,1.313365235,3.156949745,3.086215949,anclado_por_activo
85,2015-07-01,2023-01-31,AMZN,Reversión,True,,0.4407724881,0.9240411327,25,29,28,29,11,11,38,39,79,77,12,12,9,9,2.522938299,2.439883917,1.116815326,1.104863624,2.672146765,2.680603258,anclado_por_activo
85,2015-07-01,2023-01-31,AMZN,Crisis,True,,0.1172764173,0.8690070728,6,5,88,81,10,11,38,38,67,67,20,20,13,15,1.545209054,1.531966936,1.780134623,1.597519644,1.655925097,1.686504872,anclado_por_activo
85,2015-07-01,2023-01-31,TSLA,global,True,,0.626923789,0.5870917083,13,13,88,87,26,28,38,39,80,80,34,34,29,26,2.908998974,2.997585317,3.094953234,3.174553611,5.226657207,5.31381648,anclado_por_activo
85,2015-07-01,2023-01-31,TSLA,Tendencia,True,,0.67559647,0.6136801115,7,8,13,19,25,24,39,40,73,74,24,24,38,40,2.250955773,2.242278384,3.456983708,3.378990911,5.567692794,5.345348022,anclado_por_activo
85,2015-07-01,2023-01-31,TSLA,Reversión,True,,0.2801107145,0.4158042793,7,5,36,29,26,25,31,30,65,65,38,37,31,31,1.807346367,1.906933697,1.571554186,1.438043296,1.601030256,1.895201759,anclado_por_activo
85,2015-07-01,2023-01-31,TSLA,Crisis,True,,0.8211933066,1.090225191,27,24,59,41,8,10,29,25,67,67,34,34,26,35,2.614976512,2.529503438,2.88319888,2.534121755,1.378944312,1.414659141,anclado_por_activo
85,2015-07-01,2023-01-31,META,global,True,,0.6785282007,0.7458555629,20,20,94,89,26,26,26,26,72,73,33,35,34,36,2.899900744,2.955592672,1.671833107,1.678526759,3.903187781,3.789546555,anclado_por_activo
85,2015-07-01,2023-01-31,META,Tendencia,True,,0.493680912,0.517367493,16,13,11,16,28,27,37,35,66,69,36,37,38,37,1.566139461,1.551681691,3.525001367,3.245533554,3.910548041,4.397860104,anclado_por_activo
85,2015-07-01,2023-01-31,META,Reversión,True,,0.7517649087,0.9679312816,21,18,93,90,9,9,35,35,60,62,18,18,6,6,1.581567698,1.565571986,1.284916548,1.342860673,1.257970663,1.257970663,anclado_por_activo
85,2015-07-01,2023-01-31,META,Crisis,True,,0.0337187723,0.1939283698,9,11,88,85,11,8,22,21,60,60,36,37,5,9,1.673827105,1.842823167,3.585934395,3.8774088,2.327079498,2.453165131,anclado_por_activo
85,2015-07-01,2023-01-31,NFLX,global,True,,0.5618934001,0.6084593117,8,5,82,88,18,17,35,35,79,80,12,12,36,38,1.735190077,1.839722708,2.859619396,2.944900634,2.722418726,2.76367733,anclado_por_activo
85,2015-07-01,2023-01-31,NFLX,Tendencia,True,,0.5514231643,0.7767872678,11,11,89,89,11,12,22,22,77,77,33,33,29,31,2.882272028,2.810737822,3.708025954,3.677109006,3.045769007,2.933761811,anclado_por_activo
85,2015-07-01,2023-01-31,NFLX,Reversión,True,,0.5584404879,0.5699075856,23,25,16,14,24,24,34,34,66,66,12,12,24,22,1.824087285,1.843901495,2.550195103,2.613903143,5.075070803,5.546887008,anclado_por_activo
85,2015-07-01,2023-01-31,NFLX,Crisis,True,,0.1583717698,0.2001386447,29,29,97,100,9,10,40,40,75,74,36,40,37,39,1.735111777,1.735111777,1.716150557,1.716150557,5.091821082,5.410946031,anclado_por_activo
85,2015-07-01,2023-01-31,GOOGL,global,True,,0.4929702637,0.5928877817,20,22,33,30,26,27,35,35,68,68,19,19,28,29,1.575244815,1.504938082,3.311929934,3.257568569,5.224346805,5.087523642,anclado_por_activo
85,2015-07-01,2023-01-31,GOOGL,Tendencia,True,,0.3450163698,0.5925457165,7,7,62,57,9,7,36,40,79,77,13,17,34,39,1.818103127,2.096765273,3.698303421,3.54900114,3.628345673,3.285506794,anclado_por_activo
85,2015-07-01,2023-01-31,GOOGL,Reversión,True,,1.152726276,1.206578395,16,13,66,73,27,27,35,35,66,66,10,10,39,40,1.614040812,1.625598521,1.340007457,1.340007457,5.517412242,5.962354943,anclado_por_activo
85,2015-07-01,2023-01-31,GOOGL,Crisis,True,,0.1700457505,0.6274770465,12,14,49,49,7,7,30,30,64,65,26,25,8,5,1.670676072,1.68656871,3.530563558,3.491007443,4.541768683,4.798062144,anclado_por_activo
86,2015-07-01,2023-02-28,NVDA,global,True,,0.3994472733,0.52682956,10,11,89,79,22,22,22,20,76,76,36,37,25,25,1.555470749,1.523712609,1.994404669,1.822770377,4.596620751,4.926129584,anclado_por_activo
86,2015-07-01,2023-02-28,NVDA,Tendencia,True,,0.3648651471,0.4008355995,11,9,21,23,8,7,38,38,74,72,32,28,37,37,2.394076106,2.630839007,1.826985241,1.906272625,3.858010132,3.203784199,anclado_por_activo
86,2015-07-01,2023-02-28,NVDA,Reversión,True,,0.2259362076,0.3408027361,20,20,96,82,25,26,37,36,79,78,11,10,9,8,2.24916899,2.30563772,3.486222586,3.828705831,4.819947181,5.382220898,anclado_por_activo
86,2015-07-01,2023-02-28,NVDA,Crisis,True,,0.5510529746,0.6822833686,28,27,71,70,9,9,40,40,61,61,21,21,36,33,2.184719403,2.145697363,3.874543418,3.955215396,5.326882829,5.333150692,anclado_por_activo
86,2015-07-01,2023-02-28,AMZN,global,True,,0.498625767,0.7685736475,27,29,82,92,23,24,21,21,79,80,12,12,7,6,2.485556555,2.488616336,2.844747675,2.66776765,1.464753467,1.725780351,anclado_por_activo
86,2015-07-01,2023-02-28,AMZN,Tendencia,True,,0.5774967399,0.7519246016,28,28,92,85,20,20,31,30,75,75,19,21,29,31,1.829479871,1.728315107,3.781227709,3.789187133,1.682997237,1.787452003,anclado_por_activo
86,2015-07-01,2023-02-28,AMZN,Reversión,True,,0.2492685534,1.345536749,8,13,96,99,27,25,38,38,79,77,13,14,10,5,2.552075265,2.67961618,3.064037517,3.434649883,1.856288111,2.586876671,anclado_por_activo
86,2015-07-01,2023-02-28,AMZN,Crisis,True,,0.04387597905,0.04387597905,23,23,11,11,7,7,31,31,71,70,21,21,33,33,1.658151377,1.658151377,3.012953066,3.012953066,3.482912387,3.482912387,anclado_por_activo
86,2015-07-01,2023-02-28,TSLA,global,True,,0.7643952861,0.8900163028,30,30,18,17,27,28,38,38,79,79,37,38,28,28,2.598256539,2.691121012,3.122879764,3.119150089,5.023258212,5.473875335,anclado_por_activo
86,2015-07-01,2023-02-28,TSLA,Tendencia,True,,0.306639608,0.4642312579,28,29,24,34,26,25,28,28,75,77,12,13,7,7,2.038953272,2.088575975,3.22656683,3.194698174,3.830566114,4.505303575,anclado_por_activo
86,2015-07-01,2023-02-28,TSLA,Reversión,True,,-0.01942808189,0.07441747735,25,6,61,44,11,24,21,37,66,71,29,36,38,33,2.122101668,1.796817396,2.714932542,1.608914657,5.124032039,4.17653149,anclado_por_activo
86,2015-07-01,2023-02-28,TSLA,Crisis,True,,0.3067175979,0.5634649221,28,30,88,89,13,14,32,32,66,66,23,23,20,20,1.864890188,1.956443946,1.282921902,1.282921902,1.601482548,1.44119232,anclado_por_activo
86,2015-07-01,2023-02-28,META,global,True,,0.6464495854,0.7266720645,27,25,68,72,22,23,21,22,70,71,33,33,39,39,2.880892675,2.845558458,1.728440661,1.303263743,5.699444334,5.436425932,anclado_por_activo
86,2015-07-01,2023-02-28,META,Tendencia,True,,0.01397447885,0.2514923439,8,25,42,73,9,23,24,34,76,76,18,14,32,9,2.625050419,2.957863363,2.668805227,3.454070358,1.556095877,3.291051935,anclado_por_activo
86,2015-07-01,2023-02-28,META,Reversión,True,,0.8579022358,1.061323649,20,20,40,21,24,24,27,29,62,62,15,11,12,11,2.486824485,2.48731322,3.616392894,3.607019566,4.400885064,4.337414495,anclado_por_activo
86,2015-07-01,2023-02-28,META,Crisis,True,,0.1163868861,0.5016104737,10,10,81,99,8,8,38,40,66,68,25,17,7,5,1.974433904,2.116898775,1.453193869,1.355136437,5.840710677,5.840710677,anclado_por_activo
86,2015-07-01,2023-02-28,NFLX,global,True,,0.4624348473,0.4178703781,28,28,12,11,12,12,38,39,66,66,11,11,25,27,1.987630311,2.017349531,1.505123439,1.81152274,3.692135813,3.792291176,anclado_por_activo
86,2015-07-01,2023-02-28,NFLX,Tendencia,True,,0.9421443485,0.925960987,13,14,68,73,8,8,33,33,77,77,32,32,36,36,1.667180436,1.716378418,2.421848222,2.336934672,5.037286682,4.986256268,anclado_por_activo
86,2015-07-01,2023-02-28,NFLX,Reversión,True,,1.015744596,1.135541051,7,7,91,91,8,9,40,40,70,72,12,14,9,13,1.823318358,1.776240955,1.061855631,1.217018723,1.907618542,2.198280201,anclado_por_activo
86,2015-07-01,2023-02-28,NFLX,Crisis,True,,0.5575466127,0.6304960153,19,19,53,53,9,9,40,40,79,79,32,33,10,11,1.549479113,1.527918583,3.886376063,3.985452699,5.101271877,5.101271877,anclado_por_activo
86,2015-07-01,2023-02-28,GOOGL,global,True,,0.366146113,1.061640836,7,6,84,79,15,17,34,34,72,72,20,21,23,21,2.41451805,2.484468277,3.77259937,3.509541246,1.534787821,1.474085967,anclado_por_activo
86,2015-07-01,2023-02-28,GOOGL,Tendencia,True,,0.4040140889,0.6209310987,14,7,34,82,24,21,39,37,68,60,38,14,34,9,2.646103498,2.683527933,3.211272251,3.402165576,3.491849548,1.96523324,anclado_por_activo
86,2015-07-01,2023-02-28,GOOGL,Reversión,True,,3.023314384,3.367851544,6,5,72,68,26,27,37,37,67,67,15,13,25,27,2.260368373,2.248791549,2.805427251,2.353245112,1.752794103,1.908207296,anclado_por_activo
86,2015-07-01,2023-02-28,GOOGL,Crisis,True,,0.6163876675,0.7069069907,6,6,86,91,9,7,25,27,60,63,26,26,5,5,1.525139909,1.593910862,1.464978971,1.498916541,5.444218101,5.444218101,anclado_por_activo
87,2015-07-01,2023-03-31,NVDA,global,True,,1.015936524,0.9452926155,24,25,81,86,27,26,32,31,75,75,13,12,28,22,2.011649561,1.942139521,1.646311232,1.934071821,5.710702615,5.721594714,anclado_por_activo
87,2015-07-01,2023-03-31,NVDA,Tendencia,True,,1.637575642,1.820745432,24,23,98,100,21,20,28,29,78,79,11,10,28,29,1.664831581,1.837377724,3.817211371,3.743784473,4.639276658,4.734117518,anclado_por_activo
87,2015-07-01,2023-03-31,NVDA,Reversión,True,,0.06533638274,0.121385978,26,24,86,33,21,22,36,36,80,80,38,22,38,12,1.83794804,2.205295483,1.775513776,1.849117278,5.624027585,3.98398916,anclado_por_activo
87,2015-07-01,2023-03-31,NVDA,Crisis,True,,0.4125319675,0.7191926269,24,25,80,75,10,10,38,38,69,71,20,20,38,40,1.806403603,1.826268204,1.84517194,1.606581943,5.632177581,5.618410767,anclado_por_activo
87,2015-07-01,2023-03-31,AMZN,global,True,,0.2882766258,0.6381191104,26,27,95,97,17,17,39,39,78,79,37,38,30,30,2.401946463,2.647911544,1.342072105,1.435966528,4.267959741,4.317391912,anclado_por_activo
87,2015-07-01,2023-03-31,AMZN,Tendencia,True,,0.4052496266,0.5835100894,26,27,86,92,28,28,27,28,79,79,18,18,34,35,1.907388467,1.82042045,2.821606493,2.671041603,2.038297653,2.59748193,anclado_por_activo
87,2015-07-01,2023-03-31,AMZN,Reversión,True,,0.8367229432,1.229754395,12,15,85,92,22,25,35,34,76,75,34,33,35,31,2.370798259,2.256116276,1.371069078,1.269280629,1.436903718,1.48628388,anclado_por_activo
87,2015-07-01,2023-03-31,AMZN,Crisis,True,,0.596806828,0.6068572736,11,10,80,83,7,7,30,32,61,61,38,37,25,23,1.566591532,1.593312224,3.694003981,3.49624027,1.647134041,1.654754401,anclado_por_activo
87,2015-07-01,2023-03-31,TSLA,global,True,,0.06271912663,0.1550214356,9,9,86,86,25,27,28,27,79,78,35,35,18,21,1.835338295,1.835522238,2.357534425,2.378840194,2.613332074,2.769841435,anclado_por_activo
87,2015-07-01,2023-03-31,TSLA,Tendencia,True,,0.3981946487,0.4376337707,26,27,28,30,14,12,40,40,78,78,11,12,30,30,2.031839347,2.092284711,2.749938144,2.798080761,2.94842406,2.578503733,anclado_por_activo
87,2015-07-01,2023-03-31,TSLA,Reversión,True,,0.04252451831,0.2203482768,29,28,42,42,27,28,33,34,61,61,11,11,33,31,2.672479301,2.724069268,2.074955547,1.959997348,1.330351336,1.367276804,anclado_por_activo
87,2015-07-01,2023-03-31,TSLA,Crisis,True,,3.413170845,7.540871786,24,24,96,96,15,17,37,38,71,69,36,31,22,22,1.728266114,1.620720608,3.680327939,3.652294262,1.194606158,1.194606158,anclado_por_activo
87,2015-07-01,2023-03-31,META,global,True,,0.3390531407,0.3355064017,28,26,90,90,28,28,36,28,68,70,24,26,18,15,2.532561646,2.526202589,1.791078359,1.777628539,2.397967089,2.399613832,anclado_por_activo
87,2015-07-01,2023-03-31,META,Tendencia,True,,0.1157543702,0.4277827392,28,10,56,69,11,16,34,39,66,75,32,33,18,23,2.093609892,2.966965638,3.464972472,2.617120928,5.219671975,5.593612059,anclado_por_activo
87,2015-07-01,2023-03-31,META,Reversión,True,,1.012970356,0.9931960916,11,11,76,69,24,20,25,23,62,63,10,11,24,23,2.320560147,2.396423491,1.275984588,1.32437496,2.814438749,2.896234381,anclado_por_activo
87,2015-07-01,2023-03-31,META,Crisis,True,,-0.01323399902,0.03900923154,27,25,94,85,11,7,25,22,61,64,39,38,6,9,1.719762947,1.718262587,1.541029435,1.455389667,3.871844399,3.864129568,anclado_por_activo
87,2015-07-01,2023-03-31,NFLX,global,True,,0.620545967,0.8985463876,27,27,39,20,9,10,38,39,78,76,36,37,32,32,2.942575347,2.98651344,2.805369149,2.989436133,2.581553335,2.580791018,anclado_por_activo
87,2015-07-01,2023-03-31,NFLX,Tendencia,True,,0.6834848688,0.6657830939,16,15,69,65,27,27,26,25,71,71,39,39,38,38,1.760015597,1.75193121,3.323913028,3.349542393,2.797946708,2.751159746,anclado_por_activo
87,2015-07-01,2023-03-31,NFLX,Reversión,True,,0.508257538,0.7543052954,26,26,47,43,10,10,25,25,73,72,19,18,36,32,2.813410155,2.788950801,1.573273752,1.34957071,2.776684495,2.776684495,anclado_por_activo
87,2015-07-01,2023-03-31,NFLX,Crisis,False,ningún trial con ≥ 5 operaciones,,,,,,,,,,,,,,,,,,,,,,,anclado_por_activo
87,2015-07-01,2023-03-31,GOOGL,global,True,,0.6313889262,1.316489378,24,12,72,37,12,13,35,32,77,75,39,16,36,13,2.408195195,2.802537485,2.281119248,3.806155931,3.716802898,2.227447319,anclado_por_activo
87,2015-07-01,2023-03-31,GOOGL,Tendencia,True,,0.3600914022,0.416432139,8,9,40,38,20,20,30,31,71,71,38,37,36,35,1.616146923,1.810421803,3.783839257,3.480283986,5.435749437,5.399216425,anclado_por_activo
87,2015-07-01,2023-03-31,GOOGL,Reversión,True,,1.456533274,2.619244438,19,17,18,28,14,15,27,28,73,77,11,11,6,5,1.84879971,1.845001603,2.955253869,2.854233976,4.11664226,4.083925703,anclado_por_activo
87,2015-07-01,2023-03-31,GOOGL,Crisis,True,,0.6275102052,0.6884252633,14,13,32,37,9,9,38,38,62,62,31,30,35,37,1.549779702,1.691089357,1.124206897,1.11213226,3.209622955,2.318450596,anclado_por_activo
88,2015-07-01,2023-04-28,NVDA,global,True,,0.9726811067,1.034750138,28,28,20,14,20,20,28,28,79,79,18,19,37,36,2.250143163,2.327590358,1.740858472,1.721488079,5.110673309,5.2943759,anclado_por_activo
88,2015-07-01,2023-04-28,NVDA,Tendencia,True,,0.5551564086,0.5167364461,26,28,96,96,21,22,30,31,62,60,15,15,38,39,2.181119143,2.210807494,1.123575642,1.114985672,4.583116299,4.49116834,anclado_por_activo
88,2015-07-01,2023-04-28,NVDA,Reversión,True,,0.3583487607,0.6557325583,22,24,86,86,26,26,22,22,72,74,17,16,29,29,1.796581624,1.834620274,3.112541663,3.132618182,3.378601504,2.594734272,anclado_por_activo
88,2015-07-01,2023-04-28,NVDA,Crisis,True,,0.2743512621,0.3121345886,9,10,92,90,7,7,28,31,63,64,18,17,29,32,2.219919847,2.1788124,3.195311267,3.407814728,4.82832137,5.396898617,anclado_por_activo
88,2015-07-01,2023-04-28,AMZN,global,True,,0.3134553569,0.3841766,25,25,97,97,26,26,24,27,78,73,34,34,24,19,2.227753979,2.303870527,3.855757809,3.602828906,5.780901236,5.898639478,anclado_por_activo
88,2015-07-01,2023-04-28,AMZN,Tendencia,True,,0.7065196921,0.8388190359,22,21,94,94,25,23,39,38,76,76,26,27,38,38,2.238347232,2.232655535,3.230421412,3.216303816,2.385106851,2.795981776,anclado_por_activo
88,2015-07-01,2023-04-28,AMZN,Reversión,True,,0.4654115806,0.692168255,16,18,88,91,8,9,24,22,60,60,32,33,26,24,2.898065362,2.995839596,1.226328863,1.195834659,2.098322676,2.063931687,anclado_por_activo
88,2015-07-01,2023-04-28,AMZN,Crisis,True,,0.1542288369,0.2108660032,14,17,44,74,10,13,39,38,70,65,23,35,20,6,1.722987565,1.696184763,2.888428547,3.985781454,1.993490842,1.312271872,anclado_por_activo
88,2015-07-01,2023-04-28,TSLA,global,True,,0.3759423067,0.4111359153,29,30,16,17,24,22,31,31,78,78,36,36,39,39,1.972180271,1.929735171,3.763443864,3.758399676,5.700506055,5.856444489,anclado_por_activo
88,2015-07-01,2023-04-28,TSLA,Tendencia,True,,0.5250696557,0.6731621211,14,13,96,100,23,20,40,39,80,80,39,39,22,24,2.899394697,2.910895353,3.536370388,3.369614884,1.691793428,1.936505781,anclado_por_activo
88,2015-07-01,2023-04-28,TSLA,Reversión,True,,0.5988660744,0.6343321082,6,5,17,18,18,19,40,39,80,80,28,28,40,38,2.30101964,2.295258742,2.43218004,2.303733202,5.780497594,5.788476266,anclado_por_activo
88,2015-07-01,2023-04-28,TSLA,Crisis,False,ningún trial con ≥ 5 operaciones,,,,,,,,,,,,,,,,,,,,,,,anclado_por_activo
88,2015-07-01,2023-04-28,META,global,True,,0.6474471434,0.6603261899,8,7,81,81,18,16,24,23,77,76,12,13,13,10,1.716777185,1.717489464,2.122516041,2.272076777,5.508830642,5.775296625,anclado_por_activo
88,2015-07-01,2023-04-28,META,Tendencia,True,,0.7094710492,0.5784936473,6,7,37,35,19,18,37,37,74,76,34,35,24,26,2.900692262,2.899318997,1.442176129,1.522825359,3.85304844,3.74840981,anclado_por_activo
88,2015-07-01,2023-04-28,META,Reversión,True,,0.1852555471,0.4678436566,8,8,46,45,8,8,28,29,80,79,13,10,8,9,2.727803719,2.815587017,3.628921489,3.687003552,5.42347343,5.516928952,anclado_por_activo
88,2015-07-01,2023-04-28,META,Crisis,False,ningún trial con ≥ 5 operaciones,,,,,,,,,,,,,,,,,,,,,,,anclado_por_activo
88,2015-07-01,2023-04-28,NFLX,global,True,,0.2458422127,0.3186155983,28,29,19,42,27,13,34,33,71,76,34,24,35,6,2.796003789,1.653850561,1.062744076,3.133725271,2.86673106,5.257597515,anclado_por_activo
88,2015-07-01,2023-04-28,NFLX,Tendencia,True,,0.1296578173,0.3071397272,8,7,58,73,23,23,38,39,74,74,29,26,28,23,1.584271095,1.526959334,3.263339779,3.382434173,2.475573897,2.832054707,anclado_por_activo
88,2015-07-01,2023-04-28,NFLX,Reversión,True,,0.3152702281,0.4132546416,12,10,78,72,8,8,39,39,80,79,38,39,10,15,2.927086007,2.812579678,1.378502242,3.186634533,2.514900336,2.548553715,anclado_por_activo
88,2015-07-01,2023-04-28,NFLX,Crisis,True,,-0.09896971529,-0.05329873731,23,11,79,79,15,9,22,40,61,67,36,21,20,39,1.72933955,1.773209868,1.128543521,1.266480316,5.498656438,5.831925762,anclado_por_activo
88,2015-07-01,2023-04-28,GOOGL,global,True,,0.6716340679,0.7008010734,6,5,76,80,21,22,40,40,78,79,14,14,25,24,2.12315832,2.054026957,3.581166678,3.314787062,1.47749629,1.889285176,anclado_por_activo
88,2015-07-01,2023-04-28,GOOGL,Tendencia,True,,0.2866369732,0.7457336617,24,5,28,61,27,12,23,23,68,80,36,35,32,28,2.683618968,2.431602333,2.944809997,3.063110767,1.278397258,3.722868937,anclado_por_activo
88,2015-07-01,2023-04-28,GOOGL,Reversión,True,,0.9347801225,1.058326508,14,15,50,53,10,11,25,26,77,77,12,13,26,29,1.842713643,1.883666491,1.277151452,1.436558193,5.232193113,5.160137302,anclado_por_activo
88,2015-07-01,2023-04-28,GOOGL,Crisis,True,,0.4249208905,0.6413338584,21,23,62,58,9,10,36,37,65,65,35,34,22,24,1.561327173,1.620164623,1.086193676,1.026636251,5.52324203,5.585474601,anclado_por_activo
89,2015-07-01,2023-05-31,NVDA,global,True,,0.575493218,0.7666853535,18,16,96,89,22,23,32,34,79,77,18,20,32,32,2.315584882,2.410309366,3.762937099,3.940161051,5.236399821,5.407977726,anclado_por_activo
89,2015-07-01,2023-05-31,NVDA,Tendencia,True,,1.620590322,1.865825937,24,23,98,96,21,21,32,31,75,75,12,13,36,35,1.853782184,1.798942832,1.24420124,1.173741025,5.205105363,5.278647933,anclado_por_activo
89,2015-07-01,2023-05-31,NVDA,Reversión,True,,0.564605081,0.8532407121,16,14,16,13,16,17,38,38,80,80,15,13,36,34,2.445030128,2.381767457,1.338158575,1.325322703,5.731379651,5.879041658,anclado_por_activo
89,2015-07-01,2023-05-31,NVDA,Crisis,True,,0.119092748,0.3139255219,28,12,89,53,14,8,23,32,62,73,36,19,36,38,1.622501938,2.317406414,1.923042086,3.812159042,5.610650219,5.744891511,anclado_por_activo
89,2015-07-01,2023-05-31,AMZN,global,True,,0.1051801245,0.5900640419,7,7,39,40,24,24,32,32,78,78,15,15,7,6,2.53577298,2.675003017,3.733626182,3.769451063,1.268363009,1.137840213,anclado_por_activo
89,2015-07-01,2023-05-31,AMZN,Tendencia,True,,0.2230932104,0.4354848166,29,26,92,90,26,22,22,22,78,78,26,25,38,39,2.259038551,2.196729881,2.199728669,2.011259657,4.039850192,2.756160846,anclado_por_activo
89,2015-07-01,2023-05-31,AMZN,Reversión,True,,0.6098983404,0.8147834218,22,22,64,74,10,12,37,37,78,78,38,40,26,26,2.445915942,2.478488313,1.213494748,1.246084454,5.328265543,5.430535955,anclado_por_activo
89,2015-07-01,2023-05-31,AMZN,Crisis,True,,0.1301306386,0.3087532123,26,29,55,57,10,11,23,35,65,66,29,39,36,19,1.584514445,1.752115407,1.380234629,2.865764356,5.76174867,1.969591037,anclado_por_activo
89,2015-07-01,2023-05-31,TSLA,global,True,,0.8539607276,0.8123652673,28,28,79,71,18,18,32,32,78,78,20,20,10,11,2.874785784,2.922417763,2.633668501,2.634459693,1.277041912,1.288289984,anclado_por_activo
89,2015-07-01,2023-05-31,TSLA,Tendencia,True,,0.2410083977,0.2983389856,10,6,86,78,21,22,40,40,65,65,34,32,31,30,2.418815844,2.42064676,2.851404222,2.767044424,4.736815485,5.213163828,anclado_por_activo
89,2015-07-01,2023-05-31,TSLA,Reversión,True,,0.2285811587,0.2949976147,7,6,90,94,26,26,30,30,78,80,39,37,20,16,1.733619206,1.809572414,1.533200268,1.300919729,3.808497836,3.791178136,anclado_por_activo
89,2015-07-01,2023-05-31,TSLA,Crisis,True,,0.4526884159,0.5341924383,28,26,48,49,9,9,36,37,79,78,21,21,18,18,1.741628433,1.602905739,3.718280901,3.547583841,4.990686364,5.252729843,anclado_por_activo
89,2015-07-01,2023-05-31,META,global,True,,0.70601175,0.6821229874,28,28,14,15,20,21,38,38,76,76,12,10,38,39,1.616047022,1.57896959,1.554975289,1.564997716,2.166489465,2.364265113,anclado_por_activo
89,2015-07-01,2023-05-31,META,Tendencia,True,,0.06672331403,0.2959702716,20,18,24,28,22,8,28,29,66,75,34,31,21,39,1.663696568,2.433374501,3.382210066,3.380986935,5.251246766,5.074185285,anclado_por_activo
89,2015-07-01,2023-05-31,META,Reversión,True,,0.6815581669,0.6891562485,28,29,13,13,26,27,25,25,61,62,22,24,32,31,2.647045131,2.723244365,3.596065524,3.65582215,1.996781199,2.064175735,anclado_por_activo
89,2015-07-01,2023-05-31,META,Crisis,True,,0.02481219709,0.09032845578,28,26,96,89,7,7,30,31,62,62,24,28,39,40,1.688677163,1.897576352,1.34067271,1.482004295,3.846837292,4.289774198,anclado_por_activo
89,2015-07-01,2023-05-31,NFLX,global,True,,0.4694874544,0.4834198964,9,10,93,98,8,8,39,40,74,74,11,11,29,29,2.186941987,2.179863994,3.682845775,3.671941669,5.445733598,5.765490578,anclado_por_activo
89,2015-07-01,2023-05-31,NFLX,Tendencia,True,,0.4587579753,0.4688832338,22,21,35,35,20,19,37,37,72,71,18,17,28,25,1.634017128,1.597446608,3.509861373,3.369706647,5.060457166,5.670852584,anclado_por_activo
89,2015-07-01,2023-05-31,NFLX,Reversión,True,,0.7166481337,0.7243651307,29,30,51,53,21,20,31,31,74,73,17,17,35,35,2.702235278,2.762565447,1.50218084,1.464337238,2.243408582,1.952450096,anclado_por_activo
89,2015-07-01,2023-05-31,NFLX,Crisis,True,,0.1792915543,0.2022429586,27,28,91,97,8,7,23,27,71,73,37,39,26,28,1.819364385,1.841150716,1.766358994,1.830952022,2.104662955,2.228349499,anclado_por_activo
89,2015-07-01,2023-05-31,GOOGL,global,True,,0.2481955645,0.479289856,27,26,34,27,20,21,33,36,78,79,25,25,6,5,1.553033345,1.558882595,1.819447875,1.602514227,1.417306481,1.325211678,anclado_por_activo
89,2015-07-01,2023-05-31,GOOGL,Tendencia,True,,0.6377438898,0.6505031733,20,17,16,16,11,11,24,25,78,79,12,12,37,35,1.793913431,1.802616472,3.801795216,3.722882971,2.815144494,3.157916009,anclado_por_activo
89,2015-07-01,2023-05-31,GOOGL,Reversión,True,,1.060083301,1.102966956,18,19,92,89,24,25,39,38,66,66,10,10,36,39,1.616252529,1.610368802,3.759041549,3.651583305,4.32063094,4.241998206,anclado_por_activo
89,2015-07-01,2023-05-31,GOOGL,Crisis,True,,0.6373839707,0.8942655712,6,7,90,82,8,9,36,36,63,62,34,33,18,12,1.529148251,1.571314465,3.186525488,3.359405357,1.272264519,1.459732245,anclado_por_activo
90,2015-07-01,2023-06-30,NVDA,global,True,,0.4643651176,0.6438160873,27,27,73,77,27,27,24,23,78,77,18,19,37,38,2.12554766,2.100023836,1.99190714,1.885927726,1.67453428,1.542508994,anclado_por_activo
90,2015-07-01,2023-06-30,NVDA,Tendencia,True,,0.3195595025,0.4273969675,24,22,26,32,22,21,25,23,78,78,29,30,10,12,1.86548301,1.725622014,3.23970716,3.281379746,4.842224274,4.726606498,anclado_por_activo
90,2015-07-01,2023-06-30,NVDA,Reversión,True,,0.2628642212,0.7214993845,6,5,77,71,8,8,28,26,78,79,14,14,27,26,2.616656346,2.520594898,1.530219824,1.598885136,2.396465378,2.396465378,anclado_por_activo
90,2015-07-01,2023-06-30,NVDA,Crisis,True,,0.5300258531,0.628151977,16,15,51,47,16,16,40,40,61,60,31,33,32,37,1.748107861,1.709916971,1.164294276,1.38789329,5.5468466,5.764753088,anclado_por_activo
90,2015-07-01,2023-06-30,AMZN,global,True,,0.6065948124,0.6769636836,12,12,48,42,27,27,40,39,78,79,16,21,8,11,2.621407428,2.650031781,1.112640229,1.098150193,5.789983385,5.821401857,anclado_por_activo
90,2015-07-01,2023-06-30,AMZN,Tendencia,True,,0.4923044024,0.8531487872,16,15,94,96,25,28,38,39,75,75,19,21,32,33,2.221244837,2.217019286,3.70957415,3.581126273,2.515420876,2.849607043,anclado_por_activo
90,2015-07-01,2023-06-30,AMZN,Reversión,True,,1.798992297,2.902630694,29,28,74,81,27,25,35,35,62,63,29,29,31,36,2.911235793,2.905475342,1.11062871,1.069856822,1.100535038,1.257708987,anclado_por_activo
90,2015-07-01,2023-06-30,AMZN,Crisis,True,,-0.01763329452,0.02978038571,23,22,29,33,12,13,39,39,60,60,26,26,19,19,1.861557122,1.781603413,1.32160249,1.32160249,4.301190353,4.292005633,anclado_por_activo
90,2015-07-01,2023-06-30,TSLA,global,True,,0.3544576283,0.5581078425,8,10,80,81,25,25,38,38,78,78,39,37,6,10,2.616511247,2.596330241,3.799314785,3.669493595,4.900103693,4.825885175,anclado_por_activo
90,2015-07-01,2023-06-30,TSLA,Tendencia,True,,0.3189751639,0.5625413531,8,7,21,28,23,23,36,37,79,79,38,39,37,38,2.251697447,2.218780455,2.67467573,2.585256848,2.653775325,2.690311841,anclado_por_activo
90,2015-07-01,2023-06-30,TSLA,Reversión,True,,0.006855438977,0.1379384103,6,6,24,10,22,24,40,40,67,66,35,36,32,31,2.578032495,2.577253426,2.483639968,2.306943089,4.983389913,5.146723555,anclado_por_activo
90,2015-07-01,2023-06-30,TSLA,Crisis,True,,0.7806246454,0.8975054188,21,21,92,92,9,7,24,21,67,67,27,27,32,33,1.594277786,1.680745506,3.730381127,3.706125663,3.164096072,3.308256938,anclado_por_activo
90,2015-07-01,2023-06-30,META,global,True,,0.5933129416,0.6594106019,6,8,40,42,24,25,40,40,62,63,16,16,36,39,2.493751097,2.497052911,3.402436199,3.39073335,1.506603254,1.574419063,anclado_por_activo
90,2015-07-01,2023-06-30,META,Tendencia,True,,0.1673435411,0.4096004282,7,7,12,11,27,27,32,31,68,70,32,31,29,31,1.819219336,1.793812336,3.519065095,3.300730121,5.848533448,5.938150947,anclado_por_activo
90,2015-07-01,2023-06-30,META,Reversión,True,,0.1205945588,0.6662150979,27,27,77,85,16,19,30,24,79,78,16,15,6,13,2.473163733,2.476096976,3.529371476,3.529318326,2.115331063,1.393358985,anclado_por_activo
90,2015-07-01,2023-06-30,META,Crisis,True,,0.06107392715,0.2860970492,18,16,20,21,8,7,24,22,62,61,13,16,6,5,1.704017254,1.662049565,3.282524856,3.264524495,5.833575524,5.882957945,anclado_por_activo
90,2015-07-01,2023-06-30,NFLX,global,True,,0.4457215282,0.5790384396,12,10,92,92,8,8,38,39,79,79,10,10,37,34,2.968786432,2.964469368,2.766308686,2.611387187,5.047577122,4.665628282,anclado_por_activo
90,2015-07-01,2023-06-30,NFLX,Tendencia,True,,0.2266059922,0.5026628738,24,27,76,68,20,21,20,23,74,74,36,37,8,10,1.931212159,1.938895576,1.197294202,1.099418246,3.111598014,3.660523189,anclado_por_activo
90,2015-07-01,2023-06-30,NFLX,Reversión,True,,0.497844714,0.551333005,8,9,19,16,8,8,37,37,74,73,11,10,23,24,2.857365618,2.862619569,3.496224138,3.821534629,1.261650626,1.451802242,anclado_por_activo
90,2015-07-01,2023-06-30,NFLX,Crisis,True,,0.1597508818,0.2166659236,19,19,68,71,7,8,40,39,69,70,38,37,20,29,1.829418068,1.752317506,1.766245898,1.766245898,1.762458798,1.999994915,anclado_por_activo
90,2015-07-01,2023-06-30,GOOGL,global,True,,0.4148045937,0.5972043881,28,28,54,57,25,23,36,36,72,71,38,38,12,13,1.807424186,1.947155035,2.290288186,2.286442103,4.326375733,4.494477283,anclado_por_activo
90,2015-07-01,2023-06-30,GOOGL,Tendencia,True,,0.3223448524,0.3795990389,6,6,90,96,16,13,35,35,78,78,12,11,37,38,1.580560153,1.584316424,3.571169919,3.786631887,3.120504556,3.172535109,anclado_por_activo
90,2015-07-01,2023-06-30,GOOGL,Reversión,True,,1.115797226,1.397250283,8,9,34,42,14,13,30,31,67,67,14,14,22,22,1.96919467,1.890088101,3.831504131,3.79012268,4.846718864,4.531530681,anclado_por_activo
90,2015-07-01,2023-06-30,GOOGL,Crisis,False,ningún trial con ≥ 5 operaciones,,,,,,,,,,,,,,,,,,,,,,,anclado_por_activo
91,2015-07-01,2023-07-31,NVDA,global,True,,0.6531392299,0.7795851087,27,30,35,35,27,28,33,32,77,76,36,36,7,7,2.497780197,2.548089129,2.697068545,2.781480602,4.178152922,4.203458461,anclado_por_activo
91,2015-07-01,2023-07-31,NVDA,Tendencia,True,,0.3376870092,0.6340425611,28,27,35,38,14,15,39,39,79,80,38,30,31,35,2.787170926,2.535759585,1.789599237,1.770204897,5.465330795,5.783426979,anclado_por_activo
91,2015-07-01,2023-07-31,NVDA,Reversión,True,,0.3106495188,0.3701869376,10,13,36,44,10,12,25,28,72,72,16,15,14,17,2.044299312,2.475686709,3.085101112,3.498633055,2.1947833,2.616096769,anclado_por_activo
91,2015-07-01,2023-07-31,NVDA,Crisis,True,,0.4722304217,0.5924410692,22,28,48,56,11,13,38,39,62,62,23,23,33,40,1.768533042,1.768533042,1.76563316,1.590692082,5.774123031,5.841563207,anclado_por_activo
91,2015-07-01,2023-07-31,AMZN,global,True,,0.273327995,0.364208594,27,27,71,67,9,7,32,32,77,76,12,12,38,38,2.805322045,2.907402067,2.102449117,2.260415868,4.871434694,4.691667085,anclado_por_activo
91,2015-07-01,2023-07-31,AMZN,Tendencia,True,,0.4449792988,0.6744678803,12,11,79,79,23,22,31,28,74,75,28,26,29,28,2.070995072,2.028233449,3.622906068,3.989850366,2.24829752,2.578793813,anclado_por_activo
91,2015-07-01,2023-07-31,AMZN,Reversión,True,,0.5486472765,1.692288146,24,25,21,17,12,11,21,20,78,78,21,22,30,31,2.665046989,2.695431584,1.233215013,1.273408535,1.032465726,1.028688314,anclado_por_activo
91,2015-07-01,2023-07-31,AMZN,Crisis,True,,0.1169205845,0.404266975,24,25,84,85,10,11,26,26,61,65,16,16,5,14,2.099171665,1.795315916,3.328740384,2.632045442,2.880722241,1.490835408,anclado_por_activo
91,2015-07-01,2023-07-31,TSLA,global,True,,0.5171176394,0.9185107762,12,12,84,83,26,26,36,36,77,77,30,30,38,37,2.936038729,2.940333143,1.700874772,1.584279109,2.243444264,2.100938231,anclado_por_activo
91,2015-07-01,2023-07-31,TSLA,Tendencia,True,,0.5466434626,0.7483200298,14,9,90,86,26,27,39,40,76,75,12,10,29,26,2.209498998,2.205924763,3.513275959,2.906792597,4.480427497,4.994299118,anclado_por_activo
91,2015-07-01,2023-07-31,TSLA,Reversión,True,,-0.04750001995,0.006478431113,10,8,22,10,18,18,22,22,66,65,11,10,26,30,2.439516217,2.471582799,1.495431618,1.364588918,2.455419781,2.504187397,anclado_por_activo
91,2015-07-01,2023-07-31,TSLA,Crisis,True,,0.3743009938,0.6851290939,28,26,30,34,8,8,25,28,77,80,11,10,18,21,1.603107954,1.678962482,2.863933746,2.907576902,4.995795691,4.590132062,anclado_por_activo
91,2015-07-01,2023-07-31,META,global,True,,0.7903149254,0.7203744389,15,15,12,13,23,25,35,36,78,76,14,13,7,6,1.716429424,1.587804169,2.128006792,2.085500982,3.955948499,4.323187808,anclado_por_activo
91,2015-07-01,2023-07-31,META,Tendencia,True,,0.03662323274,0.3754476924,20,19,90,89,20,26,22,23,62,62,37,38,10,9,2.90495967,2.995034876,2.841067071,3.046793445,4.686719947,4.493525514,anclado_por_activo
91,2015-07-01,2023-07-31,META,Reversión,True,,0.5554871188,0.6265133488,26,26,42,45,7,10,40,40,72,70,14,11,9,11,2.839489947,2.883452716,3.401544091,3.437147638,3.920976184,3.606603474,anclado_por_activo
91,2015-07-01,2023-07-31,META,Crisis,True,,0.08275813365,0.1286180172,29,29,17,11,7,7,28,27,60,60,24,22,35,37,1.686995917,1.656662394,1.183477459,1.166945255,3.554055422,3.698784309,anclado_por_activo
91,2015-07-01,2023-07-31,NFLX,global,True,,0.2381608014,0.3897516645,20,20,52,45,22,22,24,23,62,64,32,33,14,13,2.894313924,2.875274293,3.413622474,3.334801292,2.031411946,1.863488695,anclado_por_activo
91,2015-07-01,2023-07-31,NFLX,Tendencia,True,,0.1775409367,0.6850519131,24,21,71,69,22,23,36,40,73,73,18,17,12,12,1.655793637,1.639971122,2.722424003,2.654113047,5.610905064,5.41447773,anclado_por_activo
91,2015-07-01,2023-07-31,NFLX,Reversión,True,,0.38776104,0.5075079721,26,25,86,93,18,14,23,26,78,62,18,20,37,8,2.074759982,2.33321289,1.324616915,1.634681557,2.132681663,2.144446141,anclado_por_activo
91,2015-07-01,2023-07-31,NFLX,Crisis,True,,0.143867293,0.1629300253,28,29,81,82,7,7,39,39,69,69,11,10,33,32,1.651629799,1.524281099,3.768660532,3.738036582,2.259949856,2.259949856,anclado_por_activo
91,2015-07-01,2023-07-31,GOOGL,global,True,,2.147653329,2.474471678,12,11,93,88,19,20,35,37,79,77,15,14,30,32,2.698582159,2.712781472,1.849343415,1.88739177,1.202251404,1.025803837,anclado_por_activo
91,2015-07-01,2023-07-31,GOOGL,Tendencia,True,,0.5790619055,0.7817166141,6,6,94,85,15,14,20,20,77,77,14,13,34,29,2.545428475,2.55865033,3.678319388,3.756388287,5.537923543,5.624235669,anclado_por_activo
91,2015-07-01,2023-07-31,GOOGL,Reversión,True,,1.241517978,1.723310424,6,30,82,91,20,23,37,24,60,70,16,13,16,14,2.102299316,2.567045121,2.307385926,3.522541427,2.147815633,1.766148415,anclado_por_activo
91,2015-07-01,2023-07-31,GOOGL,Crisis,True,,0.213372778,0.213372778,25,25,80,80,9,9,36,36,63,63,33,33,36,36,1.747997703,1.747997703,3.291604984,3.291604984,5.988278213,5.988278213,anclado_por_activo
92,2015-07-01,2023-08-31,NVDA,global,True,,0.8786072706,0.9769215196,20,21,86,85,21,20,24,23,78,78,15,15,24,26,2.10349037,2.110770854,1.404895758,1.400797587,5.539366389,5.775159436,anclado_por_activo
92,2015-07-01,2023-08-31,NVDA,Tendencia,True,,0.9244439053,1.07614338,19,18,92,90,22,23,22,22,76,77,13,13,30,34,1.892647311,1.845099941,1.565258886,1.459803378,4.4680298,4.997746523,anclado_por_activo
92,2015-07-01,2023-08-31,NVDA,Reversión,True,,0.6649999461,0.7452146488,5,6,13,11,7,7,31,32,65,66,13,12,11,16,2.604190522,2.587806743,3.119510912,3.177486907,1.478258327,1.28234564,anclado_por_activo
92,2015-07-01,2023-08-31,NVDA,Crisis,True,,0.00283786982,0.00283786982,15,15,79,79,10,10,25,25,62,62,24,24,30,30,1.845552943,1.845552943,3.93217878,3.93217878,3.521370862,3.521370862,anclado_por_activo
92,2015-07-01,2023-08-31,AMZN,global,True,,0.3097508938,0.8126966192,29,29,74,78,26,26,36,36,78,77,13,13,6,7,2.504364284,2.629224011,1.951164293,1.92651937,5.477447871,5.373754673,anclado_por_activo
92,2015-07-01,2023-08-31,AMZN,Tendencia,True,,0.4167895915,0.4489307575,11,15,22,23,23,23,25,26,76,76,21,21,36,36,2.214413642,2.292904048,2.747676632,2.724537335,5.642258115,5.885706159,anclado_por_activo
92,2015-07-01,2023-08-31,AMZN,Reversión,True,,0.6413425298,0.6447564053,25,26,60,63,16,14,35,36,79,79,11,11,37,36,2.031926412,1.98986587,1.39823858,1.092149372,1.432085486,1.398189789,anclado_por_activo
92,2015-07-01,2023-08-31,AMZN,Crisis,True,,0.3322456444,0.3794156224,24,24,58,57,8,8,30,30,71,73,36,35,13,16,1.593458777,1.565461703,1.454651172,1.233432879,1.497101775,2.00666939,anclado_por_activo
92,2015-07-01,2023-08-31,TSLA,global,True,,0.3426831457,0.4401266398,16,14,92,91,22,21,38,40,79,80,10,10,30,33,2.596020146,2.410409101,3.805368845,3.940087928,5.500877411,5.71424102,anclado_por_activo
92,2015-07-01,2023-08-31,TSLA,Tendencia,True,,0.294380515,0.4111268994,20,20,74,73,27,27,26,28,78,77,24,22,22,21,2.373230729,2.347951958,3.702324769,3.706960744,5.074078153,5.219483699,anclado_por_activo
92,2015-07-01,2023-08-31,TSLA,Reversión,True,,0.1796544518,0.3028041714,6,5,24,24,26,27,33,35,64,64,30,31,30,30,1.916019968,2.040910218,1.747239884,1.859785304,1.665478633,1.396963637,anclado_por_activo
92,2015-07-01,2023-08-31,TSLA,Crisis,True,,0.631597385,0.8335071413,27,24,79,71,9,9,38,39,65,65,33,32,13,15,2.614053901,2.643778987,1.980650071,2.190456164,1.144580556,1.166952708,anclado_por_activo
92,2015-07-01,2023-08-31,META,global,True,,0.3135933304,0.5183049077,14,13,62,68,26,26,37,35,66,66,34,35,35,33,2.782060572,2.750803534,3.668544694,3.864754845,5.516623544,5.802549613,anclado_por_activo
92,2015-07-01,2023-08-31,META,Tendencia,True,,0.1237839415,0.5139173533,13,13,21,10,22,22,27,26,67,67,37,37,23,30,2.821780562,2.866656335,1.502314405,1.427031295,4.962979515,4.491879879,anclado_por_activo
92,2015-07-01,2023-08-31,META,Reversión,True,,0.8588292297,0.8588292297,21,22,27,27,24,25,22,21,73,73,12,12,12,12,2.425950266,2.50637444,3.85291164,3.898819465,5.438592707,5.532894572,anclado_por_activo
92,2015-07-01,2023-08-31,META,Crisis,True,,0.1540956942,0.3278505733,8,6,72,63,10,10,38,38,62,65,22,23,8,9,1.772071679,1.722661695,3.736846458,3.997211626,4.746774851,4.677338846,anclado_por_activo
92,2015-07-01,2023-08-31,NFLX,global,True,,0.460860341,0.4562776651,26,27,21,19,22,22,20,20,69,70,39,39,26,23,2.854157738,2.829578304,3.360004031,3.572963603,2.124951549,2.124951549,anclado_por_activo
92,2015-07-01,2023-08-31,NFLX,Tendencia,True,,0.6234512425,0.6205355243,16,11,38,63,24,22,32,34,71,70,27,26,26,24,1.554630941,1.577519286,1.274127814,1.702160915,5.348251499,5.543749168,anclado_por_activo
92,2015-07-01,2023-08-31,NFLX,Reversión,True,,0.3389604303,0.4912878851,18,17,73,76,27,28,32,33,79,80,11,13,8,7,1.615967308,1.656881457,3.442357633,3.453307466,4.96407628,4.633423362,anclado_por_activo
92,2015-07-01,2023-08-31,NFLX,Crisis,True,,0.040493936,0.07055807353,26,27,94,99,17,16,32,32,61,60,12,13,12,14,1.58889501,1.601809302,1.133095603,1.058054164,1.904495003,1.890977153,anclado_por_activo
92,2015-07-01,2023-08-31,GOOGL,global,True,,0.4372155139,0.6636426974,12,13,76,82,11,12,39,39,78,75,33,33,10,11,1.608052712,1.61622978,3.945974469,3.967302363,3.060559068,2.891676708,anclado_por_activo
92,2015-07-01,2023-08-31,GOOGL,Tendencia,True,,0.7071205599,0.6829272282,14,14,25,26,28,28,33,30,74,74,39,40,33,39,1.883025447,1.870422906,3.810826247,3.810826247,2.110815002,1.997380278,anclado_por_activo
92,2015-07-01,2023-08-31,GOOGL,Reversión,True,,1.420552475,2.012835967,20,21,48,54,15,18,24,24,72,71,13,12,10,14,2.535612544,2.428505449,1.289810078,1.294209603,1.675186818,1.549777686,anclado_por_activo
92,2015-07-01,2023-08-31,GOOGL,Crisis,True,,-0.07422700569,0.193730835,22,22,13,16,9,9,32,29,62,60,12,10,23,29,2.025809373,1.797129356,1.926295464,1.731903324,1.210999717,1.41179099,anclado_por_activo
93,2015-07-01,2023-09-29,NVDA,global,True,,0.7858358695,0.8070014676,28,28,94,97,26,26,32,31,77,77,20,20,34,36,2.183987765,2.163532296,1.818560315,1.97510584,4.178403754,4.1216426,anclado_por_activo
93,2015-07-01,2023-09-29,NVDA,Tendencia,True,,0.7928850206,1.108538962,28,28,36,31,18,20,30,30,79,79,15,13,39,39,2.074360735,2.010030358,1.529060793,1.648390332,4.932288905,4.827471338,anclado_por_activo
93,2015-07-01,2023-09-29,NVDA,Reversión,True,,0.3346896328,0.4202862118,22,27,17,12,19,18,37,35,77,77,21,22,13,14,2.175992178,2.195765134,1.873277548,1.79826465,5.635066446,5.06957606,anclado_por_activo
93,2015-07-01,2023-09-29,NVDA,Crisis,True,,0.1203174666,0.2192992682,18,17,13,11,9,9,30,31,66,67,18,18,6,5,1.792163777,1.816419265,1.618351461,1.615021959,1.132581359,1.087513844,anclado_por_activo
93,2015-07-01,2023-09-29,AMZN,global,True,,0.6990726269,0.7719223296,29,30,90,90,11,10,32,33,72,73,14,15,38,38,2.889091235,2.863381183,2.162712923,2.24761889,2.699196715,2.810109905,anclado_por_activo
93,2015-07-01,2023-09-29,AMZN,Tendencia,True,,0.5806228539,0.6865368604,28,27,69,73,20,19,37,37,77,79,18,17,28,32,2.968560104,2.986034565,2.503853936,2.776710643,1.146154872,1.209220492,anclado_por_activo
93,2015-07-01,2023-09-29,AMZN,Reversión,True,,0.4901044627,0.6503523851,27,29,30,28,22,19,38,38,76,75,38,35,7,7,2.46582268,2.42232443,1.476958492,1.473621786,5.472390363,5.523495633,anclado_por_activo
93,2015-07-01,2023-09-29,AMZN,Crisis,True,,0.62043203,0.5313621031,11,10,53,45,8,7,37,37,72,73,14,16,6,5,2.005346184,1.936483303,1.468427898,1.287917428,1.361529929,1.361529929,anclado_por_activo
93,2015-07-01,2023-09-29,TSLA,global,True,,0.2461344202,0.8921939197,26,28,16,19,28,27,38,38,78,78,26,26,26,27,2.918912438,2.949212487,3.485174349,3.349229018,1.26204869,1.400916869,anclado_por_activo
93,2015-07-01,2023-09-29,TSLA,Tendencia,True,,0.1374836174,0.281706097,26,25,30,25,28,28,27,29,80,80,36,39,38,36,2.059599632,2.105191211,3.848066054,3.792219065,5.112879182,5.125740458,anclado_por_activo
93,2015-07-01,2023-09-29,TSLA,Reversión,True,,0.4179908608,0.5977330398,12,12,37,34,27,24,30,29,78,78,35,37,21,21,1.779206747,1.820657451,1.879482016,1.879482016,4.642073784,4.642073784,anclado_por_activo
93,2015-07-01,2023-09-29,TSLA,Crisis,True,,0.8094976687,0.7511498715,25,27,59,51,12,12,28,28,69,66,11,14,34,35,1.620633866,1.589556381,1.614921726,1.570574302,5.839741457,5.987084573,anclado_por_activo
93,2015-07-01,2023-09-29,META,global,True,,1.164981393,1.335617681,16,15,92,91,25,24,25,26,68,67,13,13,13,14,2.88935751,2.912018406,3.792357526,3.792357526,5.656548126,5.824677052,anclado_por_activo
93,2015-07-01,2023-09-29,META,Tendencia,True,,0.3593875156,1.020901171,27,27,62,58,26,28,36,36,70,68,36,37,8,9,2.935974242,2.959098566,1.291935226,1.134853481,2.527535389,1.51152653,anclado_por_activo
93,2015-07-01,2023-09-29,META,Reversión,True,,0.6057151772,0.7663605276,16,20,44,39,20,21,21,23,64,65,18,21,10,12,2.561655614,2.479591506,3.776535618,3.941649391,1.51331277,2.201010798,anclado_por_activo
93,2015-07-01,2023-09-29,META,Crisis,True,,0.8011232187,0.7798714593,27,28,46,43,8,8,37,39,78,78,11,12,38,40,1.622657508,1.647348791,1.770440854,1.780095973,5.126033818,4.841111048,anclado_por_activo
93,2015-07-01,2023-09-29,NFLX,global,True,,0.9967602875,0.7760462928,22,23,46,49,28,28,38,39,74,74,11,10,24,29,1.615539773,1.600236475,3.741716757,3.658364094,4.351681012,4.08584361,anclado_por_activo
93,2015-07-01,2023-09-29,NFLX,Tendencia,True,,0.8681917667,0.8299875957,27,27,48,42,11,11,40,40,76,76,30,31,26,26,2.93918517,2.825139149,3.516609891,3.593870241,5.286883663,5.645146597,anclado_por_activo
93,2015-07-01,2023-09-29,NFLX,Reversión,True,,0.2250512916,0.4569256543,21,21,71,57,12,12,26,26,62,63,24,22,8,9,2.552836089,2.32267283,1.61120055,1.419947948,2.10769792,1.95659667,anclado_por_activo
93,2015-07-01,2023-09-29,NFLX,Crisis,True,,0.6428671444,0.8449904482,6,7,23,13,7,7,37,37,78,78,11,10,37,33,1.727740686,1.878746056,3.374589576,3.434991273,4.288743864,4.276253831,anclado_por_activo
93,2015-07-01,2023-09-29,GOOGL,global,True,,0.6306393235,0.9035057421,26,25,92,97,12,14,32,33,78,78,24,23,28,27,1.545531539,1.516649279,3.902215506,3.867691797,3.371543114,3.111500001,anclado_por_activo
93,2015-07-01,2023-09-29,GOOGL,Tendencia,True,,0.3112691519,0.9561552413,8,5,90,87,14,14,23,22,76,75,39,40,36,35,1.675524531,1.650041129,3.869689499,3.858043043,1.554757425,1.300131512,anclado_por_activo
93,2015-07-01,2023-09-29,GOOGL,Reversión,True,,0.8876084159,1.908983973,11,10,78,85,16,19,32,31,67,68,12,12,7,5,1.974110058,2.321893378,3.603934332,3.686701828,4.835235629,4.625766537,anclado_por_activo
93,2015-07-01,2023-09-29,GOOGL,Crisis,False,ningún trial con ≥ 5 operaciones,,,,,,,,,,,,,,,,,,,,,,,anclado_por_activo
94,2015-07-01,2023-10-31,NVDA,global,True,,0.7521915218,0.7775032288,28,28,68,67,16,15,23,21,78,77,14,13,20,21,2.069721696,2.026807662,1.27488715,1.314813941,5.658364643,5.664195073,anclado_por_activo
94,2015-07-01,2023-10-31,NVDA,Tendencia,True,,0.6298776916,0.7401281964,13,17,92,98,22,22,24,24,79,79,17,18,28,25,1.956823954,1.960945723,3.792368258,3.773191997,1.648446356,1.695343911,anclado_por_activo
94,2015-07-01,2023-10-31,NVDA,Reversión,True,,0.3353763471,0.5005460294,25,23,96,97,12,14,39,39,78,78,18,18,37,40,2.365152381,2.332115949,2.478981697,2.328210629,5.762134412,5.465973796,anclado_por_activo
94,2015-07-01,2023-10-31,NVDA,Crisis,True,,0.3313784148,0.603206542,18,20,79,78,15,16,40,40,61,61,24,20,12,11,1.765525003,1.851415176,3.678239179,3.941843705,3.270964683,3.027321293,anclado_por_activo
94,2015-07-01,2023-10-31,AMZN,global,True,,0.4992111796,0.5329509546,14,14,86,85,20,19,31,31,76,75,40,39,23,28,1.719384757,1.803493869,1.403769777,1.38423778,1.676102859,1.978072155,anclado_por_activo
94,2015-07-01,2023-10-31,AMZN,Tendencia,True,,0.4164793132,0.4827858705,28,30,52,50,27,28,40,40,73,74,34,34,34,34,2.967268848,2.912582011,2.943882683,2.766856105,2.370851174,2.472164306,anclado_por_activo
94,2015-07-01,2023-10-31,AMZN,Reversión,True,,1.060429977,1.131677001,18,19,66,71,25,23,39,39,64,60,40,40,10,11,2.918513318,2.89417765,1.208093192,1.265687177,2.012382758,2.158064611,anclado_por_activo
94,2015-07-01,2023-10-31,AMZN,Crisis,True,,0.1277507552,0.2702772039,23,15,74,85,10,11,38,37,61,60,13,15,37,35,1.797923846,1.859415,2.38368002,2.151575904,4.53855191,5.919882033,anclado_por_activo
94,2015-07-01,2023-10-31,TSLA,global,True,,0.1962491441,0.5115361759,12,14,48,46,28,27,38,39,78,78,34,36,18,19,2.316889891,2.296728333,3.473383727,3.420249252,1.300620677,1.288118909,anclado_por_activo
94,2015-07-01,2023-10-31,TSLA,Tendencia,True,,0.8745491378,0.8375140069,10,8,85,85,14,14,32,32,77,77,11,10,39,36,2.674985545,2.674985545,3.472217808,3.621499638,5.391291093,5.827657611,anclado_por_activo
94,2015-07-01,2023-10-31,TSLA,Reversión,True,,0.08666266268,0.2182702039,6,7,25,28,18,19,39,31,80,71,38,28,20,31,1.700122443,2.27028667,3.83490096,1.283326201,4.996974906,1.077653982,anclado_por_activo
94,2015-07-01,2023-10-31,TSLA,Crisis,True,,1.229134908,1.235771139,26,26,25,20,10,10,38,39,79,79,26,27,5,5,1.782825173,1.87292864,1.917099574,1.773236455,4.663469238,4.663469238,anclado_por_activo
94,2015-07-01,2023-10-31,META,global,True,,0.5849770294,0.5555838961,27,26,58,56,10,11,36,37,79,80,36,34,36,37,2.895561624,2.856823878,3.266467572,3.425229225,5.571481469,5.550700284,anclado_por_activo
94,2015-07-01,2023-10-31,META,Tendencia,True,,0.2775535612,0.3507496284,23,23,84,78,26,28,27,29,63,63,30,33,8,14,2.77459782,2.941359172,2.057750683,2.201324808,4.629338515,4.854767778,anclado_por_activo
94,2015-07-01,2023-10-31,META,Reversión,True,,0.704072454,0.6579842086,28,30,32,30,26,26,27,27,71,72,10,10,10,10,1.524515738,1.650853808,1.245993988,1.261483453,4.227869113,4.524767325,anclado_por_activo
94,2015-07-01,2023-10-31,META,Crisis,True,,0.3082211956,0.3354452351,29,30,77,74,8,8,29,31,65,65,10,11,36,37,1.700766755,1.691282122,1.227631665,1.09451409,5.835037407,5.917252418,anclado_por_activo
94,2015-07-01,2023-10-31,NFLX,global,True,,0.1618949732,0.2279793529,29,30,76,90,8,8,25,21,74,75,32,32,6,5,2.943406508,2.946128782,2.650031273,2.840861068,2.620747246,2.433436017,anclado_por_activo
94,2015-07-01,2023-10-31,NFLX,Tendencia,True,,0.9972352593,1.004977287,24,25,52,50,14,13,32,32,76,76,16,16,34,33,2.108786968,2.146251258,3.358233741,3.201562928,5.747502961,5.679060053,anclado_por_activo
94,2015-07-01,2023-10-31,NFLX,Reversión,True,,0.4286988252,0.6882615859,20,18,65,60,7,7,32,32,75,76,12,13,34,35,1.700683965,1.706503098,1.403423085,1.36872588,2.056294538,2.050898463,anclado_por_activo
94,2015-07-01,2023-10-31,NFLX,Crisis,True,,0.1152395571,0.2179877322,27,27,90,82,9,10,24,23,73,73,14,12,10,11,1.56889585,1.580792135,3.581019643,3.473320311,5.261805257,5.379520517,anclado_por_activo
94,2015-07-01,2023-10-31,GOOGL,global,True,,0.5127315927,0.7092807982,13,13,87,94,21,23,31,31,69,68,12,11,30,33,1.540508699,1.586964608,3.791902933,3.675054432,3.378483732,3.189195975,anclado_por_activo
94,2015-07-01,2023-10-31,GOOGL,Tendencia,True,,0.5805066523,0.6728334674,29,29,55,59,23,23,39,37,74,74,11,11,30,28,1.537921074,1.517933483,3.664719992,3.654722476,3.490240264,3.357117341,anclado_por_activo
94,2015-07-01,2023-10-31,GOOGL,Reversión,True,,1.034548378,1.949417272,10,11,14,13,26,25,37,36,74,74,20,21,36,38,1.785061179,1.8668535,1.166558408,1.141932946,2.187979376,2.326816902,anclado_por_activo
94,2015-07-01,2023-10-31,GOOGL,Crisis,True,,0.4073038552,0.4320627763,29,28,62,56,9,7,35,37,61,62,31,31,29,29,1.545511529,1.544050604,3.877760362,3.971074487,2.748709985,2.87288046,anclado_por_activo
95,2015-07-01,2023-11-30,NVDA,global,True,,0.2449640329,0.5870926101,12,11,92,92,23,23,30,30,75,75,20,21,8,8,2.502550904,2.537165561,1.213479384,1.180066242,3.357151756,3.162121207,anclado_por_activo
95,2015-07-01,2023-11-30,NVDA,Tendencia,True,,0.3181179943,0.7130261407,24,28,73,64,25,24,38,40,75,76,18,17,30,30,2.394157255,2.485118278,1.092237408,1.05376623,5.170307654,5.258684015,anclado_por_activo
95,2015-07-01,2023-11-30,NVDA,Reversión,True,,0.3102787857,0.4616023981,28,29,96,91,9,9,33,32,79,79,18,20,12,15,2.189848894,2.136844998,3.822598951,3.79023637,4.19575762,4.476700778,anclado_por_activo
95,2015-07-01,2023-11-30,NVDA,Crisis,True,,0.1371620687,0.1711671663,28,29,93,98,9,10,22,24,63,67,36,36,34,34,1.752098347,1.753158744,3.060696514,3.548585602,5.765145845,4.83512038,anclado_por_activo
95,2015-07-01,2023-11-30,AMZN,global,True,,0.3011256976,0.6246586708,28,24,96,88,22,19,38,28,67,68,20,17,39,7,2.928180764,2.842095497,1.228144256,1.578631724,3.335214544,4.851440489,anclado_por_activo
95,2015-07-01,2023-11-30,AMZN,Tendencia,True,,0.3955378262,0.9826676418,28,29,90,95,24,26,38,40,68,69,11,13,37,39,2.849435171,2.941827679,2.143414921,2.031852016,2.371037317,2.901265852,anclado_por_activo
95,2015-07-01,2023-11-30,AMZN,Reversión,True,,0.7443706029,1.818174798,28,27,45,46,27,27,34,34,64,64,20,21,36,38,2.750025956,2.740613922,3.772304872,3.982609484,1.546402581,1.04107495,anclado_por_activo
95,2015-07-01,2023-11-30,AMZN,Crisis,True,,0.1157442456,0.4252103529,28,30,55,40,8,8,38,37,74,74,11,10,6,6,1.721393738,1.730118715,1.40463321,1.648188297,1.682382485,1.918580657,anclado_por_activo
95,2015-07-01,2023-11-30,TSLA,global,True,,0.4251379011,0.3030038617,22,16,58,72,26,26,36,33,77,77,40,40,10,10,2.913951327,2.960948617,3.006046158,3.011437885,5.422228906,4.321836888,anclado_por_activo
95,2015-07-01,2023-11-30,TSLA,Tendencia,True,,0.4359490128,0.6377267327,10,10,20,31,16,22,34,35,78,79,26,29,8,12,2.883560888,2.954887854,1.079811838,1.701423864,1.249330839,1.687498988,anclado_por_activo
95,2015-07-01,2023-11-30,TSLA,Reversión,True,,0.1646644867,0.2269880904,25,25,96,99,21,22,27,23,66,66,10,11,19,29,2.675349054,2.688643317,3.790425276,3.550209708,2.013960799,1.670742065,anclado_por_activo
95,2015-07-01,2023-11-30,TSLA,Crisis,True,,0.4753344049,0.6136515801,18,18,74,83,12,14,40,40,78,77,12,14,36,36,1.739636511,1.952423215,1.2690963,1.237671573,2.900919535,2.633122288,anclado_por_activo
95,2015-07-01,2023-11-30,META,global,True,,0.3045069742,0.4211108229,26,26,94,94,27,27,40,40,78,79,12,12,38,38,2.802799101,2.997927697,3.264926134,2.553537419,5.687601256,5.731266366,anclado_por_activo
95,2015-07-01,2023-11-30,META,Tendencia,True,,0.2775436474,0.3058806891,24,26,16,14,11,11,36,35,78,78,38,35,38,39,2.244885998,2.249696822,3.663572199,3.728533729,5.60439729,5.597434073,anclado_por_activo
95,2015-07-01,2023-11-30,META,Reversión,True,,0.3636463951,0.5925724861,10,11,83,66,18,20,30,24,78,72,16,39,16,24,1.62478353,1.520538781,3.654815146,3.396405682,4.463467496,5.702950682,anclado_por_activo
95,2015-07-01,2023-11-30,META,Crisis,False,ningún trial con ≥ 5 operaciones,,,,,,,,,,,,,,,,,,,,,,,anclado_por_activo
95,2015-07-01,2023-11-30,NFLX,global,True,,0.5045087117,0.7820455687,7,9,15,12,22,21,21,20,70,71,17,17,35,40,2.559720247,2.593003541,3.05181941,3.056685094,1.738597985,2.022476122,anclado_por_activo
95,2015-07-01,2023-11-30,NFLX,Tendencia,True,,0.3995985265,0.7620304847,23,24,29,18,24,23,27,27,72,73,30,32,26,29,2.329127269,2.329178024,3.49619434,3.369943588,2.365754206,2.445638766,anclado_por_activo
95,2015-07-01,2023-11-30,NFLX,Reversión,True,,0.2548350083,0.3236961094,21,20,22,26,12,13,28,30,66,67,22,23,19,19,2.872187137,2.873919333,3.853017514,3.954422911,1.069368509,1.069368509,anclado_por_activo
95,2015-07-01,2023-11-30,NFLX,Crisis,True,,0.443268458,0.4790562937,26,26,29,29,8,9,40,40,78,79,12,11,34,35,1.827995621,1.811923254,1.281905839,1.195242895,4.723321868,4.528107051,anclado_por_activo
95,2015-07-01,2023-11-30,GOOGL,global,True,,0.6658155546,0.7498544898,12,11,94,95,25,23,38,37,68,69,15,14,38,38,2.034997231,2.007259872,1.380061623,1.388593944,2.716711012,2.745302119,anclado_por_activo
95,2015-07-01,2023-11-30,GOOGL,Tendencia,True,,0.3617010722,0.5770333986,16,15,24,25,10,10,40,40,80,79,14,13,28,29,1.59600558,1.767949288,3.746471476,3.775323068,3.72770852,3.743734111,anclado_por_activo
95,2015-07-01,2023-11-30,GOOGL,Reversión,True,,2.7650067,3.447684993,15,17,40,47,12,13,23,24,77,77,13,11,28,25,2.482730384,2.378040377,2.692286156,2.558680872,1.880344127,2.2594156,anclado_por_activo
95,2015-07-01,2023-11-30,GOOGL,Crisis,False,ningún trial con ≥ 5 operaciones,,,,,,,,,,,,,,,,,,,,,,,anclado_por_activo
96,2015-07-01,2023-12-29,NVDA,global,True,,0.459997894,0.5751446141,17,21,95,95,26,26,23,23,80,80,18,17,32,29,1.859863333,1.847892176,1.8516345,2.08051856,2.692144406,2.812308284,anclado_por_activo
96,2015-07-01,2023-12-29,NVDA,Tendencia,True,,0.7909800468,1.112139064,10,11,92,94,26,28,30,30,77,77,12,13,32,35,1.774897311,1.8423819,1.377957623,1.814002611,4.96892544,4.976323945,anclado_por_activo
96,2015-07-01,2023-12-29,NVDA,Reversión,True,,0.4254460126,0.4611066207,25,23,89,82,8,8,35,34,79,78,16,14,38,39,2.329536661,2.40559189,2.935986463,2.947837029,4.298839388,5.034466251,anclado_por_activo
96,2015-07-01,2023-12-29,NVDA,Crisis,True,,0.3392563777,0.4263938736,26,26,38,48,10,10,38,39,63,64,35,33,28,27,1.963361181,2.045733799,1.245189483,1.1031944,4.052940909,4.02700357,anclado_por_activo
96,2015-07-01,2023-12-29,AMZN,global,True,,0.6288609953,0.6743495607,30,28,82,80,26,27,22,21,61,60,10,10,36,35,2.541149573,2.491603222,1.217321555,1.170140841,3.421876261,3.804204599,anclado_por_activo
96,2015-07-01,2023-12-29,AMZN,Tendencia,True,,0.6030128606,0.6387167662,28,29,73,73,26,24,38,38,76,74,15,16,22,20,2.627699807,2.755863804,2.718937155,2.610498428,1.254287251,1.260069719,anclado_por_activo
96,2015-07-01,2023-12-29,AMZN,Reversión,True,,0.6661357323,0.646993645,5,6,38,39,14,14,35,34,75,75,11,10,7,7,1.814239869,1.807434067,2.331308287,2.441109378,4.855378356,4.862240807,anclado_por_activo
96,2015-07-01,2023-12-29,AMZN,Crisis,True,,0.3744490043,0.5420743046,28,28,75,72,11,12,39,39,64,67,27,23,7,9,1.564383766,1.622847649,3.889474647,3.873232892,1.57865271,1.614952275,anclado_por_activo
96,2015-07-01,2023-12-29,TSLA,global,True,,0.3343077012,0.3537556901,9,9,16,16,18,21,39,40,80,78,23,23,30,32,2.722614943,2.805884715,2.859351921,2.788058524,1.493562669,1.402126692,anclado_por_activo
96,2015-07-01,2023-12-29,TSLA,Tendencia,True,,0.3310447723,0.3224762923,26,27,16,45,11,20,26,34,68,66,25,21,34,35,2.917950711,2.812465552,1.839838505,1.602328078,2.210713548,1.281271802,anclado_por_activo
96,2015-07-01,2023-12-29,TSLA,Reversión,True,,0.3286020904,0.413382007,28,28,84,89,27,28,32,32,78,79,38,40,39,39,2.188520703,2.151714544,2.321777198,2.292042666,4.490876245,4.636738148,anclado_por_activo
96,2015-07-01,2023-12-29,TSLA,Crisis,True,,0.4877616895,0.6477025448,23,24,55,53,8,8,39,40,63,63,36,38,21,25,1.585716681,1.512954739,1.66378607,1.564353017,5.175136716,5.192805455,anclado_por_activo
96,2015-07-01,2023-12-29,META,global,True,,0.2225026175,0.3911601185,28,30,92,99,7,7,38,40,74,76,36,31,15,15,2.180088965,2.41784685,3.825531324,3.802743838,4.73821176,4.689154062,anclado_por_activo
96,2015-07-01,2023-12-29,META,Tendencia,True,,0.72225885,0.799898318,6,6,14,18,26,25,20,21,69,69,38,38,18,19,2.603917075,2.599257818,2.277367572,2.184794922,4.041110008,4.126392156,anclado_por_activo
96,2015-07-01,2023-12-29,META,Reversión,True,,0.9377756679,1.486150349,18,21,92,93,20,21,25,27,78,80,11,11,13,16,2.385430213,2.341321717,3.745645198,3.788167923,5.501065863,5.164545847,anclado_por_activo
96,2015-07-01,2023-12-29,META,Crisis,True,,0.04971884869,0.1552427189,8,9,93,93,7,7,29,29,71,73,17,15,17,13,1.69153652,1.69153652,2.765020069,2.794234673,3.132023122,3.132023122,anclado_por_activo
96,2015-07-01,2023-12-29,NFLX,global,True,,0.2342518534,0.2556744625,18,18,88,63,23,22,21,24,71,75,37,37,10,6,2.935976938,2.745632176,2.658356831,2.87675523,5.791383562,5.286154993,anclado_por_activo
96,2015-07-01,2023-12-29,NFLX,Tendencia,True,,0.3664290067,0.4765863952,13,14,21,22,16,16,20,21,74,74,26,24,31,37,1.722824124,1.651041667,3.662064311,3.601580868,4.026376357,4.239208128,anclado_por_activo
96,2015-07-01,2023-12-29,NFLX,Reversión,True,,0.3368264545,0.3195175688,23,21,68,65,27,27,24,24,78,78,20,23,15,15,2.457971405,2.459817575,3.287251963,3.984114404,2.790023779,2.579492804,anclado_por_activo
96,2015-07-01,2023-12-29,NFLX,Crisis,True,,0.2073801553,0.2628533692,22,22,82,76,9,10,39,39,72,71,21,21,24,26,1.562300339,1.628096515,1.445179032,1.445179032,3.041512634,3.241983298,anclado_por_activo
96,2015-07-01,2023-12-29,GOOGL,global,True,,0.3203254162,0.5022603847,28,28,52,47,23,25,39,39,71,69,28,28,37,38,2.888076207,2.921553545,1.190995827,1.117979201,3.035208336,2.830256826,anclado_por_activo
96,2015-07-01,2023-12-29,GOOGL,Tendencia,True,,0.1823981057,0.5182422306,12,14,79,73,26,24,28,29,73,72,12,11,6,5,1.64972297,1.545533509,3.921387807,3.99118465,3.489174856,3.136992355,anclado_por_activo
96,2015-07-01,2023-12-29,GOOGL,Reversión,True,,1.434042259,2.720619769,15,12,22,15,21,22,39,39,71,72,15,14,10,9,2.103946438,2.119817548,3.632863799,3.923210847,5.099943016,5.08672749,anclado_por_activo
96,2015-07-01,2023-12-29,GOOGL,Crisis,True,,0.01898908782,0.1034539982,29,29,33,35,7,7,24,24,68,68,13,10,39,39,1.547295316,1.547295316,2.205118607,2.681253313,3.734192021,2.684123615,anclado_por_activo
97,2015-07-01,2024-01-31,NVDA,global,True,,0.7320606348,0.6809299095,5,5,60,62,27,27,21,23,76,75,18,19,8,12,1.879540336,1.866840148,3.131347068,3.196505352,3.137761101,3.120377722,anclado_por_activo
97,2015-07-01,2024-01-31,NVDA,Tendencia,True,,0.9786231789,1.196717515,15,18,84,76,27,24,22,21,80,80,12,13,28,28,1.990795687,1.878211982,1.839022053,1.699322094,5.694259576,5.734001283,anclado_por_activo
97,2015-07-01,2024-01-31,NVDA,Reversión,True,,0.3037215553,0.4208165534,29,28,94,90,13,20,38,40,80,77,20,22,23,23,2.035570471,1.980605775,1.389043745,1.250484053,5.190405764,5.412652205,anclado_por_activo
97,2015-07-01,2024-01-31,NVDA,Crisis,True,,0.2284599515,0.2613506023,27,27,61,61,9,12,32,34,73,69,24,26,16,18,1.597656729,1.677270764,1.358084888,1.086676727,4.741679555,4.775463789,anclado_por_activo
97,2015-07-01,2024-01-31,AMZN,global,True,,-0.01016130094,0.3205724563,24,24,20,21,9,9,30,29,75,75,11,11,38,34,2.873561689,2.85426683,3.699409388,3.22427163,1.205754129,1.411754542,anclado_por_activo
97,2015-07-01,2024-01-31,AMZN,Tendencia,True,,0.6095269991,0.7049561562,8,8,72,71,24,22,23,24,79,78,13,12,39,36,2.490149855,2.399544748,3.616390007,3.700675568,1.22697386,1.281373393,anclado_por_activo
97,2015-07-01,2024-01-31,AMZN,Reversión,True,,0.7692785372,1.127610578,15,18,88,86,27,28,33,36,78,79,34,35,6,6,2.581909138,2.581909138,3.489080043,3.709914091,5.202537498,5.551595614,anclado_por_activo
97,2015-07-01,2024-01-31,AMZN,Crisis,True,,0.3859251978,0.4751466357,22,23,85,84,14,15,33,31,60,60,39,35,22,22,1.615618085,1.570011667,3.166339124,3.166339124,1.282770361,1.325416048,anclado_por_activo
97,2015-07-01,2024-01-31,TSLA,global,True,,0.02815277125,0.03682359576,25,26,91,100,15,15,23,23,67,65,36,35,38,40,2.03702312,2.007169411,2.768290828,2.78446717,4.898467631,4.62354948,anclado_por_activo
97,2015-07-01,2024-01-31,TSLA,Tendencia,True,,0.4893018559,0.8556344535,26,27,90,96,24,24,38,37,78,77,26,25,10,10,2.878994014,2.934188432,3.062720913,2.916645031,1.344998261,1.319592085,anclado_por_activo
97,2015-07-01,2024-01-31,TSLA,Reversión,True,,0.1309733435,0.2502937518,27,26,87,82,26,24,31,31,72,73,38,36,39,40,1.701283253,1.643425192,2.38913586,2.283237087,4.030639399,3.897254641,anclado_por_activo
97,2015-07-01,2024-01-31,TSLA,Crisis,True,,0.04319011944,0.1589996581,5,5,65,70,7,7,36,37,65,65,17,17,7,7,2.160950396,2.235108299,1.888950192,1.981970691,1.134820245,1.392547703,anclado_por_activo
97,2015-07-01,2024-01-31,META,global,True,,0.6697745445,0.6216257839,7,7,92,88,27,28,36,38,72,71,12,12,10,10,1.792117411,1.814962817,2.956433418,3.337373193,3.591173968,3.309779666,anclado_por_activo
97,2015-07-01,2024-01-31,META,Tendencia,True,,0.280715065,0.4256200221,14,10,14,23,26,27,36,33,76,65,36,30,39,21,2.459936738,2.914083281,1.74952302,3.927517501,5.103235529,2.648674602,anclado_por_activo
97,2015-07-01,2024-01-31,META,Reversión,True,,0.1090597671,0.5633850562,19,8,72,12,8,24,28,25,63,72,27,16,34,32,2.849463657,1.979251917,3.267179233,2.654002191,1.663268512,1.920605057,anclado_por_activo
97,2015-07-01,2024-01-31,META,Crisis,True,,-0.006030405241,0.08785443065,29,28,90,88,7,7,23,22,60,62,12,12,17,16,1.830864398,2.067147995,2.142352398,2.3426571,1.752202563,1.608155158,anclado_por_activo
97,2015-07-01,2024-01-31,NFLX,global,True,,0.8804646477,0.8628933086,12,10,92,89,26,25,38,38,76,74,12,12,29,28,1.623336534,1.726007066,3.843047583,3.794811134,5.409433389,5.209352423,anclado_por_activo
97,2015-07-01,2024-01-31,NFLX,Tendencia,True,,0.6242753385,0.7192075454,23,20,38,44,22,24,40,38,78,79,18,17,30,30,1.639473119,1.622975298,2.423780153,2.413996809,4.8213262,4.827274277,anclado_por_activo
97,2015-07-01,2024-01-31,NFLX,Reversión,True,,0.4318201428,0.4403034855,15,16,74,70,14,14,24,24,68,68,25,28,7,7,2.608933352,2.761523686,2.33116591,2.319322926,2.57159095,2.661543936,anclado_por_activo
97,2015-07-01,2024-01-31,NFLX,Crisis,True,,0.06853056199,0.1322204318,17,20,98,95,8,9,24,23,61,61,38,38,10,11,1.839408918,1.689802028,1.974362534,1.999311095,4.627497756,4.709445943,anclado_por_activo
97,2015-07-01,2024-01-31,GOOGL,global,True,,0.4127538897,0.584683016,28,29,64,61,8,8,39,40,64,63,10,10,6,11,1.754937852,1.720838625,2.192057411,2.348640614,2.168919914,2.043015673,anclado_por_activo
97,2015-07-01,2024-01-31,GOOGL,Tendencia,True,,0.7501672508,0.8830854444,26,24,36,30,19,20,21,20,78,80,33,33,26,25,2.902079106,2.903958195,3.552648926,3.449867554,3.270379913,3.270379913,anclado_por_activo
97,2015-07-01,2024-01-31,GOOGL,Reversión,True,,1.769172958,2.244930911,8,9,74,73,20,20,20,20,78,78,15,15,13,13,1.914663208,2.167740631,1.14646142,1.529116362,2.208896944,1.890649995,anclado_por_activo
97,2015-07-01,2024-01-31,GOOGL,Crisis,True,,0.06664380633,0.1141505893,25,26,39,53,12,12,39,39,62,60,25,21,31,33,1.618113962,1.596902164,1.498837597,2.035529737,1.288099762,1.131618541,anclado_por_activo
98,2015-07-01,2024-02-29,NVDA,global,True,,0.4903154844,0.804159679,11,12,96,99,19,19,39,40,79,79,12,11,36,36,2.000232993,2.183626911,3.806512495,3.750956043,5.732099899,5.27719529,anclado_por_activo
98,2015-07-01,2024-02-29,NVDA,Tendencia,True,,0.4432060295,0.9229031278,6,9,46,34,27,26,24,26,78,78,17,17,12,8,1.956596811,2.10970638,1.986579726,2.457238854,5.146349742,4.004470909,anclado_por_activo
98,2015-07-01,2024-02-29,NVDA,Reversión,True,,0.4333080335,0.5705818721,27,26,81,79,10,10,39,38,77,77,17,17,37,26,2.757995373,2.85808898,2.342881562,2.117439714,5.546264852,5.578315969,anclado_por_activo
98,2015-07-01,2024-02-29,NVDA,Crisis,True,,0.02469754129,0.1923052936,21,17,96,97,8,9,27,27,67,69,23,20,13,12,1.803536592,1.716250547,3.54126401,3.826856913,1.29078163,1.036415143,anclado_por_activo
98,2015-07-01,2024-02-29,AMZN,global,True,,0.439792836,0.5750498073,6,6,36,35,8,8,31,29,62,63,16,15,23,22,2.607924818,2.795006047,1.310886307,1.045770246,3.595188006,3.393362899,anclado_por_activo
98,2015-07-01,2024-02-29,AMZN,Tendencia,True,,0.5319267204,0.6028293415,6,6,43,39,16,20,38,37,79,80,23,23,39,37,1.686195795,1.688995084,2.416375111,2.310713925,5.362244129,5.793176184,anclado_por_activo
98,2015-07-01,2024-02-29,AMZN,Reversión,True,,0.7465141019,1.059177647,21,20,79,79,12,10,27,27,75,77,11,10,30,30,2.468226632,2.302218433,1.439581714,1.041522077,2.051537273,1.998668542,anclado_por_activo
98,2015-07-01,2024-02-29,AMZN,Crisis,True,,0.04125559742,0.05342745089,27,27,97,97,10,11,38,40,61,61,18,18,8,8,1.588495257,1.588495257,1.343986176,1.242033867,5.572278696,5.283211909,anclado_por_activo
98,2015-07-01,2024-02-29,TSLA,global,True,,0.9113742332,0.838476929,8,10,18,19,26,25,38,38,79,78,36,37,19,22,2.526947982,2.525602891,3.089808474,3.157309868,5.31752674,5.252503217,anclado_por_activo
98,2015-07-01,2024-02-29,TSLA,Tendencia,True,,0.02894642862,0.2256446362,12,12,40,35,26,26,39,38,78,76,37,39,24,22,1.709114806,1.714831372,1.688350224,1.44447319,1.307223102,1.563846002,anclado_por_activo
98,2015-07-01,2024-02-29,TSLA,Reversión,True,,0.3579109718,0.3235533115,28,25,82,84,22,25,40,40,78,78,36,35,38,38,2.415363436,2.467741622,3.593098054,3.885284877,5.451306726,5.743946497,anclado_por_activo
98,2015-07-01,2024-02-29,TSLA,Crisis,True,,0.07159323217,0.1198895658,14,13,30,23,13,13,40,40,65,66,23,20,38,38,1.88788817,1.802479805,1.384397459,1.309384216,1.167707759,1.167707759,anclado_por_activo
98,2015-07-01,2024-02-29,META,global,True,,0.7659585969,0.9262594653,7,5,48,47,22,21,36,37,72,71,12,10,10,14,1.608470763,1.955256902,3.403764952,3.235402202,4.217040093,3.516186675,anclado_por_activo
98,2015-07-01,2024-02-29,META,Tendencia,True,,0.4390456542,0.7354316398,6,6,14,13,23,23,35,36,71,71,16,17,33,32,2.228191406,2.225329796,2.215685043,2.262680544,5.647231528,5.81284379,anclado_por_activo
98,2015-07-01,2024-02-29,META,Reversión,True,,0.6765908734,0.7314716007,29,26,34,25,7,7,37,37,61,61,10,10,23,17,2.893294295,2.75422695,1.465452595,2.024129784,5.221119023,5.526082391,anclado_por_activo
98,2015-07-01,2024-02-29,META,Crisis,True,,0.2752468815,0.6822409331,14,13,29,28,7,7,27,27,60,60,31,31,36,36,1.518148668,1.543765481,1.19080997,1.392406461,5.760408389,5.767879417,anclado_por_activo
98,2015-07-01,2024-02-29,NFLX,global,True,,0.8345251575,0.7970785009,16,18,92,84,16,18,35,36,75,71,12,13,24,26,1.710426961,1.702671134,2.311562189,2.384764771,4.244640089,4.098568252,anclado_por_activo
98,2015-07-01,2024-02-29,NFLX,Tendencia,True,,0.4174501135,0.5384895566,26,22,70,67,10,11,39,40,63,64,12,12,32,31,2.929618134,2.978324939,2.962634919,2.882583333,2.691690522,2.871873538,anclado_por_activo
98,2015-07-01,2024-02-29,NFLX,Reversión,True,,0.3991832953,0.3687639788,26,29,13,18,15,13,36,36,62,61,12,13,39,39,1.78777901,1.743546617,1.080423255,1.166049077,2.128579101,2.09388878,anclado_por_activo
98,2015-07-01,2024-02-29,NFLX,Crisis,True,,-0.08420711803,-0.08420711803,16,16,59,59,7,7,32,32,77,77,35,35,16,16,1.680919711,1.680919711,1.196884157,1.196884157,1.836264636,1.836264636,anclado_por_activo
98,2015-07-01,2024-02-29,GOOGL,global,True,,0.9651863084,1.039351589,18,17,57,53,10,10,38,38,79,79,22,22,24,24,1.595346285,1.605029745,2.284395582,2.327279363,5.186342799,4.470486202,anclado_por_activo
98,2015-07-01,2024-02-29,GOOGL,Tendencia,True,,0.2135874577,0.701040398,7,6,74,79,27,28,28,29,71,72,40,38,26,27,1.595417587,1.617361279,3.887109867,3.865726622,1.544473637,1.515789717,anclado_por_activo
98,2015-07-01,2024-02-29,GOOGL,Reversión,True,,1.276816785,1.272363014,14,14,91,91,20,20,22,22,63,63,14,13,5,5,2.12109698,2.133418018,2.596235614,2.60662043,3.038774431,2.807454801,anclado_por_activo
98,2015-07-01,2024-02-29,GOOGL,Crisis,True,,0.4304175959,0.7939558526,29,29,76,76,8,8,27,28,63,63,35,34,5,5,1.534293234,1.783757132,3.703570043,3.855768799,1.42016547,1.42016547,anclado_por_activo
99,2015-07-01,2024-03-28,NVDA,global,True,,0.4609592138,0.5521760325,20,21,90,91,24,21,31,29,78,79,24,24,37,36,1.909459017,1.967483443,1.229525795,1.230934965,1.436674822,1.458113012,anclado_por_activo
99,2015-07-01,2024-03-28,NVDA,Tendencia,True,,0.7615393563,0.9028882889,29,28,94,98,26,26,30,32,74,74,12,13,35,35,1.882498544,1.979443273,1.728785223,1.306734172,3.802319418,3.842692101,anclado_por_activo
99,2015-07-01,2024-03-28,NVDA,Reversión,True,,0.3152526075,0.5131022771,27,25,46,46,11,11,38,36,76,78,19,20,13,20,2.378885942,2.324837866,1.509346494,1.720117864,2.684227695,2.684227695,anclado_por_activo
99,2015-07-01,2024-03-28,NVDA,Crisis,True,,0.4478853498,0.7686228748,16,19,82,82,9,10,39,39,69,72,38,38,38,37,1.57070356,1.569322517,3.866323575,3.906203667,5.481599994,5.146672932,anclado_por_activo
99,2015-07-01,2024-03-28,AMZN,global,True,,0.2841377191,0.3246175726,15,15,15,11,18,18,33,33,78,79,36,35,16,16,1.64305918,1.632862946,1.182786292,1.244135369,5.669147001,5.324621538,anclado_por_activo
99,2015-07-01,2024-03-28,AMZN,Tendencia,True,,0.3772359266,0.3578769747,26,27,82,82,21,22,24,23,79,80,16,15,5,5,2.817190106,2.83994671,2.09317541,2.142110603,5.690216515,5.530653693,anclado_por_activo
99,2015-07-01,2024-03-28,AMZN,Reversión,True,,0.2292862115,1.156161514,14,12,63,66,19,19,38,38,71,68,11,13,36,34,2.450808237,2.544512136,1.536281218,1.195152176,1.274500268,1.092264001,anclado_por_activo
99,2015-07-01,2024-03-28,AMZN,Crisis,True,,0.3276803648,0.3043270646,30,30,96,99,9,9,20,20,62,62,36,36,17,17,1.61704273,1.587279904,1.281454864,1.280518881,1.378335507,1.687975897,anclado_por_activo
99,2015-07-01,2024-03-28,TSLA,global,True,,0.730645082,0.8348816524,22,21,82,78,19,19,37,37,79,79,38,39,34,33,2.867913654,2.992551785,2.928831437,2.882321794,1.349946062,1.438959485,anclado_por_activo
99,2015-07-01,2024-03-28,TSLA,Tendencia,True,,0.709804909,1.011978647,12,15,65,73,25,26,38,38,80,80,24,24,16,17,2.890080754,2.735684415,3.131082797,3.326827607,1.918027633,2.154649719,anclado_por_activo
99,2015-07-01,2024-03-28,TSLA,Reversión,True,,0.2356467352,0.3280002661,12,11,26,28,22,19,36,35,78,79,32,33,40,40,2.410378561,2.411459798,1.701025726,1.640068805,4.634036133,4.772060029,anclado_por_activo
99,2015-07-01,2024-03-28,TSLA,Crisis,True,,0.3745740897,0.5308414529,23,27,88,94,10,11,40,40,66,66,40,40,6,5,2.178001243,2.194057934,1.370510031,1.351963505,2.344681119,2.447907492,anclado_por_activo
99,2015-07-01,2024-03-28,META,global,True,,0.5669210887,0.6090006001,8,7,93,98,18,17,24,24,70,71,25,24,6,6,2.905411737,2.878179167,3.684256776,3.66593124,5.103978086,5.10777079,anclado_por_activo
99,2015-07-01,2024-03-28,META,Tendencia,True,,0.4913558265,0.5148935412,15,14,52,56,28,27,34,33,66,66,14,13,12,12,2.896710382,2.866370815,3.802987849,3.98025625,3.44930298,3.802360563,anclado_por_activo
99,2015-07-01,2024-03-28,META,Reversión,True,,1.271233999,1.328858614,12,14,52,46,26,26,26,26,78,78,24,22,5,6,2.073786795,2.239697127,2.391750114,2.188267422,4.272053374,4.495573717,anclado_por_activo
99,2015-07-01,2024-03-28,META,Crisis,True,,0.101683733,0.08427333418,30,30,94,97,8,7,29,28,63,62,27,26,28,29,1.814475835,1.886264063,1.446878199,1.338928699,5.692522313,5.77214906,anclado_por_activo
99,2015-07-01,2024-03-28,NFLX,global,True,,0.2469570248,0.3482245603,6,6,24,24,26,27,24,22,70,69,11,11,38,34,1.731997244,1.783997723,2.155689293,2.143123807,2.239260628,2.296234589,anclado_por_activo
99,2015-07-01,2024-03-28,NFLX,Tendencia,True,,0.4441294929,0.6189600492,26,25,60,48,18,18,21,21,77,77,38,38,6,9,1.735930866,1.687708609,1.837608448,1.721994726,4.368779798,4.345502496,anclado_por_activo
99,2015-07-01,2024-03-28,NFLX,Reversión,True,,0.3438534721,0.3246536205,10,11,50,49,18,19,30,32,79,80,11,10,37,35,2.000292188,1.907930195,1.069283036,1.059703101,4.936876334,5.323963662,anclado_por_activo
99,2015-07-01,2024-03-28,NFLX,Crisis,True,,0.2878842755,0.2604161112,16,18,95,85,7,7,37,37,74,74,12,13,34,32,1.941651714,1.941651714,3.80208419,3.864186413,5.737807788,5.44305444,anclado_por_activo
99,2015-07-01,2024-03-28,GOOGL,global,True,,0.1854434822,0.7096318455,16,18,66,64,27,26,24,27,79,76,11,10,5,5,1.957686455,1.661927618,2.497480626,2.508619077,4.654379562,5.668762601,anclado_por_activo
99,2015-07-01,2024-03-28,GOOGL,Tendencia,True,,0.3068177298,0.9882256219,29,20,18,87,16,16,26,37,72,78,10,25,8,16,1.693945795,2.785002372,2.960454708,2.594555173,3.703486962,1.497552045,anclado_por_activo
99,2015-07-01,2024-03-28,GOOGL,Reversión,True,,2.340324482,2.678771394,6,5,51,48,24,23,38,38,75,75,16,17,9,9,1.938810024,1.891641467,1.289092072,1.38391606,5.525466071,5.192649833,anclado_por_activo
99,2015-07-01,2024-03-28,GOOGL,Crisis,True,,0.243756565,0.3351798263,12,9,98,99,7,8,31,30,61,65,12,12,16,7,1.803945067,1.677789897,1.336028416,1.496222652,5.589555361,5.721784629,anclado_por_activo
100,2015-07-01,2024-04-26,NVDA,global,True,,0.3433935941,1.016155293,6,5,12,15,27,27,39,38,75,76,12,11,8,8,2.078437986,2.212566785,3.271356573,3.174086339,4.730292249,5.023436156,anclado_por_activo
100,2015-07-01,2024-04-26,NVDA,Tendencia,True,,0.1375507722,0.7249897125,23,21,93,96,27,21,26,26,78,79,27,24,39,37,2.155761659,2.311553074,3.125927493,3.104200527,2.189631607,2.774209374,anclado_por_activo
100,2015-07-01,2024-04-26,NVDA,Reversión,True,,0.2320024582,0.4933215647,27,30,86,93,25,27,23,24,63,63,14,12,37,40,2.504253179,2.437404793,3.698212307,3.160524371,2.596489215,2.596489215,anclado_por_activo
100,2015-07-01,2024-04-26,NVDA,Crisis,True,,0.4502550267,0.4740250688,28,28,49,48,8,7,38,37,62,61,30,29,30,30,1.708384117,1.724107864,1.78377095,1.693251244,5.528683231,5.631391262,anclado_por_activo
100,2015-07-01,2024-04-26,AMZN,global,True,,0.1981300532,0.5051741161,6,7,17,14,22,23,38,39,64,64,38,38,29,31,1.624707129,1.76414977,2.465307788,2.121614055,1.220499984,1.076162992,anclado_por_activo
100,2015-07-01,2024-04-26,AMZN,Tendencia,True,,0.3587710331,0.4336652443,28,28,95,97,27,27,40,39,78,78,18,17,7,6,1.911860972,1.857172725,3.174389286,2.997429743,1.722720401,1.633567516,anclado_por_activo
100,2015-07-01,2024-04-26,AMZN,Reversión,True,,0.5694251255,0.9037628477,6,6,59,59,16,17,33,37,62,74,13,14,26,31,2.545913814,2.545913814,2.691226244,1.639765215,4.955368294,1.975011876,anclado_por_activo
100,2015-07-01,2024-04-26,AMZN,Crisis,True,,0.1099924495,0.1118972641,24,24,18,18,7,7,22,22,74,74,15,16,17,17,1.649692236,1.649692236,2.173788861,2.102000982,5.534248162,5.511836013,anclado_por_activo
100,2015-07-01,2024-04-26,TSLA,global,True,,0.5112751103,0.6877043186,26,27,28,30,13,14,25,26,79,79,37,40,30,29,2.583057192,2.544690186,3.055925109,2.950779976,5.823787421,5.509670684,anclado_por_activo
100,2015-07-01,2024-04-26,TSLA,Tendencia,True,,0.569506255,0.7556004002,28,24,28,28,21,19,38,34,78,77,27,11,38,35,2.729343554,2.559453157,3.64728892,3.038051256,5.511203052,5.499480769,anclado_por_activo
100,2015-07-01,2024-04-26,TSLA,Reversión,True,,0.07909683391,0.2111685493,7,7,41,35,20,20,33,33,79,78,35,32,15,15,1.967640016,2.016256451,3.489171936,3.203321742,2.143201358,2.326190229,anclado_por_activo
100,2015-07-01,2024-04-26,TSLA,Crisis,True,,0.06957599167,0.1098306095,6,5,54,58,8,8,30,31,68,67,16,16,13,16,1.615066187,1.646136122,2.632373131,2.624738076,3.049352704,3.022438227,anclado_por_activo
100,2015-07-01,2024-04-26,META,global,True,,0.3271987838,0.5946121638,18,15,32,23,8,8,36,36,70,71,37,34,17,17,2.904652503,2.958498819,1.705232234,1.683858872,5.657919142,5.813124447,anclado_por_activo
100,2015-07-01,2024-04-26,META,Tendencia,True,,0.2491101678,0.3633753868,16,16,14,20,22,22,40,40,64,65,19,23,22,18,2.716967757,2.873690922,3.755973063,3.818612088,2.146436629,2.075329361,anclado_por_activo
100,2015-07-01,2024-04-26,META,Reversión,True,,0.5960078803,0.650604791,22,24,62,66,7,7,37,37,78,78,33,32,5,5,2.695362938,2.613642601,2.734564191,2.49071354,4.219257161,4.341405315,anclado_por_activo
100,2015-07-01,2024-04-26,META,Crisis,False,ningún trial con ≥ 5 operaciones,,,,,,,,,,,,,,,,,,,,,,,anclado_por_activo
100,2015-07-01,2024-04-26,NFLX,global,True,,0.1872800487,0.3879614443,29,30,34,36,23,22,38,39,73,75,36,38,8,9,1.774668414,1.777446179,3.699117262,3.875721958,2.571237302,1.833506452,anclado_por_activo
100,2015-07-01,2024-04-26,NFLX,Tendencia,True,,0.9651630313,1.133443254,27,25,13,13,27,27,33,33,70,70,39,40,22,22,1.781541747,1.713404494,1.870415341,2.648598415,3.188552275,3.512109485,anclado_por_activo
100,2015-07-01,2024-04-26,NFLX,Reversión,True,,0.3759293598,0.4958203334,11,10,40,86,26,28,21,20,79,79,17,17,7,5,2.164919344,2.125126808,3.787828746,3.443804918,5.427159537,4.626751226,anclado_por_activo
100,2015-07-01,2024-04-26,NFLX,Crisis,True,,0.5270536364,0.5855053573,28,28,27,24,11,13,40,40,77,76,15,19,34,35,1.530141599,1.540801956,1.191250576,1.389185516,4.491156846,4.263636557,anclado_por_activo
100,2015-07-01,2024-04-26,GOOGL,global,True,,0.6764815069,1.017635811,27,25,50,51,28,27,38,40,78,78,22,21,24,25,1.580110915,1.673600415,3.477647613,2.294508053,4.676883459,4.663732422,anclado_por_activo
100,2015-07-01,2024-04-26,GOOGL,Tendencia,True,,0.7619807269,0.7780511699,17,15,82,83,24,25,30,30,75,73,33,34,25,25,2.897516859,2.743411367,2.672113914,2.731124507,3.123706137,2.93295793,anclado_por_activo
100,2015-07-01,2024-04-26,GOOGL,Reversión,True,,1.995533189,2.6920951,9,11,24,29,19,20,21,23,73,71,17,19,35,37,2.129490105,2.270840129,1.817941045,2.305109555,1.862772091,1.494921457,anclado_por_activo
100,2015-07-01,2024-04-26,GOOGL,Crisis,False,ningún trial con ≥ 5 operaciones,,,,,,,,,,,,,,,,,,,,,,,anclado_por_activo
