date,NVDA,AMZN,TSLA,META,NFLX,GOOGL
2016-01-04,0,0,0,0,0,0
2016-01-05,0,0.1094739179,0,0,0.163363657,0
2016-01-06,0,0,0,0,0,0
2016-01-07,0,0,0,0,0,0
2016-01-08,0.1081769171,0.1096952243,0,0,0,0.1094448106
2016-01-11,0.1080959685,0.111355476,0,0,0,0.109501297
2016-01-12,0.1095138601,0.1109740423,0,0,0,0.1109258051
2016-01-13,0.1073425471,0,0,0,0,0.1082677273
2016-01-14,0,0.09121296002,0,0,0.06514684898,0
2016-01-15,0.261250101,0.08855202771,0,0,0.06392212067,0
2016-01-19,0.2621144653,0.08879443698,0,0,0.06597149196,0.1316669248
2016-01-20,0.2655926815,0,0,0,0,0.1325899698
2016-01-21,0.2674580604,0,0,0,0,0.1334739087
2016-01-22,0.2714971609,0,0,0,0.03745299094,0.1358174595
2016-01-25,0,0,0,0,0.01360017404,0.0377371754
2016-01-26,0,0,0,0,0,0.03776127613
2016-01-27,0,0,0,0,0,0.03695792918
2016-01-28,0,0,0,0,0,0.0384792381
2016-01-29,0,0,0,0,0,0.03912404082
2016-02-01,0,0,0,0,0,0.03958895304
2016-02-02,0,0,0,0,0,0.04008889248
2016-02-03,0,0,0,0,0,0.03853262901
2016-02-04,0,0.03939811792,0,0,0,0.03754578432
2016-02-05,0,0.03699375085,0,0,0,0
2016-02-08,0,0,0,0,0,0
2016-02-09,0,0,0,0,0,0
2016-02-10,0,0,0,0,0,0
2016-02-11,0,0,0,0,0,0
2016-02-12,0,0,0,0,0,0
2016-02-16,0,0,0,0,0,0
2016-02-17,0,0,0,0,0,0
2016-02-18,0,0,0,0,0,0
2016-02-19,0,0,0,0,0,0
2016-02-22,0,0,0,0,0,0
2016-02-23,-0.2069689325,0,-0.08868009302,0,0,0
2016-02-24,-0.2088979732,0,-0.08978565069,0,0,0
2016-02-25,-0.2103435561,0,-0.09445690757,0,0,0
2016-02-26,-0.2089754734,0,-0.09593123916,0,0,0
2016-02-29,-0.2075029207,0,-0.09667885854,0,0,0
2016-03-01,-0.2180931979,0,-0.09447146172,0,0,0
2016-03-02,0,-0.1395533525,0,0,-0.1407092035,-0.157300785
2016-03-03,0,-0.1391727648,-0.09780073548,0,-0.1414486113,-0.1559290151
2016-03-04,0,-0.1397746484,0,0,-0.1479572277,-0.1569488094
2016-03-07,0,-0.135166085,-0.09567120145,0,-0.1374499798,-0.151401676
2016-03-08,0,-0.1344695515,-0.09435687947,0,-0.1384260943,-0.1514593177
2016-03-09,0,-0.1353258024,-0.09796426408,0,-0.1420702169,-0.1551803572
2016-03-10,0,-0.135521031,0,0,-0.1414825809,-0.1570039775
2016-03-11,0,-0.1388983666,-0.09435539472,0,-0.1427280711,-0.1606384207
2016-03-14,0,-0.1406932433,-0.09844841065,0,-0.1443155701,-0.162812562
2016-03-15,0,-0.1418768636,-0.100111303,0,-0.1442112293,-0.163215488
2016-03-16,0,-0.1415560822,0,0,0,-0.1651065071
2016-03-17,0,-0.1378861197,-0.1443150965,0,0,-0.1653333626
2016-03-18,0,-0.1362862214,-0.1486030197,0,0,-0.1649232893
2016-03-21,0,-0.1372801988,0,0,-0.09253232608,-0.1670357558
2016-03-22,-0.04733002281,-0.1388618473,-0.03239462727,0,-0.09139612068,-0.166538382
2016-03-23,-0.04818902486,-0.1412695881,0,0,-0.09125819979,-0.166158354
2016-03-24,-0.04833873908,-0.1448118707,0,0,-0.09028004686,-0.165835391
2016-03-28,0,-0.1443638677,0,0,-0.09310042729,-0.1658569535
2016-03-29,0,-0.149181302,0,0,-0.09665104317,-0.1701555385
2016-03-30,0,-0.1504037135,0,-0.03218642409,-0.09485611149,0
2016-03-31,0,-0.1489265592,0,-0.03197329838,-0.09476058183,0
2016-04-01,0,-0.1508980036,0,-0.03268546336,-0.09846790331,0
2016-04-04,-0.04617268138,-0.1489087967,0,-0.03155911554,-0.0967875212,0
2016-04-05,-0.04598755554,-0.1467540822,0,-0.03138426353,0,0
2016-04-06,-0.04625875323,-0.1514222032,0,-0.03194381472,0,0
2016-04-07,-0.04558616234,-0.1481118198,-0.03131647768,-0.03178852455,0,0
2016-04-08,-0.04585364942,-0.1488133613,-0.03042945607,-0.03092735131,0,0
2016-04-11,-0.04629203156,0,-0.03051370145,0.03236888647,0,0
2016-04-12,-0.04620396254,0,-0.03023344727,0.03282411101,0,0
2016-04-13,-0.04752141866,0,-0.03115511333,0,-0.03251177997,0
2016-04-14,-0.04765223287,0,-0.03082925025,0,-0.03274109756,0
2016-04-15,0,0,-0.03119903526,0,-0.03311249268,0
2016-04-18,0,0,-0.0310906938,0,-0.03215680946,0
2016-04-19,0,-0.03299598299,-0.03014969582,0,0,-0.05354801663
2016-04-20,0,-0.01466440509,-0.01410595409,0,0.0389876291,-0.0233825425
2016-04-21,0,-0.01462903387,-0.01402143659,0,0.03829454819,-0.02355310703
2016-04-22,0,-0.01436289247,-0.01430715145,0,0.03860443707,-0.02224275105
2016-04-25,0,-0.01451077841,-0.01421395181,0,0.03770390618,-0.02240122288
2016-04-26,0,-0.01429410044,-0.01432161678,0,0.03724668081,0
2016-04-27,0,-0.01405211226,-0.01419037391,0,0,0
2016-04-28,0,-0.01394180697,-0.0139737532,0,0,0
2016-04-29,0,0,-0.01359777924,0,0,0
2016-05-02,0,0,0,0,0,0
2016-05-03,0,0,0,0,0,0
2016-05-04,0,0,0,0,0,0
2016-05-05,0,0,0,0,0,0
2016-05-06,0,0,0,0,0,0
2016-05-09,0,0,0,0,0,0
2016-05-10,0,0,0,0,0,0
2016-05-11,0,-0.04745233556,0,0,0,-0.1502465359
2016-05-12,0,-0.04773117896,0,0,0,0
2016-05-13,0,-0.04717351499,0,0,0,0
2016-05-16,0,-0.04733869363,0,0,0,0
2016-05-17,-0.06175599259,-0.04628856913,0,0,0,0
2016-05-18,0,-0.04653263303,0,0,0,0
2016-05-19,-0.06191107554,-0.04663477493,0,0,0,0
2016-05-20,-0.06307789914,-0.04696367775,0,0,0,0.07890096778
2016-05-23,-0.06318907662,-0.04656791627,0,0,0,0.07842771765
2016-05-24,0,-0.04713738296,0,0,-0.08815808427,0
2016-05-25,0,-0.0475167285,0,0,0,0
2016-05-26,0,-0.04798580341,0,0,-0.08556316503,-0.1555333122
2016-05-27,0,-0.04792547292,0,0,-0.08618475119,-0.1581776718
2016-05-31,0,-0.04865313895,0,0,-0.08560697457,-0.1585000399
2016-06-01,0,0,0,0,-0.0846584141,-0.1582980557
2016-06-02,0,0,0,0,-0.08434853918,-0.1572384504
2016-06-03,0,0,0,0,-0.0828186853,0
2016-06-06,0,0,0,0,-0.08385522149,0
2016-06-07,0,0,0,0,-0.08308889934,0
2016-06-08,0,0,-0.04824381873,0,-0.08129661444,0
2016-06-09,0,0,-0.04689284125,0,-0.08050385916,0
2016-06-10,-0.06032550564,0,-0.04447969727,0,-0.07729634575,0
2016-06-13,-0.06120492929,0,-0.04437172374,0.1067211113,-0.07751691779,0
2016-06-14,-0.06127838923,0,0,0.1075706067,-0.07768380298,0
2016-06-15,-0.06197310824,0,0,0.1073689997,-0.07790872149,0
2016-06-16,-0.0623086609,0,0,0.1073220172,-0.07896913283,0
2016-06-17,-0.06118304155,0,0,0.105970831,-0.07810145226,0
2016-06-20,-0.06230102655,0.1000076138,0,0.106329603,-0.07758630027,0
2016-06-21,-0.06168029151,0.0998711391,0,0.1068595938,-0.07496926772,0
2016-06-22,-0.06164704693,0.09917335885,0,0.1064532645,-0.0741846496,0
2016-06-23,-0.06331124038,0.1008066882,0,0.1075799009,-0.07556789665,0
2016-06-24,-0.05976164179,0.09766727849,0,0,-0.07297916699,0
2016-06-27,0.059674146,0,0,0,0.08532371583,0
2016-06-28,0.06009919425,0.1019110172,0,0.1665834744,0.08731626068,0
2016-06-29,0.06063804906,0.1022648674,0,0.1675172331,0.08972754067,0
2016-06-30,0.0610191691,0.1021224361,0,0,0.09001333272,0
2016-07-01,0.06019837498,0.1029313956,0,0,0.09454452659,0
2016-07-05,0.06110816184,0.1033077685,0,0,0,0
2016-07-06,0.0614057487,0,0,0,0,0
2016-07-07,0.06290320319,0,0,0,0,0
2016-07-08,0,0,0,0,0,0
2016-07-11,-0.06018664368,-0.05245041658,0,0,0,0
2016-07-12,-0.061120566,-0.05208965843,0,0,0,0
2016-07-13,-0.06107227753,-0.0516799125,0,0,0,0
2016-07-14,0,-0.05163979941,0,0,0,0
2016-07-15,-0.05901510669,-0.05122515567,0,0,0,0
2016-07-18,-0.05933798403,-0.05128679551,0,0,0,0
2016-07-19,-0.06006208924,-0.05165000079,0,0,0,-0.1536386979
2016-07-20,-0.06093245421,-0.05212530043,0,0,0.04239271609,-0.1546022511
2016-07-21,-0.05975888271,-0.05199180664,0,0,0.04143230944,-0.1539287337
2016-07-22,-0.06155322801,-0.0521626792,0,0,0.041496167,-0.1553418407
2016-07-25,0,-0.05173635408,0,0,0.04230334086,-0.1548062241
2016-07-26,-0.05995365555,-0.05137797385,0,0,0.04404686703,-0.1546005594
2016-07-27,-0.05935316945,-0.05145597621,0,0,0.04435265552,-0.1554898042
2016-07-28,-0.05966078868,-0.05272895887,0,0,0.04429878616,0
2016-07-29,-0.06074740953,0,0,-0.06738200692,0.04418518576,0
2016-08-01,-0.06040953185,-0.0566136725,0,-0.06764558014,0.04573815871,0
2016-08-02,-0.05960487648,-0.05601998741,0,-0.06690322258,0.04529245748,-0.07624608208
2016-08-03,-0.05973543394,-0.05555554097,0,-0.06655571279,0.04504792996,-0.07609482758
2016-08-04,-0.06097755886,-0.05613247397,0,-0.06771232067,0.04531387163,-0.07610611749
2016-08-05,-0.06207508455,-0.05657522289,0,-0.06821280544,0.04710342009,-0.07710970014
2016-08-08,0,-0.05672040226,0,-0.06839616014,0.04625480847,-0.077086339
2016-08-09,-0.05294929317,-0.05691826554,0,-0.06836908411,0.04576509655,0
2016-08-10,-0.0525969536,-0.05692523197,0,0,0.04572659707,0
2016-08-11,-0.05369321577,0,0,0,0.04670383645,0
2016-08-12,0,0,0,0,0.04712523575,0
2016-08-15,-0.03625042314,0,0,0,0.04652842504,0
2016-08-16,-0.0360271586,0,0,0,0.04642982176,0
2016-08-17,-0.03514189599,0,0,0,0.04697211181,0
2016-08-18,-0.03571099991,0,0,0,0.04690016105,0
2016-08-19,-0.03581031964,0,0,0,0,0
2016-08-22,-0.03597600831,0,0,0,0,0.09321493801
2016-08-23,-0.0362792146,0,0,0,0,0.0932038813
2016-08-24,-0.03571234884,0,0,0,0,0.09283458884
2016-08-25,0,0,0,0,0,0.09259564768
2016-08-26,0,0,0,0,0,0.09279947422
2016-08-29,0,0,0.06900684096,0,0,0.09323128538
2016-08-30,0,0,0,-0.05125655434,0,0.09284832464
2016-08-31,0,0,0.03268064635,-0.0513785074,0,0.09261985598
2016-09-01,0,0,0,-0.05145785705,0,0.09290812404
2016-09-02,0,0,0.03145776663,-0.05160995621,0,0.09357463289
2016-09-06,0,0,0.03223523738,-0.05288130448,0,0.09480821595
2016-09-07,0,-0.04231344492,0.03208379455,0,0,0.09488321968
2016-09-08,0,-0.04233658381,0.03142587932,-0.05158793981,0,0.09438053281
2016-09-09,0,0,0,-0.0503539751,0,0.09273177175
2016-09-12,0.06759546856,0,0.03207286462,-0.05081847594,0,0.09364304465
2016-09-13,0.06674597102,0,0.03177066944,-0.05033181544,0,0.09263900085
2016-09-14,0.06729431993,0,0.03180890559,-0.05052145748,0,0.09278472607
2016-09-15,0,0,0.03232140923,0,0,0.09365219208
2016-09-16,0,0,0.03311055101,0,0,0.09323177628
2016-09-19,0,0,0.03324873348,0,0,0
2016-09-20,0,0,0.03298383949,0,0,0
2016-09-21,0,0,0.03307422977,0,0,0
2016-09-22,0,0,0.03325973635,0,0.05097577032,0
2016-09-23,0,-0.04103549811,0.03342279733,0,0.051032328,0
2016-09-26,0,-0.04070600095,0.03367597316,0,0.05030584376,0
2016-09-27,0,-0.04157104786,0.0331649005,0,0.05164324848,0
2016-09-28,0,0,0.03323424334,0,0.0518539173,0
2016-09-29,0,-0.04069958102,0.03238271702,0,0.05149605176,0
2016-09-30,0,-0.0410585513,0.03288274416,0,0.05243809895,0
2016-10-03,0,-0.04089787997,0,0,0,0
2016-10-04,0,-0.04074276157,-0.06287984177,0,0,0
2016-10-05,0,0,-0.06197719004,0,0,0
2016-10-06,0,-0.04104280284,-0.05962737952,0,-0.02465387163,0
2016-10-07,0,-0.04087398609,-0.05823947583,0,-0.02455911711,0
2016-10-10,0,-0.04102798038,-0.05958748114,0,-0.02423539929,0
2016-10-11,0,0,-0.05925659417,0,-0.02356140163,0
2016-10-12,0,0,-0.05968382665,0,-0.02330986992,0
2016-10-13,0,0,-0.05929550816,0,-0.02347607112,0
2016-10-14,0,0,-0.05814364166,0,-0.02374717523,0
2016-10-17,0,0,-0.0573234895,0,-0.02332962069,0
2016-10-18,0,0,-0.05916725027,0,0,0
2016-10-19,0,0,-0.06062512001,0,0,0
2016-10-20,0,0,-0.05921790179,0,-0.02337481818,-0.04946543528
2016-10-21,0,0,-0.05957138508,0,0,-0.04966092986
2016-10-24,0,0,-0.06045765641,0,-0.02236774067,-0.050441029
2016-10-25,-0.03165900908,0,-0.06030130137,-0.05271975005,-0.02221222954,-0.04998128746
2016-10-26,0,0,-0.06025636438,0,-0.02228739518,-0.04957974183
2016-10-27,0,0,-0.060793036,0,-0.02220303005,-0.04930082207
2016-10-28,0,0,-0.05952646935,0,-0.02219721051,-0.04938212454
2016-10-31,0,0.08978310285,-0.05871655914,0,-0.02184582775,-0.04868140681
2016-11-01,0,0,-0.05645634118,0,-0.02149525334,-0.04824536874
2016-11-02,0,0.08870352426,0.05986383645,0,-0.02262601285,-0.05131286371
2016-11-03,0,0.08887452447,0.0596732529,0,-0.02258919389,0.05114257075
2016-11-04,0,0,0.060602748,0.09896650679,-0.02254271558,0.05101215218
2016-11-07,0,0.04751110722,0.0612229773,0.09975138049,-0.02293043199,0.05218935345
2016-11-08,0,0.04753440127,0.06158021174,0.1011281994,-0.02281550735,0.0526734818
2016-11-09,0,0.04673407584,0.06024141653,0.1006202018,-0.0224967183,0.05243545324
2016-11-10,0,0,0,0.09929533944,0,0.0511074094
2016-11-11,0,0.04367988731,0.03331660218,0.09799906666,0.04783849043,0
2016-11-14,-0.02334233041,0.04276831299,0.03226174715,0,0.04755185873,0
2016-11-15,-0.02400309846,0.044112344,0.03260510566,0.1040422052,0.04753913253,0.05363854926
2016-11-16,-0.02554500178,0.04435198518,0.03266792543,0.1033877285,0.04825962104,0.05402902768
2016-11-17,0,0.04482739576,0.03342348658,0.104412215,0.04807100393,0.05431971998
2016-11-18,0,0.04512845671,0.03283553491,0.1039097822,0.0482298286,0.05370874045
2016-11-21,0,0.04598124231,0.0325169252,0.107368598,0.04903440552,0.05393861049
2016-11-22,0,0.04623678996,0.03364613482,0.1069683891,0.04900549383,0.05388400599
2016-11-23,0,0.04597933956,0.0340293361,0.106527784,0.04891262216,0.05352952575
2016-11-25,0,0.04598507118,0.03464097822,0.1061014989,0.04878670057,0.05360355094
2016-11-28,0,0.04521466817,0.03457132649,0.1062007738,0.04862059146,0.05402258344
2016-11-29,0,0,0.03342476503,0.1066321807,0.04887353532,0.05428658756
2016-11-30,0,0,0.03350656934,0.1048204462,0.04882429452,0.05353271616
2016-12-01,0,0,0.03233706166,0.1023910306,0.04916063614,0.05299944078
2016-12-02,0,0,0.03220913474,0.1024828019,0.05057981956,0.05291802519
2016-12-05,0,0,0.03305564325,0.1039725669,0.04973927024,0.05370884512
2016-12-06,0,0,0.03285475368,0.1037627885,0,0.05351465639
2016-12-07,0,0,0.03404615413,0.1040260873,0,0.05441046641
2016-12-08,0,0,0.03386241126,0.1047732934,0,0.054612977
2016-12-09,0,0,0.03378763562,0.105279098,0,0.05550271685
2016-12-12,0,0,0.03385183393,0,0,0.0554295902
2016-12-13,0,0,0.03480529371,0,0,0.0558553269
2016-12-14,0,0,0.03489074123,0,0,0.05601492618
2016-12-15,0,0,0.03470790976,0,0,0.05588098209
2016-12-16,0,0,0,0,0,0.05550256034
2016-12-19,0,0,0,0,0,0.05567472173
2016-12-20,0,0,0,0,0,0.05584939604
2016-12-21,-0.02377517271,0,0,0,0,0.05565932618
2016-12-22,-0.02406791883,0,0,0,-0.02788061284,0.05549861625
2016-12-23,-0.02468592515,0,0,0,-0.02790323247,0.05541025738
2016-12-27,0,0,0,0,-0.02854530927,0.05561260775
2016-12-28,0,0,0,0,-0.02797233022,0.05519351385
2016-12-29,0,0,0,0,-0.02784766359,0.05507712873
2016-12-30,0,0,0,0,-0.02751804043,0.05438204134
2017-01-03,0,0,0,0,-0.0283312307,0.05543613041
2017-01-04,0,0,0,0,-0.02877064933,0.05544423411
2017-01-05,0,0,-0.03360890601,0,0,0.05581999223
2017-01-06,0,-0.08928721406,-0.03397630096,0,-0.02809339423,0.05671103526
2017-01-09,0,-0.08952408708,-0.03436396293,-0.09982484911,-0.02810929256,0.05693071371
2017-01-10,0,-0.089328149,-0.03412338811,-0.09929484799,-0.02785638873,0.0567984527
2017-01-11,0,-0.0898471257,-0.03416679486,-0.1008737667,-0.02803988902,0
2017-01-12,0,-0.09165272644,-0.03420629667,-0.1014767374,-0.02780530289,0
2017-01-13,0,-0.09239135004,0,-0.103239982,-0.02888587314,0
2017-01-17,0,-0.09142513253,0,-0.1027189235,-0.02867096134,0
2017-01-18,0,0,0,-0.1027806015,-0.02875681154,0
2017-01-19,0,0,0,0,0,0
2017-01-20,0,0,-0.03326688307,0,-0.02923035485,0
2017-01-23,0,0,-0.03384708661,0,-0.02898428264,0
2017-01-24,0,0,0,0,-0.02959821955,0
2017-01-25,0,0,-0.03359090587,0,-0.02946011231,0
2017-01-26,0,-0.04233731657,-0.0333253215,0,-0.02933583034,-0.05520329286
2017-01-27,0,-0.04216065553,-0.03337853554,0,-0.03006823023,-0.05442560732
2017-01-30,0,-0.04179667326,-0.03299969748,0,-0.02974307612,-0.05294355301
2017-01-31,0,-0.04142792627,-0.0331537068,0,-0.02962033496,-0.05268235796
2017-02-01,0,-0.04186532938,-0.03279278477,0,-0.02962881939,-0.05235337013
2017-02-02,0,-0.04225819146,-0.03310501907,0,-0.02930363888,0.05582478019
2017-02-03,0,-0.04070315844,-0.03302875944,0,-0.0294824524,0.05587234442
2017-02-06,0,0,-0.03390650917,0,-0.02966130095,0.05602579117
2017-02-07,0,0,-0.03385446505,0,0,0.0565215108
2017-02-08,0,0,-0.03447134313,0,0,0
2017-02-09,0,0,0,0,0,0
2017-02-10,0,0,0,0,0,0
2017-02-13,0,0,0,0,0,0
2017-02-14,0.06497347268,0,0,0,0,0
2017-02-15,0.06509632579,0,0,0,0,0
2017-02-16,0.06411820999,0,0,0,0,0
2017-02-17,0.06410700912,0,0,0,0,0
2017-02-21,0.06625066179,0,0,0,0,0
2017-02-22,0.06615459725,-0.05998306061,0,0,0,0
2017-02-23,0.06037641816,-0.06009753553,0,0,0,0
2017-02-24,0,-0.05970518475,0,0,0,0
2017-02-27,0,-0.05995974794,0,0,0,0
2017-02-28,0,-0.05956101747,0.09847145131,0,0,0
2017-03-01,0,-0.06016108382,0.09853793801,0,0,0
2017-03-02,0,-0.05983856016,0.09867233566,0,0,0
2017-03-03,0.04281314239,-0.05991139496,0.09910909877,0,0.06164006038,0
2017-03-06,0.04244020468,-0.05962134779,0.09886854618,0,0.06281775774,0
2017-03-07,0.04293735443,-0.05962453502,0.09791086111,0,0.06263904991,0
2017-03-08,0.04292618501,-0.060034111,0.09738563768,0,0.06224472552,0
2017-03-09,0.04295481486,-0.0602629548,0.09669255371,0,0.06239211072,0
2017-03-10,0.04320880886,-0.06022642623,0.09621740245,0,0.06255362414,0
2017-03-13,0.04425784833,-0.06018513146,0.09688786096,0,0.06351891691,0
2017-03-14,0.04402846414,-0.05976995204,0,0,0.06308777114,0
2017-03-15,0.04430794272,-0.05972853677,0,0,0.06391804834,0
2017-03-16,0,-0.0597686697,0,0,0.06354876595,0
2017-03-17,0,-0.05966738554,0,0,0.06384045673,0
2017-03-20,-0.02139885613,-0.06002706514,0,0,0.06419299257,0
2017-03-21,-0.02070351899,-0.05905334834,0,0,0.0626821874,0
2017-03-22,-0.02114181354,-0.05943883242,0,0,0.0628311083,0.1119271472
2017-03-23,-0.02098060196,-0.05947766706,0,0,0.06256532241,0.110751351
2017-03-24,-0.02107554306,-0.05941120027,0,0,0.06270569304,0
2017-03-27,-0.02118749428,-0.05938126856,0,0,0.06348352388,0.1135177177
2017-03-28,-0.02107278055,-0.06001046794,0,0,0.06395719105,0.1137772004
2017-03-29,-0.02099845809,-0.06127776304,0,0,0.06451198828,0
2017-03-30,-0.02139811523,-0.0614097757,0,0,0.06520213895,0
2017-03-31,-0.02132181225,-0.06217010743,0,0,0.06513978927,0
2017-04-03,-0.0212275995,-0.06255824383,0,0,0.06478858552,0
2017-04-04,0,0,-0.03069747778,0,0.06420440268,0
2017-04-05,0,0,-0.02983794656,0,0.06341700955,0
2017-04-06,0,-0.04383806218,-0.03020068741,0,0.06344584071,0
2017-04-07,0,-0.04369399699,-0.03060425076,0,0.063199389,0
2017-04-10,0,-0.04434375215,-0.0316406287,0,0.06360654186,0
2017-04-11,0,-0.04407869336,-0.03124219805,0,0.06377516655,0
2017-04-12,0,-0.04376740213,0,0,0.06352822232,0
2017-04-13,0,-0.04319584698,0,0,0.06311602014,0
2017-04-17,0,-0.04399460788,0,0,0.06495894749,0
2017-04-18,0,-0.04416155529,0,0,0.06335714101,0
2017-04-19,0,-0.04399791622,0,0,0.06185070156,0
2017-04-20,0,-0.04411630783,0,0,0.0624486177,0
2017-04-21,0,-0.04390270621,0,-0.04580325145,0.06313725335,0
2017-04-24,0,-0.04436233064,0,-0.04640081155,0.06359840475,0
2017-04-25,0,-0.04424955818,0,-0.04659659765,0,-0.05281891706
2017-04-26,0,-0.0443139116,-0.0301208849,-0.04660091349,-0.04242048073,-0.05281640513
2017-04-27,0,-0.0448309521,-0.03002091746,0,-0.04331404376,-0.05304063094
2017-04-28,0,0,-0.03068570729,-0.04697826176,-0.04325624351,0
2017-05-01,0,0,-0.03166074786,-0.04784934099,-0.04431829066,-0.05214671987
2017-05-02,-0.03848914882,-0.04210608336,-0.03127834989,0,-0.04463782027,0
2017-05-03,-0.03874745355,-0.0418129711,-0.03048431625,0,-0.04436027927,-0.05217260175
2017-05-04,-0.03860653693,-0.04166582112,0,0,-0.04484256642,-0.05252804793
2017-05-05,-0.03858801553,-0.04149170259,0,0,-0.04463149184,-0.05225365814
2017-05-08,-0.03820810631,-0.04218073952,0,0,-0.04459805179,-0.05275070417
2017-05-09,-0.03828779471,-0.04236697322,0,0,-0.04492538998,-0.05266442035
2017-05-10,0,-0.04239858737,0,0,-0.04595073042,-0.05281522962
2017-05-11,0,-0.04235868655,0,0,-0.04547284587,-0.05289767415
2017-05-12,-0.01804726504,-0.04303366327,0,0,-0.0461896667,-0.05293149952
2017-05-15,0,-0.04291174461,0,0,-0.04599425411,-0.05319403237
2017-05-16,-0.0169270013,-0.04329885809,0,0,-0.04584462395,-0.0535229464
2017-05-17,0,-0.04213582189,0,0,-0.04384234292,-0.05202112564
2017-05-18,0,-0.04275192612,0,0,-0.04456169734,-0.0524856588
2017-05-19,0,-0.04284072352,0,0,-0.04496948636,-0.05275001421
2017-05-22,0,-0.04336937739,0,0,-0.04505661901,-0.05332618261
2017-05-23,0,-0.0434353429,0,0,-0.04531137279,-0.0537181324
2017-05-24,0,-0.04386111837,0,0,-0.04528693257,-0.05414827195
2017-05-25,0,0,0,0,0,0
2017-05-26,0,-0.047880406,0,0,-0.03781124087,-0.0557103747
2017-05-30,0,-0.04794337562,0,0,-0.0380099955,-0.05589486079
2017-05-31,0,-0.04781251004,0,0,-0.03795060358,-0.05534972033
2017-06-01,0,-0.04788183841,0,0,-0.03793625905,-0.05542325715
2017-06-02,0,-0.04847313424,-0.02668508174,0,-0.03850399849,-0.05594665618
2017-06-05,0,-0.04875440805,-0.02730483933,0,-0.0385228863,-0.05645114959
2017-06-06,-0.01868645374,-0.04834297651,0,0,0,-0.05603539749
2017-06-07,-0.01893340843,-0.04873832006,-0.02707166783,0,0,-0.05636951788
2017-06-08,0,-0.04882898086,0,0,0,-0.05661993025
2017-06-09,0,0,-0.02498608061,-0.0458016099,0,0
2017-06-12,0,0,-0.02513739791,0.0475330429,0.06829242992,0.1106712004
2017-06-13,0,0,-0.02629437187,0.04819690756,0.06879340758,0.1115474917
2017-06-14,0,0,-0.02665035301,0.04810731013,0.06862756398,0.1113630917
2017-06-15,0,0,-0.02630055905,0.04800459587,0.06848817957,0.1105666922
2017-06-16,0,0,-0.02600769193,0.04824264816,0.06872362589,0.1103158492
2017-06-19,0,0,-0.0258131381,0.04880080658,0.06896320642,0.1118685626
2017-06-20,-0.01921934755,0,-0.02600505451,0.04864328163,0,0.1112463141
2017-06-21,-0.01949005605,0,-0.0262680754,0.0491220393,0,0.1122305266
2017-06-22,-0.01936893736,0,-0.02671983281,0.04899294501,0,0.11208166
2017-06-23,-0.01877785549,0,0,0.04943199487,0,0.112952954
2017-06-26,-0.01860757905,0,0,0.04905195282,0,0.1115579521
2017-06-27,-0.01798094447,0,0,0.04823701968,0,0.1091348421
2017-06-28,-0.01858345712,0,0,0.04900556668,0,0.1104337716
2017-06-29,-0.01803128082,0,0,0.04848675549,0,0
2017-06-30,-0.01781840657,0,0.05653963646,0.04859767386,0,0.1517609685
2017-07-03,0.02030634326,0,0.05540178261,0.04800891426,0,0.1508216489
2017-07-05,0.02078762964,0,0,0.04848471131,0.1023195158,0.1524747283
2017-07-06,0.02092746029,0,0.05540416257,0.04817254552,0.1017528278,0.1522900657
2017-07-07,0.02125702039,0,0.05580099909,0.04867977065,0.1037605591,0.1533699633
2017-07-10,0.02213928189,0,0.05599423519,0.04906945788,0.1048984194,0.1541749459
2017-07-11,0.02235472026,0,0.05771869903,0.04941736992,0.1055734566,0.1539064639
2017-07-12,0.02312477819,0,0.05767361607,0.05018046024,0.1077548516,0.1549758372
2017-07-13,-0.04032091162,0,0.05664809544,0,0.1074715466,0.1552866882
2017-07-14,-0.04129252667,0,0.05725717412,0,0,0.1561521174
2017-07-17,-0.04117538596,0,0.05590190299,0,0,0.1562206505
2017-07-18,-0.04156669578,0,0,0,0,0.1578379128
2017-07-19,-0.04131123102,0,0,0,-0.02885785656,0.1586147499
2017-07-20,-0.04193911671,0,0,0,-0.02883586147,0.1586255736
2017-07-21,-0.04213154823,0,0,0,0,0.1590487528
2017-07-24,-0.04158776332,0,0,0,-0.04119085853,0.1595529349
2017-07-25,-0.04157445167,-0.07456279714,0,0,-0.04116990102,0.1555727454
2017-07-26,-0.04215877263,-0.07567678934,0,0,-0.04173757198,0.1553591325
2017-07-27,-0.04079339997,0,0,0,0,0.1533967727
2017-07-28,-0.04151538717,0,0,-0.07500489622,0,0.1545335612
2017-07-31,-0.04104890354,0,0,-0.07362797409,0,0.1524955448
2017-08-01,-0.04158079171,0.1446976947,0,-0.07394981497,0,0.1527831511
2017-08-02,-0.04153891279,0.1445962983,0,-0.07367657111,0,0.1528963629
2017-08-03,-0.04218117253,0.1436826989,0,-0.07356662776,0,0.152123686
2017-08-04,0,0.1438401848,0,-0.07404769088,0,0.1530772423
2017-08-07,0,0.144459742,0,0,0,0.1530034492
2017-08-08,0,0.1441933748,0,0,0,0.1528437333
2017-08-09,0,0.1433115587,0,0,0,0.1524537358
2017-08-10,0,0,0,0,0,0.150752243
2017-08-11,0,0.1469698143,0,0.1466212287,0,0.1515065486
2017-08-14,0.06513097066,0.147900519,0,0.147559738,0,0.1515186373
2017-08-15,0.06461761306,0.1478983074,0,0.1478577601,0,0.1514654681
2017-08-16,0.06399002954,0.1473977183,0,0.1471784962,0,0.1526572025
2017-08-17,0.06316039921,0.1461235308,0,0.1458804197,0,0.1514011305
2017-08-18,0.06317920932,0.1458204482,0,0.1463338638,0,0.1511765537
2017-08-21,0.0624003421,0.1453595334,0,0.1469881048,0,0.150648892
2017-08-22,0.06326512793,0.1462227785,0,0.1473958415,0,0.1525791659
2017-08-23,0.06456461082,0.144954452,0,0.1466663008,0,0.1530147857
2017-08-24,0.06445138084,0.1443931599,0,0.1461048294,0,0
2017-08-25,0.06409661845,0.1437149217,0,0.1452842768,0,0
2017-08-28,0.06446201076,0.143633246,0,0.1458875881,0,0
2017-08-29,0.06440809108,0.1449700624,0,0,0,0
2017-08-30,0.06463367401,0.1466682187,0,0,0,0
2017-08-31,0.02007737457,0.04314932632,0,0,0,0
2017-09-01,0,0.04304071594,0,0,0,0
2017-09-05,0,0.04249389552,0,0,0,0
2017-09-06,0,0.04260052778,0,0,0,0
2017-09-07,0,0.04309208073,0,0,0,0
2017-09-08,0,0.04252044889,0,0,0,0
2017-09-11,0,0.04302850591,0,0,0,0
2017-09-12,0,0.04322299407,0,0,0,0
2017-09-13,0,0,0,0,0,0
2017-09-14,0,0,0,0,0,0
2017-09-15,0,0,-0.02964428895,0,0,0
2017-09-18,-0.02338830734,0,-0.0300714504,0,0,0
2017-09-19,-0.0233388436,0,-0.02926741461,0,0,0.1037345058
2017-09-20,-0.02311690198,0,-0.02913193048,0,0,0.1047637308
2017-09-21,-0.02245777464,0,-0.02851848386,0,0,0.1046380344
2017-09-22,-0.02221816492,0,-0.02729515019,0,0,0.1040662027
2017-09-25,-0.02121507173,0,-0.02680813641,0,0,0.1030263841
2017-09-26,-0.02135097449,0,0.02936199854,0,0,0.10345519
2017-09-27,-0.02178318723,0,0.0289503017,0,0,0.1057607226
2017-09-28,-0.02176760665,0,0.02882156221,0,0,0.106255937
2017-09-29,-0.02214602597,0,0.02894304894,0,0,0
2017-10-02,-0.02216591479,0,0.02896830474,0,0,-0.05275828289
2017-10-03,-0.02220588812,0,0.0295211818,0,0,-0.05299570365
2017-10-04,-0.02237623816,0,0.0300831057,0,0,-0.05267064776
2017-10-05,-0.02238543252,0,0.03013926121,0,0,-0.05372538416
2017-10-06,-0.02247384907,0,0.03030144339,0,-0.02887369849,0
2017-10-09,-0.02301589659,0,0.02916225855,0,-0.02874979832,0
2017-10-10,-0.02343433727,0,0.03021084487,0,-0.0284628463,0
2017-10-11,-0.02369110226,0,0.03013621134,0,-0.0284528282,0
2017-10-12,-0.0237035083,0,0.03022957526,0,-0.02858713367,0
2017-10-13,-0.02417057107,0,0.03025192943,0,0,0
2017-10-16,0,0,0.0298555379,0,-0.02835853532,0
2017-10-17,-0.02366539612,0,0.0302705476,0,-0.02788910846,0
2017-10-18,-0.02362120772,0,0.03057155024,-0.04666761224,-0.02731070598,0
2017-10-19,-0.02365332211,0,0.02991247261,-0.04628927361,-0.02726014076,0
2017-10-20,-0.0235560332,0,0.02935483639,-0.04642101107,-0.02713653537,0
2017-10-23,-0.02350921333,0,0.02865130332,-0.04541105391,-0.02688509986,0
2017-10-24,-0.02377843613,0,0.02870616534,0,-0.02740738784,0.1067317738
2017-10-25,-0.02316580586,0,0,0,-0.02707897079,0.1069978582
2017-10-26,-0.0234235547,0,0.030469016,0,-0.02729759395,0.1070617127
2017-10-27,-0.02408014764,0,0.02987227277,0,-0.02780846692,0
2017-10-30,-0.02434049693,-0.04038359688,0.02982831656,-0.04756017366,-0.02767286303,0
2017-10-31,0,-0.04013493134,0.03085983862,-0.04755569659,-0.0273707402,0
2017-11-01,-0.02488977115,-0.04014103422,0.0299349996,0,-0.02763370353,0
2017-11-02,-0.02477581009,-0.0398571143,0,-0.04701263914,-0.02785996694,-0.05401557344
2017-11-03,-0.02511677037,-0.04050650522,0.05030202643,-0.04703158762,-0.02796767994,-0.05440106895
2017-11-06,-0.0252539887,-0.04087563881,0.04980557653,-0.04740538595,-0.02801117979,-0.05407391099
2017-11-07,-0.02555571393,0,0.05036829269,-0.04744982345,0,-0.0546043816
2017-11-08,-0.02522555488,-0.05667503708,0.05012642156,-0.04729772739,0,-0.05494484117
2017-11-09,0,-0.05640738441,0.04982516099,-0.04716232211,0,-0.05431897712
2017-11-10,0,-0.05618512666,0.04979553898,-0.04691346444,0,-0.05410170562
2017-11-13,-0.03885405533,-0.05623448898,0.05170511656,-0.04687712478,0,-0.05381358235
2017-11-14,-0.03920012016,-0.05670735494,0.05068799238,-0.04676853343,0,-0.05392274156
2017-11-15,-0.03835456457,-0.05608864721,0.05101266788,-0.04664353055,0,-0.05354469754
2017-11-16,-0.03871739308,-0.05671170486,0.05129557503,-0.04715269554,0,-0.05425901263
2017-11-17,-0.03854382227,-0.056155979,0,-0.04684245086,0,-0.05343080123
2017-11-20,-0.03904717025,-0.05598902216,0,-0.04678315604,0,-0.05337734149
2017-11-21,-0.03951070947,-0.05679402366,0,-0.04772568997,0,-0.05432751114
2017-11-22,-0.03934044041,0,0,-0.0474746231,0,-0.05442132735
2017-11-24,0,0,0,-0.04801963312,0,-0.05470907359
2017-11-27,0,0,0,0,0,0
2017-11-28,0,0,0,0,0,-0.07421176551
2017-11-29,0,0,0,0,0,0
2017-11-30,0,0,0,0.1311668136,0.08862913884,0
2017-12-01,0,0,0,0,0.08853466414,0
2017-12-04,0,0,0,0,0,0
2017-12-05,0.1220185165,0,0,0.1306809385,0.09061269324,0
2017-12-06,0.1225204258,0,0,0.1325972851,0.09078877264,0
2017-12-07,0.1236951017,0,0,0.1350231896,0.09030710209,0
2017-12-08,0.1231048205,0,0,0,0.09173592021,0
2017-12-11,0.1250290786,0,0,0,0.09052480422,0
2017-12-12,0.1233225553,0,-0.1050571099,0,0.09083687572,0
2017-12-13,0.1205878052,0,0,0,0.09208984131,0
2017-12-14,0.1205697978,0,-0.05024571826,0,0,0
2017-12-15,0.1235564498,0,-0.05094696799,0,0,0
2017-12-18,0.1270399376,0,-0.05002900142,0,0,0
2017-12-19,0.1258911335,0,-0.04888197397,0,0,0
2017-12-20,0.126238618,0,-0.04853229954,0,0,0
2017-12-21,0.1257780565,0,-0.04897561419,0,0,0
2017-12-22,0.1253103183,0,-0.04799500153,0,0,0
2017-12-26,0.126603582,0,0.03429858388,0,0,0
2017-12-27,0.1265296823,0,0.033714253,0,0,0
2017-12-28,0.1266076493,0,0.03409794116,0,0,0
2017-12-29,0.1244715653,0,0.03376345862,0,0,0
2018-01-02,0.1276273305,0,0.03459433938,0,0,0
2018-01-03,0,0,0.03417141106,0,-0.0318858227,0
2018-01-04,0,-0.03800279647,0.03390462551,-0.04380920778,-0.03199157911,-0.05543880876
2018-01-05,0,0,0.03418969112,-0.04450425344,0,-0.0562955294
2018-01-08,-0.02846805628,-0.03782666577,0.03631408675,0,-0.03167215787,-0.05646757163
2018-01-09,-0.02845911226,0,0,-0.04401297854,-0.03126153446,-0.05639312712
2018-01-10,-0.02870761537,-0.03779120184,0,-0.04404490565,-0.03176906308,-0.0563086311
2018-01-11,-0.02879207965,0,0,-0.04407919969,0,-0.05647047356
2018-01-12,-0.028650507,0,0,0,-0.0320765687,-0.05741452972
2018-01-16,-0.0282877459,-0.03633882195,0,0,0,0
2018-01-17,-0.02887613221,-0.03605914351,0,0,-0.03096765882,0
2018-01-18,-0.02884938332,-0.03602389812,0,0,-0.03138064288,0
2018-01-19,0,-0.03608343356,0,0,-0.03142043952,0
2018-01-22,0,-0.03706852966,0,0,0,0
2018-01-23,0,0,0,0,-0.0359100882,-0.05408449034
2018-01-24,0,-0.03546576923,0,0,0,-0.05391686069
2018-01-25,0,-0.03606913925,0,0,-0.03420297991,-0.05452115639
2018-01-26,0,-0.03674647909,0,0,0,-0.05484052763
2018-01-29,0,0,0,0,0,-0.05487034386
2018-01-30,0,0,0,0,-0.03365934241,-0.05449229755
2018-01-31,0,-0.03587297894,0,0,-0.03260813472,-0.05467482942
2018-02-01,0,-0.03429322032,0,0,-0.03190810447,-0.05452761687
2018-02-02,0,0,0,-0.04293863978,-0.0321768882,-0.05162391082
2018-02-05,0,0,0,-0.04079605056,-0.03051215987,0
2018-02-06,0,0,0.08182054827,-0.04151677889,-0.03174152525,0.1059896313
2018-02-07,0,0,0.08442541547,-0.04032094438,-0.03156653484,0.1030343933
2018-02-08,0,0,0.07778534789,-0.03871745498,-0.03009072023,0.09920023545
2018-02-09,0,0,0,0.04371683123,0,0.1028451519
2018-02-12,0,0,0.1177524477,0.0437653645,0,0.1035986349
2018-02-13,0,0,0.1204561001,0.04286624945,0,0.1033395899
2018-02-14,0,0,0.1196075214,0.04431500655,0,0.1048556045
2018-02-15,0,0,0.123195871,0.04414565314,0,0.1060120733
2018-02-16,0,0,0.1236839008,0.04349532193,0,0.1063835894
2018-02-20,0,0,0.1233113177,0,0,0
2018-02-21,0,0,0.1228363534,0,0,0
2018-02-22,0,0,0.1269772618,0,0,0
2018-02-23,0,0,0.128856163,0,0,0
2018-02-26,0,0,0.1305650448,0,0,0
2018-02-27,0,0,0.1285180446,0,0,0
2018-02-28,0,0,0,0,0,0
2018-03-01,0,0,0,0,0,0
2018-03-02,0,0,0,0,0,0
2018-03-05,0,0,0,0,0,0
2018-03-06,0,0,0,0,-0.04873683131,0
2018-03-07,0,0,0,0,-0.04809914579,0
2018-03-08,0,0,0,0,-0.04744655418,0
2018-03-09,0,0,0,0,-0.04971529139,0
2018-03-12,0,-0.05831014378,0,0,-0.0481347812,0
2018-03-13,0,-0.05786912974,0,0,-0.04726680895,0
2018-03-14,0,-0.05802708265,0,0,-0.04816105076,0
2018-03-15,0,-0.05768826336,0,0,-0.0480736253,0
2018-03-16,0,-0.05728440627,0,0,0,0
2018-03-19,0,0,0,0,0,0
2018-03-20,0,0,0,0,0,0
2018-03-21,0,0,0,0,0,0
2018-03-22,0,0,0,0,0,0
2018-03-23,0,0,0,0,0,0.1260406456
2018-03-26,0.08941839893,0.1178697926,0,0,0.1003028748,0.1280319772
2018-03-27,0,0.1162411588,0,0,0.09649376563,0.1253533476
2018-03-28,0.08648861777,0,0.05710195265,0,0,0
2018-03-29,0.08901929066,0.1171364076,0.05799363294,0,0.09648614922,0.1967921942
2018-04-02,0.08694098184,0.1136166665,0.05629673306,0,0.09369260619,0.1966034224
2018-04-03,0.08784055152,0.1142481852,0.05911967801,0,0.09397547576,0.1960114388
2018-04-04,0.08731220711,0.114619174,0.06277963981,0,0.09477131586,0.1961673321
2018-04-05,0.08503955474,0.1174171245,0,0,0.09597303856,0.1958112691
2018-04-06,0.08334039284,0.1150903939,0,0,0.09549281585,0.1939281234
2018-04-09,0.02693303658,0.0339006848,0,0,0.02886127964,0.06020085663
2018-04-10,0.02838047498,0.03448705627,0,0,0.02955135652,0.06092144591
2018-04-11,0.02818179044,0.03427814659,0,0,0,0
2018-04-12,0.02918530106,0,0,0,0,0
2018-04-13,0.02881075098,0,0,0,0,0
2018-04-16,0.02880954836,0,0,0,0,0
2018-04-17,0.02954024476,0,0,0,0,0
2018-04-18,0,0,0,0,0,0
2018-04-19,0,0,0,0,0,0
2018-04-20,0,0,0,0,0,0
2018-04-23,0,0,0,0,0,0
2018-04-24,0,0,0,0,0,0
2018-04-25,0,0,0,0,0,0
2018-04-26,0.04105661356,0,0,0,0,0
2018-04-27,0.04125060273,0,0,0,0,0
2018-04-30,0.04100066023,0,0,0,0,0
2018-05-01,0.04139211205,0,0,0,0,0
2018-05-02,0.0412471119,0,0,0,0,0
2018-05-03,0.04240138088,0,0,-0.05334187274,0,0
2018-05-04,0.04349253462,0,0,-0.05411896524,0,0
2018-05-07,0,0,0,-0.05446846638,0,0
2018-05-08,0,0,0,-0.05477514108,0,0
2018-05-09,0,0,0,-0.05598422545,0,0
2018-05-10,0,0,0,-0.05691392259,0,0
2018-05-11,0,0,0,-0.05740106066,0,-0.0599940726
2018-05-14,0,0,0,-0.05729750027,0,-0.06017322245
2018-05-15,0,0,0,-0.05647830749,0,-0.05888010699
2018-05-16,0,0,0,-0.05611349529,0,-0.05881509604
2018-05-17,0,0,0,-0.05628603429,0,-0.05866262316
2018-05-18,0,0,0,-0.05590149031,0,-0.05797645437
2018-05-21,0,0,0,-0.05653070191,0,-0.05883374965
2018-05-22,0,0,0,-0.05628080495,0,-0.05832169851
2018-05-23,0,0,0,-0.05731755626,0,-0.0589893971
2018-05-24,0,0,0,-0.05700154474,0,-0.0589425211
2018-05-25,0,0,0,-0.05667014704,0,-0.05884552228
2018-05-29,0,0,0,-0.05688629699,0,-0.05794067847
2018-05-30,0,0,0,-0.05754075159,0,-0.05851503979
2018-05-31,0,0,0,0,0,-0.05982835527
2018-06-01,0,0,0,0,0,-0.06184971563
2018-06-04,0,0,0,0,0,0
2018-06-05,0,0,0,0,0,0
2018-06-06,0,0,0,0,0,0
2018-06-07,0,0,0,0,0,0
2018-06-08,0,0,0,0,0,0
2018-06-11,0,0,0,0,0,0
2018-06-12,0,0,0,0,0,0
2018-06-13,0,0,0,0,0,0
2018-06-14,0,0,0,0,0,0
2018-06-15,0,0,0,0,0,0
2018-06-18,0,0,0,0,0,0
2018-06-19,0,0,0,0,0,0
2018-06-20,0,0,0,0,0,0
2018-06-21,0,0,0,0,0,0
2018-06-22,0,0,0,0,0,0
2018-06-25,0,0,0,0,0,0
2018-06-26,0.1384911543,0,0,0,0,0
2018-06-27,0.1353886807,0,0,0,0,0
2018-06-28,0,0,0,0,0,0
2018-06-29,0.09015941502,0,0,0,0,0
2018-07-02,0,0,0,0,0,0
2018-07-03,0,0,0,0,0,0
2018-07-05,0.09418546548,0,0.0941257815,0,0,0
2018-07-06,0.09580696161,0,0.09388647223,0,0,0
2018-07-09,0.096198177,0,0.09645385496,0,0,0
2018-07-10,0.09747461178,0,0.09738592454,0,0,0
2018-07-11,0.09558475241,0,0.09664111647,0,0,0
2018-07-12,0.09694109103,0,0.0958877632,0,0,0
2018-07-13,0.09624499655,-0.06539806843,0.0965827567,-0.06089389055,0,0
2018-07-16,0.09619416164,0,0.09430041087,-0.06110980872,0,0
2018-07-17,0.09794375268,0,0.09775155286,-0.06168554038,0,0
2018-07-18,0.09718844898,-0.06510185982,0.09811609758,-0.06150869975,0,0
2018-07-19,0.09727095869,-0.0640142991,0.09697457305,-0.06110736713,0,0
2018-07-20,0.09728517623,-0.06434046979,0.09540619887,-0.0619398253,0.1380150056,0
2018-07-23,0.09727094621,-0.06429534552,0,-0.06258610104,0.1394326802,0
2018-07-24,0.09767560357,-0.0657232385,0.09401626652,0,0.1383393589,0
2018-07-25,0.09840995437,-0.06661516548,0.09709144059,-0.06139016566,0.1397685061,0
2018-07-26,0.09814331117,-0.06370110958,0.09505204676,0,0.1378488052,0
2018-07-27,0.09823636825,-0.0648055435,0.09323569807,0.1585777943,0.1364954101,0
2018-07-30,0.09640457825,-0.06427788425,0,0,0,0
2018-07-31,0.09634687664,-0.06398382353,0,0.1626121335,0.0994245376,0
2018-08-01,0.09704626556,-0.06473801327,0,0.161845746,0.0997662964,0
2018-08-02,0.09803812869,-0.06564659959,0,0.1652139425,0.1009097046,0
2018-08-03,0.09845879581,-0.06514676449,-0.04480681095,0,0.1003353753,0
2018-08-06,0.09891927447,-0.06582555665,-0.04388138717,0,0.1023218497,0
2018-08-07,0.100496598,-0.06664226511,0,0,0,0
2018-08-08,0.1011079661,0,-0.04211404014,0,0,0
2018-08-09,0.1002140851,0,-0.04002890312,0,0,0
2018-08-10,0.09966094849,0,-0.04041449091,0,0,0
2018-08-13,0.1001395688,0,-0.04050225014,0,0,0
2018-08-14,0.1019025775,0,-0.03938461193,0,0,0
2018-08-15,0.1009766813,0,-0.03836689327,0,0,0
2018-08-16,0.1003648277,0,-0.03801020994,0,0,0
2018-08-17,0.1045800714,0,0,0,0.04916828731,0.1415139324
2018-08-20,0.1050085367,0,0.08417057911,0,0.05045389263,0.1410664588
2018-08-21,0.1065784902,0,0.08722829058,0,0.05167347608,0.1395577704
2018-08-22,0.1099808674,0,0.08668925395,0,0.05237182274,0.139302306
2018-08-23,0,0,0.0864534122,0,0.05167765418,0.1395242814
2018-08-24,0,0,0.08671027684,0,0.05437204585,0.1405312268
2018-08-27,0,0,0.08565558472,0,-0.04807938417,0
2018-08-28,0,0,0.08383657565,0,-0.04869316708,-0.07191971652
2018-08-29,0,0,0.0237570389,0,-0.02907878492,-0.02192095026
2018-08-30,0,0,0.02361689177,0,-0.02931694168,-0.02174832657
2018-08-31,0,0,0,0,-0.02904064233,-0.02134441338
2018-09-04,0,0,0,0,-0.02869895119,-0.02097515848
2018-09-05,0,0,0,0,-0.02687609734,-0.02072267702
2018-09-06,0,0,0,0,-0.02731839171,0
2018-09-07,0,0,0,0,-0.02749188788,0.06607348568
2018-09-10,0,0,0,0,-0.02747391435,0.06593948903
2018-09-11,0,0,0,0,-0.02806003425,0.06676095863
2018-09-12,0,0,0,0,-0.02922777247,0.06587000612
2018-09-13,0,0,0,0,-0.02906420793,0.06641378167
2018-09-14,0,0,0,0,-0.02877936087,0.06617678762
2018-09-17,0,0,0,0,-0.02765475896,0.06515049589
2018-09-18,0,0,0,0,-0.02904811654,0.06562221187
2018-09-19,0,0,0,0,-0.02898035269,0.06599461792
2018-09-20,0,0,0,0,-0.02882232918,0.06689339579
2018-09-21,0,0,0,0,0,0.06588220997
2018-09-24,0,0,0,0,0,0.06627267974
2018-09-25,0,0,0,0,0,0.06702384277
2018-09-26,0,0,0,0,0,0.06703274175
2018-09-27,0,0,0,0,0,0.06772880835
2018-09-28,0,0,0,0,0,0.06771416659
2018-10-01,0,0,0,0,0,0.06778999668
2018-10-02,0,0,0,0,0,0.06774346174
2018-10-03,0,0,0,0,0,0.06794684971
2018-10-04,0,0,0,0,0,0.06614203132
2018-10-05,0,0,0,0,0,0.06565691422
2018-10-08,0,0,0,0,0,0
2018-10-09,0,0.0625088095,0,0,0,0
2018-10-10,0,0,0,0,0,0
2018-10-11,0,0.06020900047,0,0,0.04022973867,0
2018-10-12,0,0.06233866185,0,0,0.04234193405,0
2018-10-15,0,0.06148319639,0,0,0.0416136166,0
2018-10-16,0,0.06330814056,0,0,0.04311098007,0
2018-10-17,0,0,0,0,0,0
2018-10-18,0,0,0,0,0,0
2018-10-19,0,0,0,0,0,0
2018-10-22,0,0,0,0,0,0
2018-10-23,0,0,0,0,0,0
2018-10-24,0,0,0,0,0,0
2018-10-25,0,0,0,0,0,0
2018-10-26,0,0,0,0,0,0
2018-10-29,0,0,-0.03420142793,0,0,0
2018-10-30,0,0,-0.0336788096,0,0,0
2018-10-31,0,0,-0.03446240768,0,0,0
2018-11-01,0,0,-0.03519850503,0,0,0
2018-11-02,0,0,-0.0354239865,0,0,0
2018-11-05,0,0,-0.03489378611,0,0,0
2018-11-06,0,0,-0.03485782366,0,0,0
2018-11-07,0,0,-0.03560931469,0,0,0
2018-11-08,0,0,-0.03595261077,0,0,0
2018-11-09,0,0,-0.03585828672,0,0,0
2018-11-12,0,0,-0.03382445468,0,0,0
2018-11-13,0,0,-0.03461171187,0.06230708826,0,0
2018-11-14,0,0,0,0.06318131686,0,0
2018-11-15,0,0,0,0.06302943574,0,0
2018-11-16,0,0,0,0.06125252107,0,0
2018-11-19,0,0,0,0.05795237606,0,0
2018-11-20,0.04755552339,0.05964144181,0,0.0579105198,0,0
2018-11-21,0.04613847818,0.06045953022,0,0.05892622411,0,0
2018-11-23,0.04628076504,0.05993929239,0,0,0,0
2018-11-26,0.0482956508,0.06238625893,0.09548998392,0,0,0
2018-11-27,0.04850396981,0,0.09490367354,0,0,0
2018-11-28,0.05034872572,0,0.09569792826,0,0,0
2018-11-29,0.04967729824,0,0.09410378026,0,0,0
2018-11-30,0.05136322714,0,0.09624016583,0,0,0
2018-12-03,0,0,0.09794858603,0,0,0
2018-12-04,0,-0.1041778723,0.0977227766,0,0,0
2018-12-06,0,-0.1062077038,0.09873531786,0,0,0
2018-12-07,0,-0.101524551,0.09706039681,0,0,0
2018-12-10,0,-0.1021430376,0.09888800158,0,0,0
2018-12-11,0,-0.1022500836,0.09929438195,0,0,0
2018-12-12,0,-0.1036486581,0.09938090628,0,0,0
2018-12-13,0,-0.1029755139,0.1017956798,-0.1264970011,0,0
2018-12-14,0,-0.09865449498,0.09860870982,-0.1254221303,0,0
2018-12-17,0,0,0.09382384829,-0.1218932126,0,0
2018-12-18,0,0,0.09131226976,-0.1256749749,0,0
2018-12-19,0,0,0.08949493848,-0.1156326122,0,0
2018-12-20,0.04153138648,0,0.08526659853,-0.1164535808,0,0
2018-12-21,0.03955988482,0,0.08586416511,-0.1083335099,0,0
2018-12-24,0.03897378547,0.05259166461,0,0.1252656975,0.04602381642,0
2018-12-26,0.03948938979,0.05568276019,0.1566566487,0.1310675263,0.04829094282,0
2018-12-27,0.03911289514,0.05561105763,0.1526371272,0.1320618552,0.04889782456,0
2018-12-28,0.03950750015,0.0557476027,0.1598074498,0.1296342774,0.04857138476,0
2018-12-31,0.03944294257,0.05662192091,0.1592136843,0.1275153853,0,0
2019-01-02,0.04041554933,0.05826639656,0.1489863286,0.1325343447,0,0
2019-01-03,0.03845249584,0.05751168644,0.146116627,0.1303080457,0,0
2019-01-04,0.04028177404,0,0.152151407,0,0,0
2019-01-07,0.04197760523,0,0.158770744,0,0,0
2019-01-08,-0.04257534907,0,0.1584590607,0,0,0
2019-01-09,-0.04343905116,0,0.1600589138,-0.1259322827,0,0
2019-01-10,-0.04414648268,0,0.1627353962,-0.1256217261,0,0
2019-01-11,-0.0452256667,0,0.1637609157,-0.1252313735,0,0
2019-01-14,-0.04608071613,0,0.1589582709,-0.1276292277,0,0
2019-01-15,0,0,0.1636157346,0,0,0
2019-01-16,0,0,0.04429798496,0,0,0
2019-01-17,0,0,0.04445210753,0,0,0
2019-01-18,0,0,0.0389105286,0,0,0
2019-01-22,0,0,0.0384971143,0,0,0
2019-01-23,0,0,0.03709207762,0,0,0
2019-01-24,0,0,0,0,0,0
2019-01-25,0,0,0,0,0,0
2019-01-28,0,0,0,0,0,0
2019-01-29,0,0,0,0,0,0
2019-01-30,0,0,0,0,0,0
2019-01-31,0,0,0,0,0,0
2019-02-01,0,0,0,-0.1383946524,0,-0.053646185
2019-02-04,0,0,0,-0.1419258886,0,-0.05496220485
2019-02-05,0,0,0,-0.1438342495,0,0
2019-02-06,0,0,-0.07210965999,-0.1426347315,0,-0.1545947851
2019-02-07,0,0,-0.06928700406,-0.1379708097,0,0
2019-02-08,0,0,-0.06892945292,-0.1388144187,0,0
2019-02-11,0,0,-0.07053813775,-0.1375794262,0,0
2019-02-12,0,0,-0.07024585934,-0.1368401369,0,0
2019-02-13,0,0,-0.06931324036,-0.1358152574,0,0
2019-02-14,0,0,-0.06824927626,-0.135568288,0,0
2019-02-15,0,0,-0.06915363036,-0.1343322772,0,0
2019-02-19,0,0,-0.06860407103,-0.1340679648,0,0
2019-02-20,0,0,-0.06788095065,-0.1342281572,0,0
2019-02-21,0,0,-0.06503834275,-0.1315392685,0,0
2019-02-22,0,0,-0.0658440658,0.1390345397,0,0
2019-02-25,0,0,-0.06665533073,0.1411761924,0,0
2019-02-26,0,0,-0.06646674563,0.1407865525,0,0
2019-02-27,0,0,-0.07057925337,0.1403418231,0,0
2019-02-28,0,0,-0.07189903252,0.1394938253,0,0
2019-03-01,0,0,-0.03094126459,0.03921530754,0,0
2019-03-04,0,0,-0.02988813493,0,0,0
2019-03-05,0,0,-0.02893761143,0,0,0
2019-03-06,0,0,-0.02890531078,0,0,0
2019-03-07,0,0,-0.02894299302,0,0,0
2019-03-08,0.03911830044,0,-0.02971947757,0,0,0
2019-03-11,0.04176068538,0,-0.03036736191,0,0,0
2019-03-12,0.0420700826,0,-0.02954433915,0,0,0
2019-03-13,0.04360574154,0,-0.03009826578,0,0,0
2019-03-14,0.04285278158,0,-0.03022949824,0,0,0
2019-03-15,0.04383821597,0,-0.02863979561,0,0,0
2019-03-18,0.04360258105,0,0,0,0,0
2019-03-19,0,0,0,0,0,0
2019-03-20,0,0,0,0,0,0
2019-03-21,0,0,0,0,0,0
2019-03-22,0,0,0,0,0,0
2019-03-25,0,0,0,0,0,0
2019-03-26,0,0,0,0,0,0
2019-03-27,0,0,0,0,0,0
2019-03-28,0,0,0,0,0,0
2019-03-29,0,0,0,0,0,0
2019-04-01,0,0,0,0,0,0
2019-04-02,0,0,0,0,0,0
2019-04-03,0,0,0,0,0,0
2019-04-04,0,0,0,0,0,0
2019-04-05,0,0,0,0,0,0
2019-04-08,0,0,0,0,0,0
2019-04-09,0,0,0,0,0,0
2019-04-10,0,0,0,0,0,0
2019-04-11,0,0,0,0,0,0
2019-04-12,0,0,0,0,0,0
2019-04-15,0,0,0,0,0,0
2019-04-16,0,0,0,0,0,0
2019-04-17,0,0,0,0,0,0
2019-04-18,0,0,0,0,0,0
2019-04-22,0,0,0,0,0,0
2019-04-23,0,0,0,0,0,-0.07433151249
2019-04-24,0,0,0,0,0,-0.07366948896
2019-04-25,0,0,0,0,0,-0.07412729274
2019-04-26,0,0,0,0,0,0
2019-04-29,0.1178516155,0,0,0,0,-0.07406192445
2019-04-30,0.1181170284,0,0,0,0,0
2019-05-01,0.1181773537,0,0,0,0,0.1417490256
2019-05-02,0.1198614667,0,0,0,0,0
2019-05-03,0.1197578017,0,0,0,0,0
2019-05-06,0.1180423282,-0.0512965291,0,0,0,0
2019-05-07,0,-0.05073008631,0,0,0,0
2019-05-08,0,-0.0506404647,0,0,0,0
2019-05-09,0,-0.05014409933,0,0,0,0
2019-05-10,0,-0.049874904,0,0.1261232437,0,0
2019-05-13,0,-0.04823289367,0,0.1219081885,0,0
2019-05-14,0,0.05242448488,0,0.1214976159,0,0
2019-05-15,0,0.05306398605,0,0.124647517,0,0
2019-05-16,0,0.0540150079,0,0.1249400822,0,0
2019-05-17,0,0.05304067334,0,0.1240865343,0,0
2019-05-20,0,0.0528624108,0,0.1226055457,0,0
2019-05-21,0,0.05274902184,0,0.1238452647,0,0
2019-05-22,0,0.05278943788,0,0.1241310849,0,0
2019-05-23,0,0,0,0.1216004702,0,0
2019-05-24,0,0.1557828534,0,0.1218676545,0,0
2019-05-28,0,0.1563885919,0,0.1236457683,0,0
2019-05-29,0,0.1552566458,0,0,0,0
2019-05-30,0,0.1550496846,0,0,0,0
2019-05-31,0,0.1520638509,0,0,0,0
2019-06-03,0,0,0,0.177712115,0,0
2019-06-04,0,0.1140034218,0,0.180274258,0,0.0493500632
2019-06-05,0,0.1144954519,0,0.1808417671,0,0.0488475913
2019-06-06,0,0.115382767,0,0.1807675309,0,0.04892681539
2019-06-07,0,0,0,0.1848969711,0,0.04955116649
2019-06-10,0,0,0,0.1860490084,0,0.05010657313
2019-06-11,-0.06577259975,0,-0.06870588702,0.1887978868,0,0.04983118953
2019-06-12,-0.06371521481,0,-0.06614980201,0.1853440796,0,0.04968546639
2019-06-13,-0.06456432569,0,-0.06756879632,0.1877756001,0,0.05019600496
2019-06-14,-0.06266671101,0,-0.06754168795,0.1908814904,0,0.04972447647
2019-06-17,-0.06251773234,0,-0.07036105744,0.1979592587,0,0.04981853943
2019-06-18,-0.06612259062,0,-0.07050600542,0.1980555767,0,0.05050422392
2019-06-19,-0.06638958064,0,-0.07121121601,0,0,0.05059520832
2019-06-20,-0.06667346944,0,-0.06892373252,0,0,0.0508856711
2019-06-21,-0.06560424771,0,-0.06956649187,0,0,0.05139747877
2019-06-24,-0.0660658075,0,0,0,0,-0.07116437449
2019-06-25,-0.0652814719,0,-0.09185803822,0,0,-0.0690193025
2019-06-26,0,0,-0.09185002031,0,0,0
2019-06-27,-0.1415517102,0,-0.09354390336,0,0,0
2019-06-28,-0.1425796552,0,-0.0939100459,0,0,0
2019-07-01,0,0,-0.09633494757,0,0,0
2019-07-02,-0.08453811867,0,-0.09496638957,0,0,0
2019-07-03,-0.08529110202,0,-0.09990824426,-0.06062705519,0,0
2019-07-05,-0.08392765921,0,-0.09909208791,-0.0603503075,0,-0.1403043682
2019-07-08,-0.08194272153,0,-0.09743950241,-0.05985920636,0,-0.137660164
2019-07-09,-0.08212403269,0,0,-0.06101011919,0,-0.1388029885
2019-07-10,-0.08396727981,0,0,-0.06239101784,0,0
2019-07-11,-0.08746859586,0,0,-0.06209856743,0,-0.1363592599
2019-07-12,-0.08835392455,0,0,0,0,-0.1367969991
2019-07-15,-0.08821127637,0,0,-0.05763886592,0,-0.1374714827
2019-07-16,-0.0881315454,0,0,-0.05763248133,0,-0.1378560017
2019-07-17,-0.08951948138,0,0,-0.05705611547,0,-0.1370538684
2019-07-18,-0.08976913618,0,0,-0.05676882205,0,-0.1371162632
2019-07-19,-0.08854341353,0,0,-0.05589023023,0,-0.1347723992
2019-07-22,-0.0903774116,0,0,-0.05720864407,0,-0.1361670024
2019-07-23,0,0,0,-0.05738125028,0,-0.137610441
2019-07-24,-0.05926601847,0,0,-0.05804193143,0,-0.136633178
2019-07-25,-0.05732383923,0,0,-0.0567330019,0,-0.1357273726
2019-07-26,-0.05855426174,0,0,-0.05711681326,0,0
2019-07-29,0,0,0,-0.05590596318,0,-0.04520631368
2019-07-30,0,0,0,0.039448081,0,-0.04466351688
2019-07-31,0,0.09052090459,0,0.03895709217,0,-0.04438864318
2019-08-01,0,0.09002125585,0,0.03868032182,0,-0.04418222372
2019-08-02,0,0,0,0.03797157845,0,0
2019-08-05,0,0,0,0,0,0
2019-08-06,0.06284215841,0.04696569815,0,0.08648766964,0,0
2019-08-07,0.06340881969,0.04706111877,0,0.08669389961,0,0
2019-08-08,0.06487320853,0.04784939605,0,0.08858069429,0,0
2019-08-09,0.06341695122,0.04735008129,0,0.08780397873,0,0
2019-08-12,0.06247370921,0.04689134251,0,0.08689466492,0,0
2019-08-13,0.06409071412,0.04771808099,0,0.08795349822,0,0
2019-08-14,0.06214055755,0.04649107055,0,0.08456275967,0,0
2019-08-15,0.06156339837,0.04680857144,0,0.08586373695,0.03827664183,0
2019-08-16,0.06561303599,0.04694486105,0,0.08584220682,0.0389411802,0
2019-08-19,0.06972266247,0.04722015441,0,0.0863718674,0.03950175566,0
2019-08-20,0.06880938996,0.04702466417,0,0.08561882668,0.03832819211,0
2019-08-21,0.07006867697,0.04752314931,0,0.08535404283,0.03811276811,0
2019-08-22,0.07025560337,0.04708783708,0,0.08475395756,0.03804597652,0
2019-08-23,0.06710328405,0,0,0,0.03765191328,0
2019-08-26,0.06823066085,0,0,0,0.03804455071,0
2019-08-27,0.06686009638,0,0,0,0.037610883,0
2019-08-28,0.06669161366,0,0,0,0.03770945863,0
2019-08-29,0.06887333183,0,0,0,0.03824077466,0
2019-08-30,0.06909609191,0,0,0,0.03785717126,0
2019-09-03,0.06784064658,0,0,0,0,0
2019-09-04,0.06960539365,0,0,0,0,0
2019-09-05,0,0,0,0,0,0
2019-09-06,0,-0.0966604107,0,0,0,0
2019-09-09,0,-0.0965355434,0,0,0,0
2019-09-10,0,-0.09591164203,0,0,0,0
2019-09-11,0,-0.0960525371,0,0,0,0
2019-09-12,-0.0295652845,-0.09721469495,0,0,0,0
2019-09-13,-0.02918388373,-0.09696755356,0,0,0,-0.04410112396
2019-09-16,-0.02884187314,-0.09509419688,0,0,0,-0.04370462439
2019-09-17,-0.02900414469,-0.09594945265,0,0,0,-0.04367962656
2019-09-18,-0.02879630276,-0.09557116778,0,0,-0.07706544528,-0.04372752519
2019-09-19,-0.0282712181,-0.0956526972,0,0,-0.07565087679,-0.04388385913
2019-09-20,-0.02747422041,-0.09381427995,0,0,0,-0.043381989
2019-09-23,-0.02780883267,0,0,0,0,-0.04354140559
2019-09-24,-0.02741552649,0,0,0,0,-0.04292393275
2019-09-25,-0.02832259256,0,0,0.08419032942,0.03990853992,-0.04389873901
2019-09-26,-0.02821462498,0,0,0.0830499052,0.03973860011,-0.04382210328
2019-09-27,-0.02732572164,0,0,0.08165859585,0.03970224111,-0.04324390598
2019-09-30,0,0,0,0.08201965862,0.04034273228,-0.04302662232
2019-10-01,0,0,0,0,0.0406623035,-0.04251837329
2019-10-02,0,0,0,0.08419217468,0.04046578005,0.04396362973
2019-10-03,0,0.04941274429,0,0,0.04036199944,0.04425954591
2019-10-04,0,0.04974475722,0,0,0,0.04496632411
2019-10-07,0,0.04955977616,0,0,0,0.04487917978
2019-10-08,0,0.04885401388,0,0,0,0.04427030635
2019-10-09,0,0.04928032709,0,0,0,0.04468523622
2019-10-10,0,0.04922032108,0,0,0,0.04493839497
2019-10-11,0,0.04950582456,0,0,-0.07587598278,0.04512638999
2019-10-14,0,0.04965916779,0,0,-0.07661093351,0.04522510054
2019-10-15,0,0.05044355829,0,0,-0.07611549865,0
2019-10-16,0,0.05074342514,0,0,-0.07667877524,0
2019-10-17,0,0.05111246641,0,0,-0.07869888813,0
2019-10-18,0,0.050032333,0,0,0,-0.04335886723
2019-10-21,0,0,0,0,0,-0.04334187636
2019-10-22,0,0,0,0,0,-0.04322995491
2019-10-23,0,0,0,0,0,-0.04382727956
2019-10-24,0,0,0,0,0,-0.04388111442
2019-10-25,0,0,0,0,0,-0.04406996697
2019-10-28,0,0,0,0,0,-0.04496891015
2019-10-29,0,0,0,0,0,-0.04393751332
2019-10-30,0,0,0,0,0,-0.04393896212
2019-10-31,0,0,0,0,0,-0.04386983929
2019-11-01,0,0,0,0,0,-0.04435936869
2019-11-04,0,0,0,0,0,-0.04499189846
2019-11-05,-0.02909091419,-0.1013021097,0,0,0,-0.04504161475
2019-11-06,-0.02879815729,-0.1009051823,0,0,0,-0.04499854575
2019-11-07,-0.02891976805,-0.1005602612,-0.02817538677,0,0,-0.0455902525
2019-11-08,-0.02884197602,-0.1004295885,-0.02830968245,0,0,-0.04566201431
2019-11-11,-0.02889187758,-0.09960996472,-0.02897160541,0,0,0
2019-11-12,-0.02911833706,-0.1000632379,-0.02940622446,0,0,0
2019-11-13,-0.02891989936,-0.09847868015,-0.02903103237,0,0,0
2019-11-14,-0.02910433059,-0.09861411596,-0.02931818033,0,0,0
2019-11-15,-0.0282881281,-0.0976292322,-0.02951383172,0,0,0
2019-11-18,-0.02940807507,0.1484913684,-0.02933030182,0,0,0
2019-11-19,-0.02880675336,0.148477314,0,-0.02925330814,-0.1563492699,0
2019-11-20,-0.02931053556,0.1481755425,0,-0.02904907114,-0.158005998,0
2019-11-21,-0.02929543945,0.1478814885,0,-0.02923428729,-0.1620714654,0
2019-11-22,-0.02935515076,0.1486213278,0,-0.02932652134,-0.1612266762,0
2019-11-25,0,0.03765713498,0.07711995477,-0.02926815616,-0.1604805009,0
2019-11-26,0,0.03813213508,0,-0.02913627283,-0.1588601381,0
2019-11-27,0,-0.07480051838,0.07851304457,0,-0.1611141724,0
2019-11-29,0,-0.07400019016,0.07811723976,-0.05865062588,-0.1603108197,0
2019-12-02,0,-0.07285423967,0.07889789739,-0.05780312497,-0.1571615349,0
2019-12-03,0,-0.0721425253,0.07895327829,0,-0.154714235,0
2019-12-04,0,-0.07172428854,0.07816480805,0,-0.1536978482,0
2019-12-05,0,-0.07080074703,0,0,-0.1527441736,0
2019-12-06,0,-0.07144720629,0,0,-0.1554309441,0
2019-12-09,0,-0.07118130056,0,0,-0.152590962,0
2019-12-10,0,-0.07039962715,0,0,-0.1471017132,0
2019-12-11,0,-0.0710189783,0,0,-0.1505142461,0
2019-12-12,0,0,0,0,-0.1502516164,0
2019-12-13,-0.03885456043,0,0,0,-0.1502884582,0
2019-12-16,-0.03917628784,0,0,0,-0.1536359146,0
2019-12-17,-0.03997200706,0,0,0,-0.1603277733,0
2019-12-18,-0.04021199096,-0.1519186855,0,0,0,0
2019-12-19,-0.04132659381,-0.1528880012,0,0,0,0
2019-12-20,0,-0.1524488087,0,0,-0.04731280816,0
2019-12-23,-0.03865159294,-0.1529720507,0,0,-0.04676954506,0
2019-12-24,-0.03860603255,-0.1525965651,0,0,-0.04676760394,0
2019-12-26,-0.03894932584,0,0,0,-0.04699049784,0
2019-12-27,-0.03852116631,-0.07449488916,0,0,-0.04642970124,0
2019-12-30,-0.0377210189,-0.07346487384,0,0,0,0
2019-12-31,-0.03822480494,-0.07354102469,0,0,0,0
2020-01-02,-0.03908100534,-0.07574567451,0,0,0,0
2020-01-03,-0.03839615014,-0.0747107661,0,0,0,0
2020-01-06,-0.03864593179,-0.07599742765,-0.03986712047,0,0,0
2020-01-07,-0.03916744236,-0.07626080175,0,0,0,-0.06951833333
2020-01-08,-0.03929333796,-0.07576642284,0,0,0,-0.07010669988
2020-01-09,-0.03974725861,-0.07617292247,-0.03733500569,0,0,0
2020-01-10,0,-0.0754450305,-0.03708213971,0,0,-0.0695993172
2020-01-13,0,-0.07605132637,0,0,0,-0.07039785027
2020-01-14,0,-0.07504255201,-0.03687093687,0,0,-0.06981564257
2020-01-15,0,0,-0.03551481264,0,0,-0.07018639847
2020-01-16,0,0,-0.03517838274,0,0,-0.07073443844
2020-01-17,0,0,-0.03499062438,0,0,0
2020-01-21,0,0,-0.03760976297,0,0,-0.07010601172
2020-01-22,0,0,0,0,0,0
2020-01-23,0,0,-0.03702338454,0,0,0
2020-01-24,0,0,-0.03652842882,0,0,0
2020-01-27,0,0,-0.03607278916,0,0,0
2020-01-28,0,0.144688162,-0.03663796425,0,0,0
2020-01-29,0,0.1452169704,0,0,0,0
2020-01-30,0,0.1460632488,0,0,0,0
2020-01-31,0,0,-0.03864766242,0,0,0
2020-02-03,0,-0.07183373738,0,0,0,0
2020-02-04,0,-0.07354601097,-0.033968624,0.1288950572,-0.04824172113,0
2020-02-05,0,-0.07289054878,0,0.1285312954,-0.04812739838,0
2020-02-06,0,-0.07338229556,-0.03145841851,0.1291980129,-0.04785254799,0
2020-02-07,0,-0.07442742172,-0.03142329973,0.1301142445,-0.04783251913,0
2020-02-10,0,0,-0.03247293634,0.1308625197,-0.04850485866,0
2020-02-11,-0.04062662432,-0.07496465688,-0.03274440897,0.1278073366,-0.04905851953,0
2020-02-12,-0.04130511746,-0.07523668009,-0.03242365249,0.1299255403,-0.0498559887,0
2020-02-13,-0.04103515305,-0.07487795408,-0.03397225081,0.1313823844,-0.05003442286,-0.07873698588
2020-02-14,0,-0.07445732142,-0.0338507873,0.1322042149,-0.04997156327,-0.07912300528
2020-02-18,0,-0.07545583954,-0.03645245558,0.1349270028,0,-0.07944752076
2020-02-19,0,-0.07637534843,0,0.1354625343,0,-0.08016199053
2020-02-20,-0.04000561395,-0.07577085626,-0.0272395522,0.133646522,0,-0.07974562139
2020-02-21,-0.03800019772,-0.07354851315,-0.02720933148,0.1305300803,0,-0.07775903185
2020-02-24,0,0,-0.02503697427,0.123948711,0,-0.07400356079
2020-02-25,0,0,-0.02403558263,0,0,0
2020-02-26,0,0.1505227782,-0.02331821135,0.1897954839,0.1008628037,0.1540269945
2020-02-27,0,0.1456815054,0,0.185689868,0,0
2020-02-28,0,0,0,0,0,0.2308311648
2020-03-02,0,0.2247248734,0,0,0,0.2357923704
2020-03-03,0,0.2225443289,0,0,0,0.2306251424
2020-03-04,0,0.2263154392,0,0.1929114108,0,0.2340321592
2020-03-05,0,0.2257748141,0,0.1908400643,0,0.2281595544
2020-03-06,0,0.2253812342,0,0.1885579466,0,0.2271755338
2020-03-09,0,0.2224276683,0,0,0,0
2020-03-10,0,0.2298806705,0.05665687,0.0650275879,0.1101892365,0.2089270433
2020-03-11,0,0.2274746575,0.05724681995,0.06387189303,0.1088642658,0.2039711034
2020-03-12,0,0,0,0.01853823636,0,0
2020-03-13,0,0,0,0.02039692021,0,0
2020-03-16,0,0,0,0,0,0
2020-03-17,0,0,0,0,0,0
2020-03-18,0,0,0,0,0,0
2020-03-19,0,0,0,0,0,0
2020-03-20,0,0,0,0,0,0
2020-03-23,0,0,0,0,0,0
2020-03-24,0,0,0,0,0,0
2020-03-25,0,0,0,0,0,0
2020-03-26,0,0,0,0,0,0
2020-03-27,0,0,0,0,0,0
2020-03-30,0,0,0,0,0,0
2020-03-31,0,0,0,0,0,0
2020-04-01,0,0,0,0,0,0
2020-04-02,0,0,0,0,0,0
2020-04-03,0,0,0,0,0,0
2020-04-06,0,0,0,0,0,0
2020-04-07,0,0,0,0,0,0
2020-04-08,0,0,0,0,0,0
2020-04-09,0,0,0,0,0,0
2020-04-13,0,0,0,0,0,0
2020-04-14,0,0,0,0,0,0
2020-04-15,0,0,0,0,0,0
2020-04-16,0,0,0,0,0,0
2020-04-17,0,0,0,0,0,0
2020-04-20,0,0,0,0,0,0
2020-04-21,0,0,0,0,0,0
2020-04-22,0,0,0,0,0,0
2020-04-23,0,0,0,0,0,0
2020-04-24,0,0,0,0,0,0
2020-04-27,0,0,0,0,0,0
2020-04-28,0,0,0,0,0,0
2020-04-29,0,0,0,0,0,0
2020-04-30,0,0,0,0,0,-0.05403089922
2020-05-01,0,0,0,0,0,-0.0527899179
2020-05-04,0,0,0,0,0,-0.05302539037
2020-05-05,0,0,0,0,0,-0.05412902451
2020-05-06,0,0,0,0,0,-0.05397719929
2020-05-07,0,0,0,0,0,-0.05498664849
2020-05-08,0,0,0,0,0,-0.0556250526
2020-05-11,0,0,0,0,0,-0.05644220946
2020-05-12,0,0,0,0,0,-0.05523667198
2020-05-13,0,0,0,0,0,-0.05409983648
2020-05-14,0,0,0,0,0,-0.05446073485
2020-05-15,0,0,0,0,0,-0.05514680707
2020-05-18,0,0,0,0,0,-0.05566070261
2020-05-19,0,0,0,0,0,-0.05520360983
2020-05-20,0,0,0,0,0,-0.05667888662
2020-05-21,0,0,0,0,0,-0.05657648958
2020-05-22,0,0,0,0,0,-0.05685232999
2020-05-26,0,0,0,0,0,-0.05719809001
2020-05-27,0,0,0,0,0,-0.05715171393
2020-05-28,0,0,0,0,0,0
2020-05-29,0,0,0,0,0,0
2020-06-01,0,0,0,0,0,0
2020-06-02,0,0,0,0,0,0
2020-06-03,0,0,0,0,0,0
2020-06-04,0,0,0,0,0,0
2020-06-05,0,0,0,0,0,0
2020-06-08,0,0,0,0,0,0
2020-06-09,0,0,0,0,0,0
2020-06-10,0,0,0,0,0,0
2020-06-11,0,0,0,0,0,0
2020-06-12,0,0,0,0,0,0
2020-06-15,0,0,0,0,0,0
2020-06-16,0,0,0,0,0,0
2020-06-17,0,0,0,0,0,0
2020-06-18,0,0,0,0,0,0
2020-06-19,0,0,0,0,0,0
2020-06-22,0,0,0,0,0,0
2020-06-23,0,0,0,0,0,0
2020-06-24,0,0,0,0,0,0
2020-06-25,0,0,0,0,0,0
2020-06-26,0,0,0,0,0,0
2020-06-29,0,0,0,0.1166033414,0,0.1829550552
2020-06-30,0,0,0,0,0,0.1846617298
2020-07-01,0,0,0,0,0,0.1871967001
2020-07-02,0,0,0,0,-0.06295344871,0.1899287557
2020-07-06,0,0,0,0,-0.06520117772,0.1938109075
2020-07-07,0,0,-0.03623761412,0,0,0.193021301
2020-07-08,0,0,-0.03552721315,0,0,0.1943276472
2020-07-09,0,0,-0.03622214566,0,-0.06448150732,0.1960371648
2020-07-10,0,0,0,0,0,0.1990791084
2020-07-13,0,0,0,0,0,0
2020-07-14,0,0,0,0,0,0
2020-07-15,0,0,0,0,0,0
2020-07-16,0,0,0,0,0,0
2020-07-17,0,0,0,0,0,0
2020-07-20,0,0,0,0,0,0
2020-07-21,0,0,0,0,0,-0.06026489623
2020-07-22,0,0,0,0,0,-0.0606317566
2020-07-23,0,0,0,0,0,-0.05865876133
2020-07-24,0,0,0,0,0.1312692427,-0.05813248594
2020-07-27,0,0,0,0,0.1349720692,-0.05875443697
2020-07-28,0,0,0,0,0.1331547836,-0.05781923306
2020-07-29,0,0,0,0,0.132302679,-0.05869219028
2020-07-30,0,0,0,0,0.1326912783,-0.05927723167
2020-07-31,0,0,0,0,0.1331618131,-0.05717524854
2020-08-03,0,0,0,0,0.1354285058,-0.05681376074
2020-08-04,0,0,0,0,0.1379586826,-0.05626249396
2020-08-05,0,0,0,0,0.1362281226,-0.05661151716
2020-08-06,0,0,0,0,0.1379947993,-0.05754943224
2020-08-07,0,0,0,0,0.1345946658,-0.05750703561
2020-08-10,0,0,0,0,0.1319062844,-0.05762204892
2020-08-11,0,0,0,0,0.1279113743,-0.05721630369
2020-08-12,0,0,0,0,0.1300807348,-0.05817206217
2020-08-13,0,0,0,0,0.1315208435,-0.05846275937
2020-08-14,0,0,0,0,0.1317800589,-0.05795119087
2020-08-17,0,0,0,0,0.131760751,-0.05842975049
2020-08-18,-0.04143391324,0,0,0,0.1341379661,-0.05985380914
2020-08-19,-0.04108158579,0,-0.03808548132,0,0.1323321129,-0.05951215026
2020-08-20,-0.04109316261,0,-0.04058835233,0,0.1359939626,-0.06073581747
2020-08-21,-0.04311530161,0,-0.04174466882,0,0.1350496112,-0.06097259178
2020-08-24,-0.04327169012,0,-0.04104591237,0,0.1341870769,-0.06138796053
2020-08-25,-0.04339906741,0,-0.04125705547,0,0.1347542545,-0.06222715128
2020-08-26,-0.04362394053,0,-0.04405238855,0,0,0
2020-08-27,-0.04301860969,-0.0701028033,0,-0.05413385889,0,-0.06169805213
2020-08-28,0,-0.07016235516,-0.03720913683,-0.05423242982,0,-0.06213123721
2020-08-31,0,-0.07155053866,-0.04210615835,-0.05443219248,0,-0.06208078947
2020-09-01,0,-0.07257965526,-0.04015685843,-0.05487118145,0,-0.06308076084
2020-09-02,0,-0.07317603529,-0.03777869963,-0.05612548749,0,0
2020-09-03,0,-0.06883683772,-0.03390061521,-0.05327701214,0,-0.06023911991
2020-09-04,0,-0.06701631495,-0.03467752968,0,0,-0.05817513858
2020-09-08,0,-0.06335504735,0,0,0,-0.05542891694
2020-09-09,0,-0.0659718013,0,0,0,0.03184957585
2020-09-10,0,-0.06399178577,0,0,0,0.03136806396
2020-09-11,0,-0.06274371185,0,0,0,0.03112619256
2020-09-14,0,-0.06246915063,0,0,0,0.03098002642
2020-09-15,0,-0.06357309283,0,0,0,0.03153655594
2020-09-16,0,-0.06193331191,0,0,0,0.03102935143
2020-09-17,0,-0.06048421064,0,0,0,0.03048842892
2020-09-18,0,0.06317599845,0,0,0,0.02984070165
2020-09-21,0,0.06330574814,0,0.1157080956,0,0.02941493828
2020-09-22,0,0.06642498701,0,0.1179257071,0,0.02980804013
2020-09-23,0,0.06409541711,0,0.1160184877,0,0.02896435883
2020-09-24,0,0.06446063544,0,0.1161468983,0,0.02921372141
2020-09-25,0,0.1852014934,0,0.1205421205,0,0.1365501565
2020-09-28,0,0.1885046833,0,0.1205804673,0,0.1373757675
2020-09-29,0,0.1865308812,0,0.1227550725,0,0.1378904638
2020-09-30,0,0.1867143404,0,0.1227771353,0,0.1378177961
2020-10-01,0,0.1893836571,0,0.1239268567,0,0.1387196964
2020-10-02,0,0.1858757762,0,0.1222321811,0,0
2020-10-05,0,0.1890362393,0,0.123627554,0,0
2020-10-06,0,0.1847728037,0,0.1218851816,0,0
2020-10-07,0,0.1894460033,0,0.1209712833,0,0
2020-10-08,0,0.1887000133,0,0.1233261095,0,0
2020-10-09,0,0.1932231414,0,0.1229105131,0,0
2020-10-12,0,0.1995297271,0,0.126338217,0,0
2020-10-13,0,0.1994536071,0,0.12644292,0,-0.07189417401
2020-10-14,0,-0.1201053537,0,0.1243458054,0,-0.07165907142
2020-10-15,0,-0.1193385909,0,0.122143846,0,-0.07137034524
2020-10-16,0,-0.1168140783,0,0.1216076769,0,-0.07182850072
2020-10-19,0,-0.114248127,0,0.1192980227,0,-0.06995923766
2020-10-20,0,-0.1144260373,0,0.1219269143,0,-0.07081949764
2020-10-21,0,-0.1127624624,0,0.1264308328,0,-0.0720791851
2020-10-22,0,-0.1125629679,0,0.1262695154,0,-0.07308536491
2020-10-23,0,-0.1134600454,0,0.1291894122,0,-0.07422040006
2020-10-26,0,-0.1132239287,0,-0.08204825404,0,-0.07179838387
2020-10-27,0,-0.1166403052,0,-0.08432416244,0,-0.07284494792
2020-10-28,0,-0.1108094223,0,-0.07864853195,0,-0.0679455279
2020-10-29,0,-0.1133596757,0.04403647841,-0.08314644017,0,-0.07055343636
2020-10-30,0,-0.1067730797,0.0414332094,-0.07759952715,0,0
2020-11-02,0,0.04014422005,0.04276483327,-0.07708363663,0,0
2020-11-03,0,0.04065303802,0.04517548056,-0.07809556741,0,0
2020-11-04,0,0.04333331501,0,0,0,-0.05581049574
2020-11-05,0,0.04441408572,0,0,0,0
2020-11-06,0,0.04429262545,0,0,0,-0.05397957646
2020-11-09,0,0.04214710659,0,0,0,-0.05415564174
2020-11-10,0,0.04071921632,0,0,0,-0.05346595752
2020-11-11,0,0.04204721256,0,0,0,-0.05370051702
2020-11-12,0,0.04169338234,0,0,0,-0.05357717617
2020-11-13,0,0.04196933568,0,0,0,-0.0545180075
2020-11-16,0,0.04200053281,0,0,0,-0.05457377787
2020-11-17,0,0.04204364741,0,0,0,-0.05416928798
2020-11-18,0,0.04162866663,0,0,0,-0.05351002678
2020-11-19,0,0.0418001921,0,0,0,-0.05408266057
2020-11-20,0,0.04158093124,0,0,0,0
2020-11-23,0,0.04156794284,0,0,0,0
2020-11-24,0,0.04182080036,0,0,0,0
2020-11-25,0,0.04272604134,-0.0244834366,0,0,0
2020-11-27,0,0.0428794105,-0.02499414222,0,0,0
2020-11-30,0,0.04255989284,0,0,0,0
2020-12-01,0,0,0,0,0,0
2020-12-02,0,0,0,0,0,0
2020-12-03,0,0,0,0,0,0
2020-12-04,0,0,0,0,0,0
2020-12-07,0,0,0,0,0,0
2020-12-08,0,0,-0.02432697134,0,0,0
2020-12-09,0,0,-0.02258912313,0,0,0
2020-12-10,0,0,0,0,0,0
2020-12-11,0,0,0,0,0,0
2020-12-14,0,0,0,0,0,0
2020-12-15,0,0,0,0,0,0
2020-12-16,0,0,0,0,0,0
2020-12-17,0,0,0,0,-0.05509902216,0
2020-12-18,0,0,0,0,-0.05526813994,0
2020-12-21,0,0,0,0,-0.05466392384,0
2020-12-22,0,0,0,0,-0.05449173246,0
2020-12-23,0,0,0,0.1119992577,-0.05307371683,0
2020-12-24,0.1042502424,0,0,0.1117770407,0,0
2020-12-28,0.1031617015,0,0,0.1154136223,0,0
2020-12-29,0.1034812669,0,0,0.1152926451,0,0
2020-12-30,0.1051450528,0,0,0.1132957003,0,0
2020-12-31,0.1044388815,0,0,0.1138547044,0,0
2021-01-04,0,0,0,0.111738107,0,0
2021-01-05,0,0,0,0.1124866389,0,0
2021-01-06,0,0,0,0.1096554607,0,0
2021-01-07,0.1022294414,0,0,0.1113566456,0.1082268382,0
2021-01-08,0.1018829364,0,-0.03432443335,0.1110557413,0.108728014,0
2021-01-11,0,0,-0.03172365737,0,0.1066026921,0
2021-01-12,0,0,-0.03336025733,0,0,0
2021-01-13,0,0,-0.03356367163,0.05592680917,0,0
2021-01-14,0,0,-0.0332260417,0.05464599189,0,0
2021-01-15,0,0,-0.03241996791,0.05580612492,0,0
2021-01-19,0,0,-0.03309394295,0.05788517105,0,0
2021-01-20,0,0,-0.03328575198,0.05922952703,0,0
2021-01-21,0,0,-0.03301036881,0.06031036039,-0.05085974306,-0.07804083619
2021-01-22,0,0,-0.03303405489,0.06059583714,-0.04951187621,-0.07829254986
2021-01-25,0,0,-0.03436326949,0.06136417737,-0.04877170856,-0.07835540464
2021-01-26,0,0,-0.03452222602,-0.05725497379,-0.04932228695,-0.07908034461
2021-01-27,0,0,-0.03345930362,-0.05471525975,-0.04549084655,0
2021-01-28,0,0,-0.03230761842,-0.05321501456,-0.04676580573,0
2021-01-29,0,0,-0.03058027091,-0.05169470933,-0.04606541712,0
2021-02-01,0,0,0.03793332554,-0.05248599278,-0.04668962681,0
2021-02-02,0,0,0.03943545199,-0.05351851359,-0.04749457227,0
2021-02-03,0,0,0.03861674827,-0.05343112235,-0.04673882871,0
2021-02-04,0,0,0.03844740671,-0.05345888074,-0.04789362918,-0.07576912236
2021-02-05,0,0,0.03860283194,-0.05385732286,-0.04784184788,-0.07717600811
2021-02-08,0,0,0.03906201459,-0.05348670229,-0.04753453294,-0.07692286349
2021-02-09,-0.05134765891,0,0.03849294777,-0.05415045722,-0.04858072699,-0.0767105044
2021-02-10,-0.05342455408,0,0.03665762754,-0.05491773029,-0.04922530476,-0.07751693954
2021-02-11,-0.05522416538,0,0.03699544572,-0.05465757707,-0.04873585865,-0.07765642634
2021-02-12,-0.05409675163,0,0.03714440763,-0.05459995761,0,0
2021-02-16,-0.05559444324,0,0.03634555977,-0.05546345171,0,0
2021-02-17,-0.05396377284,0,0.03637154884,-0.05528807019,0,0
2021-02-18,-0.05365106821,0,0.03585807365,-0.05440887727,0,0
2021-02-19,-0.0539524724,0,0.03554735022,-0.05277721688,0,0
2021-02-22,-0.05192727869,0,0.03253179141,-0.05256729642,0,0
2021-02-23,-0.05129596435,0,0,-0.05383283224,0,0
2021-02-24,-0.0523956156,0,0.1188618628,-0.05332026073,0,0
2021-02-25,-0.04825066201,0,0.1096481159,-0.05155139284,0,0
2021-02-26,-0.04988343486,0,0.108911005,-0.05230916146,0,0
2021-03-01,-0.05002842956,0,0.1151013078,-0.0534497742,0,0.148060114
2021-03-02,-0.04858698742,0,0.1102770969,-0.05240035829,0,0.1480937213
2021-03-03,0.04665286345,0,0,-0.05222920805,0,0.1458369868
2021-03-04,0,0,0.03543531248,-0.05294190874,0.1605688148,0.1481882221
2021-03-05,0,0,0.03397702914,-0.05411704271,0.1616051459,0.1522558973
2021-03-08,0,0,0.03240057071,-0.05294943487,0,0.1476184008
2021-03-09,0.05039031102,0,0.03845071925,-0.05466652358,0.160703477,0
2021-03-10,0.05022895832,0,0.03817204864,-0.05454578181,0.1602535255,0
2021-03-11,0.05193201849,0,0.03965885625,-0.0559499638,0.1648253052,0
2021-03-12,0.05145199294,0,0.03937930034,-0.05490465759,0.1634579416,0
2021-03-15,0.05270108491,0,0.0401154177,-0.05590081931,0.1638735899,0
2021-03-16,0,0,0.03837393558,-0.05705762307,0.165144003,0
2021-03-17,0,0,0.03976436413,-0.05799056523,0.1651780378,0
2021-03-18,0,0,0.03730048874,-0.05733983442,0.1602461759,0
2021-03-19,0,0,0.03738058105,0,0.1625157887,0
2021-03-22,0,0,0.03807926564,0,0.1652680078,0
2021-03-23,0,0,0.03757803432,0,0,0
2021-03-24,0,0,0.03583310416,0,0,0
2021-03-25,0,0,0.03638752708,0,0,0
2021-03-26,0,0,0.03519901069,0,0,0
2021-03-29,0,0,0.03479156724,0,0,0
2021-03-30,0,0,0.03612628357,0,0,0
2021-03-31,0,0,0.0378930762,0,0,0
2021-04-01,0,0,0.03755563934,0,0,0
2021-04-05,-0.1013708066,0,0.03919233856,0,0,0
2021-04-06,-0.1003741029,-0.08891717012,0.03919204316,0,0,0
2021-04-07,-0.1029044084,-0.09088108724,0.03820313973,0,0,0
2021-04-08,-0.1043253005,0,0.03899290464,0,0,0
2021-04-09,-0.105136153,-0.04568221941,0.03868209618,0,0,0
2021-04-12,0,0,0.0400953563,0,0,0
2021-04-13,-0.03363386616,-0.04478741721,0.04343769485,0,0,0
2021-04-14,-0.0327694433,-0.04390346091,0.04172182604,0,0,0
2021-04-15,0,-0.04457957744,0.04216429324,0,0,0
2021-04-16,-0.03165200075,-0.04484696737,0.04221634557,0,0,0
2021-04-19,-0.03055580642,-0.04448411028,0.04078022967,0,0,0
2021-04-20,-0.03014312826,-0.04394256161,0.04098312748,0,0,0
2021-04-21,-0.03049790473,-0.04427187456,0.04238604858,0,0,0
2021-04-22,-0.02947540506,-0.04356031717,0.04098140455,0,0,0
2021-04-23,-0.03032003341,-0.04400982685,0.04156299778,0,0,0
2021-04-26,-0.03076449685,-0.04493916085,0,0,0,0
2021-04-27,-0.03057073683,-0.04504667993,0,0,0,0
2021-04-28,-0.03038051149,0,0,0,0,0
2021-04-29,-0.03046712061,-0.04554920322,0,0,0,0
2021-04-30,0,-0.04548396603,0,0,0,0
2021-05-03,0,-0.04437525357,0,0,0,0
2021-05-04,0,0,0,0,0,0
2021-05-05,0.06277898773,0.09219663796,0.05154268257,0,0,0
2021-05-06,0.06301356235,0.09313947826,0.05093744362,0,0,0
2021-05-07,0.06417124523,0.0925832397,0.05153710444,0,0,0
2021-05-10,0.06229466718,0.09045201744,0,0,0,0
2021-05-11,0,0.09130361616,0.07532371073,0,0,0
2021-05-12,0,0,0.07231965565,0,0,0
2021-05-13,0.0629092382,0.1473636071,0.0704615586,0,0,0
2021-05-14,0.06506485946,0.1490720246,0.07212741369,0,0,0
2021-05-17,0.06469377113,0.151228756,0.0705298802,0,0,0
2021-05-18,0.06415864607,0.1498139009,0.07082127819,0,0,0
2021-05-19,0.06458004095,0.1502395358,0,0,0,0
2021-05-20,0.06689584332,0,0,0,0,0
2021-05-21,0,0,0,0,0,0
2021-05-24,0,0,0,0,0,0
2021-05-25,0,0,0,-0.04224605159,0,0
2021-05-26,0,0,0,-0.04222859125,0,0
2021-05-27,0,0,0,-0.04291273406,0,0
2021-05-28,0,0,0,-0.04237233886,0,0
2021-06-01,0,0,0,-0.04242608574,0,0
2021-06-02,0,0,0,-0.04242877261,0,0
2021-06-03,-0.03250015043,0,0,-0.04203436084,0,0
2021-06-04,0,0,0,-0.04266625557,0,0
2021-06-07,-0.0318035681,0,0,-0.04351136207,0,0
2021-06-08,-0.03149013942,0,0,-0.04310770542,0,0
2021-06-09,-0.03129995842,0,0,-0.04263839633,0,0
2021-06-10,-0.03143307033,0,0,-0.042941148,0,0
2021-06-11,-0.03217333337,0,0,-0.04281043071,0,0
2021-06-14,-0.03255713787,0,0,-0.0435687582,0,0
2021-06-15,-0.03212765772,0,0,-0.04354794553,0,0
2021-06-16,0,0,0,-0.0427852271,0,0
2021-06-17,0,0,0,-0.04351749039,0,0
2021-06-18,0,0,0,-0.04259390586,0,0
2021-06-21,0,0,0,-0.04294832214,0,0
2021-06-22,0,0,0,-0.04385766122,0,0
2021-06-23,0,0,0,0,0,0
2021-06-24,0,0,-0.0750574555,0,0,0
2021-06-25,0,0,-0.07411465641,0,0,0
2021-06-28,0,0,-0.07611487542,0,0,0
2021-06-29,0,0,-0.07516903683,0,0,0
2021-06-30,0,0,-0.07504320928,0,0,0
2021-07-01,0,0,-0.07483197804,0,0,0
2021-07-02,0,0,-0.07494865722,-0.04221293703,0,0
2021-07-06,0,0,-0.07266349659,-0.04189663421,0,-0.04787840159
2021-07-07,0,-0.05003341639,-0.07087497226,-0.04154041536,0,-0.04788903084
2021-07-08,0,0,-0.07169942134,-0.04092528934,0,-0.0472996135
2021-07-09,0,-0.05110037733,-0.07224220337,-0.04154070531,0,-0.04753705738
2021-07-12,0,-0.05129611045,-0.07570862628,-0.04203480413,0,-0.04828331179
2021-07-13,0,-0.05060387457,-0.07363350022,-0.04180498652,0,-0.04830409355
2021-07-14,0,-0.0505722842,-0.07183445369,-0.04120125308,0,-0.04855636683
2021-07-15,0,0,-0.07140248535,-0.04075345247,0,-0.04800494839
2021-07-16,0,0,-0.0706470722,-0.04033149736,0,0
2021-07-19,0,0,-0.07086488787,0.04331058172,0,0
2021-07-20,0,0,-0.0724711881,0.04394044793,0,0.09712628431
2021-07-21,0,0,-0.0717424007,0.04443087887,0,0.09794260898
2021-07-22,0,0,-0.07094270676,0.0449789323,0,0.09841902185
2021-07-23,0,0,-0.07005196689,0,0,0
2021-07-26,0,0,-0.07168761903,0,0.1276558015,0
2021-07-27,0,0,-0.0701477789,0,0.1279982126,0
2021-07-28,0,0,-0.07039720246,0,0.1281127549,0
2021-07-29,0,0,-0.07403863471,0,0.1274468348,0
2021-07-30,0,0,-0.07513437326,0,0.1283022053,0
2021-08-02,0,0.2003634875,0,0,0.128335099,0
2021-08-03,0,0.2023193965,0,0,0.1271717786,-0.07071666323
2021-08-04,0,0.2013860833,0,0,0.1286435596,-0.07036942777
2021-08-05,0,0.2021443741,0,0,0.1301844723,-0.07077426381
2021-08-06,0,0.2008212043,0,0,0.1294535893,-0.07069649918
2021-08-09,0,0.2008257259,0,0,0.1294310494,-0.07137530142
2021-08-10,0,0.2000015679,0,0,0.1286920704,-0.07148060316
2021-08-11,0,0.198738535,0,0,0.1281289526,-0.07136909415
2021-08-12,0,0.1994683592,0,0,0.1277358911,-0.07186349784
2021-08-13,0,0.1988043216,0,0,0.1289789763,-0.07211080365
2021-08-16,0,0.1990081352,0,0,0.1294144948,-0.07237946721
2021-08-17,0,0.1963016306,0.0641282384,0,0.1301483477,0
2021-08-18,0,0.1937344238,0.06633644029,0,0.1308229651,0
2021-08-19,0,0,0.06490146761,0,0,0
2021-08-20,0,0,0.06551294012,0,0,0
2021-08-23,0,0,0.0678505879,0,0,0
2021-08-24,0,0,0.06804665294,0,0,0
2021-08-25,0,0,0.0682891601,0,0,0
2021-08-26,0,0,0.06738555085,0,0,-0.07200911172
2021-08-27,0,0,0,0,0,-0.07338914276
2021-08-30,0,0,0,0,0,0
2021-08-31,0,-0.137321746,0,0,0,-0.0719054366
2021-09-01,0,0,0,0,0,-0.07226717676
2021-09-02,0,0,0,0,-0.06760601816,-0.07128490903
2021-09-03,0,0,0,0,-0.06786417281,-0.07154239958
2021-09-07,0,0,0,0,0,-0.071908825
2021-09-08,0,0,-0.03964586691,0,-0.06653204422,-0.07159182117
2021-09-09,0,0,-0.03965998119,0,-0.06553511111,-0.07144873135
2021-09-10,0,0,-0.03859936538,0,-0.06552209447,-0.06997010445
2021-09-13,0,0,-0.03895390843,0,0,0.07115508579
2021-09-14,0,0,-0.03903093687,0,0,0.07125908574
2021-09-15,0,0,-0.03962390772,0,0,0
2021-09-16,0,0,-0.03968713448,0,0,0
2021-09-17,0,0,-0.03982342215,0,0,0
2021-09-20,0.07648586258,0,-0.03828769292,0.1541304091,0,0.1401824599
2021-09-21,0.07688410035,0,-0.03872853979,0.1547334868,0,0.1403467333
2021-09-22,0.07965026253,0,-0.03951099871,0.1490266942,0,0
2021-09-23,0.08136450808,0,-0.03947917761,0.1497611888,0,0
2021-09-24,0.07987396647,0,-0.04054621311,0.1527162469,0,0
2021-09-27,0.07852599893,0,0,0.1533260533,0,0
2021-09-28,0.07569616861,0,-0.04066926076,0.1490068361,0,0
2021-09-29,0.0753327723,0,-0.04102998423,0.1491502158,0,0.1299271802
2021-09-30,0.076046581,0,-0.04071479254,0.1490205528,0,0
2021-10-01,0,0.1245599088,-0.04064986394,0.1504203043,0,0.1340908046
2021-10-04,0,0,-0.04144627754,0,-0.07008306578,0
2021-10-05,0.07511637209,0.06226839413,-0.04139137106,0.05239154227,0,0.1376604085
2021-10-06,0.07589029036,0.06294452894,-0.04142911818,0.0524014109,-0.069066139,0
2021-10-07,0.07713634099,0.06361829192,-0.04193391794,0.05162104056,-0.06816885746,0
2021-10-08,0.07629571873,0.06339582384,-0.04153340247,0.05178676848,-0.06830318779,0
2021-10-11,0.07593200106,0.06269097163,-0.04194870472,0.0511555465,-0.06781647719,0
2021-10-12,0,0.06273310126,-0.04269375867,0.05090952505,-0.06761332559,0
2021-10-13,0,0.06344505106,-0.04297651032,0.05102910927,-0.06813280911,0
2021-10-14,0,0.06374729164,0,0.0516575041,-0.06857125887,0
2021-10-15,0,0.06579333686,-0.04802560616,0.05101607649,-0.06791037655,0
2021-10-18,0,-0.06340445757,-0.04969533585,0.05281308032,-0.0691333975,0
2021-10-19,0,0,-0.04932277471,0.05350309134,-0.06919028616,0
2021-10-20,0,-0.1222078322,-0.04924821113,-0.05046616929,0,0
2021-10-21,0,-0.1231720835,0,-0.05073217593,0,0
2021-10-22,0,-0.118970866,-0.0469278705,-0.04791380961,0,0
2021-10-25,0,-0.1188854198,0,-0.04870283111,-0.06945797834,0
2021-10-26,0,-0.1207770896,-0.04375840888,0,-0.0690745448,0
2021-10-27,-0.03854272041,-0.121468434,-0.04463143766,0,-0.06855458498,0
2021-10-28,-0.03953433267,-0.1240928276,-0.04657454568,0,-0.07009421656,0
2021-10-29,-0.04059203982,-0.1216194892,-0.04825059231,0,-0.07190099323,0
2021-11-01,-0.04096004975,-0.1195298518,0,0,-0.07087149719,0
2021-11-02,0,-0.1193640484,0,0,-0.07052867547,0
2021-11-03,-0.03865617808,-0.1223732299,0,0,-0.07188827644,0
2021-11-04,0,-0.1263216826,0,0,-0.07013586109,0
2021-11-05,-0.03618991951,0,0,0,-0.06766332171,0
2021-11-08,-0.03753876945,0,0,0,0,0
2021-11-09,-0.03735293024,0,0,0,0,0
2021-11-10,-0.03584096034,0,0,0,0,0
2021-11-11,-0.03701557908,0,0,0,0,0
2021-11-12,-0.03701557908,0,0,0,0,0
2021-11-15,-0.036554746,0,0,0,0,0
2021-11-16,-0.03677462591,0,0,-0.1017081127,0,0
2021-11-17,-0.03556377506,0,0,-0.1008774391,0,0
2021-11-18,-0.03858720367,0,0,-0.1004946698,0,0
2021-11-19,-0.04032652997,0,0,-0.1028217188,0,0
2021-11-22,0,0,0,-0.1014858368,0,0
2021-11-23,0,0,0,-0.1002546613,0,0
2021-11-24,0,0,0,-0.1015022187,0,0
2021-11-26,0,0,0,-0.09890548241,0,0
2021-11-29,0,0,0,-0.1003823073,0,0.1367134668
2021-11-30,-0.03341460178,0,0,0,0,0.1333582104
2021-12-01,-0.032134384,0,0,0,0,0.1325008539
2021-12-02,-0.03289264357,0,0,0.04971616676,0.07168755223,0
2021-12-03,-0.03144963619,0,0,0.04918536889,0.07007388213,0
2021-12-06,-0.03066494843,0,0,0.05076717357,0.07104215237,0
2021-12-07,0.03534524308,0,0,0.05140862422,0.07232921795,0
2021-12-08,0.03466006868,0,0,0.05259718063,0.0725552751,0
2021-12-09,0.03332325558,0,0,0.05266617475,0.07083336758,0
2021-12-10,0.03301250116,0,0,0.05266835932,0.07092788518,0
2021-12-13,0.03085640496,0,0,0.05354822873,0.07026569798,0
2021-12-14,0,0,0.08831143001,0.05346276253,0.06954708874,0
2021-12-15,0.06790219135,0,0.08918638166,0.05428378569,0.06979142252,0
2021-12-16,0.06403807016,0,0.08571288336,0.05384455749,0.06899222937,0
2021-12-17,0.06277891128,0,0.08632166879,0.05371982398,0,0
2021-12-20,0.06287970457,0,0.08368189985,0.05261687329,0,0
2021-12-21,0.06542714681,0,0.08657082025,0.05359850518,0,0
2021-12-22,0.06572353012,0,0.09244721811,0.05264864505,0,0
2021-12-23,0.06582386772,0,0.09713029953,0.05306021196,0,0
2021-12-27,0.06827720107,0,0,0,0,0
2021-12-28,0.06699521751,0,0,-0.1112671636,0,0
2021-12-29,0.06626311722,0,0,-0.1101750665,0,0
2021-12-30,0.06543633698,0,0,-0.1107833143,0,0
2021-12-31,0.06490715748,0,0,-0.1079700048,0,0
2022-01-03,0.06641667836,0,0,-0.1085792139,0,0
2022-01-04,0.06473180413,0,-0.03715042293,-0.1081810171,0.145234399,0
2022-01-05,0.06122334998,0,-0.0352894037,-0.1045795661,0,0
2022-01-06,0.06251131462,0,-0.03453807687,-0.1072794959,0,0.09628830861
2022-01-07,0.06051465159,0,-0.03335169475,-0.1071850396,0,0.09588654986
2022-01-10,0.06075203507,0,-0.03430580814,-0.105804891,0,0.09687966484
2022-01-11,0.06171152872,0,-0.03452894674,-0.1078977029,0,0.09768002553
2022-01-12,0.0620786813,0,-0.03586442818,-0.107476154,0,0.09880624058
2022-01-13,0.05895306457,0,-0.03346185816,-0.1053461306,0,0.09687170419
2022-01-14,0,0,-0.03410446056,-0.1072746194,0.05084725064,0.09765975654
2022-01-18,0,0,-0.03344418055,-0.1027085904,0.0493484809,0.0951086092
2022-01-19,0.04362407468,0,-0.03235414277,-0.1033053602,0.04990103693,0.0946129239
2022-01-20,0,0,0.02603880499,-0.1026800946,0.04933506537,0.09366931682
2022-01-21,0.04484167153,0,0.02496899734,0,0,0
2022-01-24,0,0,0,0.04597686539,0.03527474785,0
2022-01-25,0.04974525375,0,0,0.04486888515,0.03351058278,0
2022-01-26,0.05080916114,0,0,0.0441006572,0.03293855322,0.0536562232
2022-01-27,0.04893569032,0,0,0.04407870868,0.03539217933,0.05353309136
2022-01-28,0.05069830255,0,0,0.04492770096,0.03501536671,0.0550806999
2022-01-31,0.05380969371,0,0,0.04618222659,0.03852442117,0.0553295893
2022-02-01,0.05394117589,0,0,0.0468525161,0,0.05607614398
2022-02-02,0,0,0,0.04709776308,0,0.05986017293
2022-02-03,0,0,0,0,0,0.05866359249
2022-02-04,0,0,0,0,0,0.05874192657
2022-02-07,0,0,0,0,0,0.05716033532
2022-02-08,0,0,0,0,0,0.0572369759
2022-02-09,0,0,0,0,0,0.05808512902
2022-02-10,-0.0564212913,0,0,0,0,0.05691810927
2022-02-11,-0.02242844059,0,0,0,0,0.02490759916
2022-02-14,-0.02272777712,0,0,0,0,0.02513993484
2022-02-15,-0.02486134231,0,0,0,0,0.02538862286
2022-02-16,-0.02487150859,0,0,0,0,0.02559354832
2022-02-17,-0.02297044011,0,0,0,0,0.02460501548
2022-02-18,0,0,0,0,0,0.02419724636
2022-02-22,0,0,0,0,0,0.02409050186
2022-02-23,0,0,0,0,0,0.02368727756
2022-02-24,0,0,0,0,0,0.02461135021
2022-02-25,0,0,0,0,0,0.02493119713
2022-02-28,0,0,0,0,0,0.02503920845
2022-03-01,0,0,0,0,0,0.02485923106
2022-03-02,0,0,0,0,0,0.0249514462
2022-03-03,0,0,0,0,0,0.02482993915
2022-03-04,0,0,0,0,0,0.0244694037
2022-03-07,0,0,0,0,0,0.02346799862
2022-03-08,0,0,0,0,0,0.02359963058
2022-03-09,0,0,0,0,0,0.02474322298
2022-03-10,0,0,0,0,0,0.02456404487
2022-03-11,0,0,0,0,0,0.02410081833
2022-03-14,0,0,0,0,0,0.02339046774
2022-03-15,0,0,0,0,0,0.02397901824
2022-03-16,0,0,0,0,0,0.02471799752
2022-03-17,0,0,0,0,0,0.0248189974
2022-03-18,0,0,0,0,0,0.02523230663
2022-03-21,-0.0354484685,0,0,0,0,0.02523667494
2022-03-22,-0.03513569706,0,0,0,0,0.02590976509
2022-03-23,-0.03395340791,0,-0.04079541662,0,0,0
2022-03-24,-0.03743334611,0,-0.04156378009,0,0,0
2022-03-25,-0.03679694758,0,-0.04139854417,0,0,0
2022-03-28,-0.03760951096,0,0,0,0,0
2022-03-29,-0.03821419221,0,0,0,0,0
2022-03-30,-0.03687847875,0,0,0,0,0
2022-03-31,-0.0363208705,0,0,0,0,0
2022-04-01,-0.03552965789,0,0,0,0,0
2022-04-04,-0.03642296231,0,0,0,0,0
2022-04-05,-0.0344550611,0,0,0,0,0
2022-04-06,-0.03236455055,0,0,0,0,0
2022-04-07,-0.03209220669,0,0,0,0,0
2022-04-08,-0.03060434778,0,0,0,0,0
2022-04-11,-0.02896707705,0,0,0,0,0
2022-04-12,-0.02840572272,0,0,0,0,0
2022-04-13,-0.02935617036,0,0,0,0,0
2022-04-14,-0.0280716491,0,0,0,0,0
2022-04-18,-0.0287848777,0,0,0,0,0
2022-04-19,-0.02934936733,0,0,0,0,0
2022-04-20,-0.02837583749,0,0,0,0,0
2022-04-21,0,0,0,0,0,0
2022-04-22,0,0,0,0,0,0
2022-04-25,0,0,0,0,0,0
2022-04-26,0,0,0,0,0,0
2022-04-27,0,0,0,0,0,0
2022-04-28,0,0,0,0,0,0
2022-04-29,0,0,0,0,0,0
2022-05-02,0,0,0,0,0,0
2022-05-03,0,0,0,0,0,0
2022-05-04,0,0,0,0,0,0
2022-05-05,0,0,0,0,0,0
2022-05-06,0,0,0,0,0,0
2022-05-09,0,0,0,0,0,0
2022-05-10,0,0,0,0,0,0
2022-05-11,0,0,0,0,0,0
2022-05-12,0,0,0,0,0,0
2022-05-13,0,0,0,0,0,0
2022-05-16,0,0,0,0,0,0
2022-05-17,0,0,0,0,0,0
2022-05-18,0,0,0,0,0,0
2022-05-19,0,0,0,0,0,0
2022-05-20,0,0,0,0,0,0
2022-05-23,0,0,0,0,0,0
2022-05-24,0,0,0,0,0,0
2022-05-25,0,0,0,0,0,0
2022-05-26,0,0,0,0,0,0
2022-05-27,0,0,0,0,0,0
2022-05-31,0,0,0,0,0,0
2022-06-01,0,0,0,0,0,0
2022-06-02,0,0,0,0,0,0
2022-06-03,0,0,0,0,0,0
2022-06-06,0,0,0,0,0,0
2022-06-07,0,0,0,0,0,0
2022-06-08,0,0,0,0,0,0
2022-06-09,0,0,0,0,0,0
2022-06-10,0,0,0,0,0,0
2022-06-13,0,0,0,0,0,0
2022-06-14,0,0,0,0,0,0
2022-06-15,0,0,0,0,0,0
2022-06-16,0,0,0,0,0,0
2022-06-17,0,0,0,0,0,0
2022-06-21,0,0,0,0,0,0
2022-06-22,0,0,0,0,0,0
2022-06-23,0,0,0,0,0,0
2022-06-24,0,0,0,0,0,0
2022-06-27,0,0,0,0,0,0
2022-06-28,0,0,0,0,0,0
2022-06-29,0,0,0,0,0,0
2022-06-30,0,0,0,0,0,0
2022-07-01,0,0,0,0,0,0
2022-07-05,0,0,0,0,0,0
2022-07-06,0,0,0,0,0,0
2022-07-07,0,0,0,0,0,0
2022-07-08,0,0,0,0,0,0
2022-07-11,0,0,0,0,0,0
2022-07-12,0,0,0,0,0,0
2022-07-13,0,0,0,0,0,0
2022-07-14,0,0,0,0,0,0
2022-07-15,0,0,0,0,0,0
2022-07-18,0,0,0,0,0,0
2022-07-19,0,0,0,0,0,0
2022-07-20,0,0,0,0,0,0
2022-07-21,-0.04159699506,0,0,0,0,0
2022-07-22,-0.03984526044,0,0,0,0,0
2022-07-25,-0.03913999194,0,0,0,0,0
2022-07-26,0,0,0,0,0,0
2022-07-27,0,0,0,0,0,0
2022-07-28,0,0,0,0,0,0
2022-07-29,0,0,0,0,0,0
2022-08-01,0,0,-0.04432617785,0,0,0
2022-08-02,0,0,-0.04484185476,0,0,0
2022-08-03,0,0,-0.04590441315,0,0,0
2022-08-04,0,0,-0.0460976007,0,0,0
2022-08-05,0,0,-0.04291004051,0,0,0
2022-08-08,0,0,-0.0432600879,0,0,0
2022-08-09,0,0,-0.04215947126,0,0,0
2022-08-10,0,0,-0.04387168043,0,0,0
2022-08-11,0,0,-0.04267093998,0,0,0
2022-08-12,0,0,0,0,0,0
2022-08-15,0,0,0,0,0,0
2022-08-16,0,0,0,0,0,0
2022-08-17,0,0,0,0,0,0
2022-08-18,0,0,0,0,0,0
2022-08-19,0,0,0,0,0,0
2022-08-22,0,0,0,0,0,0
2022-08-23,0,0,0,0,0,0
2022-08-24,0,0,0,0,0,0
2022-08-25,0,0,0,0,0,0
2022-08-26,0,0,0,0,0,0
2022-08-29,0,0,0,0,0,0
2022-08-30,0,0,0,0,0,0
2022-08-31,0,0,0,0,0,0
2022-09-01,0,0,0,0,0,0
2022-09-02,0,0,0,0,0,0
2022-09-06,0,0,0.04568037114,0,0,0
2022-09-07,0,0,0.04715229469,0,0,0
2022-09-08,0,0,0,0,0,0
2022-09-09,0,0,0,0,0,0
2022-09-12,0,0,0,0,0,0
2022-09-13,0,0,0,0,0,0
2022-09-14,0,0,0,0,0,0
2022-09-15,0,0,0,0,0,0
2022-09-16,0,0,0,0,0,0
2022-09-19,0,0,0,0,0,0
2022-09-20,0,0,0,0,0,0
2022-09-21,0,0,0,0,0,0
2022-09-22,0,0,0,0,0,0
2022-09-23,0,0,0,0,0,0
2022-09-26,0,0,0,0,0,0
2022-09-27,0,0,0,0,0,0
2022-09-28,0,0,0,0,0,0
2022-09-29,0,0,0,0,0,0
2022-09-30,0,0,0.04625523675,0,0,0
2022-10-03,0,0,0,0,0,0.05479227321
2022-10-04,0,0,0,0,0,0.05636477461
2022-10-05,0,0,0,0,0,0.05625486835
2022-10-06,0,0,0,0,0,0.05624963965
2022-10-07,0,0,0,0,0,0.05481326849
2022-10-10,0,0,0,0,0,0.05438256538
2022-10-11,0,0,0,0,0,0.05402509191
2022-10-12,0,0,0,0,0,0.05422488183
2022-10-13,0,0,0,0,0,0.05501273778
2022-10-14,0,0,0,0,0,0.05369891969
2022-10-17,0,0,0,0,0,0.05549006445
2022-10-18,0,0,0,0,0,0.05590928251
2022-10-19,0,0,0,0,0,0.05531177382
2022-10-20,0,0,0,0,0,0.05549006445
2022-10-21,0,0,0,0,0,0.05609781671
2022-10-24,0,0,0,0,0,0.02294749516
2022-10-25,0,0,0,0,0,0
2022-10-26,0,0,0,0,0,0
2022-10-27,0,0,0,0,0,0
2022-10-28,0,0,0,0,0,0
2022-10-31,0,0,0,0,0,0
2022-11-01,0,0,0,0,0,0
2022-11-02,0,0,0,0,0,0
2022-11-03,0,0,0,0,0,0
2022-11-04,0,0,0,0,0,0
2022-11-07,0,0,0,0,0,0
2022-11-08,0,0,0,0,0,0
2022-11-09,0,0,0,0,0,0
2022-11-10,0,0,0,0,0,0
2022-11-11,0,0,0,0,0,0
2022-11-14,0,0,0,0,0,0
2022-11-15,0,0,0,0,0,0
2022-11-16,0,0,0,0,0,0
2022-11-17,0,0,0,0,0,0
2022-11-18,0,0,0,0,0,0
2022-11-21,0,0,0,0,0,0
2022-11-22,0,0,0,0,0,0
2022-11-23,0,0,0,0,0,0
2022-11-25,0,0,0,0,0,0
2022-11-28,0,0,0,0,0,0
2022-11-29,0,0,0,0,0,0
2022-11-30,0,0,0,0,0,0
2022-12-01,0,0,0,0,0,0
2022-12-02,0,0,0,0,0,0
2022-12-05,0,0,0,0,0,0
2022-12-06,0,0,0,0,0,0
2022-12-07,0,0,0,0,0,0
2022-12-08,0,0,0,0,0,0
2022-12-09,0,0,0,0,0,0
2022-12-12,0,0,0,0,0,0
2022-12-13,0,0,0,0,0,0
2022-12-14,0,0,0,0,0,0
2022-12-15,0,0,0,0,0,0
2022-12-16,0,0,0,0,0,0
2022-12-19,0,0,0,0,0,0
2022-12-20,0,0,0,0,0,0
2022-12-21,0,0,0,0,0,0
2022-12-22,0,0,0,0,0,0
2022-12-23,0.04287439846,0,0,0,0,0
2022-12-27,0.03993733847,0,0,0,0,0
2022-12-28,0.03970648738,0,0,0,0,0
2022-12-29,0.04124432169,0,0,0,0,0
2022-12-30,0.04127410256,0,0,0,0,0
2023-01-03,0.04046381519,0,0,0,0,0
2023-01-04,0.04163951247,0,0,0,0,0
2023-01-05,0.04032818414,0,0,0,0,0
2023-01-06,0.04193703917,0,0,0,0,0
2023-01-09,0.04401188553,0,0,0,0,0
2023-01-10,0.04476781861,0,0,0,0,0
2023-01-11,0.04501505079,0,0,0,0,0
2023-01-12,0.04638326749,0,0,0,0,0
2023-01-13,0.04742156235,0,0,0,0,0
2023-01-17,0.0495632358,0,0,0,0,0
2023-01-18,0.04869759084,0,0,0,0,0
2023-01-19,0.04706322924,0,0,0,0,0
2023-01-20,0.04992767073,0,0,0,0,0
2023-01-23,0.05351443283,0,0,0,0,0
2023-01-24,0,0,0,0,0,0
2023-01-25,0,0,0,0,0,0
2023-01-26,0,0,0,0,0,0
2023-01-27,-0.03371474677,0,0,0,0,0
2023-01-30,-0.03145891002,0,-0.09483251104,0,0,0
2023-01-31,-0.03205546832,0,0,0,0,0
2023-02-01,-0.03454631762,0,-0.07111887002,0,0,0
2023-02-02,0,-0.1311119965,0,0,0,0
2023-02-03,-0.03275608802,-0.1197235017,0,0,-0.04107668906,0
2023-02-06,-0.03269857635,-0.1181762222,-0.07037465213,-0.03333366763,-0.04053037326,0
2023-02-07,0,-0.1185197431,-0.07137101667,-0.03445316539,-0.04084146789,0
2023-02-08,0,-0.1159197591,-0.0728643095,-0.0329212765,-0.0412038061,0
2023-02-09,0,-0.1136942853,0,-0.03189634696,-0.04067152377,0
2023-02-10,0,0,0,-0.01411484037,-0.01697557255,0
2023-02-13,0,0,0,-0.01455698651,-0.01754052298,0
2023-02-14,0,0,0,-0.01456209129,-0.01760978777,0
2023-02-15,0,0,0,-0.0143721822,-0.01767914812,0
2023-02-16,0,0,0,0,-0.01714044868,0
2023-02-17,0,0,0,0,-0.01700376216,0
2023-02-21,0,0,0,0,-0.01648418675,0
2023-02-22,0,0,0,0,0,0
2023-02-23,0,0,0,0,0,0
2023-02-24,0,0,0,0,0,0
2023-02-27,0,0,0,0,0,0
2023-02-28,0,0,0,0,0,0
2023-03-01,0,0,0,0,0,0
2023-03-02,0,0,0,0,0.05303763536,0
2023-03-03,0,0,0,0,0.05356876378,0
2023-03-06,0,0,0,0,0.05306178952,0
2023-03-07,0,0,0,0,0.05248817655,0
2023-03-08,0,0,0,0,0.05302314351,0
2023-03-09,0,0,0,0,0,0
2023-03-10,0,0,0.04288705252,0,0,0
2023-03-13,0,0,0.04308679256,0,0.05425470247,0
2023-03-14,0,0,0.04514514523,0,0.05438673855,0
2023-03-15,0,0,0.0444111835,0,0.0559660814,0
2023-03-16,0,0,0.04522368625,0,0.05700370805,0
2023-03-17,0,0,0.04433828971,0,0.05592004848,0
2023-03-20,0,0,0.04510557143,0,0,0
2023-03-21,0,0,0.04846185506,0,0,0
2023-03-22,0,0,0.04695878147,0,0,0
2023-03-23,0,0,0.04720923481,0,0,0
2023-03-24,0,0,0.04678549719,0,0,0
2023-03-27,0,0,0.04711328206,0,0,0
2023-03-28,0,0,0,0,0,0
2023-03-29,0,0,0,0,0,0
2023-03-30,0,0,0,0,0,0
2023-03-31,0,0,0,0,0,0
2023-04-03,0,0,0,0,0,0
2023-04-04,0,0,0,0,0,0
2023-04-05,0,0,0,0,0,0
2023-04-06,0,0,0,0,0,0
2023-04-10,0,0,0,0,0,0
2023-04-11,0,0,0,0,0,0
2023-04-12,0,0,0,0,0,0
2023-04-13,0,0,0,0,0,0
2023-04-14,0,0,0,0,0,0
2023-04-17,0,0,0,0,0,0
2023-04-18,0,0,0,0,0,0
2023-04-19,0,0,0,0,0,0
2023-04-20,0,0,0,0,0,0
2023-04-21,0,0,0,0,0,0
2023-04-24,0,0,0,0,0,0
2023-04-25,0,0,0,0,0,0
2023-04-26,0,0,0,0,0,0
2023-04-27,0,0,0,0,0,0
2023-04-28,0,0,0,0,0,0
2023-05-01,0,0,0,0,0,0
2023-05-02,0,0,0,0,0,0
2023-05-03,0,0,0,0,0,0
2023-05-04,0,0,0,0,0,0
2023-05-05,0,0,0,0,0,0
2023-05-08,0,0,0,0,0,0
2023-05-09,0,0,0,0,0,0
2023-05-10,0,0,0,0,0,0
2023-05-11,0,0,0,0,0,0
2023-05-12,0,0,0,0,0,0
2023-05-15,0,0,0,0,0,0
2023-05-16,0,0,0,0,0,0
2023-05-17,0,-0.06397690436,0,0,0,0
2023-05-18,0,-0.06564579113,0,0,0,0
2023-05-19,-0.04810989052,-0.06455225007,-0.08500267015,0,-0.06147523174,0
2023-05-22,-0.04804015284,-0.06395112442,0,0,-0.06116344059,0
2023-05-23,-0.04719006224,-0.06380733935,-0.1251921964,0,-0.05985619661,0
2023-05-24,-0.04697356501,-0.06480349669,-0.1232952484,0,-0.06136442511,0
2023-05-25,0,0,-0.1259113533,-0.0479025106,-0.06113687995,0
2023-05-26,-0.04660144273,0,0,0,0,0
2023-05-30,0,-0.0643251745,-0.08698952076,-0.04786726591,-0.06211290869,0
2023-05-31,-0.04340507703,-0.06372494833,-0.0881469856,-0.04824629324,-0.06243992356,0
2023-06-01,-0.04602242764,-0.06544583993,0,0,-0.06424113197,0
2023-06-02,-0.04554349655,-0.06628386109,-0.04384639822,-0.04860292408,-0.063864522,0
2023-06-05,-0.04544025898,-0.06695809126,0,-0.04846800263,-0.06446393936,0
2023-06-06,-0.04490512943,-0.06775564142,-0.04371294905,-0.04848956365,0,0
2023-06-07,-0.04349503182,0,0,-0.04709594307,0,0
2023-06-08,-0.04484100891,0,0,-0.04742410376,0,0
2023-06-09,-0.04512650676,0,-0.04211344069,-0.04747227526,0,0
2023-06-12,-0.04612746458,0,-0.04321045051,-0.04874725629,-0.06586816699,0
2023-06-13,-0.04817705843,0,0,-0.04905073791,-0.0680488643,0
2023-06-14,0,0,-0.04229294998,-0.04946277608,-0.06891279308,0
2023-06-15,-0.04443030209,0,-0.04218578905,0,0,0
2023-06-16,-0.04439263961,0,-0.04287508995,-0.04872374932,-0.06261846027,0
2023-06-20,-0.04572410497,0,0,-0.04948624443,-0.06325222602,0
2023-06-21,-0.04470220851,0,-0.03855500354,-0.04877200504,-0.06145075474,0
2023-06-22,-0.04472708015,0,-0.03936044005,-0.04938346941,-0.06122802077,0
2023-06-23,-0.04382843624,0,-0.038125152,-0.04999340927,-0.06138066739,0
2023-06-26,-0.04190204882,0,-0.03556954276,-0.04788676381,-0.059798761,0
2023-06-27,-0.04331442991,0,-0.03703190901,-0.04951022485,-0.06014245218,0.1381170998
2023-06-28,-0.04250744129,0,-0.03790482423,-0.04918131329,-0.06195049145,0.1402041852
2023-06-29,-0.04221354922,0,-0.03810121834,-0.04854585508,-0.06173610304,0.138980708
2023-06-30,-0.04391290053,0,-0.03888259097,0,-0.06374729075,0.1402202224
2023-07-03,-0.04414731336,0,-0.04167619762,0,-0.0640577023,0.1408346863
2023-07-05,-0.04399329385,0,-0.0420207089,0,-0.06462543299,0.1428320884
2023-07-06,0,0,-0.04109652953,-0.04684239901,-0.06353948794,0.1407691459
2023-07-07,0,0,-0.04078636308,-0.04661206448,-0.06343763918,0.1400424761
2023-07-10,0,0,-0.04022812411,-0.04737102997,-0.06421276821,0.1370296284
2023-07-11,0,0,-0.04024177619,-0.04803015574,-0.06397370762,0.1377963276
2023-07-12,0,0,-0.04056689805,0,-0.06452694146,0.1398915339
2023-07-13,-0.04759560008,0,-0.04131626516,-0.04663676909,-0.06523819501,0.1460234302
2023-07-14,-0.04694874366,-0.06244265464,-0.04172613501,-0.04584307232,-0.06384679668,0.1466772836
2023-07-17,-0.04814987976,-0.06215166439,0,-0.04627277376,-0.06526256338,0.1463141947
2023-07-18,-0.04949182293,-0.06215278501,0,-0.04674211632,0,0.1460705196
2023-07-19,-0.04923308497,-0.06356358467,0,-0.04750492758,-0.06745205756,0.1445447938
2023-07-20,-0.04727004721,-0.06059868855,0,-0.0451572349,0,0.1401998581
2023-07-21,0,-0.06050594288,0,-0.04384354459,0,0.1409048997
2023-07-24,0,-0.05978444763,0,-0.0433305778,0,0.1422897739
2023-07-25,0,-0.05992455976,0,-0.04374601401,0,0.14305473
2023-07-26,0,-0.05899135904,0,-0.04399828613,0,0.1501016132
2023-07-27,0,-0.05926660605,0,0,0,0.1508359254
2023-07-28,0,0,0,0,0,0.1540856284
2023-07-31,0,0,0,-0.04451586285,0,-0.1347536914
2023-08-01,0,0,0,-0.04506246846,0,-0.1334838373
2023-08-02,0,0,0,-0.04372617293,0,0
2023-08-03,0,0,0,-0.04356358643,0,0
2023-08-04,0,0,0,-0.04320660978,0,0
2023-08-07,0,-0.0622491983,0,-0.04408008993,0,0
2023-08-08,0,-0.06118663308,0,-0.04348831813,0,-0.06786829856
2023-08-09,0,-0.06010176232,0,-0.04233431589,0,-0.06677954297
2023-08-10,0,-0.06043539824,0,-0.04242473948,0,-0.06682161069
2023-08-11,0,-0.06032766628,0,-0.04182647853,0,-0.06670784825
2023-08-14,0,-0.06142168553,0,-0.04256312237,0,-0.06778756606
2023-08-15,0,-0.0599951512,0,-0.04186250969,0,-0.06681002976
2023-08-16,0,-0.05870061519,0,-0.04068859051,0,-0.06607226701
2023-08-17,0,0,0,-0.03938048666,0,-0.06663749772
2023-08-18,0,0,0,0.05508877373,0.1697776134,-0.06506410697
2023-08-21,0,0,0,0.05624675353,0.1709442081,-0.0653712865
2023-08-22,0,0,0,0.05573165213,0.1727739549,-0.06565174786
2023-08-23,0,0,0,0.05669933624,0.1777868548,-0.06694839537
2023-08-24,0,0,0,0.05587101421,0.1710958031,0
2023-08-25,0,0.1281242246,0,0.05539561429,0.1741928683,0
2023-08-28,0,0.1277969442,0,0.0562259655,0.1747530597,0
2023-08-29,0,0.1286864136,0,0,0.1786163295,0
2023-08-30,0,0.1286576781,0,0,0.1803062162,-0.07349392402
2023-08-31,0,0,0,0,0.1795051785,-0.07349094252
2023-09-01,0,-0.06425458504,0,0,0.1814570806,-0.07296864544
2023-09-05,0,-0.0638913929,0,0,0,-0.07306469525
2023-09-06,0,-0.06288442048,0,0,-0.05482050869,-0.07222421314
2023-09-07,0,0,0,0,-0.05447143802,-0.07261811087
2023-09-08,0,0,0,0,-0.05446011542,-0.07326040907
2023-09-11,0,0,0,0,-0.05480812748,-0.07359502455
2023-09-12,0,0,-0.02768395645,0,-0.05336335151,-0.07256668733
2023-09-13,0,0,-0.02810685161,0,0,-0.07337313229
2023-09-14,0,0,-0.02869453158,0,0.07540442197,0
2023-09-15,0,0,-0.0284945229,-0.0369827758,0.07466137579,-0.05112629104
2023-09-18,0,0,-0.02755147961,-0.03726270128,0.0741917038,-0.05143330287
2023-09-19,0,0,-0.02767916092,-0.03757438866,0.07453293101,-0.0513718424
2023-09-20,0,0,-0.02725101316,-0.03687945019,0.07261180455,-0.04973136205
2023-09-21,0.06126658945,0,-0.0265305977,-0.03638718332,0.07219301716,0.05193455322
2023-09-22,0.0621085813,0,-0.0253900512,-0.03677344389,0.07132711669,0.05182237421
2023-09-25,0.06286606048,0,0.028333515,-0.03689704665,0.07208532686,0.05203539842
2023-09-26,0.06256632668,0,0.02807758405,-0.03676366897,0.07123160042,0.05116088376
2023-09-27,0.06335616159,0,0.02764304339,0,0.07087319049,0.05191062914
2023-09-28,0.06416425974,0,0.02826675189,0,0,0.05251762305
2023-09-29,0,0,0.02868199933,0,0,0.05189628669
2023-10-02,0,0,0.02879782743,0,0,0.05313082315
2023-10-03,0,0,0.028253384,0,0,0.05250843366
2023-10-04,0,0,0.02984674748,0,0,0.05347336659
2023-10-05,0,0,0.02972764312,0,0,0
2023-10-06,0,0,0.02978088148,0,0,0
2023-10-09,0,0,0.0297270009,-0.0393791471,0,-0.05239473169
2023-10-10,0,0,0.03018196715,0,0,-0.05226327487
2023-10-11,0,0,0.03015923372,-0.03924359335,0,-0.05329315348
2023-10-12,0,0,0.0296890228,-0.03880841029,0.04035136682,-0.05269807744
2023-10-13,0,0,0.02879332338,-0.03766566918,0.03972521801,-0.05207512588
2023-10-16,0,0,0.02913003504,-0.03845955983,0.04032097687,-0.05276315285
2023-10-17,0,0,0.02926715601,-0.03884124778,0.03979243123,-0.05305348825
2023-10-18,0,0,0.02789611758,-0.03803472032,0.03876329065,-0.0524351454
2023-10-19,0,0,0,-0.0373544929,0.04476965761,-0.05210280465
2023-10-20,0,0,0.02920573079,-0.0368076264,-0.03918148772,-0.05121988201
2023-10-23,0,0,0.02923432016,-0.0374675789,-0.03977810408,0.05286328405
2023-10-24,0,0,0.02981647991,-0.03725604381,-0.04041127395,0
2023-10-25,0,0,0.02921595279,-0.03566020761,-0.04011970566,0
2023-10-26,0,0,0.02836084065,0,-0.03945226346,0.095261801
2023-10-27,0,0,0.028529734,0.132147926,-0.03883888631,0.09503163168
2023-10-30,0,0,0.02711124896,0.1345382622,-0.03995638084,0.09663297233
2023-10-31,0,0,0,0.1341249337,-0.04017452796,0.09648510344
2023-11-01,0,0,0.03100116822,0.1380166035,-0.04076225249,0.09774831393
2023-11-02,0,-0.08284843707,0.03284763433,0.1372047215,-0.041087481,0
2023-11-03,0,-0.08311595806,0.03304552907,0.1387666785,0,0
2023-11-06,0,-0.08384256559,0.03295875876,0.1393673915,-0.1225919602,0
2023-11-07,0,-0.08562240496,0.03339533181,0.1406966823,-0.1225522504,0
2023-11-08,0,-0.08522602128,0.03337760668,0.1410898677,-0.1231009285,0
2023-11-09,0,-0.08435280191,0.03156021224,0.1414539695,-0.1226992053,0
2023-11-10,0,-0.08620239966,0.03228974484,0.145205563,-0.1262162107,0
2023-11-13,0,-0.08537490124,0.03355632458,0.144974985,-0.1251177031,0
2023-11-14,0,0,0.03553760576,0,-0.1259904463,0
2023-11-15,0,0,0,0,0,0
2023-11-16,0,0,0,0,-0.04141083196,0
2023-11-17,0,0,0,0,-0.04131479037,0
2023-11-20,0,0,0,0,-0.04210581243,0
2023-11-21,0,0,0,0,-0.04215020476,0
2023-11-22,0,0,0,0,-0.0424323677,0
2023-11-24,0,0,0,0,-0.04257674792,0
2023-11-27,0,0,0,0,-0.04254064823,0
2023-11-28,0,0,0,0,-0.04252491542,0
2023-11-29,0,0,0,0,-0.04235742014,0
2023-11-30,0,0,0,0,-0.04205957548,0
2023-12-01,0,0,0,0,-0.04129909454,0
2023-12-04,0,0,0,0.08205743786,-0.04020511568,0.0923892913
2023-12-05,0.06705993848,0,0,0.08137834745,0.0429773577,0.09334842906
2023-12-06,0.06574157023,0,0,0.08142673735,0.04231907474,0.09295761946
2023-12-07,0.06679364984,0,0,0.08311528522,0.04248306559,0
2023-12-08,0.06789921222,0,0,0,0.04252392708,0
2023-12-11,0.06668833349,0,0,0,0.04312780459,0
2023-12-12,0.06804142276,0,0,0,0.04334296395,0
2023-12-13,0.06862481658,0,0,0,0,0
2023-12-14,0.06897290845,0,0,0,0,0
2023-12-15,0.06971123559,0,-0.03028626803,0,0,0
2023-12-18,0.07127104243,0,-0.03006063914,0,0,0
2023-12-19,0.07072393344,-0.04085327061,-0.03072836793,-0.04089103568,0,0
2023-12-20,0.06860942621,-0.04041799727,-0.02953027792,-0.04077340283,0,-0.04494412204
2023-12-21,0.06996865444,-0.04093684611,-0.03045572285,0,0,-0.04568890302
2023-12-22,0.06974256841,-0.04082650742,-0.0302222244,-0.03958155322,0,-0.04603865413
2023-12-26,0.07038485688,-0.04082442581,-0.03070972746,-0.03974339915,0,-0.04604906491
2023-12-27,0,-0.04082111702,0,-0.04009447019,0,-0.04569201668
2023-12-28,0,-0.04083258383,0,-0.04015018001,0,-0.04564735512
2023-12-29,0,-0.04040689508,0,-0.03962012456,0,-0.04542398494
2024-01-02,0,-0.03979724231,0,-0.03868857706,0,-0.04484507136
2024-01-03,0,0.05784757293,0,-0.03849496296,0,-0.04509990334
2024-01-04,0,0,0,-0.03883293618,0,-0.0443262921
2024-01-05,0,0.1158465122,0,-0.03937451393,0,-0.04411317529
2024-01-08,0,0.1187688688,0,-0.04007240597,0,-0.04506458126
2024-01-09,0,0.1206396719,0,-0.03995571575,0,-0.04577319527
2024-01-10,-0.04639246258,0.1225637479,0.09096003759,0,0,0
2024-01-11,-0.04684154055,0.1238418992,0.08843438455,-0.05733518392,0,-0.06524220385
2024-01-12,-0.04696703052,0.1239788538,0,-0.05835757354,0,-0.06581388325
2024-01-16,0,0.1226804077,0.0921711454,-0.05720249084,0,-0.06567166148
2024-01-17,-0.04634346502,0.1217621913,0.09052455886,-0.05745892184,0,0
2024-01-18,-0.04731835761,0.1234688013,0.08917825755,-0.05879790817,0,0
2024-01-19,0,0.1250873202,0.08940773069,0,0,-0.06714779148
2024-01-22,-0.04424910924,0.1247163452,0.08803577529,-0.05524400847,0,-0.06701184836
2024-01-23,-0.0444114253,0.1257150954,0.08817884425,-0.05573871041,0,-0.06749359116
2024-01-24,0,0.1268671508,0.08795037613,-0.05674351952,0,0
2024-01-25,-0.04469618587,0.1287339905,0,-0.05762073304,-0.06234127667,-0.06493416346
2024-01-26,-0.04428995285,0,0.04735133361,0,0,-0.06509868723
2024-01-29,-0.04533842254,0,0.04934433412,0,-0.06163930741,-0.06567464441
2024-01-30,-0.04546228479,0,0.0494057902,0,-0.06012127693,-0.06465482101
2024-01-31,-0.0444290221,0,0.04815585288,0,-0.06007984509,0
2024-02-01,-0.04555963413,0,0.04861016384,0,-0.06050497957,0
2024-02-02,0,0,0.04842085197,0,-0.06026770839,0
2024-02-05,-0.04710418365,0,0.04671754836,-0.04541114661,-0.06007181153,0
2024-02-06,-0.04621578437,0,0.04762091017,-0.04481669267,-0.05923833228,0
2024-02-07,-0.04760386694,0,0.04837808923,-0.04639653155,-0.05974994411,0
2024-02-08,0,0,0,-0.04643554254,-0.05966576245,0
2024-02-09,0,0,0,-0.0462539611,-0.05997048305,0
2024-02-12,0,0,0,-0.04633435255,0,0
2024-02-13,0,0,0,-0.0454273432,0,0
2024-02-14,0,0,0,-0.04678741785,0,0
2024-02-15,0,0,0,-0.04790103744,0,0
2024-02-16,0,0,0,-0.0467915531,0,0
2024-02-20,0,0,0,-0.04657343049,0,0.1310809945
2024-02-21,0,0,0,-0.04617916794,0,0.132191612
2024-02-22,0,0,0,-0.04798221392,0,0.1336675429
2024-02-23,-0.04275787634,0,0,0,0,0.1335340096
2024-02-26,-0.04316937841,0,0,0,0,0.1283869312
2024-02-27,-0.0428943661,0,0,0,0,0.1294236508
2024-02-28,-0.04241051615,0,0,0,-0.06946644261,0.1273397026
2024-02-29,-0.04318447543,0,0,0,-0.07018831568,0.1292300238
2024-03-01,-0.04510256003,0,0,0,0,0.128537581
2024-03-04,0,0,0,0,-0.06853221195,0
2024-03-05,0,0,0,0,-0.06647545127,0
2024-03-06,0,0,0,0,-0.06637951554,0
2024-03-07,0,0,0.05624408585,0,-0.06757553863,0
2024-03-08,0,0,0.0551552244,0,-0.06710883856,0
2024-03-11,0,0,0.05585281106,0,-0.06659756574,0
2024-03-12,0,0,0.05584740176,0,-0.06780360467,0
2024-03-13,0,0,0.05343784974,0,-0.06778233671,0
2024-03-14,0,0,0,0,-0.06833094423,0
2024-03-15,0,0,0.05776248369,0,-0.06740478298,-0.1334808151
2024-03-18,0,0,0.06168221923,0,-0.06914082813,0
2024-03-19,0,0,0.06082077508,0,-0.06942493957,-0.1300137835
2024-03-20,0,0,0.06240825031,0,-0.07025483843,-0.1316244167
2024-03-21,0,0,0,0,-0.06953438785,-0.1303100318
2024-03-22,0,0,0,0,-0.07036477621,-0.1335615199
2024-03-25,-0.04273799922,0,0,0,-0.07029250184,-0.1329212881
2024-03-26,-0.04168371248,0,0,0,-0.07056611391,0
2024-03-27,0,0,0,0,-0.06860087109,0
2024-03-28,0,0,0,0,0,0
2024-04-01,0,0,0,0,0,0
2024-04-02,0,0,0,0,0,0
2024-04-03,0,0,0,0,0,0
2024-04-04,0,-0.05658768457,0,0,0,0
2024-04-05,0.08441586288,-0.05821669217,0,0,0,0
2024-04-08,0.08364994678,-0.05830557401,0,0,0,0
2024-04-09,0.08209466939,-0.05856557108,0,0,0,0
2024-04-10,0.08358724629,-0.05856415034,0,0,0,0
2024-04-11,0.08680893406,-0.05939444484,0,0,0,0
2024-04-12,0.08460034578,-0.05855966011,0,0,0,0
2024-04-15,0.08261212472,-0.05784554122,0,0,0,0
2024-04-16,0,-0.05772761659,0,0,0,0
2024-04-17,0,-0.05704856825,0,0,0,0
2024-04-18,0.08108677938,-0.0563856231,0,0,0,0
2024-04-19,0,0.05781755034,0.05563535241,0,0,0
2024-04-22,0.08041450028,0.05875781959,0.05381640416,0.1332054665,0.1237800553,0
2024-04-23,0.08221437721,0.05871108485,0.05406452145,0.1353062898,0.1271865644,0
2024-04-24,0.07940197491,0.05769310039,0.06052937101,0,0.1220919508,0
2024-04-25,0.0817641861,0.05633770176,0.06308524757,0,0.1233421121,0
2024-04-26,0,0.05808412778,0.06218792548,0.1308714329,0.122176041,0
