date,NVDA,AMZN,TSLA,META,NFLX,GOOGL
2016-01-04,0,0,0,0,0,0
2016-01-05,0,0.1094739179,0,0,0.163363657,0
2016-01-06,0,0,0,0,0,0
2016-01-07,0,0,0,0,0,0
2016-01-08,0.1081769171,0.1096952243,0,0,0,0.1094448106
2016-01-11,0.1080959685,0.111355476,0,0,0,0.109501297
2016-01-12,0.1095138601,0.1109740423,0,0,0,0.1109258051
2016-01-13,0.1073425471,0,0,0,0,0.1082677273
2016-01-14,0,0.1131788322,0,0,0.112223407,0
2016-01-15,0.1642055788,0.1099432669,0,0,0.1101799771,0
2016-01-19,0.1645618019,0.1101190584,0,0,0.1135832819,0.1109695005
2016-01-20,0.1676991861,0,0,0,0,0.1123865699
2016-01-21,0.1691072961,0,0,0,0,0.1132900914
2016-01-22,0.1722546764,0,0,0,0.05341627163,0.1156778544
2016-01-25,0,0,0,0,0.01654759828,0.032857823
2016-01-26,0,0,0,0,0,0.03288180492
2016-01-27,0,0,0,0,0,0.03217879409
2016-01-28,0,0,0,0,0,0.0335102235
2016-01-29,0,0,0,0,0,0.03407471048
2016-02-01,0,0,0,0,0,0.03448177455
2016-02-02,0,0,0,0,0,0.03491956419
2016-02-03,0,0,0,0,0,0.0335569604
2016-02-04,0,0.05099044219,0,0,0,0.0326858413
2016-02-05,0,0.0479123339,0,0,0,0
2016-02-08,0,0,0,0,0,0
2016-02-09,0,0,0,0,0,0
2016-02-10,0,0,0,0,0,0
2016-02-11,0,0,0,0,0,0
2016-02-12,0,0,0,0,0,0
2016-02-16,0,0,0,0,0,0
2016-02-17,0,0,0,0,0,0
2016-02-18,0,0,0,0,0,0
2016-02-19,0,0,0,0,0,0
2016-02-22,0,0,0,0,0,0
2016-02-23,-0.1686816617,0,-0.1119433563,0,0,0
2016-02-24,-0.1702484604,0,-0.1133353459,0,0,0
2016-02-25,-0.1716031459,0,-0.1193546187,0,0,0
2016-02-26,-0.1705965063,0,-0.1212954032,0,0,0
2016-02-29,-0.1694724985,0,-0.1222970568,0,0,0
2016-03-01,-0.1776871874,0,-0.1192131327,0,0,0
2016-03-02,0,-0.166133183,0,0,-0.1658943093,-0.1105426547
2016-03-03,0,-0.1658722889,-0.1157619695,0,-0.1669595027,-0.1097057539
2016-03-04,0,-0.1668678138,0,0,-0.1749335963,-0.1106076286
2016-03-07,0,-0.1613057394,-0.1140997231,0,-0.1624499707,-0.1066585453
2016-03-08,0,-0.1604405859,-0.112508447,0,-0.1635690458,-0.1066766005
2016-03-09,0,-0.1614994074,-0.1168366994,0,-0.167913741,-0.1093226014
2016-03-10,0,-0.1616946475,0,0,-0.1671801814,-0.1105815033
2016-03-11,0,-0.1656844113,-0.1105475669,0,-0.1686113396,-0.1131141208
2016-03-14,0,-0.1679193265,-0.1154075161,0,-0.1705821185,-0.1147091974
2016-03-15,0,-0.1693882323,-0.1173958414,0,-0.1705153998,-0.1150312696
2016-03-16,0,-0.1689587155,0,0,0,-0.1163319862
2016-03-17,0,-0.1645482205,-0.1703307417,0,0,-0.1164705234
2016-03-18,0,-0.1627331526,-0.1754932252,0,0,-0.1162489299
2016-03-21,0,-0.1639195474,0,0,-0.1111857375,-0.1177376008
2016-03-22,-0.03904401608,-0.1658299441,-0.03849821498,0,-0.109834944,-0.117402473
2016-03-23,-0.03975927393,-0.1687334679,0,0,-0.109687517,-0.1171541354
2016-03-24,-0.03990591369,-0.1730646435,0,0,-0.1085747201,-0.1169941901
2016-03-28,0,-0.1725917901,0,0,-0.1120072291,-0.117051827
2016-03-29,0,-0.1784249178,0,0,-0.1163269691,-0.1201351487
2016-03-30,0,-0.1797841704,0,-0.0380766754,-0.1141013974,0
2016-03-31,0,-0.1779702815,0,-0.03781430943,-0.1139556349,0
2016-04-01,0,-0.1805057303,0,-0.03869506198,-0.1185318177,0
2016-04-04,-0.03797151841,-0.1780266092,0,-0.03734072883,-0.1164438853,0
2016-04-05,-0.037800689,-0.1753643375,0,-0.03711559536,0,0
2016-04-06,-0.03805582072,-0.1810958207,0,-0.03780933564,0,0
2016-04-07,-0.03747806335,-0.1770212993,-0.03735375126,-0.03760101583,0,0
2016-04-08,-0.03768972523,-0.177820853,-0.03628778501,-0.03657437317,0,0
2016-04-11,-0.03807079061,0,-0.03640807804,0.03835613346,0,0
2016-04-12,-0.03799345138,0,-0.03606902465,0.03889053373,0,0
2016-04-13,-0.03908521009,0,-0.03717659363,0,-0.03958499163,0
2016-04-14,-0.03919137278,0,-0.03678640848,0,-0.03986274591,0
2016-04-15,0,0,-0.03722725721,0,-0.04031450223,0
2016-04-18,0,0,-0.03708998676,0,-0.03914251876,0
2016-04-19,0,-0.03820052491,-0.03594862416,0,0,-0.03806391363
2016-04-20,0,-0.01670971079,-0.01688132983,0,0.05117746388,-0.01654027919
2016-04-21,0,-0.01667200132,-0.0167827957,0,0.05027551068,-0.01666352646
2016-04-22,0,-0.01637333039,-0.01712963053,0,0.05069671166,-0.01574092453
2016-04-25,0,-0.01654610619,-0.0170223549,0,0.04952664322,-0.01585708827
2016-04-26,0,-0.0163031116,-0.01715558079,0,0.04893827975,0
2016-04-27,0,-0.01602690838,-0.01699815117,0,0,0
2016-04-28,0,-0.01590019766,-0.01673771741,0,0,0
2016-04-29,0,0,-0.01628972079,0,0,0
2016-05-02,0,0,0,0,0,0
2016-05-03,0,0,0,0,0,0
2016-05-04,0,0,0,0,0,0
2016-05-05,0,0,0,0,0,0
2016-05-06,0,0,0,0,0,0
2016-05-09,0,0,0,0,0,0
2016-05-10,0,0,0,0,0,0
2016-05-11,0,-0.05603181098,0,0,0,-0.1094016125
2016-05-12,0,-0.05637990828,0,0,0,0
2016-05-13,0,-0.05571582404,0,0,0,0
2016-05-16,0,-0.05589798546,0,0,0,0
2016-05-17,-0.05581640257,-0.05464531779,0,0,0,0
2016-05-18,0,-0.05492440023,0,0,0,0
2016-05-19,-0.05600775446,-0.05504258404,0,0,0,0
2016-05-20,-0.05706813767,-0.05543546522,0,0,0,0.05591833339
2016-05-23,-0.05715589177,-0.05495597518,0,0,0,0.05557045871
2016-05-24,0,-0.05568256381,0,0,-0.1134557447,0
2016-05-25,0,-0.05616354443,0,0,0,0
2016-05-26,0,-0.05671246428,0,0,-0.1105986384,-0.1111692392
2016-05-27,0,-0.0566096302,0,0,-0.1113400813,-0.1129963863
2016-05-31,0,-0.05746198355,0,0,-0.1105798735,-0.1132125544
2016-06-01,0,0,0,0,-0.1093331962,-0.1130461484
2016-06-02,0,0,0,0,-0.1089536962,-0.112310777
2016-06-03,0,0,0,0,-0.1069464466,0
2016-06-06,0,0,0,0,-0.1083151662,0
2016-06-07,0,0,0,0,-0.1073031838,0
2016-06-08,0,0,-0.0557915638,0,-0.1049437927,0
2016-06-09,0,0,-0.05420847766,0,-0.1038806843,0
2016-06-10,-0.05453884967,0,-0.05136414818,0,-0.09963562936,0
2016-06-13,-0.05533142584,0,-0.05123715727,0.1099769537,-0.09991545264,0
2016-06-14,-0.05539804749,0,0,0.1108527882,-0.1001309412,0
2016-06-15,-0.0560255422,0,0,0.1106439273,-0.1004198504,0
2016-06-16,-0.05634337527,0,0,0.1106239484,-0.1018128311,0
2016-06-17,-0.05532036256,0,0,0.109221008,-0.1006847665,0
2016-06-20,-0.05631629042,0.1109449654,0,0.1095617386,-0.09999414766,0
2016-06-21,-0.05571681646,0.110717323,0,0.1100320695,-0.09655479538,0
2016-06-22,-0.05567925006,0.109928884,0,0.109598843,-0.09553133618,0
2016-06-23,-0.05718382895,0.1117422607,0,0.1107616548,-0.09731514782,0
2016-06-24,-0.05398054027,0.1082678444,0,0,-0.09398624778,0
2016-06-27,0.05554952327,0,0,0,0.1081375904,0
2016-06-28,0.05590156548,0.1117309895,0,0.1688151316,0.1105766053,0
2016-06-29,0.05635335878,0.1120206874,0,0.1696126394,0.1135306578,0
2016-06-30,0.05670280808,0.1118553166,0,0,0.1138827439,0
2016-07-01,0.05585551308,0.1125709488,0,0,0.1194346862,0
2016-07-05,0.05672470073,0.1130324553,0,0,0,0
2016-07-06,0.05699677769,0,0,0,0,0
2016-07-07,0.05839340311,0,0,0,0,0
2016-07-08,0,0,0,0,0,0
2016-07-11,-0.05600946395,-0.05581561714,0,0,0,0
2016-07-12,-0.05687358952,-0.05542686049,0,0,0,0
2016-07-13,-0.05682733401,-0.05498958396,0,0,0,0
2016-07-14,0,-0.05494177323,0,0,0,0
2016-07-15,-0.05551106993,-0.05449876245,0,0,0,0
2016-07-18,-0.05581393066,-0.05456351471,0,0,0,0
2016-07-19,-0.05647987197,-0.05493518018,0,0,0,-0.1117002079
2016-07-20,-0.05727511926,-0.05541825601,0,0,0.05630267522,-0.1123552161
2016-07-21,-0.05620088303,-0.05530476243,0,0,0.05505544389,-0.1119232885
2016-07-22,-0.05786806562,-0.05546703787,0,0,0.05512093445,-0.1129111092
2016-07-25,0,-0.055000928,0,0,0.05618008193,-0.1124956573
2016-07-26,-0.0559278182,-0.05458417803,0,0,0.05845724304,-0.1122726582
2016-07-27,-0.05535130097,-0.05465090172,0,0,0.05884568764,-0.1128850864
2016-07-28,-0.05562055547,-0.05598518533,0,0,0.05875559855,0
2016-07-29,-0.05663978121,0,0,-0.05519326525,0.05861133135,0
2016-08-01,-0.05626605062,-0.05604234803,0,-0.05535141529,0.06060810937,0
2016-08-02,-0.05552802488,-0.05546607986,0,-0.05475525585,0.06002987182,-0.05562062346
2016-08-03,-0.05565822228,-0.05501469643,0,-0.0544792335,0.05971497353,-0.05551883343
2016-08-04,-0.05680003828,-0.05557082061,0,-0.0554108273,0.06005108538,-0.0555118944
2016-08-05,-0.05776633663,-0.0559548599,0,-0.05576629093,0.06236214513,-0.05618940173
2016-08-08,0,-0.05611362063,0,-0.05593131365,0.06125519708,-0.0561875719
2016-08-09,-0.05541925848,-0.05630957958,0,-0.05590938294,0.06060690064,0
2016-08-10,-0.0550492044,-0.05631516344,0,0,0.06055450909,0
2016-08-11,-0.05618176173,0,0,0,0.06183233452,0
2016-08-12,0,0,0,0,0.06238926596,0
2016-08-15,-0.03879719583,0,0,0,0.06161148925,0
2016-08-16,-0.03855881263,0,0,0,0.06148182562,0
2016-08-17,-0.03760171319,0,0,0,0.06218399608,0
2016-08-18,-0.03821338131,0,0,0,0.06209317814,0
2016-08-19,-0.03832130106,0,0,0,0,0
2016-08-22,-0.03849707636,0,0,0,0,0.0775515598
2016-08-23,-0.03882204767,0,0,0,0,0.07754339451
2016-08-24,-0.03821170638,0,0,0,0,0.07722858607
2016-08-25,0,0,0,0,0,0.07702663017
2016-08-26,0,0,0,0,0,0.07719910105
2016-08-29,0,0,0.07605377182,0,0,0.07757553496
2016-08-30,0,0,0,-0.03864095775,0,0.07726022411
2016-08-31,0,0,0.03912774903,-0.03872867721,0,0.0770617202
2016-09-01,0,0,0,-0.03879950236,0,0.0773235114
2016-09-02,0,0,0.03799201523,-0.03892321959,0,0.07789629744
2016-09-06,0,0,0.03892046363,-0.03987127408,0,0.07890187899
2016-09-07,0,-0.03863355296,0.03873150734,0,0,0.07895185248
2016-09-08,0,-0.03865823936,0.03794076686,-0.03866751761,0,0.07854080169
2016-09-09,0,0,0,-0.03774630868,0,0.07717632271
2016-09-12,0.08005049275,0,0.03934919648,-0.03807674121,0,0.07789838597
2016-09-13,0.07906113847,0,0.03898666308,-0.03772005463,0,0.07707940928
2016-09-14,0.07969923514,0,0.03902798801,-0.03785674985,0,0.07718959139
2016-09-15,0,0,0.03963996244,0,0,0.07787816497
2016-09-16,0,0,0.04059780576,0,0,0.07750949873
2016-09-19,0,0,0.04076755618,0,0,0
2016-09-20,0,0,0.04044526553,0,0,0
2016-09-21,0,0,0.04055524588,0,0,0
2016-09-22,0,0,0.04077895848,0,0.07790520291,0
2016-09-23,0,-0.03895661343,0.04097571219,0,0.07798560294,0
2016-09-26,0,-0.03865728784,0.04130050159,0,0.07690223249,0
2016-09-27,0,-0.03945380591,0.04064796982,0,0.07889673879,0
2016-09-28,0,0,0.04072728231,0,0.07920754355,0
2016-09-29,0,-0.03893865661,0.03970069515,0,0.0786944488,0
2016-09-30,0,-0.03925590592,0.04028684307,0,0.0800806262,0
2016-10-03,0,-0.03905299356,0,0,0,0
2016-10-04,0,-0.03890140409,-0.07699993469,0,0,0
2016-10-05,0,0,-0.07587802997,0,0,0
2016-10-06,0,-0.03872744492,-0.07296744312,0,-0.03885829698,0
2016-10-07,0,-0.03855586964,-0.07124633672,0,-0.0386966224,0
2016-10-10,0,-0.03870422437,-0.07290122532,0,-0.03818960865,0
2016-10-11,0,0,-0.07246733921,0,-0.03711265117,0
2016-10-12,0,0,-0.07298589559,0,-0.03671447812,0
2016-10-13,0,0,-0.07251208229,0,-0.03697679164,0
2016-10-14,0,0,-0.07109784837,0,-0.03740084496,0
2016-10-17,0,0,-0.07006747711,0,-0.03672880229,0
2016-10-18,0,0,-0.0725119404,0,0,0
2016-10-19,0,0,-0.07436421749,0,0,0
2016-10-20,0,0,-0.07263531047,0,-0.03924664793,-0.03852948883
2016-10-21,0,0,-0.0730987349,0,0,-0.03869756517
2016-10-24,0,0,-0.07418879034,0,-0.03884903375,-0.03930678739
2016-10-25,-0.03953566846,0,-0.07401345604,-0.03847958371,-0.038587556,-0.0389572299
2016-10-26,0,0,-0.07398533808,0,-0.03873228981,-0.0386583781
2016-10-27,0,0,-0.07465313424,0,-0.03859024901,-0.03844545496
2016-10-28,0,0,-0.07307657211,0,-0.03856892767,-0.03849766983
2016-10-31,0,0.07826441854,-0.07207300807,0,-0.03795348645,-0.03794650667
2016-11-01,0,0,-0.06926459499,0,-0.03732606938,-0.03758813955
2016-11-02,0,0.07599792209,0.07699028756,0,-0.03875554014,-0.03802620978
2016-11-03,0,0.07614824131,0.07674902254,0,-0.03869441117,0.03874764418
2016-11-04,0,0,0.07792632331,0.07830400028,-0.0386057922,0.03863982253
2016-11-07,0,0.03949846566,0.0787860688,0.0789873856,-0.03930081806,0.03956275346
2016-11-08,0,0.03953156571,0.07927332542,0.08010544047,-0.03911743757,0.03994363032
2016-11-09,0,0.03885520723,0.07752837073,0.07968095036,-0.03856017717,0.03975210365
2016-11-10,0,0,0,0.07853339128,0,0.03869680625
2016-11-11,0,0.039017455,0.03975508796,0.07746134936,0.07760742164,0
2016-11-14,-0.03707697503,0.03815870246,0.03845155863,0,0.07705260675,0
2016-11-15,-0.03815220364,0.03938436549,0.03888695308,0.07798741529,0.07708383794,0.03932897414
2016-11-16,-0.04061886558,0.03961378252,0.03897708818,0.07752709372,0.07828264951,0.03963074889
2016-11-17,0,0.04006649376,0.0399065485,0.07835025228,0.07803139677,0.03987192737
2016-11-18,0,0.04032524853,0.03919451123,0.07795325713,0.07826915562,0.039413356
2016-11-21,0,0.04111347053,0.03883895143,0.08059943193,0.07962559885,0.03960728469
2016-11-22,0,0.04133050513,0.04017656524,0.08027674493,0.07955659138,0.03955622071
2016-11-23,0,0.04108979323,0.04062368256,0.07992550348,0.07938538074,0.03928588133
2016-11-25,0,0.04108979861,0.04134870226,0.07959575921,0.07917115065,0.03933531094
2016-11-28,0,0.04040809042,0.04127238914,0.07968341187,0.07891463943,0.03964936224
2016-11-29,0,0,0.0399132993,0.08002657517,0.07934449383,0.03985282388
2016-11-30,0,0,0.03998494082,0.07861567941,0.07921296022,0.03927381267
2016-12-01,0,0,0.03856037011,0.07673601244,0.07969882263,0.03885341682
2016-12-02,0,0,0.03837518474,0.07673952126,0.08192990843,0.03876076507
2016-12-05,0,0,0.03942127139,0.07792924243,0.08064513921,0.03937749809
2016-12-06,0,0,0.03914611844,0.07770139191,0,0.03919949954
2016-12-07,0,0,0.04057282338,0.0779123148,0,0.03986271818
2016-12-08,0,0,0.04036634298,0.07849622939,0,0.04002346347
2016-12-09,0,0,0.04029473999,0.07890951709,0,0.04069322308
2016-12-12,0,0,0.0403643952,0,0,0.04063265557
2016-12-13,0,0,0.0414989105,0,0,0.0409423985
2016-12-14,0,0,0.04160197219,0,0,0.0410605519
2016-12-15,0,0,0.04138382976,0,0,0.04096222514
2016-12-16,0,0,0,0,0,0.04068016043
2016-12-19,0,0,0,0,0,0.04080833125
2016-12-20,0,0,0,0,0,0.04093838565
2016-12-21,-0.03892168396,0,0,0,0,0.04079870288
2016-12-22,-0.0394026831,0,0,0,-0.03844452125,0.04068271072
2016-12-23,-0.04042855712,0,0,0,-0.03848914242,0.04063211896
2016-12-27,0,0,0,0,-0.03939920887,0.04080577169
2016-12-28,0,0,0,0,-0.03857688711,0.04046524405
2016-12-29,0,0,0,0,-0.03840195893,0.04037676248
2016-12-30,0,0,0,0,-0.0379352713,0.0398544465
2017-01-03,0,0,0,0,-0.03907957893,0.04065115872
2017-01-04,0,0,0,0,-0.03969195833,0.04066350764
2017-01-05,0,0,-0.03892177727,0,0,0.04095209663
2017-01-06,0,-0.0791166168,-0.03934810906,0,-0.03858362151,0.04160671516
2017-01-09,0,-0.07931164282,-0.03978960454,-0.07861112019,-0.03859822204,0.04176005789
2017-01-10,0,-0.07913545065,-0.03950974502,-0.07819117473,-0.03824968818,0.04166166944
2017-01-11,0,-0.07957149453,-0.03954821653,-0.07941084965,-0.03849018133,0
2017-01-12,0,-0.08113911838,-0.03957858744,-0.07985455051,-0.03815336664,0
2017-01-13,0,-0.08180757344,0,-0.0812565531,-0.03964313918,0
2017-01-17,0,-0.08096104941,0,-0.08085544418,-0.03935257226,0
2017-01-18,0,0,0,-0.0809048811,-0.03947083941,0
2017-01-19,0,0,0,0,0,0
2017-01-20,0,0,-0.03871591048,0,-0.03861963062,0
2017-01-23,0,0,-0.03939159602,0,-0.03829494969,0
2017-01-24,0,0,0,0,-0.03911833811,0
2017-01-25,0,0,-0.03838333711,0,-0.03893240153,0
2017-01-26,0,-0.03898862995,-0.03807703011,0,-0.0387652765,-0.038726894
2017-01-27,0,-0.03884490878,-0.03815646235,0,-0.0397525024,-0.03819997436
2017-01-30,0,-0.03852112172,-0.03773472945,0,-0.03933443767,-0.03717092155
2017-01-31,0,-0.03818458689,-0.03791412759,0,-0.03917551564,-0.03699075052
2017-02-01,0,-0.03858827437,-0.03750189531,0,-0.03918727335,-0.03676025584
2017-02-02,0,-0.03894795447,-0.03785660492,0,-0.03875476924,0.03900113826
2017-02-03,0,-0.03752308211,-0.03777780567,0,-0.03899993234,0.03904305579
2017-02-06,0,0,-0.0387894783,0,-0.03924432248,0.03915807172
2017-02-07,0,0,-0.03873761029,0,0,0.03951236929
2017-02-08,0,0,-0.03944994038,0,0,0
2017-02-09,0,0,0,0,0,0
2017-02-10,0,0,0,0,0,0
2017-02-13,0,0,0,0,0,0
2017-02-14,0.111709026,0,0,0,0,0
2017-02-15,0.1119096712,0,0,0,0,0
2017-02-16,0.1103111494,0,0,0,0,0
2017-02-17,0.11029283,0,0,0,0,0
2017-02-21,0.1137930956,0,0,0,0,0
2017-02-22,0.1136365369,-0.05543598136,0,0,0,0
2017-02-23,0.1041743848,-0.05578987918,0,0,0,0
2017-02-24,0,-0.05551342833,0,0,0,0
2017-02-27,0,-0.05574917903,0,0,0,0
2017-02-28,0,-0.05535448469,0.1189267175,0,0,0
2017-03-01,0,-0.05590979486,0.1190019578,0,0,0
2017-03-02,0,-0.05560912459,0.1191622572,0,0,0
2017-03-03,0.07760069844,-0.05568132565,0.1196994213,0,0.07740509909,0
2017-03-06,0.0769245084,-0.05541159596,0.1194085451,0,0.07888377409,0
2017-03-07,0.07781759885,-0.05540885287,0.1182397256,0,0.07865126219,0
2017-03-08,0.07782132977,-0.05580666221,0.117641693,0,0.07818022235,0
2017-03-09,0.07788355696,-0.05602681803,0.1168199337,0,0.07837572925,0
2017-03-10,0.07833277435,-0.05598477245,0.116229091,0,0.07856727331,0
2017-03-13,0.08011632516,-0.05586393808,0.1168665144,0,0.07966210886,0
2017-03-14,0.07963242805,-0.05543077351,0,0,0.0790532259,0
2017-03-15,0.08009780653,-0.05536464543,0,0,0.08005353865,0
2017-03-16,0,-0.05539511771,0,0,0.07958136834,0
2017-03-17,0,-0.05529714038,0,0,0.0799407154,0
2017-03-20,-0.03985794458,-0.05565098872,0,0,0.08041179884,0
2017-03-21,-0.0385571105,-0.05474018649,0,0,0.0785077028,0
2017-03-22,-0.0393845578,-0.05511317609,0,0,0.07871658978,0.0778229548
2017-03-23,-0.03906549713,-0.05512273666,0,0,0.07834601529,0.0769684941
2017-03-24,-0.03923117132,-0.05504555587,0,0,0.0784995719,0
2017-03-27,-0.03945101434,-0.05503379746,0,0,0.07949639169,0.07857004351
2017-03-28,-0.03923049021,-0.05560711171,0,0,0.08007539455,0.07873573765
2017-03-29,-0.03909158461,-0.05678062996,0,0,0.0807688895,0
2017-03-30,-0.03984199094,-0.05691207967,0,0,0.08164604811,0
2017-03-31,-0.03969579505,-0.05761073845,0,0,0.08155949993,0
2017-04-03,-0.03951962524,-0.05796928118,0,0,0.08111818893,0
2017-04-04,0,0,-0.03980767902,0,0.08034629897,0
2017-04-05,0,0,-0.0386875662,0,0.07934967276,0
2017-04-06,0,-0.03817194327,-0.03916527295,0,0.0794007106,0
2017-04-07,0,-0.03805436541,-0.03969683384,0,0.07910863677,0
2017-04-10,0,-0.0386255596,-0.04104675777,0,0.07962921643,0
2017-04-11,0,-0.03838942574,-0.0405243346,0,0.07982939103,0
2017-04-12,0,-0.03811971304,0,0,0.07952320364,0
2017-04-13,0,-0.03762845865,0,0,0.07902096924,0
2017-04-17,0,-0.03830166254,0,0,0.08128033132,0
2017-04-18,0,-0.0384631857,0,0,0.07930942012,0
2017-04-19,0,-0.03833714874,0,0,0.07745699477,0
2017-04-20,0,-0.03843352523,0,0,0.07819197874,0
2017-04-21,0,-0.03824116333,0,-0.03874195122,0.07904125009,0
2017-04-24,0,-0.03863182205,0,-0.03923754182,0.07959858934,0
2017-04-25,0,-0.03849255731,0,-0.03936111666,0,-0.03905549012
2017-04-26,0,-0.03854711455,-0.03853560178,-0.0393633086,-0.03846061786,-0.03905219049
2017-04-27,0,-0.03898617704,-0.03839717562,0,-0.03926000067,-0.03920722844
2017-04-28,0,0,-0.03922065251,-0.03906024073,-0.03918083888,0
2017-05-01,0,0,-0.0404601932,-0.0397779172,-0.04013618009,-0.03933003345
2017-05-02,-0.07605038973,-0.03879772998,-0.03993033465,0,-0.04038390836,0
2017-05-03,-0.07656091493,-0.03852772007,-0.03891673402,0,-0.04013289153,-0.03934365717
2017-05-04,-0.07625582784,-0.03837871874,0,0,-0.04055504477,-0.03959786214
2017-05-05,-0.076226354,-0.03822190178,0,0,-0.04036791677,-0.03939468991
2017-05-08,-0.07543399651,-0.03883507307,0,0,-0.04031528393,-0.03974734727
2017-05-09,-0.07559476887,-0.03900831242,0,0,-0.04061303804,-0.03968414093
2017-05-10,0,-0.03919997776,0,0,-0.04171293522,-0.03996350367
2017-05-11,0,-0.03920877162,0,0,-0.04132727636,-0.04007257765
2017-05-12,-0.03926797235,-0.03983914078,0,0,-0.04198463411,-0.0401038248
2017-05-15,0,-0.03976451799,0,0,-0.04184726022,-0.04034153462
2017-05-16,-0.03896829484,-0.04012378837,0,0,-0.04171169142,-0.04059153286
2017-05-17,0,-0.03901872885,0,0,-0.03986201976,-0.03942496744
2017-05-18,0,-0.03959011521,0,0,-0.04051694599,-0.03977788458
2017-05-19,0,-0.03966860499,0,0,-0.04088386603,-0.03997446527
2017-05-22,0,-0.04015146321,0,0,-0.04095629731,-0.04040439753
2017-05-23,0,-0.04020809443,0,0,-0.04118332007,-0.04069687788
2017-05-24,0,-0.04059740999,0,0,-0.04115621528,-0.04101787703
2017-05-25,0,0,0,0,0,0
2017-05-26,0,-0.03887576474,0,0,-0.03874750605,-0.03889504595
2017-05-30,0,-0.03892483373,0,0,-0.03894912263,-0.03902178435
2017-05-31,0,-0.03882524906,0,0,-0.03889493928,-0.03864783994
2017-06-01,0,-0.03888027091,0,0,-0.0388789629,-0.03869791793
2017-06-02,0,-0.03935255642,-0.03889128503,0,-0.03945294106,-0.03905557819
2017-06-05,0,-0.0395846422,-0.039798286,0,-0.03947601984,-0.03941147736
2017-06-06,-0.03873009099,-0.0392616198,0,0,0,-0.03913220967
2017-06-07,-0.03925070582,-0.03959154246,-0.03923537898,0,0,-0.03937433891
2017-06-08,0,-0.03971084303,0,0,0,-0.03959477372
2017-06-09,0,0,-0.03671123837,-0.03718309658,0,0
2017-06-12,0,0,-0.03694831306,0.03898741951,0.07589845995,0.07808386497
2017-06-13,0,0,-0.03868430719,0.03956815273,0.07652528363,0.07877423931
2017-06-14,0,0,-0.03921078006,0.03949736921,0.0763461608,0.0786495391
2017-06-15,0,0,-0.03867905654,0.03939565171,0.07615748931,0.07805263983
2017-06-16,0,0,-0.03824201267,0.03958445292,0.07640663914,0.0778626585
2017-06-19,0,0,-0.03797812337,0.0400658421,0.07671781846,0.07900473859
2017-06-20,-0.03835874091,0,-0.03824587477,0.03992126325,0,0.07853528917
2017-06-21,-0.0389319314,0,-0.03866537645,0.04034827349,0,0.07929711293
2017-06-22,-0.03868902764,0,-0.0393293604,0.04024123238,0,0.07918995359
2017-06-23,-0.037507849,0,0,0.04060130658,0,0.07980448019
2017-06-26,-0.03713947111,0,0,0.04025852419,0,0.0787589448
2017-06-27,-0.03582907437,0,0,0.03952385178,0,0.07692013306
2017-06-28,-0.03707489395,0,0,0.04020263596,0,0.07793074464
2017-06-29,-0.03590690955,0,0,0.03970363602,0,0
2017-06-30,-0.0354572491,0,0.07738764143,0.03976558379,0,0.1149856908
2017-07-03,0.03760594884,0,0.07588930233,0.03931443035,0,0.1143630202
2017-07-05,0.03851312128,0,0,0.03972042036,0.117065781,0.1156641362
2017-07-06,0.03878741221,0,0.0757189797,0.03948018238,0.1164631441,0.1155694263
2017-07-07,0.03938180153,0,0.07622953034,0.03987925061,0.1187116216,0.1163404147
2017-07-10,0.04098498809,0,0.0764350721,0.04016777896,0.1199217539,0.1168616979
2017-07-11,0.04134466202,0,0.07871451417,0.04041430452,0.1205792815,0.1165478243
2017-07-12,0.04274253536,0,0.07860460055,0.04101310212,0.1229949502,0.1172853583
2017-07-13,-0.07663044708,0,0.07720239308,0,0.122664421,0.1175137545
2017-07-14,-0.078536892,0,0.07809200892,0,0,0.1182588327
2017-07-17,-0.07833974426,0,0.07626855105,0,0,0.1183494844
2017-07-18,-0.07916100892,0,0,0,0,0.1196907545
2017-07-19,-0.07868171861,0,0,0,-0.03900259432,0.1202908875
2017-07-20,-0.07991810047,0,0,0,-0.03899262996,0.1203600991
2017-07-21,-0.08033244789,0,0,0,0,0.1207528272
2017-07-24,-0.07927095345,0,0,0,-0.05516073473,0.1210979449
2017-07-25,-0.07913146946,-0.05559407712,0,0,-0.05505328062,0.117907023
2017-07-26,-0.08026054674,-0.05643655379,0,0,-0.05582413679,0.1177699254
2017-07-27,-0.07746461949,0,0,0,0,0.115988029
2017-07-28,-0.07887103434,0,0,-0.05670223404,0,0.1169000547
2017-07-31,-0.07793870433,0,0,-0.05562840186,0,0.1152901579
2017-08-01,-0.07897917939,0.1111398911,0,-0.05589321181,0,0.1155523503
2017-08-02,-0.0789050899,0.1110696902,0,-0.0556905377,0,0.1156459707
2017-08-03,-0.08012187871,0.1103634951,0,-0.05560520381,0,0.1150569278
2017-08-04,0,0.1105944362,0,-0.05602452543,0,0.1158933834
2017-08-07,0,0.1110817499,0,0,0,0.1158489401
2017-08-08,0,0.1108610629,0,0,0,0.1157114496
2017-08-09,0,0.1101361644,0,0,0,0.1153670439
2017-08-10,0,0,0,0,0,0.1139046139
2017-08-11,0,0.1117263116,0,0.1108898642,0,0.1145305982
2017-08-14,0.1162369039,0.1123066113,0,0.1114733831,0,0.1144101326
2017-08-15,0.1153703579,0.1123532591,0,0.1117465888,0,0.1144192009
2017-08-16,0.1142984396,0.1120205998,0,0.1112805274,0,0.1153684986
2017-08-17,0.1127227576,0.1109598953,0,0.1102073516,0,0.1143241041
2017-08-18,0.1127520029,0.1107255,0,0.1105456715,0,0.1141501457
2017-08-21,0.1114064998,0.1104196133,0,0.1110842718,0,0.1137971672
2017-08-22,0.113016288,0.1111401101,0,0.1114573473,0,0.1153224433
2017-08-23,0.1151730832,0.110018864,0,0.1107474199,0,0.1154866555
2017-08-24,0.1149452214,0.1095681825,0,0.1102986227,0,0
2017-08-25,0.1142959962,0.1090377558,0,0.109663307,0,0
2017-08-28,0.1149325707,0.1089615794,0,0.1101043405,0,0
2017-08-29,0.11482578,0.1099654979,0,0,0,0
2017-08-30,0.1152505295,0.1112754209,0,0,0,0
2017-08-31,0.03385966068,0.03347355105,0,0,0,0
2017-09-01,0,0.033383382,0,0,0,0
2017-09-05,0,0.03295503011,0,0,0,0
2017-09-06,0,0.0330385519,0,0,0,0
2017-09-07,0,0.03342362426,0,0,0,0
2017-09-08,0,0.03297582816,0,0,0,0
2017-09-11,0,0.03337381608,0,0,0,0
2017-09-12,0,0.03352619403,0,0,0,0
2017-09-13,0,0,0,0,0,0
2017-09-14,0,0,0,0,0,0
2017-09-15,0,0,-0.0394135796,0,0,0
2017-09-18,-0.0393871699,0,-0.03999585959,0,0,0
2017-09-19,-0.03929565154,0,-0.03891832995,0,0,0.07794343054
2017-09-20,-0.03892720714,0,-0.03874338435,0,0,0.07872735933
2017-09-21,-0.03779377087,0,-0.03790396259,0,0,0.07858401125
2017-09-22,-0.03736584495,0,-0.03625407134,0,0,0.07810295095
2017-09-25,-0.03564040602,0,-0.03556881843,0,0,0.07723918989
2017-09-26,-0.03588617354,0,0.03819941001,0,0,0.07759841454
2017-09-27,-0.0366509731,0,0.03770324851,0,0,0.07941080693
2017-09-28,-0.03663082622,0,0.03754180432,0,0,0.07979585876
2017-09-29,-0.03728018166,0,0.03771273983,0,0,0
2017-10-02,-0.03731780671,0,0.03774984068,0,0,-0.03849378976
2017-10-03,-0.03737738427,0,0.03846237417,0,0,-0.03865903306
2017-10-04,-0.03766519707,0,0.03919561011,0,0,-0.0384230109
2017-10-05,-0.03766981513,0,0.03925745959,0,0,-0.03918114241
2017-10-06,-0.03782178842,0,0.03947203418,0,-0.03963512581,0
2017-10-09,-0.03875893278,0,0.03801251983,0,-0.03949043687,0
2017-10-10,-0.03945872061,0,0.03937447586,0,-0.03909145853,0
2017-10-11,-0.03989860102,0,0.03928462797,0,-0.03908508542,0
2017-10-12,-0.03992066826,0,0.0394074932,0,-0.03927073308,0
2017-10-13,-0.04072881284,0,0.03945749495,0,0,0
2017-10-16,0,0,0.03895621536,0,-0.03901334812,0
2017-10-17,-0.03895170364,0,0.03948858571,0,-0.0383586666,0
2017-10-18,-0.0388672148,0,0.03986918947,-0.03864772648,-0.03755177244,0
2017-10-19,-0.03893038213,0,0.03902001731,-0.03834457555,-0.03749218977,0
2017-10-20,-0.03877158407,0,0.03829390669,-0.03845501908,-0.03732346693,0
2017-10-23,-0.03870488438,0,0.03738614476,-0.0376284481,-0.03698754644,0
2017-10-24,-0.03915999077,0,0.03746908585,0,-0.03771752004,0.07792025691
2017-10-25,-0.03814348442,0,0,0,-0.03725815085,0.07809898536
2017-10-26,-0.0385787761,0,0.03869133135,0,-0.03756956822,0.07816767335
2017-10-27,-0.03974947908,0,0.03801895407,0,-0.03835884616,0
2017-10-30,-0.04018155608,-0.03943508036,0.03796519693,-0.03900504126,-0.0381739936,0
2017-10-31,0,-0.03918532132,0.03927115911,-0.03899446921,-0.03775054285,0
2017-11-01,-0.03848488198,-0.03919524987,0.0380981,0,-0.03811709058,0
2017-11-02,-0.03832965607,-0.03893933542,0,-0.03847504509,-0.0384502396,-0.03895406502
2017-11-03,-0.03885603613,-0.03957264677,0.05671191319,-0.0384894571,-0.03859779854,-0.03923095385
2017-11-06,-0.03907519496,-0.0399403024,0.05616209007,-0.03880219602,-0.0386646397,-0.03900189317
2017-11-07,-0.03953996277,0,0.05679362459,-0.03883651806,0,-0.03938242603
2017-11-08,-0.03902080721,-0.0560130002,0.0565088334,-0.03870376746,0,-0.03961951714
2017-11-09,0,-0.05573372748,0.05615435657,-0.03858275662,0,-0.03915785956
2017-11-10,0,-0.0555193459,0.05612625063,-0.03838278011,0,-0.03900489987
2017-11-13,-0.0544181746,-0.05554198103,0.05825118325,-0.03833500505,0,-0.03877892364
2017-11-14,-0.05491798735,-0.05602445008,0.05712101544,-0.03825673556,0,-0.03886828784
2017-11-15,-0.0537186518,-0.0553979904,0.0574711251,-0.03814401518,0,-0.03858519937
2017-11-16,-0.05421788623,-0.05600414544,0.05778032648,-0.0385540443,0,-0.0390935034
2017-11-17,-0.05397115014,-0.05545157595,0,-0.03829776641,0,-0.03849415679
2017-11-20,-0.05468859624,-0.05529948541,0,-0.03825812391,0,-0.03846452561
2017-11-21,-0.0553245963,-0.05608116938,0,-0.03901957944,0,-0.03913987786
2017-11-22,-0.05508321263,0,0,-0.03881222255,0,-0.03920535635
2017-11-24,0,0,0,-0.03925425427,0,-0.03940910232
2017-11-27,0,0,0,0,0,0
2017-11-28,0,0,0,0,0,-0.05490685306
2017-11-29,0,0,0,0,0,0
2017-11-30,0,0,0,0.1113645785,0.1095626134,0
2017-12-01,0,0,0,0,0.109411564,0
2017-12-04,0,0,0,0,0,0
2017-12-05,0.1702479772,0,0,0.111810052,0.1106969937,0
2017-12-06,0.1709216063,0,0,0.1134319727,0.1108947996,0
2017-12-07,0.1725185796,0,0,0.1154792939,0.1102797685,0
2017-12-08,0.1716770026,0,0,0,0.1120126449,0
2017-12-11,0.1742639405,0,0,0,0.1104726219,0
2017-12-12,0.1721171277,0,-0.1151825479,0,0.1110029016,0
2017-12-13,0.1684677417,0,0,0,0.1126459692,0
2017-12-14,0.1683818646,0,-0.05485607785,0,0,0
2017-12-15,0.1723415481,0,-0.0555535509,0,0,0
2017-12-18,0.1769053627,0,-0.05446173503,0,0,0
2017-12-19,0.1753669029,0,-0.05323167543,0,0,0
2017-12-20,0.1758154772,0,-0.05284022445,0,0,0
2017-12-21,0.1752204037,0,-0.05333700188,0,0,0
2017-12-22,0.1745812829,0,-0.05227280067,0,0,0
2017-12-26,0.1762984738,0,0.03793767061,0,0,0
2017-12-27,0.1762189761,0,0.03729629665,0,0,0
2017-12-28,0.1763098124,0,0.03771695363,0,0,0
2017-12-29,0.1735140653,0,0.03738551562,0,0,0
2018-01-02,0.1776322151,0,0.03824502954,0,0,0
2018-01-03,0,0,0.03774096677,0,-0.03945928697,0
2018-01-04,0,-0.03898082782,0.03744873565,-0.03871319801,-0.0395927241,-0.03878583019
2018-01-05,0,0,0.03775612508,-0.0393196099,0,-0.03937740937
2018-01-08,-0.03909104834,-0.03915061913,0.04009578781,0,-0.03918443063,-0.03949150909
2018-01-09,-0.03907765671,0,0,-0.0386391101,-0.03867531338,-0.03943832476
2018-01-10,-0.03942876033,-0.03922506216,0,-0.03867683066,-0.03931305522,-0.03938910293
2018-01-11,-0.03955027478,0,0,-0.03871233453,0,-0.03950781545
2018-01-12,-0.03936059234,0,0,0,-0.03965262067,-0.04017318294
2018-01-16,-0.03885372847,-0.03826262343,0,0,0,0
2018-01-17,-0.03966583126,-0.03797191383,0,0,-0.03821137058,0
2018-01-18,-0.03963219268,-0.03793777124,0,0,-0.03872399063,0
2018-01-19,0,-0.03800957291,0,0,-0.03878238837,0
2018-01-22,0,-0.03905880764,0,0,0,0
2018-01-23,0,0,0,0,-0.03811194056,-0.03902087904
2018-01-24,0,-0.03838215172,0,0,0,-0.03890509274
2018-01-25,0,-0.03903719387,0,0,-0.03988433085,-0.03934321038
2018-01-26,0,-0.03977211044,0,0,0,-0.03957550377
2018-01-29,0,0,0,0,0,-0.03960606936
2018-01-30,0,0,0,0,-0.03914530199,-0.03934331764
2018-01-31,0,-0.03876536451,0,0,-0.03791416935,-0.03946615933
2018-02-01,0,-0.03705024861,0,0,-0.03709223663,-0.03935141676
2018-02-02,0,0,0,-0.03849862607,-0.03744515944,-0.03729618269
2018-02-05,0,0,0,-0.03656605037,-0.03549666708,0
2018-02-06,0,0,0.07962829871,-0.03726085954,-0.03697529981,0.08132297482
2018-02-07,0,0,0.08212295529,-0.03616980978,-0.03675336726,0.07901661206
2018-02-08,0,0,0.07555962916,-0.03468350566,-0.03498673881,0.07597129791
2018-02-09,0,0,0,0.03915722262,0,0.07881103412
2018-02-12,0,0,0.1164430189,0.03920832879,0,0.07940389594
2018-02-13,0,0,0.1191093604,0.03840049742,0,0.07920053114
2018-02-14,0,0,0.1183391424,0.03972144266,0,0.08040921843
2018-02-15,0,0,0.1219479462,0.03958863732,0,0.08133508629
2018-02-16,0,0,0.122435081,0.03900672762,0,0.08162282177
2018-02-20,0,0,0.1221051585,0,0,0
2018-02-21,0,0,0.1216341955,0,0,0
2018-02-22,0,0,0.1257403875,0,0,0
2018-02-23,0,0,0.1276036617,0,0,0
2018-02-26,0,0,0.1292983982,0,0,0
2018-02-27,0,0,0.1272683497,0,0,0
2018-02-28,0,0,0,0,0,0
2018-03-01,0,0,0,0,0,0
2018-03-02,0,0,0,0,0,0
2018-03-05,0,0,0,0,0,0
2018-03-06,0,0,0,0,-0.05646869027,0
2018-03-07,0,0,0,0,-0.05572446365,0
2018-03-08,0,0,0,0,-0.05496298914,0
2018-03-09,0,0,0,0,-0.05761090547,0
2018-03-12,0,-0.05558449719,0,0,-0.05576519412,0
2018-03-13,0,-0.05515796569,0,0,-0.05475354211,0
2018-03-14,0,-0.05531569268,0,0,-0.05579666212,0
2018-03-15,0,-0.0549929179,0,0,-0.0556955914,0
2018-03-16,0,-0.05460986785,0,0,0,0
2018-03-19,0,0,0,0,0,0
2018-03-20,0,0,0,0,0,0
2018-03-21,0,0,0,0,0,0
2018-03-22,0,0,0,0,0,0
2018-03-23,0,0,0,0,0,0.1086523502
2018-03-26,0.1130003697,0.1118645685,0,0,0.1139131934,0.1103141271
2018-03-27,0,0.1105364577,0,0,0.1098033223,0.1082191694
2018-03-28,0.1107220718,0,0.05461562253,0,0,0
2018-03-29,0.1138880272,0.1124305201,0.05543256023,0,0.1123968341,0.1680297878
2018-04-02,0.111330162,0.1091512521,0.05385948238,0,0.1092417841,0.1680211081
2018-04-03,0.112450811,0.1097274349,0.05654448848,0,0.1095411347,0.1674686137
2018-04-04,0.1117932197,0.1101022388,0.0600551144,0,0.1104873537,0.1676299647
2018-04-05,0.1089384717,0.1128470263,0,0,0.1119450023,0.1674104073
2018-04-06,0.1067917882,0.1106419369,0,0,0.1114161582,0.165846985
2018-04-09,0.03312127198,0.03289170856,0,0,0.03312477544,0.05000494918
2018-04-10,0.03489109233,0.0334508616,0,0,0.03390689347,0.05058872592
2018-04-11,0.03464400823,0.03324552229,0,0,0,0
2018-04-12,0.03586935048,0,0,0,0,0
2018-04-13,0.03541214951,0,0,0,0,0
2018-04-16,0.03541068138,0,0,0,0,0
2018-04-17,0.03630254404,0,0,0,0,0
2018-04-18,0,0,0,0,0,0
2018-04-19,0,0,0,0,0,0
2018-04-20,0,0,0,0,0,0
2018-04-23,0,0,0,0,0,0
2018-04-24,0,0,0,0,0,0
2018-04-25,0,0,0,0,0,0
2018-04-26,0.05036990116,0,0,0,0,0
2018-04-27,0.05060557265,0,0,0,0,0
2018-04-30,0.05030192117,0,0,0,0,0
2018-05-01,0.05077747434,0,0,0,0,0
2018-05-02,0.05060133194,0,0,0,0,0
2018-05-03,0.05200404094,0,0,-0.04954877896,0,0
2018-05-04,0.05332596255,0,0,-0.05025520816,0,0
2018-05-07,0,0,0,-0.05055940366,0,0
2018-05-08,0,0,0,-0.05084300788,0,0
2018-05-09,0,0,0,-0.05196102012,0,0
2018-05-10,0,0,0,-0.05282056435,0,0
2018-05-11,0,0,0,-0.05326887717,0,-0.05011276604
2018-05-14,0,0,0,-0.05317164976,0,-0.05026134836
2018-05-15,0,0,0,-0.05242431299,0,-0.04919331281
2018-05-16,0,0,0,-0.05208733214,0,-0.04914054945
2018-05-17,0,0,0,-0.05224816787,0,-0.04901379156
2018-05-18,0,0,0,-0.05189781724,0,-0.04844665129
2018-05-21,0,0,0,-0.05247315331,0,-0.04915477572
2018-05-22,0,0,0,-0.05224604098,0,-0.04873148605
2018-05-23,0,0,0,-0.05319978109,0,-0.04928134385
2018-05-24,0,0,0,-0.0529078438,0,-0.04924345889
2018-05-25,0,0,0,-0.05260205922,0,-0.04916411586
2018-05-29,0,0,0,-0.05280928665,0,-0.04841418422
2018-05-30,0,0,0,-0.05341008872,0,-0.04888793339
2018-05-31,0,0,0,0,0,-0.04997410838
2018-06-01,0,0,0,0,0,-0.051646309
2018-06-04,0,0,0,0,0,0
2018-06-05,0,0,0,0,0,0
2018-06-06,0,0,0,0,0,0
2018-06-07,0,0,0,0,0,0
2018-06-08,0,0,0,0,0,0
2018-06-11,0,0,0,0,0,0
2018-06-12,0,0,0,0,0,0
2018-06-13,0,0,0,0,0,0
2018-06-14,0,0,0,0,0,0
2018-06-15,0,0,0,0,0,0
2018-06-18,0,0,0,0,0,0
2018-06-19,0,0,0,0,0,0
2018-06-20,0,0,0,0,0,0
2018-06-21,0,0,0,0,0,0
2018-06-22,0,0,0,0,0,0
2018-06-25,0,0,0,0,0,0
2018-06-26,0.1655183418,0,0,0,0,0
2018-06-27,0.1619242053,0,0,0,0,0
2018-06-28,0,0,0,0,0,0
2018-06-29,0.1083092769,0,0,0,0,0
2018-07-02,0,0,0,0,0,0
2018-07-03,0,0,0,0,0,0
2018-07-05,0.1126944686,0,0.1093679102,0,0,0
2018-07-06,0.1145959541,0,0.1090530573,0,0,0
2018-07-09,0.1149931205,0,0.1119662709,0,0,0
2018-07-10,0.1164615103,0,0.112992522,0,0,0
2018-07-11,0.11427217,0,0.1121957486,0,0,0
2018-07-12,0.115874043,0,0.1113022778,0,0,0
2018-07-13,0.1150402452,-0.05578609321,0.1121072868,-0.05537521749,0,0
2018-07-16,0.1150234766,0,0.109499962,-0.05559283037,0,0
2018-07-17,0.1169641368,0,0.1133606304,-0.05604404057,0,0
2018-07-18,0.1160766241,-0.05538775712,0.1137975707,-0.05589033967,0,0
2018-07-19,0.1162149512,-0.05448112519,0.1125121157,-0.05554467947,0,0
2018-07-20,0.1163116259,-0.05479626412,0.1107683425,-0.05633995786,0.1655363006,0
2018-07-23,0.1164092469,-0.05481180948,0,-0.05698391992,0.1674015196,0
2018-07-24,0.1169617123,-0.05606177385,0.1093385408,0,0.1661857778,0
2018-07-25,0.1176659336,-0.0567381396,0.1127470839,-0.05557697148,0.1676530734,0
2018-07-26,0.1174964849,-0.05432521219,0.1105193443,0,0.1655608532,0
2018-07-27,0.1177750103,-0.0553456224,0.1085614757,0.1641421337,0.1641683305,0
2018-07-30,0.1158583975,-0.05502774263,0,0,0,0
2018-07-31,0.1157528792,-0.05475888758,0,0.1675956945,0.1124737267,0
2018-08-01,0.1165652475,-0.05539108797,0,0.1667659179,0.1128333431,0
2018-08-02,0.1176521612,-0.05611867354,0,0.1700855185,0.1140252872,0
2018-08-03,0.1181553378,-0.05569060599,-0.05560393115,0,0.1133747257,0
2018-08-06,0.1186172382,-0.05622787777,-0.05441390193,0,0.1155310211,0
2018-08-07,0.1206291173,-0.05698240897,0,0,0,0
2018-08-08,0.1213435629,0,-0.05568910839,0,0,0
2018-08-09,0.1202104775,0,-0.0529053066,0,0,0
2018-08-10,0.1195758496,0,-0.05342783314,0,0,0
2018-08-13,0.1201416709,0,-0.05354008936,0,0,0
2018-08-14,0.1221672474,0,-0.05202453169,0,0,0
2018-08-15,0.1210398865,0,-0.05067293249,0,0,0
2018-08-16,0.1203075789,0,-0.05020231002,0,0,0
2018-08-17,0.1148154684,0,0,0,0.05527623251,0.1107667806
2018-08-20,0.1150686607,0,0.1160848107,0,0.05661467474,0.1102084976
2018-08-21,0.1165664075,0,0.1200725795,0,0.05787265572,0.1088220083
2018-08-22,0.1202450339,0,0.1192883152,0,0.05863400834,0.1085843361
2018-08-23,0,0,0.1190008413,0,0.05787485817,0.1087912389
2018-08-24,0,0,0.1193255419,0,0.06087763504,0.1095498823
2018-08-27,0,0,0.1179120353,0,-0.05505439529,0
2018-08-28,0,0,0.1155165305,0,-0.05580964715,-0.05516603148
2018-08-29,0,0,0.03275835741,0,-0.03339951779,-0.01678975914
2018-08-30,0,0,0.03256937186,0,-0.03367746859,-0.01665972277
2018-08-31,0,0,0,0,-0.03336334634,-0.01635192013
2018-09-04,0,0,0,0,-0.03297195026,-0.01606959787
2018-09-05,0,0,0,0,-0.03087109663,-0.01587277492
2018-09-06,0,0,0,0,-0.03137691194,0
2018-09-07,0,0,0,0,-0.03157876128,0.05019638794
2018-09-10,0,0,0,0,-0.03155693942,0.0500927225
2018-09-11,0,0,0,0,-0.03223949548,0.05073145596
2018-09-12,0,0,0,0,-0.03357836893,0.05005025619
2018-09-13,0,0,0,0,-0.0333945003,0.05046954505
2018-09-14,0,0,0,0,-0.03306396261,0.05028450279
2018-09-17,0,0,0,0,-0.03175885342,0.0494842948
2018-09-18,0,0,0,0,-0.03336904515,0.04985760221
2018-09-19,0,0,0,0,-0.03329414993,0.05014498499
2018-09-20,0,0,0,0,-0.03311970711,0.05083881033
2018-09-21,0,0,0,0,0,0.05005817268
2018-09-24,0,0,0,0,0,0.05035991292
2018-09-25,0,0,0,0,0,0.05094055367
2018-09-26,0,0,0,0,0,0.05094743383
2018-09-27,0,0,0,0,0,0.05148568843
2018-09-28,0,0,0,0,0,0.05147436426
2018-10-01,0,0,0,0,0,0.05153301338
2018-10-02,0,0,0,0,0,0.05149702168
2018-10-03,0,0,0,0,0,0.05165433517
2018-10-04,0,0,0,0,0,0.05025894603
2018-10-05,0,0,0,0,0,0.04988410023
2018-10-08,0,0,0,0,0,0
2018-10-09,0,0.05020413231,0,0,0,0
2018-10-10,0,0,0,0,0,0
2018-10-11,0,0.04984551628,0,0,0.0493893896,0
2018-10-12,0,0.05160300179,0,0,0.051976849,0
2018-10-15,0,0.05089569803,0,0,0.05108364349,0
2018-10-16,0,0.0524052124,0,0,0.05292057934,0
2018-10-17,0,0,0,0,0,0
2018-10-18,0,0,0,0,0,0
2018-10-19,0,0,0,0,0,0
2018-10-22,0,0,0,0,0,0
2018-10-23,0,0,0,0,0,0
2018-10-24,0,0,0,0,0,0
2018-10-25,0,0,0,0,0,0
2018-10-26,0,0,0,0,0,0
2018-10-29,0,0,-0.04953377066,0,0,0
2018-10-30,0,0,-0.04876581756,0,0,0
2018-10-31,0,0,-0.04991739344,0,0,0
2018-11-01,0,0,-0.05099987515,0,0,0
2018-11-02,0,0,-0.05133159942,0,0,0
2018-11-05,0,0,-0.05055168123,0,0,0
2018-11-06,0,0,-0.0504987939,0,0,0
2018-11-07,0,0,-0.0516042995,0,0,0
2018-11-08,0,0,-0.05210955632,0,0,0
2018-11-09,0,0,-0.05197071693,0,0,0
2018-11-12,0,0,-0.04897979842,0,0,0
2018-11-13,0,0,-0.05013685246,0.05559489561,0,0
2018-11-14,0,0,0,0.05639179108,0,0
2018-11-15,0,0,0,0.05625525118,0,0
2018-11-16,0,0,0,0.0546581725,0,0
2018-11-19,0,0,0,0.05169375126,0,0
2018-11-20,0.06106526153,0.05712694768,0,0.05159347209,0,0
2018-11-21,0.05927799398,0.0579421534,0,0.05252703449,0,0
2018-11-23,0.05945400834,0.0574370138,0,0,0,0
2018-11-26,0.0619256938,0.05966936724,0.1169805728,0,0,0
2018-11-27,0.06219839654,0,0.1162727629,0,0,0
2018-11-28,0.06451188725,0,0.1171512332,0,0,0
2018-11-29,0.06369239645,0,0.1152735735,0,0,0
2018-11-30,0.06578072955,0,0.1177594615,0,0,0
2018-12-03,0,0,0.1196972293,0,0,0
2018-12-04,0,-0.104743326,0.1194090429,0,0,0
2018-12-06,0,-0.1067636408,0.1206230836,0,0,0
2018-12-07,0,-0.1020848735,0.1186104414,0,0,0
2018-12-10,0,-0.1026628718,0.1207921696,0,0,0
2018-12-11,0,-0.1027606129,0.1212769407,0,0,0
2018-12-12,0,-0.1041678285,0.1213845525,0,0,0
2018-12-13,0,-0.1034324997,0.1242633169,-0.110122604,0,0
2018-12-14,0,-0.09916649911,0.1204630687,-0.109268622,0,0
2018-12-17,0,0,0.1147843925,-0.106348598,0,0
2018-12-18,0,0,0.1117454986,-0.1096812406,0,0
2018-12-19,0,0,0.1096744965,-0.1010578745,0,0
2018-12-20,0.05464648079,0,0.1046358513,-0.1019147558,0,0
2018-12-21,0.05211390068,0,0.1054936499,-0.09492045883,0,0
2018-12-24,0.05143234315,0.05563632505,0,0.1123106398,0.05385113975,0
2018-12-26,0.05201051682,0.05879079054,0.1753136035,0.1172818666,0.0563929718,0
2018-12-27,0.05155325758,0.05875909559,0.1709434132,0.1182601875,0.0571444738,0
2018-12-28,0.05199864415,0.05881884119,0.1787168614,0.1159197246,0.05668152225,0
2018-12-31,0.05188448152,0.05970773152,0.1779527094,0.1139608767,0,0
2019-01-02,0.05323989369,0.06152967942,0.1667597173,0.1186156925,0,0
2019-01-03,0.05070591916,0.060795023,0.1637155014,0.1167428732,0,0
2019-01-04,0.05302716894,0,0.1701852291,0,0,0
2019-01-07,0.05516920128,0,0.1772987019,0,0,0
2019-01-08,-0.05294199467,0,0.1768085953,0,0,0
2019-01-09,-0.05400997876,0,0.1785738062,-0.1119427076,0,0
2019-01-10,-0.05488119552,0,0.1815322104,-0.1116496248,0,0
2019-01-11,-0.05623291787,0,0.1827090728,-0.1113227281,0,0
2019-01-14,-0.05733462118,0,0.17747005,-0.1135305977,0,0
2019-01-15,0,0,0.1825160751,0,0,0
2019-01-16,0,0,0.05012062081,0,0,0
2019-01-17,0,0,0.05029393553,0,0,0
2019-01-18,0,0,0.0440576691,0,0,0
2019-01-22,0,0,0.04359204819,0,0,0
2019-01-23,0,0,0.04200918513,0,0,0
2019-01-24,0,0,0,0,0,0
2019-01-25,0,0,0,0,0,0
2019-01-28,0,0,0,0,0,0
2019-01-29,0,0,0,0,0,0
2019-01-30,0,0,0,0,0,0
2019-01-31,0,0,0,0,0,0
2019-02-01,0,0,0,-0.1164268726,0,-0.03871239325
2019-02-04,0,0,0,-0.1193049075,0,-0.03963127899
2019-02-05,0,0,0,-0.120860254,0,0
2019-02-06,0,0,-0.07683498663,-0.1199695539,0,-0.1134483079
2019-02-07,0,0,-0.07391990823,-0.1161922152,0,0
2019-02-08,0,0,-0.07352740784,-0.1168851088,0,0
2019-02-11,0,0,-0.07526656508,-0.1158808797,0,0
2019-02-12,0,0,-0.07496087962,-0.1152676999,0,0
2019-02-13,0,0,-0.07397096045,-0.1144125853,0,0
2019-02-14,0,0,-0.07283180065,-0.1141987345,0,0
2019-02-15,0,0,-0.07381539903,-0.113185957,0,0
2019-02-19,0,0,-0.07322831058,-0.1129625081,0,0
2019-02-20,0,0,-0.07245053113,-0.113088246,0,0
2019-02-21,0,0,-0.06942738768,-0.1108401138,0,0
2019-02-22,0,0,-0.07029486956,0.1173832637,0,0
2019-02-25,0,0,-0.07119128734,0.1192421811,0,0
2019-02-26,0,0,-0.07098425252,0.1189036703,0,0
2019-02-27,0,0,-0.07538233453,0.1185375986,0,0
2019-02-28,0,0,-0.07678394681,0.1178091051,0,0
2019-03-01,0,0,-0.03193888019,0.03318981983,0,0
2019-03-04,0,0,-0.03085615852,0,0,0
2019-03-05,0,0,-0.02987395625,0,0,0
2019-03-06,0,0,-0.02984058012,0,0,0
2019-03-07,0,0,-0.02987951702,0,0,0
2019-03-08,0.05160033067,0,-0.03066969867,0,0,0
2019-03-11,0.05503931498,0,-0.03131181909,0,0,0
2019-03-12,0.0554394347,0,-0.03045899294,0,0,0
2019-03-13,0.05743535161,0,-0.03101508046,0,0,0
2019-03-14,0.05645795095,0,-0.03115823618,0,0,0
2019-03-15,0.05773345618,0,-0.02950804458,0,0,0
2019-03-18,0.05742624287,0,0,0,0,0
2019-03-19,0,0,0,0,0,0
2019-03-20,0,0,0,0,0,0
2019-03-21,0,0,0,0,0,0
2019-03-22,0,0,0,0,0,0
2019-03-25,0,0,0,0,0,0
2019-03-26,0,0,0,0,0,0
2019-03-27,0,0,0,0,0,0
2019-03-28,0,0,0,0,0,0
2019-03-29,0,0,0,0,0,0
2019-04-01,0,0,0,0,0,0
2019-04-02,0,0,0,0,0,0
2019-04-03,0,0,0,0,0,0
2019-04-04,0,0,0,0,0,0
2019-04-05,0,0,0,0,0,0
2019-04-08,0,0,0,0,0,0
2019-04-09,0,0,0,0,0,0
2019-04-10,0,0,0,0,0,0
2019-04-11,0,0,0,0,0,0
2019-04-12,0,0,0,0,0,0
2019-04-15,0,0,0,0,0,0
2019-04-16,0,0,0,0,0,0
2019-04-17,0,0,0,0,0,0
2019-04-18,0,0,0,0,0,0
2019-04-22,0,0,0,0,0,0
2019-04-23,0,0,0,0,0,-0.05614062409
2019-04-24,0,0,0,0,0,-0.05564900739
2019-04-25,0,0,0,0,0,-0.05598898692
2019-04-26,0,0,0,0,0,0
2019-04-29,0.1673335257,0,0,0,0,-0.05617162296
2019-04-30,0.1678730324,0,0,0,0,0
2019-05-01,0.167864183,0,0,0,0,0.1092586135
2019-05-02,0.1700912401,0,0,0,0,0
2019-05-03,0.1699525213,0,0,0,0,0
2019-05-06,0.167678539,-0.05625648413,0,0,0,0
2019-05-07,0,-0.05574711168,0,0,0,0
2019-05-08,0,-0.0556481574,0,0,0,0
2019-05-09,0,-0.05510013367,0,0,0,0
2019-05-10,0,-0.05480227966,0,0.1110091384,0,0
2019-05-13,0,-0.05295974899,0,0.10722166,0,0
2019-05-14,0,0.0555664577,0,0.1068591506,0,0
2019-05-15,0,0.05626645081,0,0.1096727428,0,0
2019-05-16,0,0.05727461329,0,0.1099296715,0,0
2019-05-17,0,0.05623754973,0,0.1091710376,0,0
2019-05-20,0,0.05603784509,0,0.1078474789,0,0
2019-05-21,0,0.05592725647,0,0.1089566977,0,0
2019-05-22,0,0.05597215431,0,0.1092121502,0,0
2019-05-23,0,0,0,0.1069518894,0,0
2019-05-24,0,0.1656634359,0,0.1071971833,0,0
2019-05-28,0,0.1663394373,0,0.1087820721,0,0
2019-05-29,0,0.1651370547,0,0,0,0
2019-05-30,0,0.1649194939,0,0,0,0
2019-05-31,0,0.1617799859,0,0,0,0
2019-06-03,0,0,0,0.1578460666,0,0
2019-06-04,0,0.11790417,0,0.1601900177,0,0.03898209592
2019-06-05,0,0.118408697,0,0.1606884134,0,0.03858377478
2019-06-06,0,0.1193280223,0,0.1606247163,0,0.0386468976
2019-06-07,0,0,0,0.1644225186,0,0.03917068101
2019-06-10,0,0,0,0.1654987437,0,0.03962212678
2019-06-11,-0.07766262689,0,-0.07698559129,0.1679957448,0,0.03941650805
2019-06-12,-0.07515569792,0,-0.07404500045,0.1647523292,0,0.03926069253
2019-06-13,-0.07621344223,0,-0.07568914004,0.1670368152,0,0.03969336665
2019-06-14,-0.07398519802,0,-0.07567079202,0.1698266492,0,0.03932674323
2019-06-17,-0.07391059512,0,-0.07893766417,0.1763653993,0,0.03945520442
2019-06-18,-0.07822351048,0,-0.07915201634,0.1765666193,0,0.04002441272
2019-06-19,-0.07853013778,0,-0.07993431671,0,0,0.04009180848
2019-06-20,-0.07885791343,0,-0.07735875044,0,0,0.04031786793
2019-06-21,-0.07759457632,0,-0.07808146272,0,0,0.04072405796
2019-06-24,-0.07814812296,0,0,0,0,-0.05531863641
2019-06-25,-0.07721992186,0,-0.1082259316,0,0,-0.05365090007
2019-06-26,0,0,-0.108271327,0,0,0
2019-06-27,-0.1673946845,0,-0.1103102067,0,0,0
2019-06-28,-0.1686449068,0,-0.1107647038,0,0,0
2019-07-01,0,0,-0.1138129026,0,0,0
2019-07-02,-0.1083215566,0,-0.1121230084,0,0,0
2019-07-03,-0.1093737226,0,-0.1180519312,-0.05626466471,0,0
2019-07-05,-0.1075333288,0,-0.1169874999,-0.05595996833,0,-0.1123660667
2019-07-08,-0.1049639065,0,-0.1150077642,-0.05549074424,0,-0.1102208844
2019-07-09,-0.1051614737,0,0,-0.05653901824,0,-0.1110992738
2019-07-10,-0.1075062911,0,0,-0.05781038466,0,0
2019-07-11,-0.1120973986,0,0,-0.05759502276,0,-0.1109446332
2019-07-12,-0.113240883,0,0,0,0,-0.1113095063
2019-07-15,-0.1130394413,0,0,-0.05537585298,0,-0.1118399069
2019-07-16,-0.1129267475,0,0,-0.05536456068,0,-0.1121422838
2019-07-17,-0.1147697632,0,0,-0.05484174108,0,-0.111552552
2019-07-18,-0.1150978944,0,0,-0.05456941787,0,-0.1116111506
2019-07-19,-0.1135394933,0,0,-0.05373109549,0,-0.1097159921
2019-07-22,-0.1159162054,0,0,-0.05501042712,0,-0.1108752004
2019-07-23,0,0,0,-0.05519277346,0,-0.1120837818
2019-07-24,-0.0784877369,0,0,-0.0558460913,0,-0.1113233519
2019-07-25,-0.07588225903,0,0,-0.0545626704,0,-0.1105366946
2019-07-26,-0.07736356031,0,0,-0.05482728977,0,0
2019-07-29,0,0,0,-0.05364789318,0,-0.03873618485
2019-07-30,0,0,0,0.03915860861,0,-0.03827404766
2019-07-31,0,0.07652949721,0,0.0386632825,0,-0.03803068655
2019-08-01,0,0.07610291498,0,0.03838650022,0,-0.03785176329
2019-08-02,0,0,0,0.0376815587,0,0
2019-08-05,0,0,0,0,0,0
2019-08-06,0.07700404261,0.03877304345,0,0.07808395304,0,0
2019-08-07,0.07769153775,0.03884838529,0,0.07826322689,0,0
2019-08-08,0.07948604522,0.03949923175,0,0.07996680692,0,0
2019-08-09,0.07771398834,0.03909320205,0,0.07927809356,0,0
2019-08-12,0.07656094442,0.03871589772,0,0.07845999329,0,0
2019-08-13,0.07853418872,0.03939429183,0,0.07940757476,0,0
2019-08-14,0.07613511046,0.03837656153,0,0.07633683464,0,0
2019-08-15,0.07545172984,0.03865081708,0,0.07753567375,0.03839406662,0
2019-08-16,0.08034437128,0.03872933658,0,0.07744820569,0.03902636507,0
2019-08-19,0.08530749415,0.03892488173,0,0.07786292152,0.039556084,0
2019-08-20,0.08419787443,0.03876732185,0,0.07719121127,0.0383844591,0
2019-08-21,0.08572012137,0.03916974552,0,0.07693573729,0.03816040916,0
2019-08-22,0.08593344861,0.03880401751,0,0.0763811905,0.03808672925,0
2019-08-23,0.08210561841,0,0,0,0.03770507606,0
2019-08-26,0.08346182754,0,0,0,0.03808767321,0
2019-08-27,0.081812905,0,0,0,0.03766621796,0
2019-08-28,0.0816099011,0,0,0,0.03776640042,0
2019-08-29,0.08423465126,0,0,0,0.03827807074,0
2019-08-30,0.08450316273,0,0,0,0.03789232986,0
2019-09-03,0.0829933522,0,0,0,0,0
2019-09-04,0.08511627654,0,0,0,0,0
2019-09-05,0,0,0,0,0,0
2019-09-06,0,-0.0774737375,0,0,0,0
2019-09-09,0,-0.07737540458,0,0,0,0
2019-09-10,0,-0.07688401605,0,0,0,0
2019-09-11,0,-0.07699499557,0,0,0,0
2019-09-12,-0.03843375759,-0.07790344317,0,0,0,0
2019-09-13,-0.03793392462,-0.07769714848,0,0,0,-0.03910010806
2019-09-16,-0.0374998735,-0.07621743107,0,0,0,-0.03875942645
2019-09-17,-0.03770688497,-0.07689481313,0,0,0,-0.03873317687
2019-09-18,-0.03743643363,-0.0765911485,0,0,-0.07670984826,-0.03877539637
2019-09-19,-0.0367462201,-0.07664067533,0,0,-0.07528627512,-0.03890599912
2019-09-20,-0.03571480384,-0.07517713866,0,0,0,-0.03846590549
2019-09-23,-0.03615839678,0,0,0,0,-0.03861646018
2019-09-24,-0.03564539631,0,0,0,0,-0.03806711571
2019-09-25,-0.03683167961,0,0,0.07828300469,0.04022597087,-0.0389389444
2019-09-26,-0.03668711827,0,0,0.07721385167,0.04005014178,-0.03886656368
2019-09-27,-0.03552068026,0,0,0.07589764502,0.04000155123,-0.03834229976
2019-09-30,0,0,0,0.0762412977,0.0406511699,-0.03815367955
2019-10-01,0,0,0,0,0.04097146222,-0.03770140711
2019-10-02,0,0,0,0.07758826536,0.04077014331,0.03824420765
2019-10-03,0,0.0390151126,0,0,0.04067745616,0.03851286897
2019-10-04,0,0.03928467605,0,0,0,0.03913526466
2019-10-07,0,0.03913643569,0,0,0,0.03905726903
2019-10-08,0,0.03856942722,0,0,0,0.03851771304
2019-10-09,0,0.0389121635,0,0,0,0.0388848907
2019-10-10,0,0.03886570271,0,0,0,0.03910611445
2019-10-11,0,0.03909478941,0,0,-0.07717865645,0.0392733728
2019-10-14,0,0.0392178073,0,0,-0.07793004559,0.03936120996
2019-10-15,0,0.0398483995,0,0,-0.07744770813,0
2019-10-16,0,0.04008807968,0,0,-0.0780262881,0
2019-10-17,0,0.0403834109,0,0,-0.08008940392,0
2019-10-18,0,0.03952082072,0,0,0,-0.03838418818
2019-10-21,0,0,0,0,0,-0.03837144673
2019-10-22,0,0,0,0,0,-0.03827283121
2019-10-23,0,0,0,0,0,-0.03879911401
2019-10-24,0,0,0,0,0,-0.03884654271
2019-10-25,0,0,0,0,0,-0.03901291804
2019-10-28,0,0,0,0,0,-0.03980477436
2019-10-29,0,0,0,0,0,-0.03889622974
2019-10-30,0,0,0,0,0,-0.03889750611
2019-10-31,0,0,0,0,0,-0.03883660933
2019-11-01,0,0,0,0,0,-0.03926786177
2019-11-04,0,0,0,0,0,-0.03982502213
2019-11-05,-0.03866523056,-0.0773353366,0,0,0,-0.03987036559
2019-11-06,-0.0382757513,-0.07703157033,0,0,0,-0.03983185521
2019-11-07,-0.03844895584,-0.07679136598,-0.0395961841,0,0,-0.04036777138
2019-11-08,-0.03834750411,-0.07669552588,-0.03978696325,0,0,-0.04043339312
2019-11-11,-0.03843273852,-0.07610700064,-0.04073726145,0,0,0
2019-11-12,-0.03873965436,-0.07646452235,-0.04135444001,0,0,0
2019-11-13,-0.03848149414,-0.07526509665,-0.04083300412,0,0,0
2019-11-14,-0.03873258693,-0.07537966979,-0.04124293891,0,0,0
2019-11-15,-0.03764784816,-0.07462976559,-0.04151979961,0,0,0
2019-11-18,-0.03915932157,0.1119291723,-0.04128371739,0,0,0
2019-11-19,-0.03835870755,0.1119188595,0,-0.02801482779,-0.1656977147,0
2019-11-20,-0.03903287842,0.1117009516,0,-0.02782161875,-0.1674678359,0
2019-11-21,-0.03900994354,0.1114711907,0,-0.02799697665,-0.1717642879,0
2019-11-22,-0.03909807366,0.1120535718,0,-0.0280914991,-0.1709066478,0
2019-11-25,0,0.02826070422,0.1091411784,-0.02797046304,-0.1712428058,0
2019-11-26,0,0.02863880389,0,-0.02786546764,-0.1696418686,0
2019-11-27,0,-0.05614809476,0.1112720207,0,-0.1720361053,0
2019-11-29,0,-0.05556213625,0.1107405633,-0.05546055758,-0.1712238961,0
2019-12-02,0,-0.0546787433,0.1118002728,-0.05463620093,-0.1677897383,0
2019-12-03,0,-0.05413844165,0.1118660536,0,-0.1651581939,0
2019-12-04,0,-0.0538429776,0.1107867508,0,-0.1641292738,0
2019-12-05,0,-0.05316112321,0,0,-0.1631459894,0
2019-12-06,0,-0.0536487537,0,0,-0.1660226384,0
2019-12-09,0,-0.05344131125,0,0,-0.1629654119,0
2019-12-10,0,-0.0528430271,0,0,-0.1570690079,0
2019-12-11,0,-0.05331335418,0,0,-0.1607291452,0
2019-12-12,0,0,0,0,-0.1604403733,0
2019-12-13,-0.05543779826,0,0,0,-0.1604809955,0
2019-12-16,-0.05591259153,0,0,0,-0.1641017065,0
2019-12-17,-0.0570839254,0,0,0,-0.1713565234,0
2019-12-18,-0.05744832244,-0.1103216076,0,0,0,0
2019-12-19,-0.0590557402,-0.111053825,0,0,0,0
2019-12-20,0,-0.1107809572,0,0,-0.05577691624,0
2019-12-23,-0.05504995161,-0.1111230452,0,0,-0.05511754768,0
2019-12-24,-0.05498930719,-0.1108588412,0,0,-0.05511951559,0
2019-12-26,-0.05538158073,0,0,0,-0.05528567866,0
2019-12-27,-0.05476538211,-0.05500940297,0,0,-0.05461850141,0
2019-12-30,-0.05362442713,-0.05424537884,0,0,0,0
2019-12-31,-0.05435116781,-0.05431215534,0,0,0,0
2020-01-02,-0.05555710048,-0.05592879222,0,0,0,0
2020-01-03,-0.05458225619,-0.05516336505,0,0,0,0
2020-01-06,-0.05494939774,-0.05612570448,-0.05709870745,0,0,0
2020-01-07,-0.05572388594,-0.05635355359,0,0,0,-0.0552924083
2020-01-08,-0.05594059079,-0.0560258775,0,0,0,-0.0557978702
2020-01-09,-0.05655191814,-0.0562917223,-0.05361624675,0,0,0
2020-01-10,0,-0.05577533149,-0.05327366513,0,0,-0.05541016255
2020-01-13,0,-0.05628207148,0,0,0,-0.05610422938
2020-01-14,0,-0.05554293837,-0.05476138841,0,0,-0.05564766162
2020-01-15,0,0,-0.05270590965,0,0,-0.05589933551
2020-01-16,0,0,-0.05219227839,0,0,-0.05632033099
2020-01-17,0,0,-0.05190123386,0,0,0
2020-01-21,0,0,-0.05585148462,0,0,-0.05571499202
2020-01-22,0,0,0,0,0,0
2020-01-23,0,0,-0.05631590079,0,0,0
2020-01-24,0,0,-0.05554921302,0,0,0
2020-01-27,0,0,-0.05484376291,0,0,0
2020-01-28,0,0.111653337,-0.0557300752,0,0,0
2020-01-29,0,0.112156256,0,0,0,0
2020-01-30,0,0.1128353,0,0,0,0
2020-01-31,0,0,-0.05645823983,0,0,0
2020-02-03,0,-0.05530364626,0,0,0,0
2020-02-04,0,-0.05663178196,-0.05577668073,0.1127628188,-0.05675075635,0
2020-02-05,0,-0.05600004716,0,0.1121901199,-0.05648814503,0
2020-02-06,0,-0.05647825108,-0.05958849235,0.1129729153,-0.05626557598,0
2020-02-07,0,-0.05727327947,-0.05951225823,0.1137555191,-0.05623284881,0
2020-02-10,0,0,-0.06154623651,0.1144954447,-0.05706599231,0
2020-02-11,-0.05573308695,-0.05561191892,-0.0620454325,0.1117947566,-0.05770311896,0
2020-02-12,-0.05668274724,-0.05583231249,-0.06145811923,0.113685441,-0.05866064752,0
2020-02-13,-0.056397784,-0.05565048004,-0.06449122168,0.1151347472,-0.05895998534,-0.05584192616
2020-02-14,0,-0.05538854861,-0.06431950411,0.1159610675,-0.05893985174,-0.05616710115
2020-02-18,0,-0.0563087643,-0.06948183309,0.1187234043,0,-0.05657572779
2020-02-19,0,-0.05716214281,0,0.1195442852,0,-0.05725197169
2020-02-20,-0.05471593168,-0.05668326361,-0.05467501968,0.1178866537,0,-0.05692803032
2020-02-21,-0.05197513168,-0.0550228945,-0.05461648406,0.1151421852,0,-0.05551202103
2020-02-24,0,0,-0.05015105517,0.1091084136,0,-0.05272070095
2020-02-25,0,0,-0.04809417772,0,0,0
2020-02-26,0,0.1110869493,-0.04660405761,0.1658551682,0.1144672088,0.1102070476
2020-02-27,0,0.1068918637,0,0.1613283737,0,0
2020-02-28,0,0,0,0,0,0.1735057519
2020-03-02,0,0.1691722262,0,0,0,0.1778185834
2020-03-03,0,0.1669704117,0,0,0,0.1733401291
2020-03-04,0,0.1704951934,0,0.167476391,0,0.1766212583
2020-03-05,0,0.1692012708,0,0.1648144936,0,0.1712916785
2020-03-06,0,0.1685537035,0,0.1625036446,0,0.1701968749
2020-03-09,0,0.16484274,0,0,0,0
2020-03-10,0,0.1711870644,0.1080323838,0.05630874552,0.1127776393,0.168332346
2020-03-11,0,0.1687617505,0.108748997,0.05510113027,0.1110047814,0.1637246518
2020-03-12,0,0,0,0.0161261549,0,0
2020-03-13,0,0,0,0.01774737132,0,0
2020-03-16,0,0,0,0,0,0
2020-03-17,0,0,0,0,0,0
2020-03-18,0,0,0,0,0,0
2020-03-19,0,0,0,0,0,0
2020-03-20,0,0,0,0,0,0
2020-03-23,0,0,0,0,0,0
2020-03-24,0,0,0,0,0,0
2020-03-25,0,0,0,0,0,0
2020-03-26,0,0,0,0,0,0
2020-03-27,0,0,0,0,0,0
2020-03-30,0,0,0,0,0,0
2020-03-31,0,0,0,0,0,0
2020-04-01,0,0,0,0,0,0
2020-04-02,0,0,0,0,0,0
2020-04-03,0,0,0,0,0,0
2020-04-06,0,0,0,0,0,0
2020-04-07,0,0,0,0,0,0
2020-04-08,0,0,0,0,0,0
2020-04-09,0,0,0,0,0,0
2020-04-13,0,0,0,0,0,0
2020-04-14,0,0,0,0,0,0
2020-04-15,0,0,0,0,0,0
2020-04-16,0,0,0,0,0,0
2020-04-17,0,0,0,0,0,0
2020-04-20,0,0,0,0,0,0
2020-04-21,0,0,0,0,0,0
2020-04-22,0,0,0,0,0,0
2020-04-23,0,0,0,0,0,0
2020-04-24,0,0,0,0,0,0
2020-04-27,0,0,0,0,0,0
2020-04-28,0,0,0,0,0,0
2020-04-29,0,0,0,0,0,0
2020-04-30,0,0,0,0,0,-0.05054519808
2020-05-01,0,0,0,0,0,-0.04938802761
2020-05-04,0,0,0,0,0,-0.04960761074
2020-05-05,0,0,0,0,0,-0.05063668888
2020-05-06,0,0,0,0,0,-0.05049512846
2020-05-07,0,0,0,0,0,-0.05143628009
2020-05-08,0,0,0,0,0,-0.05203143086
2020-05-11,0,0,0,0,0,-0.05279315562
2020-05-12,0,0,0,0,0,-0.05166936945
2020-05-13,0,0,0,0,0,-0.05060947444
2020-05-14,0,0,0,0,0,-0.05094596336
2020-05-15,0,0,0,0,0,-0.05158559192
2020-05-18,0,0,0,0,0,-0.05206466413
2020-05-19,0,0,0,0,0,-0.05163854702
2020-05-20,0,0,0,0,0,-0.05301376349
2020-05-21,0,0,0,0,0,-0.05291831952
2020-05-22,0,0,0,0,0,-0.05317542678
2020-05-26,0,0,0,0,0,-0.05349769295
2020-05-27,0,0,0,0,0,-0.05345446884
2020-05-28,0,0,0,0,0,0
2020-05-29,0,0,0,0,0,0
2020-06-01,0,0,0,0,0,0
2020-06-02,0,0,0,0,0,0
2020-06-03,0,0,0,0,0,0
2020-06-04,0,0,0,0,0,0
2020-06-05,0,0,0,0,0,0
2020-06-08,0,0,0,0,0,0
2020-06-09,0,0,0,0,0,0
2020-06-10,0,0,0,0,0,0
2020-06-11,0,0,0,0,0,0
2020-06-12,0,0,0,0,0,0
2020-06-15,0,0,0,0,0,0
2020-06-16,0,0,0,0,0,0
2020-06-17,0,0,0,0,0,0
2020-06-18,0,0,0,0,0,0
2020-06-19,0,0,0,0,0,0
2020-06-22,0,0,0,0,0,0
2020-06-23,0,0,0,0,0,0
2020-06-24,0,0,0,0,0,0
2020-06-25,0,0,0,0,0,0
2020-06-26,0,0,0,0,0,0
2020-06-29,0,0,0,0.1155871677,0,0.1692857425
2020-06-30,0,0,0,0,0,0.1709038154
2020-07-01,0,0,0,0,0,0.1732900626
2020-07-02,0,0,0,0,-0.05431799809,0.1758923164
2020-07-06,0,0,0,0,-0.05630688434,0.179645436
2020-07-07,0,0,-0.05494973389,0,0,0.178827733
2020-07-08,0,0,-0.05386215588,0,0,0.1800034456
2020-07-09,0,0,-0.05494452931,0,-0.0553525279,0.1816821801
2020-07-10,0,0,0,0,0,0.1846723535
2020-07-13,0,0,0,0,0,0
2020-07-14,0,0,0,0,0,0
2020-07-15,0,0,0,0,0,0
2020-07-16,0,0,0,0,0,0
2020-07-17,0,0,0,0,0,0
2020-07-20,0,0,0,0,0,0
2020-07-21,0,0,0,0,0,-0.05441548029
2020-07-22,0,0,0,0,0,-0.054744894
2020-07-23,0,0,0,0,0,-0.05297302845
2020-07-24,0,0,0,0,0.1134751178,-0.0525210812
2020-07-27,0,0,0,0,0.1167323209,-0.0531086159
2020-07-28,0,0,0,0,0.1151413041,-0.05225451212
2020-07-29,0,0,0,0,0.1143790229,-0.05303165258
2020-07-30,0,0,0,0,0.1147142451,-0.0535599283
2020-07-31,0,0,0,0,0.1151556387,-0.0516762118
2020-08-03,0,0,0,0,0.1171599796,-0.05136884945
2020-08-04,0,0,0,0,0.1194010315,-0.0508926563
2020-08-05,0,0,0,0,0.1178683746,-0.05119321644
2020-08-06,0,0,0,0,0.1194160572,-0.05204969057
2020-08-07,0,0,0,0,0.1164153163,-0.0519852761
2020-08-10,0,0,0,0,0.1140429929,-0.05206776259
2020-08-11,0,0,0,0,0.1105283413,-0.05167272742
2020-08-12,0,0,0,0,0.1124273602,-0.05254732249
2020-08-13,0,0,0,0,0.1136927485,-0.05281953695
2020-08-14,0,0,0,0,0.1139276095,-0.05236230459
2020-08-17,0,0,0,0,0.1139046115,-0.05279178872
2020-08-18,-0.05455999007,0,0,0,0.1159618855,-0.05407947238
2020-08-19,-0.05408469126,0,-0.05598449277,0,0.1143767161,-0.05375948737
2020-08-20,-0.05418420191,0,-0.05975657254,0,0.1177248007,-0.05495033148
2020-08-21,-0.05689872883,0,-0.06151107247,0,0.1170064208,-0.05521131774
2020-08-24,-0.05707835971,0,-0.0604531149,0,0.1162046586,-0.05556139639
2020-08-25,-0.0572526453,0,-0.06077074119,0,0.1167086021,-0.05632710118
2020-08-26,-0.05762046799,0,-0.0649684482,0,0,0
2020-08-27,-0.05684635549,-0.05451795495,0,-0.05404142645,0,-0.05471273285
2020-08-28,0,-0.05454916969,-0.05346260785,-0.05412484861,0,-0.05508162838
2020-08-31,0,-0.05573264881,-0.06061204741,-0.05442597907,0,-0.05514000373
2020-09-01,0,-0.05646681772,-0.05773706453,-0.0547994714,0,-0.05596134168
2020-09-02,0,-0.05682487177,-0.05421670902,-0.05594784475,0,0
2020-09-03,0,-0.05340033553,-0.04860122464,-0.05305381048,0,-0.05277793058
2020-09-04,0,-0.05203863899,-0.04976340588,0,0,-0.05101918035
2020-09-08,0,-0.0491084145,0,0,0,-0.04852457611
2020-09-09,0,-0.05110237684,0,0,0,0.02774341154
2020-09-10,0,-0.04958691605,0,0,0,0.02733405333
2020-09-11,0,-0.04863144854,0,0,0,0.02712979119
2020-09-14,0,-0.04842066192,0,0,0,0.02700351865
2020-09-15,0,-0.04926789349,0,0,0,0.02748390063
2020-09-16,0,-0.04801114139,0,0,0,0.02704978873
2020-09-17,0,-0.04689940082,0,0,0,0.02658482316
2020-09-18,0,0.05419610324,0,0,0,0.02600805538
2020-09-21,0,0.05430562385,0,0.1111237031,0,0.02563613244
2020-09-22,0,0.05702174664,0,0.1133336369,0,0.02599712748
2020-09-23,0,0.05498747622,0,0.1114308152,0,0.02524547997
2020-09-24,0,0.05530662375,0,0.1115659017,0,0.02546550846
2020-09-25,0,0.05645864737,0,0.1134732148,0,0.0256519409
2020-09-28,0,0.0577435079,0,0.114058204,0,0.02593183169
2020-09-29,0,0.05710961562,0,0.1160557038,0,0.02601565539
2020-09-30,0,0.05717316782,0,0.1160915539,0,0.02600530342
2020-10-01,0,0.05826817598,0,0.1177396949,0,0.02630080842
2020-10-02,0,0.05682400436,0,0.1153886648,0,0
2020-10-05,0,0.05797380396,0,0.1170767216,0,0
2020-10-06,0,0.05642643872,0,0.1149381092,0,0
2020-10-07,0,0.05808167263,0,0.1145261079,0,0
2020-10-08,0,0.05784889503,0,0.1167472651,0,0
2020-10-09,0,0.05946953306,0,0.1168134818,0,0
2020-10-12,0,0.06181396575,0,0.1208599164,0,0
2020-10-13,0,0.06179784649,0,0.1209746878,0,-0.05517987771
2020-10-14,0,-0.1136461089,0,0.1189763059,0,-0.05500314959
2020-10-15,0,-0.1129242322,0,0.116873209,0,-0.05478330349
2020-10-16,0,-0.1105332754,0,0.1163579287,0,-0.05513391504
2020-10-19,0,-0.1081525956,0,0.1141979322,0,-0.05372261013
2020-10-20,0,-0.1083077461,0,0.1167001407,0,-0.05437655381
2020-10-21,0,-0.1067234674,0,0.1210000393,0,-0.05533875986
2020-10-22,0,-0.1065118564,0,0.120819788,0,-0.05609924508
2020-10-23,0,-0.1073391618,0,0.1235888542,0,-0.05695904724
2020-10-26,0,-0.1071798499,0,-0.07584227575,0,-0.05513327254
2020-10-27,0,-0.1103648912,0,-0.07791147312,0,-0.05591211329
2020-10-28,0,-0.1050055099,0,-0.07277682521,0,-0.05223005144
2020-10-29,0,-0.1073263733,0.07806477345,-0.07687030558,0,-0.05418638887
2020-10-30,0,-0.1012343407,0.07355451352,-0.0718442892,0,0
2020-11-02,0,0.03806278464,0.07583589181,-0.07128901853,0,0
2020-11-03,0,0.03846888031,0.07995208665,-0.07208183454,0,0
2020-11-04,0,0.04094921476,0,0,0,-0.03973691506
2020-11-05,0,0.04195996805,0,0,0,0
2020-11-06,0,0.04184113145,0,0,0,-0.03903224771
2020-11-09,0,0.03980883775,0,0,0,-0.03915412579
2020-11-10,0,0.03846482189,0,0,0,-0.03866016971
2020-11-11,0,0.03971909655,0,0,0,-0.03882958157
2020-11-12,0,0.03938554378,0,0,0,-0.03874107166
2020-11-13,0,0.03963682767,0,0,0,-0.0394120351
2020-11-16,0,0.03966575908,0,0,0,-0.03945182348
2020-11-17,0,0.03971079851,0,0,0,-0.03916367647
2020-11-18,0,0.03932499942,0,0,0,-0.03869309637
2020-11-19,0,0.03948134327,0,0,0,-0.0391015329
2020-11-20,0,0.03927184567,0,0,0,0
2020-11-23,0,0.03925954899,0,0,0,0
2020-11-24,0,0.03949894327,0,0,0,0
2020-11-25,0,0.04038377801,-0.04057913336,0,0,0
2020-11-27,0,0.04054242005,-0.0414395662,0,0,0
2020-11-30,0,0.04025897731,0,0,0,0
2020-12-01,0,0,0,0,0,0
2020-12-02,0,0,0,0,0,0
2020-12-03,0,0,0,0,0,0
2020-12-04,0,0,0,0,0,0
2020-12-07,0,0,0,0,0,0
2020-12-08,0,0,-0.04041668877,0,0,0
2020-12-09,0,0,-0.03748737307,0,0,0
2020-12-10,0,0,0,0,0,0
2020-12-11,0,0,0,0,0,0
2020-12-14,0,0,0,0,0,0
2020-12-15,0,0,0,0,0,0
2020-12-16,0,0,0,0,0,0
2020-12-17,0,0,0,0,-0.05592201806,0
2020-12-18,0,0,0,0,-0.05609379619,0
2020-12-21,0,0,0,0,-0.05548007908,0
2020-12-22,0,0,0,0,-0.05530518199,0
2020-12-23,0,0,0,0.1113186461,-0.05386505326,0
2020-12-24,0.1107066245,0,0,0.111100695,0,0
2020-12-28,0.1095584071,0,0,0.1147233755,0,0
2020-12-29,0.1098953711,0,0,0.1146006018,0,0
2020-12-30,0.111649704,0,0,0.1126029563,0,0
2020-12-31,0.1109051919,0,0,0.1131639968,0,0
2021-01-04,0,0,0,0.1110333234,0,0
2021-01-05,0,0,0,0.1117777281,0,0
2021-01-06,0,0,0,0.1089622019,0,0
2021-01-07,0.1137109161,0,0,0.1106198256,0.1106351884,0
2021-01-08,0.1134047464,0,-0.05720672606,0.1103980626,0.1112252452,0
2021-01-11,0,0,-0.05277285056,0,0.1088463008,0
2021-01-12,0,0,-0.05555393244,0,0,0
2021-01-13,0,0,-0.05589991248,0.05551478946,0,0
2021-01-14,0,0,-0.05532342693,0.05422952148,0,0
2021-01-15,0,0,-0.05395525685,0.05535413151,0,0
2021-01-19,0,0,-0.05510426749,0.05744484096,0,0
2021-01-20,0,0,-0.05543275527,0.05878863118,0,0
2021-01-21,0,0,-0.05497083761,0.05985781951,-0.05513644025,-0.0551067653
2021-01-22,0,0,-0.05500121787,0.06013124562,-0.05366639062,-0.05527539879
2021-01-25,0,0,-0.05726069848,0.06094303389,-0.05290694891,-0.05536459764
2021-01-26,0,0,-0.05752085246,-0.05635843856,-0.05349981882,-0.05587224245
2021-01-27,0,0,-0.05576529054,-0.05387344485,-0.04935755906,0
2021-01-28,0,0,-0.05381323536,-0.05236457149,-0.05071018134,0
2021-01-29,0,0,-0.05088016838,-0.05081272887,-0.04989589338,0
2021-02-01,0,0,0.05716983664,-0.05159215403,-0.05057361761,0
2021-02-02,0,0,0.05939170801,-0.05256991155,-0.05140916592,0
2021-02-03,0,0,0.05817924768,-0.05250261174,-0.05060900621,0
2021-02-04,0,0,0.05793822428,-0.05254267771,-0.05187205587,-0.05536877191
2021-02-05,0,0,0.05814819251,-0.05291222524,-0.05179437348,-0.0563733534
2021-02-08,0,0,0.05882641632,-0.05253609491,-0.05144990416,-0.05617559773
2021-02-09,-0.05529647808,0,0.0579963416,-0.05321275788,-0.05260669559,-0.05604653555
2021-02-10,-0.05759546263,0,0.05529098468,-0.05402524701,-0.05336247553,-0.05669713232
2021-02-11,-0.05953064094,0,0.05579589735,-0.0537648687,-0.05282751834,-0.05679445138
2021-02-12,-0.0583082439,0,0.05601377157,-0.05370168291,0,0
2021-02-16,-0.05995575281,0,0.05483949441,-0.05458121328,0,0
2021-02-17,-0.05818761841,0,0.05486971156,-0.05439970246,0,0
2021-02-18,-0.05786439531,0,0.05410814009,-0.05354755263,0,0
2021-02-19,-0.05820072991,0,0.0536496531,-0.05195177388,0,0
2021-02-22,-0.05609405127,0,0.04916678691,-0.05181717133,0,0
2021-02-23,-0.05547664191,0,0,-0.05312647629,0,0
2021-02-24,-0.05655127435,0,0.1726542742,-0.05251417285,0,0
2021-02-25,-0.05228863276,0,0.1599162277,-0.05097781652,0,0
2021-02-26,-0.05409125907,0,0.1589387741,-0.05175893296,0,0
2021-03-01,-0.05409699855,0,0.1675035097,-0.05273986223,0,0.1113670568
2021-03-02,-0.05265074879,0,0.1608263693,-0.05181501794,0,0.1116306849
2021-03-03,0.05354327374,0,0,-0.05173790134,0,0.1101256785
2021-03-04,0,0,0.0529149604,-0.05252526452,0.1642422689,0.1120747781
2021-03-05,0,0,0.05082517538,-0.05378410967,0.1655885086,0.1153505309
2021-03-08,0,0,0.04844577056,-0.05260063436,0,0.1117881311
2021-03-09,0.05693499599,0,0.05734161337,-0.05416432574,0.1652006996,0
2021-03-10,0.05676407638,0,0.05693745581,-0.05405553926,0.1647712172,0
2021-03-11,0.0586105825,0,0.05907642474,-0.05537328308,0.1692462585,0
2021-03-12,0.05808556036,0,0.05867690014,-0.05435441159,0.1678905923,0
2021-03-15,0.05946018084,0,0.05973806804,-0.05530755659,0.1682170417,0
2021-03-16,0,0,0.05718257405,-0.05648946728,0.1696333876,0
2021-03-17,0,0,0.05921273612,-0.05737264522,0.169548737,0
2021-03-18,0,0,0.05562923329,-0.05681610154,0.1647393678,0
2021-03-19,0,0,0.0557413386,0,0.1670506134,0
2021-03-22,0,0,0.05675376622,0,0.169791554,0
2021-03-23,0,0,0.05601599858,0,0,0
2021-03-24,0,0,0.05346246427,0,0,0
2021-03-25,0,0,0.05427430062,0,0,0
2021-03-26,0,0,0.05253340377,0,0,0
2021-03-29,0,0,0.05193610871,0,0,0
2021-03-30,0,0,0.05389182138,0,0,0
2021-03-31,0,0,0.0564765474,0,0,0
2021-04-01,0,0,0.05598325451,0,0,0
2021-04-05,-0.117830708,0,0.05838491562,0,0,0
2021-04-06,-0.1166513614,-0.07759099219,0.05837406448,0,0,0
2021-04-07,-0.1196772087,-0.07936125432,0.05694169909,0,0,0
2021-04-08,-0.1212959525,0,0.0581026775,0,0,0
2021-04-09,-0.1222585005,-0.03973223938,0.05764888041,0,0,0
2021-04-12,0,0,0.05972126068,0,0,0
2021-04-13,-0.03986363401,-0.03871495904,0.06460260119,0,0,0
2021-04-14,-0.03887000689,-0.03798105305,0.06210005741,0,0,0
2021-04-15,0,-0.03856516128,0.06275733292,0,0,0
2021-04-16,-0.03846134122,-0.03879206551,0.06282766352,0,0,0
2021-04-19,-0.03714841086,-0.03849798201,0.0607215953,0,0,0
2021-04-20,-0.03664167452,-0.03802409864,0.06101534954,0,0,0
2021-04-21,-0.0370482208,-0.03828351719,0.06306193607,0,0,0
2021-04-22,-0.03582600731,-0.03768914,0.06100599046,0,0,0
2021-04-23,-0.03684711338,-0.03807237955,0.06186252959,0,0,0
2021-04-26,-0.03737502172,-0.03886361204,0,0,0,0
2021-04-27,-0.03713754307,-0.03895440868,0,0,0,0
2021-04-28,-0.03690072446,0,0,0,0,0
2021-04-29,-0.03700890743,-0.03844638944,0,0,0,0
2021-04-30,0,-0.0383894799,0,0,0,0
2021-05-03,0,-0.03745989818,0,0,0,0
2021-05-04,0,0,0,0,0,0
2021-05-05,0.07669197087,0.07642422683,0.07686136677,0,0,0
2021-05-06,0.07700854155,0.07723587061,0.07598843611,0,0,0
2021-05-07,0.07836988654,0.07672228067,0.07683060637,0,0,0
2021-05-10,0.07618154878,0.07505809973,0,0,0,0
2021-05-11,0,0.07571753626,0.1193668233,0,0,0
2021-05-12,0,0,0.1148070904,0,0,0
2021-05-13,0.07632455211,0.1166882763,0.1120165237,0,0,0
2021-05-14,0.0788394715,0.1178909591,0.1145190074,0,0,0
2021-05-17,0.07850459665,0.11977168,0.1121465123,0,0,0
2021-05-18,0.07783217224,0.118615984,0.1125764964,0,0,0
2021-05-19,0.07848712473,0.1191712458,0,0,0,0
2021-05-20,0.08126447983,0,0,0,0,0
2021-05-21,0,0,0,0,0,0
2021-05-24,0,0,0,0,0,0
2021-05-25,0,0,0,-0.03892982508,0,0
2021-05-26,0,0,0,-0.03891378651,0,0
2021-05-27,0,0,0,-0.03954218888,0,0
2021-05-28,0,0,0,-0.03904582768,0,0
2021-06-01,0,0,0,-0.03909519681,0,0
2021-06-02,0,0,0,-0.03909766482,0,0
2021-06-03,-0.03949378415,0,0,-0.03874006217,0,0
2021-06-04,0,0,0,-0.03933115563,0,0
2021-06-07,-0.03898484271,0,0,-0.04010881742,0,0
2021-06-08,-0.03859922546,0,0,-0.03973526854,0,0
2021-06-09,-0.03836595935,0,0,-0.03930252052,0,0
2021-06-10,-0.03852930829,0,0,-0.03958177795,0,0
2021-06-11,-0.03944360249,0,0,-0.03946820278,0,0
2021-06-14,-0.03991506813,0,0,-0.04016826537,0,0
2021-06-15,-0.03938483164,0,0,-0.04014531218,0,0
2021-06-16,0,0,0,-0.03944484114,0,0
2021-06-17,0,0,0,-0.04011773475,0,0
2021-06-18,0,0,0,-0.03926901949,0,0
2021-06-21,0,0,0,-0.03959471932,0,0
2021-06-22,0,0,0,-0.04043030047,0,0
2021-06-23,0,0,0,0,0,0
2021-06-24,0,0,-0.1174698549,0,0,0
2021-06-25,0,0,-0.1159368599,0,0,0
2021-06-28,0,0,-0.1191910324,0,0,0
2021-06-29,0,0,-0.1176513871,0,0,0
2021-06-30,0,0,-0.1174466792,0,0,0
2021-07-01,0,0,-0.1171030895,0,0,0
2021-07-02,0,0,-0.1172927972,-0.03879623787,0,0
2021-07-06,0,0,-0.1135764523,-0.03845808879,0,-0.03885165247
2021-07-07,0,-0.03845822826,-0.1106844126,-0.03809789264,0,-0.03882642968
2021-07-08,0,0,-0.1120657622,-0.03756519207,0,-0.03838068633
2021-07-09,0,-0.03886032975,-0.1129334555,-0.0381366074,0,-0.03857996009
2021-07-12,0,-0.03907402065,-0.1185491081,-0.03865436198,0,-0.03925073754
2021-07-13,0,-0.03851012879,-0.1151902988,-0.03840653291,0,-0.03923035535
2021-07-14,0,-0.03844857917,-0.1122663952,-0.0378149879,0,-0.03939680603
2021-07-15,0,0,-0.1116019681,-0.03740756916,0,-0.03895313157
2021-07-16,0,0,-0.1103748906,-0.0370047113,0,0
2021-07-19,0,0,-0.1107307522,0.03888214628,0,0
2021-07-20,0,0,-0.113356613,0.03948798985,0,0.07816557887
2021-07-21,0,0,-0.1122097626,0.03992626723,0,0.07881768976
2021-07-22,0,0,-0.1109393889,0.04041161656,0,0.07918708446
2021-07-23,0,0,-0.1095566448,0,0,0
2021-07-26,0,0,-0.1122181086,0,0.111518754,0
2021-07-27,0,0,-0.1097292975,0,0.1117380641,0
2021-07-28,0,0,-0.1101356831,0,0.1118545313,0
2021-07-29,0,0,-0.116031668,0,0.1114642892,0
2021-07-30,0,0,-0.1178330203,0,0.1122925712,0
2021-08-02,0,0.1660990693,0,0,0.1124618187,0
2021-08-03,0,0.167745704,0,0,0.1114591345,-0.05567718532
2021-08-04,0,0.1669949802,0,0,0.1127646678,-0.05541146169
2021-08-05,0,0.1676781033,0,0,0.1141523657,-0.05574830668
2021-08-06,0,0.1665149253,0,0,0.1134667804,-0.05566511804
2021-08-09,0,0.166488786,0,0,0.1134266614,-0.05618950711
2021-08-10,0,0.1657502079,0,0,0.1127414212,-0.05625362532
2021-08-11,0,0.1646469895,0,0,0.1122096019,-0.05614660754
2021-08-12,0,0.1652455949,0,0,0.1118612977,-0.05653349742
2021-08-13,0,0.1646960281,0,0,0.1129502681,-0.05672823436
2021-08-16,0,0.1648729672,0,0,0.1133372266,-0.05694238219
2021-08-17,0,0.1626339003,0.1100801208,0,0.1139821552,0
2021-08-18,0,0.1601967251,0.1136505177,0,0.114351499,0
2021-08-19,0,0,0.1114846597,0,0,0
2021-08-20,0,0,0.1124822249,0,0,0
2021-08-23,0,0,0.1162872844,0,0,0
2021-08-24,0,0,0.1166058062,0,0,0
2021-08-25,0,0,0.1169996443,0,0,0
2021-08-26,0,0,0.1155328059,0,0,-0.05542740715
2021-08-27,0,0,0,0,0,-0.05646118648
2021-08-30,0,0,0,0,0,0
2021-08-31,0,-0.1126345193,0,0,0,-0.05539892417
2021-09-01,0,0,0,0,0,-0.05566244277
2021-09-02,0,0,0,0,-0.05593756851,-0.0549118751
2021-09-03,0,0,0,0,-0.05614605762,-0.05510520941
2021-09-07,0,0,0,0,0,-0.05537365879
2021-09-08,0,0,-0.05490377787,0,-0.05566829151,-0.05512280126
2021-09-09,0,0,-0.05493373902,0,-0.05484454164,-0.05502305974
2021-09-10,0,0,-0.05345973785,0,-0.05482859878,-0.05387939889
2021-09-13,0,0,-0.053958894,0,0,0.05560496165
2021-09-14,0,0,-0.05406847286,0,0,0.0556891991
2021-09-15,0,0,-0.05491007574,0,0,0
2021-09-16,0,0,-0.0549989846,0,0,0
2021-09-17,0,0,-0.05519064519,0,0,0
2021-09-20,0.1109723223,0,-0.05304681487,0.1650482301,0,0.111594658
2021-09-21,0.1115477693,0,-0.05365646838,0.1656905349,0,0.1117230761
2021-09-22,0.1155373116,0,-0.05472927089,0.1595468187,0,0
2021-09-23,0.1179140412,0,-0.05463428038,0.1601838895,0,0
2021-09-24,0.1158533242,0,-0.05615910211,0.1634848547,0,0
2021-09-27,0.1140172006,0,0,0.1643092055,0,0
2021-09-28,0.1101103076,0,-0.05511164675,0.1599739638,0,0
2021-09-29,0.1095798035,0,-0.05559950807,0.1601251274,0,0.1095321084
2021-09-30,0.1105577053,0,-0.05514226245,0.1598985508,0,0
2021-10-01,0,0.1108607553,-0.05510856471,0.1615594886,0,0.1127858177
2021-10-04,0,0,-0.0561614018,0,-0.05486002641,0
2021-10-05,0.1135053921,0.0556474543,-0.05600012726,0.05610038027,0,0.1123620177
2021-10-06,0.114637541,0.0562334051,-0.05603297089,0.05609270206,-0.05614518428,0
2021-10-07,0.1164941214,0.0568228128,-0.05670322111,0.05524518908,-0.05540356076,0
2021-10-08,0.1152534896,0.05663831338,-0.05617573178,0.0554364562,-0.05552666299,0
2021-10-11,0.114756012,0.05603396447,-0.05676314772,0.05478555483,-0.05515596844,0
2021-10-12,0,0.05607837228,-0.05777827855,0.0545286409,-0.05499736445,0
2021-10-13,0,0.05671877756,-0.05816501236,0.054660561,-0.0554238059,0
2021-10-14,0,0.05699389988,0,0.05533845656,-0.05578529045,0
2021-10-15,0,0.05885768244,-0.05675651726,0.05468337181,-0.05528003658,0
2021-10-18,0,-0.05653830225,-0.058717527,0.05659772466,-0.05626383449,0
2021-10-19,0,0,-0.05826850689,0.05732850446,-0.05630161027,0
2021-10-20,0,-0.1096102779,-0.0581996056,-0.05497779188,0,0
2021-10-21,0,-0.1104918522,0,-0.05527594426,0,0
2021-10-22,0,-0.1067544574,-0.05624819954,-0.05222047428,0,0
2021-10-25,0,-0.1067323392,0,-0.05310756068,-0.05629094342,0
2021-10-26,0,-0.1083866602,-0.05502058189,0,-0.05595749471,0
2021-10-27,-0.05540936527,-0.1090365132,-0.05613345608,0,-0.05555126912,0
2021-10-28,-0.05685525379,-0.1114321686,-0.05859828589,0,-0.05681919084,0
2021-10-29,-0.0584231499,-0.1092986957,-0.06075567306,0,-0.0583304935,0
2021-11-01,-0.05900725242,-0.1075199393,0,0,-0.05754839205,0
2021-11-02,0,-0.1074170841,0,0,-0.0572947071,0
2021-11-03,-0.0555186464,-0.110071192,0,0,-0.05837061576,0
2021-11-04,0,-0.1137956918,0,0,-0.05703441726,0
2021-11-05,-0.0546351717,0,0,0,-0.05502649028,0
2021-11-08,-0.05670256828,0,0,0,0,0
2021-11-09,-0.05641669816,0,0,0,0,0
2021-11-10,-0.05409282772,0,0,0,0,0
2021-11-11,-0.05589789593,0,0,0,0,0
2021-11-12,-0.05589789593,0,0,0,0,0
2021-11-15,-0.05518947274,0,0,0,0,0
2021-11-16,-0.05552693212,0,0,-0.1107662184,0,0
2021-11-17,-0.05366420953,0,0,-0.1097911283,0,0
2021-11-18,-0.05831052908,0,0,-0.109532505,0,0
2021-11-19,-0.06099962202,0,0,-0.1121805249,0,0
2021-11-22,0,0,0,-0.1107499935,0,0
2021-11-23,0,0,0,-0.109395268,0,0
2021-11-24,0,0,0,-0.1107680212,0,0
2021-11-26,0,0,0,-0.1079110146,0,0
2021-11-29,0,0,0,-0.1095619429,0,0.1120766593
2021-11-30,-0.05465453847,0,0,0,0,0.1092015422
2021-12-01,-0.05251078563,0,0,0,0,0.108396756
2021-12-02,-0.05376864079,0,0,0.05544188863,0.05556550641,0
2021-12-03,-0.05134604389,0,0,0.05478193844,0.05424738228,0
2021-12-06,-0.05004753248,0,0,0.05652408194,0.05497785457,0
2021-12-07,0.05792967879,0,0,0.05723068651,0.05596646653,0
2021-12-08,0.0568262428,0,0,0.05857399086,0.05616069687,0
2021-12-09,0.0546618177,0,0,0.05868015434,0.05485528886,0
2021-12-10,0.05416414746,0,0,0.0586956746,0.05494073493,0
2021-12-13,0.05068525937,0,0,0.05974537395,0.0544908627,0
2021-12-14,0,0,0.1123616262,0.05965663588,0.05393956796,0
2021-12-15,0.1175091715,0,0.1130539657,0.06034810653,0.05392829832,0
2021-12-16,0.1113095545,0,0.1091288545,0.06012312811,0.05354526593,0
2021-12-17,0.1092137227,0,0.1099974306,0.06003486782,0,0
2021-12-20,0.1095126288,0,0.1067540906,0.05886867967,0,0
2021-12-21,0.1135619344,0,0.1100640818,0.05976308732,0,0
2021-12-22,0.1138242492,0,0.117275432,0.0585742394,0,0
2021-12-23,0.1137822262,0,0.1229829878,0.0589203824,0,0
2021-12-27,0.1176953025,0,0,0,0,0
2021-12-28,0.1156006059,0,0,-0.1112603123,0,0
2021-12-29,0.1143962142,0,0,-0.1102249879,0,0
2021-12-30,0.1130442601,0,0,-0.1109074802,0,0
2021-12-31,0.1121612699,0,0,-0.1081210854,0,0
2022-01-03,0.1146392132,0,0,-0.1086074676,0,0
2022-01-04,0.1117538918,0,-0.0537633234,-0.1082313198,0.1096395973,0
2022-01-05,0.1057390607,0,-0.05109049126,-0.1046699805,0,0
2022-01-06,0.107835409,0,-0.04994342354,-0.1072448462,0,0.07811678533
2022-01-07,0.1044805049,0,-0.0482691924,-0.1072422327,0,0.07785750191
2022-01-10,0.1049346197,0,-0.04967101295,-0.105906022,0,0.07869708342
2022-01-11,0.1065450694,0,-0.04997212096,-0.1079533688,0,0.07931235827
2022-01-12,0.1072364004,0,-0.05193271829,-0.1075892328,0,0.08026979747
2022-01-13,0.1019225032,0,-0.04849435073,-0.1055453812,0,0.07876416669
2022-01-14,0,0,-0.04947723397,-0.1075897155,0.03955589141,0.07948780646
2022-01-18,0,0,-0.04846770782,-0.1029006789,0.03834910062,0.07732900109
2022-01-19,0.07479216342,0,-0.0469247128,-0.1035795765,0.03880884956,0.07698619175
2022-01-20,0,0,0.03847397321,-0.1030672274,0.03841138484,0.07630320568
2022-01-21,0.07741836955,0,0.03683065012,0,0,0
2022-01-24,0,0,0,0.04028916914,0.03919859467,0
2022-01-25,0.07707968161,0,0,0.03933235982,0.03725154862,0
2022-01-26,0.07866350066,0,0,0.03862715917,0.03658557236,0.03850136993
2022-01-27,0.07581695544,0,0,0.03863544757,0.03933888234,0.03844038978
2022-01-28,0.07851383448,0,0,0.03936256836,0.038903219,0.03953457345
2022-01-31,0.08316788593,0,0,0.04038187434,0.04271745336,0.03963486896
2022-02-01,0.0833727224,0,0,0.04096877279,0,0.04017043674
2022-02-02,0,0,0,0.04118028113,0,0.04287808377
2022-02-03,0,0,0,0,0,0.04193576611
2022-02-04,0,0,0,0,0,0.0419927598
2022-02-07,0,0,0,0,0,0.04084256198
2022-02-08,0,0,0,0,0,0.04089827274
2022-02-09,0,0,0,0,0,0.04151497598
2022-02-10,-0.07716226401,0,0,0,0,0.04066218937
2022-02-11,-0.03070585871,0,0,0,0,0.01609637304
2022-02-14,-0.03112162835,0,0,0,0,0.01624963051
2022-02-15,-0.03407189591,0,0,0,0,0.01642422416
2022-02-16,-0.03408854421,0,0,0,0,0.01655811214
2022-02-17,-0.03145035753,0,0,0,0,0.01590207895
2022-02-18,0,0,0,0,0,0.01563138401
2022-02-22,0,0,0,0,0,0.0155618246
2022-02-23,0,0,0,0,0,0.01529911451
2022-02-24,0,0,0,0,0,0.01590128328
2022-02-25,0,0,0,0,0,0.01610980451
2022-02-28,0,0,0,0,0,0.01618023243
2022-03-01,0,0,0,0,0,0.01606288268
2022-03-02,0,0,0,0,0,0.01612300734
2022-03-03,0,0,0,0,0,0.01604378507
2022-03-04,0,0,0,0,0,0.01580875808
2022-03-07,0,0,0,0,0,0.01515628139
2022-03-08,0,0,0,0,0,0.01524202061
2022-03-09,0,0,0,0,0,0.01598725065
2022-03-10,0,0,0,0,0,0.01587044711
2022-03-11,0,0,0,0,0,0.01556854702
2022-03-14,0,0,0,0,0,0.01510578505
2022-03-15,0,0,0,0,0,0.01548918272
2022-03-16,0,0,0,0,0,0.01597080563
2022-03-17,0,0,0,0,0,0.01603665143
2022-03-18,0,0,0,0,0,0.01630615429
2022-03-21,-0.05039030012,0,0,0,0,0.01631132197
2022-03-22,-0.04995216193,0,0,0,0,0.01674853207
2022-03-23,-0.04825308381,0,-0.0509202494,0,0,0
2022-03-24,-0.05328172431,0,-0.05196035459,0,0,0
2022-03-25,-0.05236063894,0,-0.05173871744,0,0,0
2022-03-28,-0.05356346433,0,0,0,0,0
2022-03-29,-0.05443810891,0,0,0,0,0
2022-03-30,-0.05250663597,0,0,0,0,0
2022-03-31,-0.05170094516,0,0,0,0,0
2022-04-01,-0.05055834818,0,0,0,0,0
2022-04-04,-0.05184843064,0,0,0,0,0
2022-04-05,-0.04900769585,0,0,0,0,0
2022-04-06,-0.04599496638,0,0,0,0,0
2022-04-07,-0.0456028576,0,0,0,0,0
2022-04-08,-0.04346224048,0,0,0,0,0
2022-04-11,-0.04110966007,0,0,0,0,0
2022-04-12,-0.0403037771,0,0,0,0,0
2022-04-13,-0.04166846061,0,0,0,0,0
2022-04-14,-0.03982435429,0,0,0,0,0
2022-04-18,-0.04084805341,0,0,0,0,0
2022-04-19,-0.04165868884,0,0,0,0,0
2022-04-20,-0.04026088404,0,0,0,0,0
2022-04-21,0,0,0,0,0,0
2022-04-22,0,0,0,0,0,0
2022-04-25,0,0,0,0,0,0
2022-04-26,0,0,0,0,0,0
2022-04-27,0,0,0,0,0,0
2022-04-28,0,0,0,0,0,0
2022-04-29,0,0,0,0,0,0
2022-05-02,0,0,0,0,0,0
2022-05-03,0,0,0,0,0,0
2022-05-04,0,0,0,0,0,0
2022-05-05,0,0,0,0,0,0
2022-05-06,0,0,0,0,0,0
2022-05-09,0,0,0,0,0,0
2022-05-10,0,0,0,0,0,0
2022-05-11,0,0,0,0,0,0
2022-05-12,0,0,0,0,0,0
2022-05-13,0,0,0,0,0,0
2022-05-16,0,0,0,0,0,0
2022-05-17,0,0,0,0,0,0
2022-05-18,0,0,0,0,0,0
2022-05-19,0,0,0,0,0,0
2022-05-20,0,0,0,0,0,0
2022-05-23,0,0,0,0,0,0
2022-05-24,0,0,0,0,0,0
2022-05-25,0,0,0,0,0,0
2022-05-26,0,0,0,0,0,0
2022-05-27,0,0,0,0,0,0
2022-05-31,0,0,0,0,0,0
2022-06-01,0,0,0,0,0,0
2022-06-02,0,0,0,0,0,0
2022-06-03,0,0,0,0,0,0
2022-06-06,0,0,0,0,0,0
2022-06-07,0,0,0,0,0,0
2022-06-08,0,0,0,0,0,0
2022-06-09,0,0,0,0,0,0
2022-06-10,0,0,0,0,0,0
2022-06-13,0,0,0,0,0,0
2022-06-14,0,0,0,0,0,0
2022-06-15,0,0,0,0,0,0
2022-06-16,0,0,0,0,0,0
2022-06-17,0,0,0,0,0,0
2022-06-21,0,0,0,0,0,0
2022-06-22,0,0,0,0,0,0
2022-06-23,0,0,0,0,0,0
2022-06-24,0,0,0,0,0,0
2022-06-27,0,0,0,0,0,0
2022-06-28,0,0,0,0,0,0
2022-06-29,0,0,0,0,0,0
2022-06-30,0,0,0,0,0,0
2022-07-01,0,0,0,0,0,0
2022-07-05,0,0,0,0,0,0
2022-07-06,0,0,0,0,0,0
2022-07-07,0,0,0,0,0,0
2022-07-08,0,0,0,0,0,0
2022-07-11,0,0,0,0,0,0
2022-07-12,0,0,0,0,0,0
2022-07-13,0,0,0,0,0,0
2022-07-14,0,0,0,0,0,0
2022-07-15,0,0,0,0,0,0
2022-07-18,0,0,0,0,0,0
2022-07-19,0,0,0,0,0,0
2022-07-20,0,0,0,0,0,0
2022-07-21,-0.05042465811,0,0,0,0,0
2022-07-22,-0.04828393977,0,0,0,0,0
2022-07-25,-0.04742249318,0,0,0,0,0
2022-07-26,0,0,0,0,0,0
2022-07-27,0,0,0,0,0,0
2022-07-28,0,0,0,0,0,0
2022-07-29,0,0,0,0,0,0
2022-08-01,0,0,-0.04924498906,0,0,0
2022-08-02,0,0,-0.04982061981,0,0,0
2022-08-03,0,0,-0.05100691273,0,0,0
2022-08-04,0,0,-0.05122262569,0,0,0
2022-08-05,0,0,-0.04766453263,0,0,0
2022-08-08,0,0,-0.04805515292,0,0,0
2022-08-09,0,0,-0.04682706517,0,0,0
2022-08-10,0,0,-0.04873770298,0,0,0
2022-08-11,0,0,-0.0473977354,0,0,0
2022-08-12,0,0,0,0,0,0
2022-08-15,0,0,0,0,0,0
2022-08-16,0,0,0,0,0,0
2022-08-17,0,0,0,0,0,0
2022-08-18,0,0,0,0,0,0
2022-08-19,0,0,0,0,0,0
2022-08-22,0,0,0,0,0,0
2022-08-23,0,0,0,0,0,0
2022-08-24,0,0,0,0,0,0
2022-08-25,0,0,0,0,0,0
2022-08-26,0,0,0,0,0,0
2022-08-29,0,0,0,0,0,0
2022-08-30,0,0,0,0,0,0
2022-08-31,0,0,0,0,0,0
2022-09-01,0,0,0,0,0,0
2022-09-02,0,0,0,0,0,0
2022-09-06,0,0,0.05024336452,0,0,0
2022-09-07,0,0,0.05185432883,0,0,0
2022-09-08,0,0,0,0,0,0
2022-09-09,0,0,0,0,0,0
2022-09-12,0,0,0,0,0,0
2022-09-13,0,0,0,0,0,0
2022-09-14,0,0,0,0,0,0
2022-09-15,0,0,0,0,0,0
2022-09-16,0,0,0,0,0,0
2022-09-19,0,0,0,0,0,0
2022-09-20,0,0,0,0,0,0
2022-09-21,0,0,0,0,0,0
2022-09-22,0,0,0,0,0,0
2022-09-23,0,0,0,0,0,0
2022-09-26,0,0,0,0,0,0
2022-09-27,0,0,0,0,0,0
2022-09-28,0,0,0,0,0,0
2022-09-29,0,0,0,0,0,0
2022-09-30,0,0,0.0497802262,0,0,0
2022-10-03,0,0,0,0,0,0.03963536803
2022-10-04,0,0,0,0,0,0.04079164912
2022-10-05,0,0,0,0,0,0.04071079899
2022-10-06,0,0,0,0,0,0.04070695274
2022-10-07,0,0,0,0,0,0.03965079913
2022-10-10,0,0,0,0,0,0.03933427919
2022-10-11,0,0,0,0,0,0.03907163565
2022-10-12,0,0,0,0,0,0.03921841888
2022-10-13,0,0,0,0,0,0.0397974144
2022-10-14,0,0,0,0,0,0.03883203776
2022-10-17,0,0,0,0,0,0.04014833179
2022-10-18,0,0,0,0,0,0.04045661023
2022-10-19,0,0,0,0,0,0.04001724597
2022-10-20,0,0,0,0,0,0.04014833179
2022-10-21,0,0,0,0,0,0.04059527642
2022-10-24,0,0,0,0,0,0.01676212312
2022-10-25,0,0,0,0,0,0
2022-10-26,0,0,0,0,0,0
2022-10-27,0,0,0,0,0,0
2022-10-28,0,0,0,0,0,0
2022-10-31,0,0,0,0,0,0
2022-11-01,0,0,0,0,0,0
2022-11-02,0,0,0,0,0,0
2022-11-03,0,0,0,0,0,0
2022-11-04,0,0,0,0,0,0
2022-11-07,0,0,0,0,0,0
2022-11-08,0,0,0,0,0,0
2022-11-09,0,0,0,0,0,0
2022-11-10,0,0,0,0,0,0
2022-11-11,0,0,0,0,0,0
2022-11-14,0,0,0,0,0,0
2022-11-15,0,0,0,0,0,0
2022-11-16,0,0,0,0,0,0
2022-11-17,0,0,0,0,0,0
2022-11-18,0,0,0,0,0,0
2022-11-21,0,0,0,0,0,0
2022-11-22,0,0,0,0,0,0
2022-11-23,0,0,0,0,0,0
2022-11-25,0,0,0,0,0,0
2022-11-28,0,0,0,0,0,0
2022-11-29,0,0,0,0,0,0
2022-11-30,0,0,0,0,0,0
2022-12-01,0,0,0,0,0,0
2022-12-02,0,0,0,0,0,0
2022-12-05,0,0,0,0,0,0
2022-12-06,0,0,0,0,0,0
2022-12-07,0,0,0,0,0,0
2022-12-08,0,0,0,0,0,0
2022-12-09,0,0,0,0,0,0
2022-12-12,0,0,0,0,0,0
2022-12-13,0,0,0,0,0,0
2022-12-14,0,0,0,0,0,0
2022-12-15,0,0,0,0,0,0
2022-12-16,0,0,0,0,0,0
2022-12-19,0,0,0,0,0,0
2022-12-20,0,0,0,0,0,0
2022-12-21,0,0,0,0,0,0
2022-12-22,0,0,0,0,0,0
2022-12-23,0.04997191821,0,0,0,0,0
2022-12-27,0.04657230914,0,0,0,0,0
2022-12-28,0.04630495549,0,0,0,0,0
2022-12-29,0.048085552,0,0,0,0,0
2022-12-30,0.04812002472,0,0,0,0,0
2023-01-03,0.04718195334,0,0,0,0,0
2023-01-04,0.0485429745,0,0,0,0,0
2023-01-05,0.04702490728,0,0,0,0,0
2023-01-06,0.04888731224,0,0,0,0,0
2023-01-09,0.05128761716,0,0,0,0,0
2023-01-10,0.0521616972,0,0,0,0,0
2023-01-11,0.05244752044,0,0,0,0,0
2023-01-12,0.0540288636,0,0,0,0,0
2023-01-13,0.05522839407,0,0,0,0,0
2023-01-17,0.05770128625,0,0,0,0,0
2023-01-18,0.05670198606,0,0,0,0,0
2023-01-19,0.05481446447,0,0,0,0,0
2023-01-20,0.05812190039,0,0,0,0,0
2023-01-23,0.06225875346,0,0,0,0,0
2023-01-24,0,0,0,0,0,0
2023-01-25,0,0,0,0,0,0
2023-01-26,0,0,0,0,0,0
2023-01-27,-0.0409799589,0,0,0,0,0
2023-01-30,-0.03818742762,0,-0.1081057288,0,0,0
2023-01-31,-0.03891010783,0,0,0,0,0
2023-02-01,-0.04197290135,0,-0.08152517034,0,0,0
2023-02-02,0,-0.1201648088,0,0,0,0
2023-02-03,-0.03930891681,-0.10993774,0,0,-0.03986567222,0
2023-02-06,-0.03924777432,-0.1085387057,-0.07840437624,-0.03875204954,-0.03934335634,0
2023-02-07,0,-0.1089198947,-0.07956240489,-0.04007768989,-0.03966926203,0
2023-02-08,0,-0.1065440324,-0.08123740093,-0.03830058134,-0.04002628298,0
2023-02-09,0,-0.1045301628,0,-0.03711940258,-0.03952116168,0
2023-02-10,0,0,0,-0.01642132255,-0.01608244174,0
2023-02-13,0,0,0,-0.01693641591,-0.01661835238,0
2023-02-14,0,0,0,-0.01694230576,-0.01668392707,0
2023-02-15,0,0,0,-0.01672077834,-0.01674906256,0
2023-02-16,0,0,0,0,-0.01623824875,0
2023-02-17,0,0,0,0,-0.01610887077,0
2023-02-21,0,0,0,0,-0.01561706001,0
2023-02-22,0,0,0,0,0,0
2023-02-23,0,0,0,0,0,0
2023-02-24,0,0,0,0,0,0
2023-02-27,0,0,0,0,0,0
2023-02-28,0,0,0,0,0,0
2023-03-01,0,0,0,0,0,0
2023-03-02,0,0,0,0,0.05008104786,0
2023-03-03,0,0,0,0,0.05058415005,0
2023-03-06,0,0,0,0,0.05010392679,0
2023-03-07,0,0,0,0,0.04956061563,0
2023-03-08,0,0,0,0,0.05006732114,0
2023-03-09,0,0,0,0,0,0
2023-03-10,0,0,0.04948261533,0,0,0
2023-03-13,0,0,0.04971445571,0,0.05085649076,0
2023-03-14,0,0,0.05207296203,0,0.05096414275,0
2023-03-15,0,0,0.05123706378,0,0.05245504536,0
2023-03-16,0,0,0.05217097138,0,0.05342401832,0
2023-03-17,0,0,0.05115341419,0,0.05241235912,0
2023-03-20,0,0,0.05203003485,0,0,0
2023-03-21,0,0,0.05587141709,0,0,0
2023-03-22,0,0,0.05415160999,0,0,0
2023-03-23,0,0,0.05443823477,0,0,0
2023-03-24,0,0,0.05395328581,0,0,0
2023-03-27,0,0,0.05432842688,0,0,0
2023-03-28,0,0,0,0,0,0
2023-03-29,0,0,0,0,0,0
2023-03-30,0,0,0,0,0,0
2023-03-31,0,0,0,0,0,0
2023-04-03,0,0,0,0,0,0
2023-04-04,0,0,0,0,0,0
2023-04-05,0,0,0,0,0,0
2023-04-06,0,0,0,0,0,0
2023-04-10,0,0,0,0,0,0
2023-04-11,0,0,0,0,0,0
2023-04-12,0,0,0,0,0,0
2023-04-13,0,0,0,0,0,0
2023-04-14,0,0,0,0,0,0
2023-04-17,0,0,0,0,0,0
2023-04-18,0,0,0,0,0,0
2023-04-19,0,0,0,0,0,0
2023-04-20,0,0,0,0,0,0
2023-04-21,0,0,0,0,0,0
2023-04-24,0,0,0,0,0,0
2023-04-25,0,0,0,0,0,0
2023-04-26,0,0,0,0,0,0
2023-04-27,0,0,0,0,0,0
2023-04-28,0,0,0,0,0,0
2023-05-01,0,0,0,0,0,0
2023-05-02,0,0,0,0,0,0
2023-05-03,0,0,0,0,0,0
2023-05-04,0,0,0,0,0,0
2023-05-05,0,0,0,0,0,0
2023-05-08,0,0,0,0,0,0
2023-05-09,0,0,0,0,0,0
2023-05-10,0,0,0,0,0,0
2023-05-11,0,0,0,0,0,0
2023-05-12,0,0,0,0,0,0
2023-05-15,0,0,0,0,0,0
2023-05-16,0,0,0,0,0,0
2023-05-17,0,-0.05580110724,0,0,0,0
2023-05-18,0,-0.05725872213,0,0,0,0
2023-05-19,-0.05501084069,-0.056341494,-0.1128392809,0,-0.05481431135,0
2023-05-22,-0.05498384827,-0.05587042791,0,0,-0.05458867261,0
2023-05-23,-0.05400962154,-0.05574350599,-0.1659057922,0,-0.05342070014,0
2023-05-24,-0.05371101605,-0.05656025349,-0.1632374839,0,-0.05471499836,0
2023-05-25,0,0,-0.16707477,-0.05521710861,-0.05463430464,0
2023-05-26,-0.05776642338,0,0,0,0,0
2023-05-30,0,-0.05513192593,-0.1114948576,-0.05488293059,-0.05482586185,0
2023-05-31,-0.05322057274,-0.05461855718,-0.1129806072,-0.0553185979,-0.05511559539,0
2023-06-01,-0.05649176552,-0.05615512377,0,0,-0.05676778344,0
2023-06-02,-0.05590771332,-0.05687807333,-0.05646056652,-0.05544240325,-0.05643884966,0
2023-06-05,-0.05578626784,-0.05746207352,0,-0.05529373439,-0.05697396956,0
2023-06-06,-0.05513179636,-0.05814914997,-0.0569301985,-0.05532083878,0,0
2023-06-07,-0.05339383226,0,0,-0.0537241097,0,0
2023-06-08,-0.05509039498,0,0,-0.05414195483,0,0
2023-06-09,-0.05543335072,0,-0.05439974062,-0.05418932623,0,0
2023-06-12,-0.0566907634,0,-0.05584421686,-0.05567204665,-0.05630061483,0
2023-06-13,-0.05924536929,0,0,-0.05605236819,-0.05819958011,0
2023-06-14,0,0,-0.05482134455,-0.05651438615,-0.05892925206,0
2023-06-15,-0.05567745887,0,-0.05467183726,0,0,0
2023-06-16,-0.05565543606,0,-0.05559029993,-0.05459163396,-0.05356068422,0
2023-06-20,-0.05736976379,0,0,-0.05548953904,-0.05414530121,0
2023-06-21,-0.05604023699,0,-0.05206168682,-0.05464247544,-0.05255878484,0
2023-06-22,-0.05609228379,0,-0.05316906521,-0.05534812909,-0.05238776938,0
2023-06-23,-0.05493318548,0,-0.05147032335,-0.05599900813,-0.05248769794,0
2023-06-26,-0.05245268027,0,-0.04795978347,-0.05357185533,-0.05107068975,0
2023-06-27,-0.054285207,0,-0.04999096278,-0.05545396024,-0.05142533604,0.1124572403
2023-06-28,-0.05328508691,0,-0.05118016794,-0.05509721014,-0.05298251648,0.1141807176
2023-06-29,-0.05290130739,0,-0.05143040032,-0.05436951569,-0.05278382523,0.1131514523
2023-06-30,-0.05506167887,0,-0.05251447483,0,-0.05453385115,0.1142244439
2023-07-03,-0.05541076537,0,-0.05634358326,0,-0.05485400448,0.1148393105
2023-07-05,-0.05524073587,0,-0.05683329757,0,-0.05536350191,0.1165171458
2023-07-06,0,0,-0.0555430308,-0.05467752224,-0.05439371764,0.1147509982
2023-07-07,0,0,-0.0551089272,-0.05439394848,-0.05429184426,0.114127769
2023-07-10,0,0,-0.05430621581,-0.05523035804,-0.05490624694,0.111572923
2023-07-11,0,0,-0.05434114959,-0.05601585207,-0.05471845268,0.1122312745
2023-07-12,0,0,-0.05481390444,0,-0.05522562308,0.1140078987
2023-07-13,-0.05727884452,0,-0.05592231449,-0.05542406535,-0.05593023249,0.1192095912
2023-07-14,-0.05651577004,-0.05559578724,-0.05649245821,-0.05449565422,-0.05475225787,0.1197759829
2023-07-17,-0.05797774851,-0.05535205567,0,-0.05502171885,-0.05598188445,0.1195126322
2023-07-18,-0.05957008993,-0.05533122062,0,-0.05555787905,0,0.1192665318
2023-07-19,-0.05922814229,-0.05655803268,0,-0.05643547731,-0.05576605541,0.1179599897
2023-07-20,-0.05684885161,-0.05390309936,0,-0.0536297141,0,0.1143785127
2023-07-21,0,-0.05382128211,0,-0.05207020566,0,0.1149551574
2023-07-24,0,-0.05319616075,0,-0.05147711246,0,0.1161213609
2023-07-25,0,-0.05333199965,0,-0.05198153885,0,0.116770085
2023-07-26,0,-0.05258926786,0,-0.05236873841,0,0.1227270915
2023-07-27,0,-0.05287595449,0,0,0,0.1234239136
2023-07-28,0,0,0,0,0,0.1261577282
2023-07-31,0,0,0,-0.05457696302,0,-0.1108894332
2023-08-01,0,0,0,-0.05526589595,0,-0.1098818197
2023-08-02,0,0,0,-0.05363704585,0,0
2023-08-03,0,0,0,-0.05343572118,0,0
2023-08-04,0,0,0,-0.05299374047,0,0
2023-08-07,0,-0.05603310441,0,-0.05407169693,0,0
2023-08-08,0,-0.05507055544,0,-0.05333989033,0,-0.05580819921
2023-08-09,0,-0.05409503828,0,-0.05192534341,0,-0.05491384012
2023-08-10,0,-0.05439440334,0,-0.05203536661,0,-0.05494749719
2023-08-11,0,-0.05429144831,0,-0.05129591835,0,-0.05484789706
2023-08-14,0,-0.05526972054,0,-0.05219340421,0,-0.05572931767
2023-08-15,0,-0.05399338408,0,-0.05134122924,0,-0.05493311263
2023-08-16,0,-0.05282686084,0,-0.04990009849,0,-0.05432497138
2023-08-17,0,0,0,-0.04827790066,0,-0.05476934153
2023-08-18,0,0,0,0.05614730288,0.1680931183,-0.05347892646
2023-08-21,0,0,0,0.05732227759,0.1692326221,-0.05372648428
2023-08-22,0,0,0,0.05679531766,0.1710379984,-0.05395507761
2023-08-23,0,0,0,0.05776640514,0.1759546423,-0.0550063658
2023-08-24,0,0,0,0.05690881481,0.1692918528,0
2023-08-25,0,0.1114034103,0,0.05643153049,0.1723774819,0
2023-08-28,0,0.111116238,0,0.05727606751,0.1729277833,0
2023-08-29,0,0.111920888,0,0,0.1768001122,0
2023-08-30,0,0.1118819304,0,0,0.1784505403,-0.05587401056
2023-08-31,0,0,0,0,0.1777137353,-0.05588935176
2023-09-01,0,-0.05483889237,0,0,0.1796768413,-0.05550162654
2023-09-05,0,-0.05453085973,0,0,0,-0.05557665972
2023-09-06,0,-0.05368737526,0,0,-0.05506196163,-0.05495368292
2023-09-07,0,0,0,0,-0.05471045982,-0.05525248778
2023-09-08,0,0,0,0,-0.0546912088,-0.05573316036
2023-09-11,0,0,0,0,-0.05503694908,-0.05598390746
2023-09-12,0,0,-0.03830066428,0,-0.05359045739,-0.0552060952
2023-09-13,0,0,-0.03888477477,0,0,-0.05581822597
2023-09-14,0,0,-0.03969719094,0,0.07603195301,0
2023-09-15,0,0,-0.03941899732,-0.03738855622,0.07527987102,-0.03863232595
2023-09-18,0,0,-0.03809804189,-0.03765538305,0.07477419862,-0.03884762989
2023-09-19,0,0,-0.0382770716,-0.03797280806,0.07512295775,-0.03880371542
2023-09-20,0,0,-0.03769417157,-0.03727957857,0.07320444865,-0.03757372814
2023-09-21,0.07674910239,0,-0.03669886885,-0.03678316454,0.07278460534,0.03860810579
2023-09-22,0.07775240821,0,-0.03509795891,-0.03714904001,0.07186404316,0.03849922977
2023-09-25,0.07867381531,0,0.03934568394,-0.03726118156,0.07260316891,0.03864429109
2023-09-26,0.07829794227,0,0.03898989846,-0.03712612212,0.07174260329,0.03799445536
2023-09-27,0.07929897097,0,0.03839257371,0,0.0713929646,0.03855737693
2023-09-28,0.08028545418,0,0.0392466204,0,0,0.03899610551
2023-09-29,0,0,0.03980030348,0,0,0.03851261992
2023-10-02,0,0,0.03997209573,0,0,0.03943969571
2023-10-03,0,0,0.0392182646,0,0,0.03897954638
2023-10-04,0,0,0.04141498012,0,0,0.03968147351
2023-10-05,0,0,0.0412503153,0,0,0
2023-10-06,0,0,0.04132331041,0,0,0
2023-10-09,0,0,0.04124384635,-0.03959056737,0,-0.03928183609
2023-10-10,0,0,0.04186932095,0,0,-0.03917789422
2023-10-11,0,0,0.04182923317,-0.03948566513,0,-0.03994175228
2023-10-12,0,0,0.04118932068,-0.03905940923,0.03828835716,-0.03950750393
2023-10-13,0,0,0.03996497392,-0.03792665298,0.03771149803,-0.03905837422
2023-10-16,0,0,0.04042201492,-0.03871616675,0.03826729396,-0.03956432716
2023-10-17,0,0,0.04060712956,-0.0390954335,0.03776087064,-0.03977698001
2023-10-18,0,0,0.03873001574,-0.03830850703,0.03680817647,-0.03933892426
2023-10-19,0,0,0,-0.03766422826,0.04255775068,-0.03913202597
2023-10-20,0,0,0.03791897105,-0.03712924418,-0.03837000766,-0.03848592007
2023-10-23,0,0,0.03796199008,-0.03780083847,-0.03896032309,0.03926561658
2023-10-24,0,0,0.03871913477,-0.03758857309,-0.03958168817,0
2023-10-25,0,0,0.0379453537,-0.03598423288,-0.03930237426,0
2023-10-26,0,0,0.03683838004,0,-0.03865234492,0.07725242575
2023-10-27,0,0,0.03705870584,0.1173497632,-0.0380523771,0.07706774037
2023-10-30,0,0,0.03525195866,0.1195938592,-0.03918703172,0.07844603157
2023-10-31,0,0,0,0.1192275861,-0.03940135629,0.07832674362
2023-11-01,0,0,0.03894614541,0.1227848006,-0.04000963658,0.07941547218
2023-11-02,0,-0.07743027956,0.04125467602,0.1220295452,-0.04031796562,0
2023-11-03,0,-0.07768713094,0.04150686697,0.1234295908,0,0
2023-11-06,0,-0.07836850625,0.04139905553,0.1239674334,-0.1168219176,0
2023-11-07,0,-0.08002578967,0.0419441005,0.125139908,-0.1167748098,0
2023-11-08,0,-0.07965906812,0.0419238131,0.1254955315,-0.1173031482,0
2023-11-09,0,-0.078888823,0.03966417768,0.1258926953,-0.1169884657,0
2023-11-10,0,-0.08061418414,0.04057880904,0.1292244793,-0.1203351702,0
2023-11-13,0,-0.07981985582,0.04215971703,0.1289861933,-0.119257258,0
2023-11-14,0,0,0.0446333037,0,-0.1200469799,0
2023-11-15,0,0,0,0,0,0
2023-11-16,0,0,0,0,-0.03918658549,0
2023-11-17,0,0,0,0,-0.03909589612,0
2023-11-20,0,0,0,0,-0.03984280924,0
2023-11-21,0,0,0,0,-0.03988472436,0
2023-11-22,0,0,0,0,-0.04015113737,0
2023-11-24,0,0,0,0,-0.0402874555,0
2023-11-27,0,0,0,0,-0.04025337179,0
2023-11-28,0,0,0,0,-0.04023851753,0
2023-11-29,0,0,0,0,-0.04008037404,0
2023-11-30,0,0,0,0,-0.03979915223,0
2023-12-01,0,0,0,0,-0.0390810749,0
2023-12-04,0,0,0,0.07829392478,-0.03804559771,0.07726144414
2023-12-05,0.07930883486,0,0,0.07764221726,0.03909996354,0.07805974903
2023-12-06,0.07775627511,0,0,0.07769499663,0.03850434686,0.07773956141
2023-12-07,0.07903447696,0,0,0.07934013798,0.03867011633,0
2023-12-08,0.08032999891,0,0,0,0.03870121617,0
2023-12-11,0.0789196791,0,0,0,0.03926187351,0
2023-12-12,0.08050132738,0,0,0,0.03944813579,0
2023-12-13,0.08118131948,0,0,0,0,0
2023-12-14,0.08158752352,0,0,0,0,0
2023-12-15,0.08245679458,0,-0.03916416064,0,0,0
2023-12-18,0.0842715741,0,-0.03885846129,0,0,0
2023-12-19,0.08364861677,-0.03871611398,-0.03973298978,-0.03940731784,0,0
2023-12-20,0.08115454752,-0.03830684951,-0.0381870405,-0.03929727542,0,-0.03869978879
2023-12-21,0.08275266258,-0.03879407547,-0.03937918829,0,0,-0.03933650811
2023-12-22,0.08247993377,-0.03868701015,-0.03907474806,-0.03859673944,0,-0.03963506784
2023-12-26,0.08324121718,-0.0386858236,-0.03970585448,-0.03875534594,0,-0.03964483604
2023-12-27,0,-0.03869035355,0,-0.03910543671,0,-0.03934523909
2023-12-28,0,-0.03870139289,0,-0.03915994539,0,-0.03930695491
2023-12-29,0,-0.03830008295,0,-0.03864514298,0,-0.03911681752
2024-01-02,0,-0.0377266468,0,-0.03774095027,0,-0.03862282128
2024-01-03,0,0.05525626302,0,-0.03755067869,0,-0.03884084744
2024-01-04,0,0,0,-0.03788168674,0,-0.03817593517
2024-01-05,0,0.1113911881,0,-0.03841106811,0,-0.03799344716
2024-01-08,0,0.1141965715,0,-0.0390903149,0,-0.03881130908
2024-01-09,0,0.1160365709,0,-0.03899033428,0,-0.03943560199
2024-01-10,-0.05629226489,0.1179233838,0.1105160747,0,0,0
2024-01-11,-0.0568823129,0.1192477749,0.1075327515,-0.05514808931,0,-0.05496955705
2024-01-12,-0.05707004701,0.1194536289,0,-0.05616626396,0,-0.05548558654
2024-01-16,0,0.1181742236,0.1132197928,-0.05504134872,0,-0.05535240373
2024-01-17,-0.05515292263,0.1173465716,0.1112510688,-0.05531488362,0,0
2024-01-18,-0.05634280489,0.1190539899,0.1096542653,-0.0566337316,0,0
2024-01-19,0,0.1206233512,0.1099443707,0,0,-0.05606741611
2024-01-22,-0.05522583213,0.1203006455,0.1082888147,-0.05470737589,0,-0.05597020363
2024-01-23,-0.05542611195,0.1212589991,0.1084602938,-0.05519498052,0,-0.0563702283
2024-01-24,0,0.1224177542,0.1082213001,-0.05621181509,0,0
2024-01-25,-0.05489089761,0.1244050432,0,-0.05716624307,-0.05655523513,-0.05621009269
2024-01-26,-0.05438750994,0,0.05490039103,0,0,-0.05634785284
2024-01-29,-0.05566355687,0,0.05719935165,0,-0.05594806252,-0.05683468556
2024-01-30,-0.05583066083,0,0.05728601665,0,-0.05458489247,-0.05596720348
2024-01-31,-0.05458340212,0,0.05585887578,0,-0.05456892571,0
2024-02-01,-0.05598081178,0,0.05639431346,0,-0.05496330453,0
2024-02-02,0,0,0.05619392804,0,-0.05476651809,0
2024-02-05,-0.05642716775,0,0.05423228356,-0.05428896188,-0.05460369907,0
2024-02-06,-0.05534376865,0,0.05526181822,-0.05355974536,-0.05382744794,0
2024-02-07,-0.05702894781,0,0.05616307975,-0.05547009891,-0.05431417594,0
2024-02-08,0,0,0,-0.05551832733,-0.05423920435,0
2024-02-09,0,0,0,-0.05529770952,-0.05451274173,0
2024-02-12,0,0,0,-0.05539480473,0,0
2024-02-13,0,0,0,-0.05430122976,0,0
2024-02-14,0,0,0,-0.05594120131,0,0
2024-02-15,0,0,0,-0.05728461947,0,0
2024-02-16,0,0,0,-0.05594618884,0,0
2024-02-20,0,0,0,-0.05569336722,0,0.1120449226
2024-02-21,0,0,0,-0.05522910084,0,0.1130089847
2024-02-22,0,0,0,-0.05741750338,0,0.1143344725
2024-02-23,-0.05408857825,0,0,0,0,0.1142054315
2024-02-26,-0.05456419827,0,0,0,0,0.1097130357
2024-02-27,-0.05422317293,0,0,0,0,0.1106123834
2024-02-28,-0.0535835517,0,0,0,-0.05562688372,0.1087745263
2024-02-29,-0.05458007929,0,0,0,-0.05622417188,0.1104270241
2024-03-01,-0.05700607721,0,0,0,0,0.1098387335
2024-03-04,0,0,0,0,-0.05510933189,0
2024-03-05,0,0,0,0,-0.05347557375,0
2024-03-06,0,0,0,0,-0.05339933851,0
2024-03-07,0,0,0.05682739187,0,-0.0543479738,0
2024-03-08,0,0,0.05571062148,0,-0.05395653466,0
2024-03-11,0,0,0.05641956578,0,-0.05354957621,0
2024-03-12,0,0,0.05640169787,0,-0.05450733735,0
2024-03-13,0,0,0.05397151065,0,-0.05449355182,0
2024-03-14,0,0,0,0,-0.05493134156,0
2024-03-15,0,0,0.05548759692,0,-0.05420584297,-0.1096716143
2024-03-18,0,0,0.05916884007,0,-0.0555230062,0
2024-03-19,0,0,0.05834483754,0,-0.05575339591,-0.1101377253
2024-03-20,0,0,0.05984843222,0,-0.05640171905,-0.1114662658
2024-03-21,0,0,0,0,-0.05583983916,-0.1103858141
2024-03-22,0,0,0,0,-0.05647583171,-0.1130783774
2024-03-25,-0.05615521229,0,0,0,-0.05643325685,-0.1125671177
2024-03-26,-0.05473253641,0,0,0,-0.05661423088,0
2024-03-27,0,0,0,0,-0.05503597803,0
2024-03-28,0,0,0,0,0,0
2024-04-01,0,0,0,0,0,0
2024-04-02,0,0,0,0,0,0
2024-04-03,0,0,0,0,0,0
2024-04-04,0,-0.05421833724,0,0,0,0
2024-04-05,0.1123740829,-0.05575708046,0,0,0,0
2024-04-08,0.1113853089,-0.05585765812,0,0,0,0
2024-04-09,0.1093757136,-0.05613823155,0,0,0,0
2024-04-10,0.1113040322,-0.05610649385,0,0,0,0
2024-04-11,0.1154580929,-0.05683504222,0,0,0,0
2024-04-12,0.112611711,-0.05608159667,0,0,0,0
2024-04-15,0.1100453434,-0.05543807869,0,0,0,0
2024-04-16,0,-0.05531956511,0,0,0,0
2024-04-17,0,-0.05467030668,0,0,0,0
2024-04-18,0.1105653759,-0.05404407845,0,0,0,0
2024-04-19,0,0.05460330808,0.05516810573,0,0,0
2024-04-22,0.1129529285,0.05549732519,0.05337022306,0.1637014156,0.1117381888,0
2024-04-23,0.1153053823,0.05536880708,0.05353470155,0.1660301857,0.1146385996,0
2024-04-24,0.1113519399,0.05440434849,0.059931322,0,0.1100376593,0
2024-04-25,0.1145509886,0.05307354569,0.0624000229,0,0.1110541857,0
2024-04-26,0,0.05466355546,0.06145036041,0.1666403102,0.1098932523,0
