date,volatilidad,atr_norm,fuerza_tendencia,r2_tendencia,autocorr_1,regimen,indice_ew
2016-01-04,0.2379941964,0.02867038205,3.11743183,0.7965710611,-0.03002551476,Tendencia,1.612727985
2016-01-05,0.2338891199,0.02861169502,2.940261602,0.7615584816,-0.04823764013,Tendencia,1.612178271
2016-01-06,0.2333359179,0.02881717736,2.65847326,0.727057817,-0.03293518806,Tendencia,1.620164218
2016-01-07,0.2419210131,0.02907585662,2.256841261,0.6617223818,-0.04491331508,Tendencia,1.567812597
2016-01-08,0.2436895716,0.02893494479,1.893475246,0.5808288432,-0.003199636544,Tendencia,1.543823538
2016-01-11,0.244010991,0.02912055514,1.612062605,0.5075310109,-0.008739639945,Tendencia,1.55445331
2016-01-12,0.2452010154,0.02918169662,1.349663462,0.4471463084,-0.003350144204,Tendencia,1.574429371
2016-01-13,0.2641656226,0.02971979199,1.007835613,0.3406750199,-0.03866269814,Tendencia,1.497031376
2016-01-14,0.2654458817,0.03028189068,0.740085201,0.2570733141,-0.07171169157,Tendencia,1.517039849
2016-01-15,0.272873108,0.03042466657,0.408754747,0.1612788447,-0.09215404445,Tendencia,1.468996762
2016-01-19,0.2731518454,0.03067234534,0.04189087736,0.09466764176,-0.1088777644,Tendencia,1.485275272
2016-01-20,0.2729600748,0.03129471469,0.3106251304,0.04509576649,-0.1168351212,Tendencia,1.475298888
2016-01-21,0.2678322991,0.03121767134,0.6501751249,0.01050255584,-0.105887106,Tendencia,1.471110447
2016-01-22,0.2703060966,0.03144027132,0.9650044863,1.406923413e-05,-0.1253502107,Crisis,1.501392164
2016-01-25,0.2696372171,0.03141048815,1.299115219,0.01278272472,-0.13025996,Crisis,1.483243122
2016-01-26,0.2639166979,0.03102328119,1.652776773,0.0419776461,-0.1551835181,Crisis,1.481765806
2016-01-27,0.2692413709,0.03128927922,1.982910635,0.08683323125,-0.1806651235,Crisis,1.434832413
2016-01-28,0.2896233034,0.03212799778,2.116082007,0.1309274411,-0.2486624791,Crisis,1.51151634
2016-01-29,0.2887570111,0.0325537399,2.448996549,0.1769671212,-0.2324494819,Crisis,1.510166877
2016-02-01,0.2897154859,0.03289094062,2.726780598,0.2262503454,-0.2315712379,Crisis,1.528322589
2016-02-02,0.295353652,0.03331054695,2.972610039,0.2922919671,-0.24260596,Crisis,1.48441442
2016-02-03,0.2986319585,0.0338797419,3.161851794,0.3601011878,-0.2036961502,Crisis,1.447475214
2016-02-04,0.2987701784,0.03418736749,3.395801913,0.4343384493,-0.1944552798,Crisis,1.438813646
2016-02-05,0.3175904605,0.03467164358,3.504602217,0.4832103139,-0.1670173994,Crisis,1.349948651
2016-02-08,0.3237505675,0.0351585033,3.703547429,0.5182964853,-0.09990495252,Crisis,1.305374504
2016-02-09,0.3206095983,0.03564613781,3.947783037,0.5433899469,-0.1222951703,Crisis,1.311307233
2016-02-10,0.319340133,0.03605138067,4.195958169,0.5773958295,-0.1084760543,Crisis,1.31876381
2016-02-11,0.3198354982,0.03654020509,4.44433962,0.611894206,-0.1032717386,Crisis,1.33063071
2016-02-12,0.3197996429,0.0368613523,4.558792109,0.6418004245,-0.09899973907,Crisis,1.339755713
2016-02-16,0.3212402328,0.0371379479,4.664627211,0.6772609879,-0.08300357379,Crisis,1.36970543
2016-02-17,0.3263466289,0.03736031253,4.597480195,0.7226504377,-0.0539287053,Crisis,1.428205036
2016-02-18,0.322478078,0.03747691119,4.672144533,0.753398592,-0.02749577647,Crisis,1.422592734
2016-02-19,0.3222854818,0.03755679124,4.662469095,0.7772663249,-0.03848083303,Crisis,1.430690034
2016-02-22,0.3255083514,0.03776834482,4.517739719,0.7758313066,-0.03829101852,Tendencia,1.481503764
2016-02-23,0.3264232118,0.03791836282,4.478798669,0.7788716005,-0.05212140589,Tendencia,1.463051708
2016-02-24,0.3262211329,0.0381922598,4.397450608,0.7716769341,-0.05673724996,Tendencia,1.479020912
2016-02-25,0.3281162879,0.03841583271,4.257041946,0.7554171681,-0.04784013065,Tendencia,1.505078483
2016-02-26,0.3279083738,0.03838911357,4.072221685,0.7396110519,-0.04590028644,Tendencia,1.506233538
2016-02-29,0.3275260822,0.03846877815,4.015578595,0.7222491781,-0.04441739026,Tendencia,1.496848087
2016-03-01,0.3326964179,0.03897825592,3.837771339,0.686865147,-0.05181275305,Tendencia,1.541132222
2016-03-02,0.3323252742,0.03899892216,3.759413841,0.6523062582,-0.04661943596,Tendencia,1.543454305
2016-03-03,0.3282891746,0.03898657975,3.625457161,0.6087940391,-0.04000006493,Tendencia,1.54732386
2016-03-04,0.3285341729,0.03897307672,3.374167392,0.561218923,-0.03668825561,Tendencia,1.558795725
2016-03-07,0.3301967394,0.03911291264,3.137492306,0.5264610138,-0.04303943913,Tendencia,1.528888296
2016-03-08,0.3284670043,0.03907372325,2.784532395,0.4890628586,-0.03537390791,Tendencia,1.522468415
2016-03-09,0.3285281124,0.03892633728,2.335141747,0.4469263099,-0.02915244537,Tendencia,1.542292422
2016-03-10,0.3284362379,0.0389644237,1.899694632,0.4049899588,-0.0274749978,Tendencia,1.537542093
2016-03-11,0.3277008475,0.03874334427,1.472964006,0.3600238999,-0.02455588999,Tendencia,1.55992907
2016-03-14,0.3283423519,0.03880811544,1.042821922,0.3103462833,-0.01644060833,Tendencia,1.576142096
2016-03-15,0.3235441695,0.03869033289,0.660082695,0.2690009431,-0.01240589892,Tendencia,1.581665353
2016-03-16,0.3231360226,0.03854760591,0.2767692175,0.2198086095,0.006163425288,Tendencia,1.602612452
2016-03-17,0.3231984678,0.03857690118,0.01031405903,0.1759071202,0.004132938945,Tendencia,1.597438746
2016-03-18,0.3188002797,0.03846721836,0.3491238451,0.1267230402,0.00206145336,Tendencia,1.613138314
2016-03-21,0.318797004,0.03845513257,0.6789790767,0.08344615783,0.01262400312,Reversión,1.624512652
2016-03-22,0.3166425626,0.03838446704,0.9141291493,0.05192018798,0.007019246649,Reversión,1.619525236
2016-03-23,0.3165092225,0.03842261652,1.172099373,0.02731430567,0.01171516335,Reversión,1.614257811
2016-03-24,0.316744938,0.03855763879,1.413036304,0.00971000681,0.01090185148,Reversión,1.624119297
2016-03-28,0.3171238166,0.03862551569,1.627380945,0.0006815008061,0.01292904819,Reversión,1.637236225
2016-03-29,0.3191148505,0.03892081221,1.857858041,0.002971654109,0.0186007068,Reversión,1.666373626
2016-03-30,0.3189447252,0.03895352123,2.111787081,0.01871626289,0.01575685462,Reversión,1.659896696
2016-03-31,0.3162431821,0.03891152186,2.332478967,0.0530584264,0.01088929795,Reversión,1.656771422
2016-04-01,0.3182553238,0.03916583836,2.539308117,0.1076579556,0.01590761413,Reversión,1.689026027
2016-04-04,0.3174306948,0.0393374914,2.742851422,0.1742537874,0.008313305654,Reversión,1.681167438
2016-04-05,0.3080381576,0.03880128047,2.980667032,0.233849629,-0.0117989888,Reversión,1.685430063
2016-04-06,0.3095698772,0.03878280261,3.188754326,0.3025472306,-0.01314816978,Reversión,1.711355943
2016-04-07,0.3103820145,0.0384252855,3.394889797,0.3772957221,-0.02078110384,Reversión,1.690367657
2016-04-08,0.3040248109,0.03808076245,3.611393297,0.4325029228,-0.01032762914,Reversión,1.676467227
2016-04-11,0.3025575122,0.03785463376,3.762954858,0.4781589466,-0.03295940204,Reversión,1.670754823
2016-04-12,0.3031007935,0.03771019424,3.879665733,0.5308020155,-0.03120637659,Reversión,1.689780078
2016-04-13,0.3040491503,0.03778071244,4.005035217,0.5954290732,-0.0267987395,Reversión,1.719488184
2016-04-14,0.2877658131,0.03704388326,4.327921983,0.6285196552,-0.001076604974,Reversión,1.724186338
2016-04-15,0.2867159383,0.0363018043,4.427248868,0.6681401174,0.02676238716,Reversión,1.733285619
2016-04-18,0.2796335752,0.03587237159,4.604053398,0.690052297,0.046402807,Reversión,1.732613613
2016-04-19,0.2853343166,0.03600670294,4.506318797,0.7091376159,0.06657883611,Crisis,1.679833387
2016-04-20,0.285460591,0.03532729346,4.488417541,0.725749843,0.05943770746,Crisis,1.69318097
2016-04-21,0.285441346,0.03492998281,4.474422597,0.7390747443,0.05586623155,Crisis,1.689278038
2016-04-22,0.2833739698,0.03486670226,4.49892052,0.7569169535,0.06406132354,Crisis,1.670037845
2016-04-25,0.2823911455,0.03473784676,4.47587236,0.7668764834,0.08083413077,Crisis,1.665584361
2016-04-26,0.2829440131,0.03462292968,4.392016659,0.7718383168,0.08140759387,Crisis,1.650768065
2016-04-27,0.2758601486,0.03434079098,4.346844228,0.7623949704,0.0816634974,Crisis,1.644676614
2016-04-28,0.2543379401,0.033866972,4.600028598,0.7711375246,0.19254871,Crisis,1.641574281
2016-04-29,0.2550556583,0.03375156417,4.495288958,0.7820373337,0.213290698,Crisis,1.657336586
2016-05-02,0.256374758,0.03351883308,4.368865364,0.8038727046,0.2214756661,Crisis,1.686666909
2016-05-03,0.2522604001,0.03298124584,4.287867161,0.804518216,0.2249334238,Crisis,1.657345288
2016-05-04,0.2482234141,0.03245472856,4.150890941,0.790446819,0.1956834884,Crisis,1.639639079
2016-05-05,0.2491648394,0.03232743296,3.853356128,0.7673625716,0.1961581132,Crisis,1.619366434
2016-05-06,0.2186597124,0.03160064035,4.082161328,0.7424623965,0.1732255024,Crisis,1.64480995
2016-05-09,0.2085634528,0.03097190612,3.944817272,0.7190547215,-0.01546048432,Crisis,1.639130053
2016-05-10,0.2111782422,0.03020327262,3.621759495,0.7042206983,-0.02274679878,Tendencia,1.667284929
2016-05-11,0.2111489668,0.02975590873,3.30122193,0.6880621677,-0.03464777089,Tendencia,1.658268656
2016-05-12,0.2107496853,0.02924569418,2.91712987,0.6691617364,-0.02657884359,Tendencia,1.647931511
2016-05-13,0.2151171839,0.02917930286,2.524157815,0.6645716486,-0.04551598664,Tendencia,1.685220696
2016-05-16,0.2109773726,0.02898925679,2.254971823,0.6608043081,-0.04395018956,Tendencia,1.69813666
2016-05-17,0.194216296,0.02859860569,2.123151724,0.6423771655,-0.1309113791,Tendencia,1.67905686
2016-05-18,0.196180288,0.02827240554,1.933890729,0.633069622,-0.1287155233,Tendencia,1.703221623
2016-05-19,0.1958504051,0.0281510762,1.744203516,0.6241448046,-0.1300089911,Tendencia,1.702780651
2016-05-20,0.1851844555,0.02776208041,1.736268187,0.6175519499,-0.1524720375,Tendencia,1.729456667
2016-05-23,0.1835936165,0.02758950624,1.666181894,0.6111160483,-0.1103277908,Tendencia,1.72442661
2016-05-24,0.1860292485,0.0272595521,1.636036024,0.6096906479,-0.1059523196,Tendencia,1.756419416
2016-05-25,0.1831846675,0.02693713133,1.730963823,0.6085067168,-0.112972795,Tendencia,1.768567125
2016-05-26,0.1852549399,0.02685807868,1.834735136,0.6084860729,-0.1040921627,Tendencia,1.793027217
2016-05-27,0.1848716239,0.02664907606,1.96604653,0.6092402523,-0.1075545018,Tendencia,1.796312622
2016-05-31,0.1753199245,0.02613917395,2.216710479,0.6106718609,-0.08135394562,Tendencia,1.803306095
2016-06-01,0.17558391,0.02604024901,2.268658677,0.6114874813,-0.08246463307,Tendencia,1.794212596
2016-06-02,0.1755417856,0.02583005629,2.406106233,0.6122436468,-0.08127736894,Tendencia,1.79709882
2016-06-03,0.1756795009,0.02571763816,2.570131223,0.6120985454,-0.07966512246,Tendencia,1.782382392
2016-06-06,0.1714737048,0.025306665,2.832909756,0.6094013717,-0.0656318569,Tendencia,1.785519543
2016-06-07,0.1716641846,0.02519656904,2.974992136,0.6084593566,-0.08936703063,Tendencia,1.795926572
2016-06-08,0.169757837,0.02511604981,3.194144652,0.6070858322,-0.07997152389,Tendencia,1.800619491
2016-06-09,0.1696569116,0.02484487856,3.301811287,0.6057117221,-0.07212273553,Tendencia,1.798889791
2016-06-10,0.1742398917,0.0249395887,3.287077737,0.5929823669,-0.04631159143,Tendencia,1.754605723
2016-06-13,0.1731086002,0.02501266314,3.411529896,0.5780956535,-0.04091902514,Tendencia,1.749117016
2016-06-14,0.1729856102,0.02499052275,3.432397561,0.5633902767,-0.04290791671,Tendencia,1.751355963
2016-06-15,0.1710038999,0.02487913039,3.482964367,0.5521301153,-0.04627187369,Tendencia,1.755261783
2016-06-16,0.1709091111,0.02481563004,3.543332359,0.5395174422,-0.03901842002,Tendencia,1.757935035
2016-06-17,0.1726546921,0.02473898853,3.474152006,0.5156717548,-0.03289678971,Tendencia,1.730333862
2016-06-20,0.17279808,0.02476751554,3.470865284,0.5004826486,-0.05463744372,Tendencia,1.743969607
2016-06-21,0.1728324735,0.0247096979,3.389716856,0.4793020895,-0.05547135162,Tendencia,1.737829106
2016-06-22,0.1776868479,0.02480444722,3.169586007,0.4328006505,-0.04264683481,Tendencia,1.701543565
2016-06-23,0.1790818594,0.02478080289,2.983973468,0.4021931408,-0.07093228659,Tendencia,1.723183552
2016-06-24,0.1913771784,0.02512788712,2.536764621,0.3317118466,-0.1189260704,Tendencia,1.663392431
2016-06-27,0.1891875448,0.0252053421,2.24815946,0.2646788003,-0.08554570568,Tendencia,1.646074112
2016-06-28,0.1943048166,0.02524636361,1.920078214,0.2270020354,-0.1022315952,Tendencia,1.683091248
2016-06-29,0.1985159863,0.02531206775,1.647323263,0.2077590031,-0.05210230896,Tendencia,1.71746522
2016-06-30,0.1950163146,0.0250271917,1.499726092,0.2060148217,-0.03626532019,Tendencia,1.727583434
2016-07-01,0.1971928284,0.02501874189,1.3340619,0.2110205516,-0.01795291849,Tendencia,1.754070172
2016-07-05,0.1971671914,0.02512761566,1.225700956,0.2182994572,-0.01493941151,Tendencia,1.757534758
2016-07-06,0.1948200576,0.02513858215,1.149854563,0.239055407,-0.01761434473,Tendencia,1.762051704
2016-07-07,0.1934823301,0.02503690576,1.039109064,0.2519162227,0.003136915694,Tendencia,1.770039089
2016-07-08,0.1958745947,0.02497165324,0.9335263818,0.2671214014,-0.002861816528,Tendencia,1.800721793
2016-07-11,0.1969321491,0.02496691401,0.8641367363,0.2833639392,0.008730616825,Tendencia,1.820071304
2016-07-12,0.1958425044,0.02484088105,0.9294890868,0.3083237784,0.01705471237,Tendencia,1.828737713
2016-07-13,0.19286049,0.0245918407,1.028020811,0.3456495073,-0.002210562709,Tendencia,1.820700874
2016-07-14,0.1931029502,0.02456173861,1.124073139,0.3872670357,-0.008038234079,Tendencia,1.830815295
2016-07-15,0.1929888762,0.02455231284,1.208872415,0.4323489185,-0.011319806,Tendencia,1.823302131
2016-07-18,0.1949205675,0.02457715477,1.310024023,0.4809663496,-0.01745664914,Tendencia,1.848267435
2016-07-19,0.1887058368,0.0243902938,1.441058373,0.4930406922,-0.04979617758,Tendencia,1.814593077
2016-07-20,0.1896676411,0.02426653663,1.533930167,0.5148787427,-0.05196024353,Tendencia,1.837120042
2016-07-21,0.1920070264,0.0243607074,1.583733185,0.5265662255,-0.06854422704,Tendencia,1.809347644
2016-07-22,0.1912239812,0.02408523625,1.744768708,0.5326195405,-0.08403230524,Tendencia,1.822729612
2016-07-25,0.1925581706,0.0241955579,1.865167006,0.5403769768,-0.08342031055,Tendencia,1.84391729
2016-07-26,0.1924298687,0.02417690077,2.140403825,0.544847185,-0.08135632763,Tendencia,1.858985853
2016-07-27,0.1923721791,0.02412168644,2.454009929,0.5473449803,-0.08804203991,Tendencia,1.864265783
2016-07-28,0.1929819006,0.02371481853,2.694253885,0.5498587301,-0.09013740716,Tendencia,1.878980232
2016-07-29,0.1931758737,0.02348286639,2.903107988,0.5563889807,-0.08137779488,Tendencia,1.898769684
2016-08-01,0.1902482596,0.02347166903,3.176604173,0.5712011317,-0.09193214661,Tendencia,1.909604934
2016-08-02,0.1878806751,0.02349032843,3.342130949,0.5752546536,-0.06400711498,Tendencia,1.892696266
2016-08-03,0.1868119113,0.02330524291,3.455420843,0.5740924527,-0.08749601888,Tendencia,1.88560883
2016-08-04,0.1864175124,0.02313812992,3.560296005,0.5728212696,-0.1179811431,Tendencia,1.90592362
2016-08-05,0.1855894395,0.02302820147,3.71106887,0.5743890003,-0.0853761138,Tendencia,1.930763247
2016-08-08,0.185692321,0.0229157884,3.758698172,0.5742535835,-0.08513954466,Tendencia,1.921816026
2016-08-09,0.1825025778,0.02279069389,3.856799425,0.5771091133,-0.07404194702,Tendencia,1.924112475
2016-08-10,0.1823283774,0.02261362646,3.856404076,0.5768406538,-0.05985984141,Tendencia,1.917080793
2016-08-11,0.182419663,0.02237601722,3.879203939,0.5760450862,-0.07201823544,Reversión,1.930249205
2016-08-12,0.1781011558,0.02203872065,4.036448037,0.5809658713,-0.04627860657,Reversión,1.951638656
2016-08-15,0.1776990499,0.02178070088,4.121951997,0.5871268975,-0.06952459905,Reversión,1.942284322
2016-08-16,0.1766227854,0.02154803979,4.135974703,0.5871942861,-0.05303433875,Reversión,1.931486625
2016-08-17,0.1742645719,0.02131938596,4.278666008,0.5907978543,-0.02997776682,Reversión,1.932469634
2016-08-18,0.174280931,0.02115815055,4.316272466,0.5933258849,-0.02619409616,Reversión,1.934830494
2016-08-19,0.1714725303,0.02098745279,4.506540583,0.6008071271,-0.02166805077,Reversión,1.93166619
2016-08-22,0.1713902824,0.02087634353,4.589362978,0.60500334,-0.01133691412,Reversión,1.92937311
2016-08-23,0.1676050318,0.02069632469,4.765917485,0.6195012789,-0.001517936522,Reversión,1.938707747
2016-08-24,0.1678942458,0.02068942146,4.779756584,0.6339134181,-0.01925915534,Reversión,1.922246841
2016-08-25,0.1656438079,0.02061049701,4.88046483,0.6582325939,-0.03020870131,Reversión,1.925909151
2016-08-26,0.1659120463,0.02062924529,4.891049184,0.6847261209,-0.03131499016,Reversión,1.935651931
2016-08-29,0.1657429109,0.02062693204,4.870256649,0.7128048412,-0.03281555316,Reversión,1.93359097
2016-08-30,0.1659059654,0.02058444502,4.78805477,0.7324881165,-0.02785841631,Reversión,1.921523775
2016-08-31,0.1658747738,0.02051817009,4.754085311,0.75214444,-0.02618249238,Reversión,1.921566802
2016-09-01,0.1651984062,0.02054133939,4.733327741,0.7622998217,-0.02491599942,Reversión,1.915171191
2016-09-02,0.1652155054,0.02053880361,4.640851011,0.7711255378,-0.02200566522,Reversión,1.911103822
2016-09-06,0.1698685714,0.02057138996,4.434492034,0.7924467435,-0.03101947418,Reversión,1.95044492
2016-09-07,0.1699937594,0.02052953293,4.364358542,0.8127422619,-0.04595107123,Reversión,1.942293805
2016-09-08,0.1701416922,0.02045291001,4.276509997,0.8291836689,-0.04161427821,Reversión,1.935156813
2016-09-09,0.1723175858,0.02052560836,4.039906573,0.809992291,-0.0289349182,Reversión,1.880686109
2016-09-12,0.1758818448,0.02062390707,3.794489188,0.8007576875,-0.1085618839,Reversión,1.914331667
2016-09-13,0.1786003259,0.02066034129,3.487779236,0.7791662454,-0.1410746119,Reversión,1.884517724
2016-09-14,0.1787709215,0.0206267892,3.271339141,0.7607114064,-0.1453729378,Reversión,1.892990752
2016-09-15,0.1813114528,0.02065375391,3.081671901,0.7520743362,-0.1379428642,Reversión,1.921762944
2016-09-16,0.1797725436,0.02057013721,2.968769388,0.7424911208,-0.1228464073,Reversión,1.941697434
2016-09-19,0.1790971774,0.020510676,2.842126545,0.7329825037,-0.1147670547,Reversión,1.939312392
2016-09-20,0.1789621922,0.02046315834,2.707320955,0.7207250246,-0.1101194609,Reversión,1.938225342
2016-09-21,0.1742286669,0.02037928102,2.629747065,0.7074604061,-0.130888481,Reversión,1.946450128
2016-09-22,0.1732300374,0.02025330768,2.514048955,0.6981855381,-0.1007964623,Reversión,1.963306684
2016-09-23,0.1587663311,0.01976168579,2.584858338,0.6949310907,-0.05644624866,Reversión,1.959643828
2016-09-26,0.1580990893,0.01950479031,2.389840854,0.7012583998,-0.1389480799,Reversión,1.945039324
2016-09-27,0.1543561344,0.01945958754,2.292320239,0.7093093176,-0.118431965,Reversión,1.973448868
2016-09-28,0.1491647414,0.01924369057,2.264292684,0.7125006559,-0.1857912051,Reversión,1.9829501
2016-09-29,0.1494075706,0.01930066121,2.169038281,0.7128120344,-0.2067755945,Reversión,1.968536672
2016-09-30,0.1478626859,0.01913125327,2.160706394,0.7134724189,-0.232494989,Reversión,1.990123184
2016-10-03,0.1505904383,0.01904473576,2.159710718,0.7176172415,-0.2102638307,Reversión,2.018785646
2016-10-04,0.1506572066,0.01888656765,2.199437491,0.722470458,-0.2194823716,Reversión,2.011899962
2016-10-05,0.1508661071,0.01890903305,2.163346338,0.7274205709,-0.2228392516,Reversión,2.024020754
2016-10-06,0.1481399984,0.01885194596,2.183877974,0.7264701151,-0.2400335471,Reversión,2.004116966
2016-10-07,0.1470405557,0.01873827092,2.196531067,0.7228415294,-0.2527854139,Reversión,1.992374396
2016-10-10,0.1473612596,0.01873496875,2.36166603,0.7220187487,-0.266198356,Reversión,2.005927898
2016-10-11,0.1491537927,0.01880721978,2.364662312,0.7131525755,-0.2720077629,Reversión,1.981181539
2016-10-12,0.1487664042,0.01883263771,2.492759048,0.7049815321,-0.2641629586,Reversión,1.983988899
2016-10-13,0.1491368829,0.01895586125,2.557077321,0.6899163241,-0.2596822097,Reversión,1.970764119
2016-10-14,0.1466044536,0.01882747484,2.618293562,0.6751475169,-0.2475633709,Reversión,1.969789363
2016-10-17,0.1428738766,0.018534135,2.592734568,0.6498410602,-0.2084486508,Reversión,1.954283365
2016-10-18,0.1659599006,0.01907567762,2.304830847,0.6496115391,-0.2150288458,Reversión,2.040284084
2016-10-19,0.1646044437,0.01906152769,2.410949823,0.6523621234,-0.1034331128,Reversión,2.062307627
2016-10-20,0.1639549204,0.01908547496,2.495465928,0.6535147246,-0.09563835457,Reversión,2.059912023
2016-10-21,0.1637554487,0.01897647123,2.585132765,0.6475755231,-0.1082676783,Reversión,2.082362093
2016-10-24,0.1666968045,0.0189878996,2.698628572,0.6326786548,-0.09457225812,Reversión,2.119012649
2016-10-25,0.16664493,0.01891773691,2.888601149,0.6266832758,-0.1030780023,Reversión,2.114912557
2016-10-26,0.1661069424,0.01887744168,3.020938964,0.6292016735,-0.09988754302,Reversión,2.106054214
2016-10-27,0.1652248852,0.01891100395,3.134856369,0.6406001537,-0.1005369038,Reversión,2.093095563
2016-10-28,0.1659232367,0.01896898572,3.230097593,0.6554382971,-0.09252071668,Reversión,2.073197047
2016-10-31,0.1650307466,0.01892862764,3.287954033,0.6619564154,-0.08019337779,Reversión,2.068770131
2016-11-01,0.1681795796,0.01924129917,3.147563183,0.6567766578,-0.07734147491,Reversión,2.034380716
2016-11-02,0.1695263681,0.01931905388,3.030592518,0.6429990747,-0.02640089301,Reversión,2.003542899
2016-11-03,0.1695585924,0.01944877568,2.892428561,0.6229125382,-0.01163282795,Reversión,1.977221879
2016-11-04,0.1693052446,0.01960999528,2.795549391,0.5974871155,-0.001682846636,Reversión,1.977008424
2016-11-07,0.1782605119,0.019916913,2.660762553,0.6019349281,-0.003374003806,Reversión,2.032207828
2016-11-08,0.178570652,0.02004869149,2.646339333,0.6064061758,0.01566367684,Reversión,2.045223851
2016-11-09,0.1808693533,0.0203609863,2.619206418,0.6016228958,0.00755596025,Reversión,2.012644754
2016-11-10,0.1915369083,0.02114435175,2.402703035,0.560103987,0.06543924264,Reversión,1.945410406
2016-11-11,0.2127958463,0.02206463971,2.220417203,0.5707799515,-0.09226277616,Reversión,2.036073518
2016-11-14,0.2211073713,0.02264412226,2.119418876,0.540287039,-0.2054051328,Reversión,1.973898055
2016-11-15,0.2250767465,0.02293569612,2.135814208,0.5348237555,-0.2454801254,Reversión,2.015445072
2016-11-16,0.2266901907,0.0232662875,2.064116467,0.5410544668,-0.2194437986,Reversión,2.042762918
2016-11-17,0.2277408986,0.02350665848,1.984945756,0.5516339332,-0.207330105,Reversión,2.065329972
2016-11-18,0.227843988,0.02372206742,1.909126457,0.5574967674,-0.2106302723,Reversión,2.057840283
2016-11-21,0.2298381136,0.02394167726,1.821929918,0.5739964354,-0.2135905359,Reversión,2.090480043
2016-11-22,0.2297804931,0.02401927794,1.701663797,0.5847766923,-0.2021676561,Reversión,2.107394911
2016-11-23,0.2297614479,0.02410166374,1.587151926,0.5952488473,-0.2036489964,Reversión,2.104864401
2016-11-25,0.2295998288,0.02406669215,1.499251629,0.608820687,-0.2040229782,Reversión,2.110445675
2016-11-28,0.2296629292,0.02413259774,1.42324247,0.6192605071,-0.2037094309,Reversión,2.104336829
2016-11-29,0.2296142398,0.02421029945,1.360583528,0.6216878726,-0.2027421522,Reversión,2.092183055
2016-11-30,0.2307837932,0.02445584924,1.272580072,0.6154280061,-0.1951656432,Reversión,2.067908726
2016-12-01,0.2353226279,0.02481070722,1.169313073,0.5832300786,-0.1669119764,Reversión,2.01985608
2016-12-02,0.2355890778,0.02497641703,1.148245279,0.5555356078,-0.1731047531,Reversión,2.031954825
2016-12-05,0.2351519609,0.02507637204,1.233644996,0.5563667028,-0.1622914982,Reversión,2.071162714
2016-12-06,0.2358575716,0.0251629161,1.330120582,0.5594054849,-0.1429938838,Reversión,2.091931454
2016-12-07,0.2379256177,0.02534470772,1.36276198,0.5660601775,-0.1344256699,Reversión,2.125562363
2016-12-08,0.2313789017,0.02517530431,1.385675214,0.5605235189,-0.1563143703,Reversión,2.115104587
2016-12-09,0.2286015448,0.02493052881,1.459053671,0.5575945402,-0.125434084,Reversión,2.116837442
2016-12-12,0.2271415243,0.02486624289,1.597211273,0.5462771632,-0.105035869,Reversión,2.098358624
2016-12-13,0.2296249556,0.02508569307,1.605839992,0.5432065392,-0.1140608362,Reversión,2.134932851
2016-12-14,0.2282900726,0.02519054536,1.775291538,0.543951124,-0.1079450459,Reversión,2.153812697
2016-12-15,0.2274488059,0.02527082175,1.894173282,0.5481095708,-0.1167659468,Reversión,2.161195625
2016-12-16,0.2275205758,0.02526516251,1.967765265,0.551352018,-0.1149143651,Reversión,2.167916935
2016-12-19,0.2277697042,0.02539350083,2.015235062,0.5542779606,-0.1151766678,Reversión,2.179525037
2016-12-20,0.2288377216,0.02530929947,2.097624717,0.5585614233,-0.1116719369,Reversión,2.205306445
2016-12-21,0.2281938619,0.02529661712,2.155838074,0.5665648001,-0.1132479921,Reversión,2.207945628
2016-12-22,0.2282109006,0.02534585008,2.174104505,0.5729385519,-0.1111566583,Reversión,2.20280305
2016-12-23,0.2280670495,0.02533740686,2.204040235,0.5760207605,-0.1157308371,Reversión,2.216582934
2016-12-27,0.2311450721,0.0254349582,2.262207959,0.5825400385,-0.09849722592,Reversión,2.269349996
2016-12-28,0.2334291311,0.02572977099,2.302243487,0.5936853624,-0.1297471477,Reversión,2.23080721
2016-12-29,0.2331080742,0.0258358092,2.369565938,0.5997391754,-0.1178944784,Reversión,2.222056458
2016-12-30,0.2346020911,0.02596031005,2.428021845,0.6049953631,-0.1022502185,Reversión,2.183895283
2017-01-03,0.2332350834,0.02609835782,2.617706746,0.6210036977,-0.1179699027,Reversión,2.198953648
2017-01-04,0.2357230124,0.02626119564,2.778280577,0.6372806826,-0.1065677801,Reversión,2.237250634
2017-01-05,0.2359140533,0.02637191695,2.927931116,0.6574026722,-0.09732108516,Reversión,2.254409151
2017-01-06,0.2364300524,0.02649890447,3.058677343,0.6701123267,-0.08919927461,Reversión,2.28271394
2017-01-09,0.2371365368,0.02655095965,3.154098685,0.6784874726,-0.08973606087,Reversión,2.307507657
2017-01-10,0.2369410122,0.02652559093,3.272218903,0.6904785711,-0.09142473733,Reversión,2.296416458
2017-01-11,0.2357014597,0.02644114086,3.394940446,0.6962698667,-0.08724405116,Reversión,2.301911455
2017-01-12,0.235690261,0.02649475868,3.526229158,0.7019396706,-0.08906405716,Reversión,2.300001866
2017-01-13,0.2372184167,0.0264674474,3.606023436,0.7048696683,-0.09255595444,Reversión,2.334509697
2017-01-17,0.2379121562,0.02649424345,3.650293752,0.7073271666,-0.1048165668,Reversión,2.31328634
2017-01-18,0.2376345862,0.02647387282,3.70231708,0.7080496594,-0.1095062187,Reversión,2.325736794
2017-01-19,0.2221916306,0.02613384351,4.074788418,0.7229430242,-0.08053689635,Reversión,2.355272985
2017-01-20,0.2211489347,0.02606634598,4.200962632,0.7434601568,-0.1182060328,Reversión,2.352976541
2017-01-23,0.2221988709,0.02607300779,4.271796672,0.7620430292,-0.1180881618,Reversión,2.378506182
2017-01-24,0.2226895937,0.02605965924,4.390281632,0.785630646,-0.1074502062,Reversión,2.40982288
2017-01-25,0.2203664176,0.02599446945,4.608931916,0.8203743024,-0.1146486926,Reversión,2.427275778
2017-01-26,0.220404086,0.02600951669,4.763153013,0.8524010788,-0.1100677776,Reversión,2.434095793
2017-01-27,0.2203864838,0.02606313055,4.843795009,0.8801417346,-0.112631188,Reversión,2.443710916
2017-01-30,0.2214237991,0.02605940331,4.921844432,0.9037956812,-0.1188430679,Reversión,2.41353983
2017-01-31,0.2207488692,0.02585336874,5.030687634,0.9207924605,-0.1192931878,Reversión,2.403955549
2017-02-01,0.2216292505,0.02589827661,5.179529752,0.9359520343,-0.1284086023,Reversión,2.428225371
2017-02-02,0.2191293441,0.02570418927,5.370041141,0.9434288472,-0.1392748256,Reversión,2.430482865
2017-02-03,0.2173203417,0.02556868759,5.460550409,0.9456018443,-0.1727572512,Reversión,2.416650366
2017-02-06,0.2167548432,0.02540117635,5.50528545,0.945957886,-0.2089049755,Reversión,2.442136554
2017-02-07,0.217381779,0.025275258,5.496981308,0.9462046095,-0.2131065859,Reversión,2.462283159
2017-02-08,0.2106506821,0.02501923742,5.691196747,0.9501782558,-0.2087094065,Reversión,2.481241452
2017-02-09,0.2102703634,0.02492317006,5.746008082,0.955193833,-0.2229231555,Tendencia,2.483724301
2017-02-10,0.2078503995,0.02469733797,5.829477903,0.956363683,-0.2199530805,Tendencia,2.481523639
2017-02-13,0.1968196116,0.02401577685,6.138029507,0.9572344539,-0.3150804485,Tendencia,2.481427414
2017-02-14,0.1733962845,0.02319849772,6.937592022,0.958343871,-0.1721899947,Tendencia,2.476481512
2017-02-15,0.1623136555,0.02265897221,7.382374296,0.9579718841,0.0221647091,Tendencia,2.480292202
2017-02-16,0.1575086367,0.02239076747,7.558865449,0.9556440433,0.1343528912,Tendencia,2.461266723
2017-02-17,0.1552675952,0.02209413396,7.588651203,0.9540291486,0.1050253527,Tendencia,2.468434699
2017-02-21,0.1557359551,0.02197871181,7.547298677,0.9548926191,0.09016432613,Tendencia,2.499507444
2017-02-22,0.1556250696,0.02187026255,7.485140225,0.9547272736,0.098462195,Tendencia,2.504821083
2017-02-23,0.1630584655,0.02205144101,6.954702217,0.9489075899,0.1125139443,Tendencia,2.432060363
2017-02-24,0.1622640976,0.02210945743,6.780255675,0.9438803352,0.1005115898,Reversión,2.434320981
2017-02-27,0.1622472731,0.02216250793,6.559115942,0.9372871707,0.1045576131,Reversión,2.434996137
2017-02-28,0.1626523619,0.0222852527,6.288777579,0.9272517176,0.1070673822,Reversión,2.419608517
2017-03-01,0.1635451422,0.02225321911,6.081486416,0.9190112558,0.09744957022,Reversión,2.441409746
2017-03-02,0.1650234299,0.02224567604,5.829350359,0.9029175964,0.07404345441,Reversión,2.411035322
2017-03-03,0.1633841305,0.02204508699,5.62630013,0.8848034332,0.06233957692,Reversión,2.410647031
2017-03-06,0.1566513435,0.02164747569,5.561654326,0.8694389181,0.00651968739,Reversión,2.413385141
2017-03-07,0.156192599,0.02146453456,5.30698499,0.8534147816,0.0222849051,Reversión,2.41336161
2017-03-08,0.1513604072,0.02121983037,5.170707233,0.8335043858,0.01501955643,Reversión,2.41122566
2017-03-09,0.1500349484,0.02107252818,4.884658843,0.8125183418,-0.007464717258,Reversión,2.413214714
2017-03-10,0.1465951913,0.0208391469,4.650977022,0.7913782002,-0.02795438902,Reversión,2.417644483
2017-03-13,0.148031004,0.0207360002,4.286038279,0.7760523545,-0.009677459513,Reversión,2.445205996
2017-03-14,0.1486885648,0.02073724137,3.978361766,0.7638814884,-0.003530816827,Reversión,2.462400682
2017-03-15,0.1478015995,0.02068649509,3.710121938,0.7550003557,-0.006424593982,Reversión,2.470364218
2017-03-16,0.1441155517,0.02043919743,3.56426179,0.7463622903,0.02794036806,Reversión,2.484936653
2017-03-17,0.1432689039,0.02016573554,3.364204707,0.7386384234,0.009923315015,Reversión,2.495294861
2017-03-20,0.1437093241,0.02003931881,3.203574846,0.7331110259,0.01010072968,Reversión,2.511723653
2017-03-21,0.1515347194,0.02028568926,2.804596295,0.7135342141,-0.01231996503,Reversión,2.450855286
2017-03-22,0.15216335,0.02020807493,2.534375849,0.6988682798,-0.0442891918,Reversión,2.472277373
2017-03-23,0.1506197431,0.02011976694,2.29047675,0.6799503064,-0.05859334824,Reversión,2.460400498
2017-03-24,0.1510794709,0.02016428321,2.185511975,0.6642616721,-0.06279116601,Reversión,2.475184837
2017-03-27,0.1520677407,0.02035176067,2.095792965,0.6535030534,-0.05766512344,Reversión,2.497368159
2017-03-28,0.1525752985,0.0203851185,2.051277329,0.6466178003,-0.04554303373,Reversión,2.519394419
2017-03-29,0.1457008213,0.02013060716,2.205084374,0.6451754966,-0.05775978858,Reversión,2.537922329
2017-03-30,0.1420909343,0.01982250774,2.263319006,0.6420974561,0.02556663004,Reversión,2.551526754
2017-03-31,0.1418766626,0.01955595669,2.329587843,0.639322482,0.0007348892123,Reversión,2.552596866
2017-04-03,0.1401753646,0.01951229085,2.442187194,0.6472952214,-0.02975159801,Reversión,2.586362243
2017-04-04,0.1406517648,0.01938196101,2.489456051,0.6542326246,-0.03916800491,Reversión,2.563086403
2017-04-05,0.1372760012,0.01927820874,2.605233428,0.652791279,-0.02643333287,Reversión,2.541832466
2017-04-06,0.1364165412,0.01912841692,2.693595399,0.6502317355,-0.04119868456,Reversión,2.541534375
2017-04-07,0.1340999194,0.01890516593,2.82657618,0.6446616579,-0.05440489535,Reversión,2.539038299
2017-04-10,0.1326383831,0.01889440599,2.971135821,0.6405042129,-0.08052217931,Reversión,2.550537209
2017-04-11,0.1324572213,0.01891199636,3.004484696,0.6345763073,-0.07074934233,Reversión,2.542040889
2017-04-12,0.1337583416,0.01891934267,2.933705969,0.6210428174,-0.05564182711,Reversión,2.517616071
2017-04-13,0.1338637141,0.01887027892,2.860330989,0.6053099431,-0.04347421142,Reversión,2.510612669
2017-04-17,0.1357840464,0.01889742394,2.81253694,0.6017087071,-0.05249284999,Reversión,2.557886586
2017-04-18,0.1349928908,0.01889315308,2.762477914,0.5964635603,-0.04684392445,Reversión,2.544090071
2017-04-19,0.1345682225,0.01890965636,2.679722403,0.5908440826,-0.03647798729,Reversión,2.545593082
2017-04-20,0.1326420304,0.01870026056,2.807403443,0.5871401027,-0.04799019101,Reversión,2.560129324
2017-04-21,0.132799708,0.01863179294,2.85538474,0.5847311928,-0.04037107368,Reversión,2.568778706
2017-04-24,0.1332409852,0.01857529056,2.988657945,0.5858868972,-0.03012393511,Reversión,2.59993096
2017-04-25,0.135891422,0.01868526209,3.130827104,0.5895924897,-0.0124711514,Reversión,2.648688324
2017-04-26,0.1354586396,0.01858715525,3.287403255,0.6031690905,-0.05150414258,Reversión,2.63595988
2017-04-27,0.136378645,0.01856989004,3.39909452,0.6175578551,-0.06276330955,Reversión,2.658079587
2017-04-28,0.137647986,0.01866035349,3.50507582,0.6330715421,-0.04944782629,Reversión,2.684998762
2017-05-01,0.1411836287,0.01867689606,3.573844704,0.6286502986,-0.007124314849,Reversión,2.738624605
2017-05-02,0.1413012507,0.01872210493,3.699189603,0.6304666162,-0.05171087407,Reversión,2.725186963
2017-05-03,0.1400660533,0.01864945337,3.793388122,0.6422597437,-0.03286833961,Reversión,2.714618694
2017-05-04,0.1409111407,0.01867187103,3.852739552,0.6558253312,-0.01966573381,Reversión,2.693551627
2017-05-05,0.1407449416,0.01867817305,3.989611087,0.6648979799,-0.02642001636,Reversión,2.705802888
2017-05-08,0.1392404284,0.01866865096,4.19365887,0.6803938001,-0.01248166768,Reversión,2.712380482
2017-05-09,0.1393601053,0.0187055759,4.401672108,0.7012185138,-0.02387866426,Reversión,2.736087232
2017-05-10,0.1538920275,0.01910499119,4.279032592,0.7183165215,0.01424014113,Reversión,2.82784457
2017-05-11,0.1540802136,0.01925522678,4.595083338,0.7376039522,0.02417397986,Reversión,2.838974326
2017-05-12,0.1548389515,0.01916721787,4.959159373,0.7552882817,0.02522690327,Reversión,2.860851424
2017-05-15,0.1549502636,0.01911992855,5.361198947,0.7739891107,0.02447360745,Reversión,2.869251971
2017-05-16,0.1552155292,0.01901836858,5.681683021,0.7911452283,0.02294167851,Reversión,2.883466153
2017-05-17,0.1713585564,0.01940908174,5.357111827,0.8127615369,0.004541263359,Reversión,2.778691081
2017-05-18,0.1755795128,0.01955502461,5.478135761,0.8289448724,-0.09531349096,Reversión,2.835971332
2017-05-19,0.1758259127,0.01959633565,5.715020703,0.8458275553,-0.08493259964,Reversión,2.851537722
2017-05-22,0.1746044393,0.01954600249,6.023939537,0.8693393461,-0.08407387856,Reversión,2.871991082
2017-05-23,0.1747191544,0.01950234124,6.230025063,0.8936251645,-0.08821482876,Reversión,2.861040728
2017-05-24,0.1660088437,0.01915411368,6.684397443,0.9011780825,-0.1013393633,Reversión,2.889913199
2017-05-25,0.1688885826,0.01916865998,6.762819497,0.9072236827,-0.101976339,Reversión,2.934866751
2017-05-26,0.1698187675,0.01911940468,6.907371215,0.9123931297,-0.09026498883,Reversión,2.960926325
2017-05-30,0.1706181732,0.01906139139,7.034245144,0.9144526639,-0.08824435744,Reversión,2.991693062
2017-05-31,0.1696693907,0.01912386196,7.158360428,0.9201004852,-0.08468625234,Reversión,2.989643119
2017-06-01,0.1678350704,0.0190528388,7.325972705,0.9226247294,-0.0703552737,Reversión,2.990000339
2017-06-02,0.1683476922,0.01906693561,7.428136241,0.924624707,-0.08256493139,Reversión,3.009632051
2017-06-05,0.1696862023,0.01912194784,7.557978863,0.9259178623,-0.0803860504,Reversión,3.041823238
2017-06-06,0.1697109501,0.01924427969,7.720306938,0.9276689886,-0.08726465117,Reversión,3.037415291
2017-06-07,0.1704521384,0.01921929654,7.860331862,0.9287188675,-0.09338612485,Reversión,3.061679381
2017-06-08,0.1747990569,0.0193960846,7.854389443,0.9279030082,-0.08402220686,Reversión,3.121037693
2017-06-09,0.1928896947,0.02050905853,7.059652642,0.9284635653,-0.1649142349,Reversión,2.993635858
2017-06-12,0.1927408684,0.02097183352,6.978490409,0.9282275764,-0.0687342294,Reversión,2.961446899
2017-06-13,0.1954326848,0.02121382854,6.820503928,0.9308760355,-0.09410284654,Reversión,3.013645036
2017-06-14,0.1953261238,0.02137846185,6.756014112,0.9332131518,-0.09794919433,Reversión,3.014313428
2017-06-15,0.1953421544,0.02168205811,6.66080328,0.9347770101,-0.09434867698,Reversión,2.996136666
2017-06-16,0.1952470413,0.02185443695,6.718339906,0.9365969629,-0.09410516608,Reversión,3.004657507
2017-06-19,0.196603575,0.02202457085,6.692182196,0.9408427325,-0.09429146165,Reversión,3.044545678
2017-06-20,0.1906170699,0.02174797428,6.866050247,0.9394309753,-0.09381548213,Reversión,3.036071214
2017-06-21,0.1915166499,0.02175101422,6.813653211,0.9398100721,-0.08692026164,Reversión,3.07475451
2017-06-22,0.1912772218,0.02176207808,6.811924469,0.9390077718,-0.08518197222,Reversión,3.076006238
2017-06-23,0.1909810092,0.02179755705,6.78865219,0.9383264842,-0.08277720616,Reversión,3.084596858
2017-06-26,0.1913022415,0.02180756603,6.668412083,0.9359405989,-0.0822704969,Reversión,3.052095239
2017-06-27,0.1996465753,0.02201797149,6.190371112,0.924402209,-0.02954151065,Reversión,2.960871766
2017-06-28,0.2031265052,0.02223180828,5.906148143,0.9196390423,-0.08929243872,Reversión,3.020420521
2017-06-29,0.2078718931,0.02261186566,5.553215696,0.9059462527,-0.1300439975,Reversión,2.951788403
2017-06-30,0.2081753464,0.02274995671,5.314894342,0.8882000161,-0.1058337236,Reversión,2.935158903
2017-07-03,0.210677304,0.02291901987,4.968588086,0.8599054094,-0.08443396099,Reversión,2.873803269
2017-07-05,0.209931133,0.02298763538,4.657045129,0.8291877279,-0.07157975888,Reversión,2.878373118
2017-07-06,0.2111173293,0.02309299916,4.268638385,0.7862637521,-0.08128143866,Reversión,2.838320876
2017-07-07,0.2142666526,0.02319011243,3.859458445,0.7539902579,-0.1050299395,Reversión,2.890265379
2017-07-10,0.2176851459,0.02343696781,3.429582855,0.7310616358,-0.07873918944,Reversión,2.945869805
2017-07-11,0.2188256487,0.02346785444,3.223381645,0.7131767693,-0.06289258746,Reversión,2.981339214
2017-07-12,0.222901388,0.02358716248,3.060641204,0.7026427191,-0.04555494381,Reversión,3.045364324
2017-07-13,0.2223929356,0.02369260811,2.881511873,0.6886836194,-0.06578956628,Reversión,3.027163936
2017-07-14,0.2236421691,0.0236744975,2.704532472,0.6791641332,-0.07902565638,Reversión,3.063871178
2017-07-17,0.2205488989,0.02366680087,2.611848255,0.6672902996,-0.0765288864,Reversión,3.053684391
2017-07-18,0.2319714406,0.02413919304,2.424082864,0.6654634072,-0.08031256544,Reversión,3.164685936
2017-07-19,0.2319709996,0.02412467163,2.323838981,0.6639149426,-0.08695337809,Tendencia,3.166413164
2017-07-20,0.2319203554,0.02411691713,2.250810492,0.6630708718,-0.08683791718,Tendencia,3.18278533
2017-07-21,0.2319597917,0.02423445722,2.147790498,0.6629901562,-0.08675766506,Tendencia,3.195511555
2017-07-24,0.2314168535,0.0243109825,2.081484091,0.6630411526,-0.08658099469,Tendencia,3.224829269
2017-07-25,0.2289921613,0.02422778618,2.021052232,0.6612501203,-0.1029184324,Tendencia,3.197351933
2017-07-26,0.2293023369,0.02428515301,1.984341284,0.6604122486,-0.09784444425,Tendencia,3.221834423
2017-07-27,0.2304240867,0.02486256583,2.0152477,0.6562097625,-0.09973272359,Tendencia,3.176345807
2017-07-28,0.2296171229,0.02487670775,2.015649844,0.652429618,-0.1022237087,Tendencia,3.186265523
2017-07-31,0.229776811,0.02494711698,2.055154398,0.6421627971,-0.1119011185,Tendencia,3.121181706
2017-08-01,0.2296245646,0.0249048022,2.115754915,0.6311179014,-0.1020456643,Tendencia,3.129194254
2017-08-02,0.2295159674,0.02505586738,2.240846344,0.6194825967,-0.10588379,Tendencia,3.134214177
2017-08-03,0.229559711,0.02505550741,2.368756886,0.6110293058,-0.1116754889,Tendencia,3.159531041
2017-08-04,0.23001088,0.02503805266,2.556623577,0.605487936,-0.1078010735,Tendencia,3.186437864
2017-08-07,0.2305714847,0.02502570887,2.707260551,0.6025579036,-0.1049084555,Tendencia,3.213185072
2017-08-08,0.2299251029,0.02506823589,2.818400551,0.5985389432,-0.1065272937,Tendencia,3.208667207
2017-08-09,0.2200363547,0.02474484099,3.040687571,0.5957811623,-0.1240787487,Tendencia,3.197426627
2017-08-10,0.226925108,0.02487042256,2.915676543,0.576721085,-0.1155991435,Tendencia,3.107827788
2017-08-11,0.2264272511,0.02505479814,2.912952054,0.5574825783,-0.1052216455,Tendencia,3.102484417
2017-08-14,0.2307943071,0.02517819696,2.861133711,0.5525170189,-0.1094142049,Tendencia,3.172397123
2017-08-15,0.2307584603,0.02518561221,2.870833819,0.545568169,-0.1176211421,Tendencia,3.15806663
2017-08-16,0.2190212706,0.02485572945,2.872475142,0.5293594773,-0.1130560312,Tendencia,3.155716395
2017-08-17,0.2193760793,0.02480308184,2.687493896,0.4961963381,-0.05291177833,Tendencia,3.087752752
2017-08-18,0.219129533,0.02481529827,2.494122101,0.4610114388,-0.05282473133,Tendencia,3.082316075
2017-08-21,0.2192883215,0.02496187392,2.271469144,0.4180214157,-0.05225941552,Tendencia,3.056739865
2017-08-22,0.2214143047,0.02501311555,2.029174606,0.3879727415,-0.06070846849,Tendencia,3.104952037
2017-08-23,0.2208838024,0.02509987362,1.868151167,0.3652870957,-0.05047958132,Tendencia,3.125355209
2017-08-24,0.2188576449,0.02502082952,1.698068721,0.3446296441,-0.06381976762,Tendencia,3.111652774
2017-08-25,0.2189905139,0.02495308745,1.547626996,0.3192708452,-0.06888501556,Tendencia,3.081582848
2017-08-28,0.2180333363,0.02492186424,1.40897233,0.3021896997,-0.0766020692,Tendencia,3.087259805
2017-08-29,0.2183399867,0.02495614501,1.345967408,0.2892180465,-0.07521644912,Tendencia,3.10524108
2017-08-30,0.2204491311,0.02501820223,1.298195198,0.287333351,-0.06835232021,Crisis,3.152475633
2017-08-31,0.2212330715,0.0250380791,1.286507022,0.2965823992,-0.05487560639,Crisis,3.188374111
2017-09-01,0.2201965202,0.02487744777,1.269426484,0.313277225,-0.06031905939,Crisis,3.18799064
2017-09-05,0.221636378,0.02489687739,1.178250517,0.3187960147,-0.05719211995,Crisis,3.14752148
2017-09-06,0.2211955349,0.02501600181,1.0860831,0.3335986015,-0.05912329257,Crisis,3.159715719
2017-09-07,0.2183529722,0.0249112504,1.05006643,0.3745102137,-0.06948583017,Crisis,3.184897314
2017-09-08,0.2046370379,0.02392635978,0.9928182352,0.3637257161,-0.0152280779,Crisis,3.138102648
2017-09-11,0.2096471786,0.02368343333,0.9955497824,0.3627591212,-0.09680778107,Crisis,3.217150515
2017-09-12,0.2068288279,0.02341884857,1.072904202,0.3741790918,-0.07151967589,Crisis,3.230503872
2017-09-13,0.20703531,0.02325368793,1.065938877,0.3867599898,-0.06989318357,Crisis,3.245452789
2017-09-14,0.2067125678,0.02306198715,1.066916414,0.3926982601,-0.07166687957,Reversión,3.239850993
2017-09-15,0.2076258906,0.02306883605,1.092687288,0.403950071,-0.07304744339,Reversión,3.272683042
2017-09-18,0.2063360923,0.0230912489,1.240920825,0.4262589928,-0.070570225,Reversión,3.294082392
2017-09-19,0.2062635217,0.02307761051,1.383863111,0.4446474097,-0.06724049509,Reversión,3.292395743
2017-09-20,0.2046834997,0.02307472136,1.582734735,0.4724395234,-0.06295875453,Reversión,3.292767212
2017-09-21,0.2052191729,0.02323114262,1.691734739,0.4959332352,-0.06141416618,Reversión,3.268334257
2017-09-22,0.2067452362,0.02324155421,1.739557087,0.5131979659,-0.04941457163,Reversión,3.226355486
2017-09-25,0.2142009025,0.02341025703,1.669794915,0.4930962838,-0.007215168169,Reversión,3.12980001
2017-09-26,0.2058137597,0.02329607628,1.735504236,0.457435979,-0.04626470202,Reversión,3.140936028
2017-09-27,0.2036934282,0.02324889631,1.800982541,0.4441550113,0.01096357194,Reversión,3.183935401
2017-09-28,0.1985689057,0.02288924727,1.849323393,0.4188090384,0.05670600205,Reversión,3.187072218
2017-09-29,0.1990256394,0.02283827811,1.806183404,0.3973062723,0.041019192,Reversión,3.21506359
2017-10-02,0.1950021944,0.02264801177,1.719020219,0.3663097032,0.01911859931,Reversión,3.19457108
2017-10-03,0.195413929,0.02245647416,1.610368501,0.3398728104,0.01497704413,Reversión,3.215449897
2017-10-04,0.194187154,0.0223378811,1.569715312,0.3239741953,0.01816807971,Reversión,3.243135635
2017-10-05,0.1939505011,0.02232263662,1.573243245,0.3174845013,0.05775997175,Reversión,3.300417913
2017-10-06,0.1908024387,0.02219958006,1.615044819,0.3133068142,0.03841010745,Reversión,3.327496238
2017-10-09,0.1894019264,0.02217335178,1.706096469,0.3079228732,0.01566829993,Reversión,3.316041401
2017-10-10,0.1848002601,0.0221742041,1.772446589,0.3110868672,-0.009823952695,Reversión,3.334414626
2017-10-11,0.1848913704,0.02204005385,1.789146387,0.3125660699,0.01024550824,Reversión,3.35656737
2017-10-12,0.1833454996,0.02203529197,1.824879388,0.3194770882,0.02024716034,Reversión,3.363865129
2017-10-13,0.1839213334,0.0219007091,1.86470638,0.3253443508,0.0270904312,Reversión,3.390760387
2017-10-16,0.1692104257,0.02140643617,2.097472674,0.3604845563,0.05465911891,Reversión,3.40688099
2017-10-17,0.1692503939,0.02135766898,2.144892479,0.3950032224,0.06287419081,Reversión,3.413416342
2017-10-18,0.1690710104,0.02141784353,2.19448383,0.4335169133,0.06280186793,Reversión,3.401809476
2017-10-19,0.1697797936,0.02145481126,2.211224789,0.4730795405,0.06699676736,Reversión,3.372147222
2017-10-20,0.1690200442,0.02134810918,2.280521187,0.5225265548,0.07045827138,Reversión,3.357133198
2017-10-23,0.1708769944,0.02141108858,2.313054668,0.549644762,0.09207580916,Reversión,3.306176292
2017-10-24,0.1708755248,0.02140686211,2.533269435,0.5924140873,0.08456999661,Reversión,3.33146494
2017-10-25,0.1705138809,0.02098006004,2.684705305,0.6046315469,0.08588248578,Reversión,3.288222995
2017-10-26,0.1705118212,0.0207958195,2.786413079,0.622432705,0.08652254642,Reversión,3.298399239
2017-10-27,0.1860512389,0.02118273525,2.727750183,0.635635875,0.09994359821,Reversión,3.438432967
2017-10-30,0.1861138385,0.02124347744,2.878908932,0.6500980361,0.1040281776,Reversión,3.450548073
2017-10-31,0.1864838795,0.02109175701,3.067742095,0.6648830527,0.104892762,Reversión,3.471549028
2017-11-01,0.1857829074,0.02102927019,3.259136821,0.6858650898,0.1042566749,Reversión,3.471898409
2017-11-02,0.1877513259,0.021237127,3.336764639,0.7115687729,0.1007112488,Tendencia,3.416310988
2017-11-03,0.1881470634,0.02129800219,3.411362851,0.7474758823,0.07491924643,Tendencia,3.451756728
2017-11-06,0.188127842,0.02122085462,3.460168672,0.7802954079,0.07611834216,Tendencia,3.453174933
2017-11-07,0.1880477189,0.02110855244,3.524736353,0.8081143056,0.07472074809,Tendencia,3.460690864
2017-11-08,0.179512181,0.02081414156,3.694171549,0.8129562367,0.06149480765,Tendencia,3.457386384
2017-11-09,0.180271095,0.0207832004,3.627393651,0.8134229094,0.05483620979,Tendencia,3.428209396
2017-11-10,0.1748632419,0.02065779877,3.72340023,0.8278556534,0.06043335548,Tendencia,3.446243141
2017-11-13,0.1752158756,0.02080391612,3.679857897,0.8394055209,0.08170072425,Tendencia,3.4709188
2017-11-14,0.17522703,0.02078543729,3.618716485,0.8488572876,0.0777619112,Tendencia,3.466623996
2017-11-15,0.1704869839,0.02073927926,3.596146905,0.8450393691,0.07636070165,Tendencia,3.441113471
2017-11-16,0.1716014975,0.02072581136,3.491997689,0.8434890343,0.05638716576,Tendencia,3.475250932
2017-11-17,0.1710277662,0.02064630434,3.436741192,0.8394635119,0.04385910243,Tendencia,3.459823028
2017-11-20,0.1681162562,0.02058675441,3.465822238,0.8351621976,0.068182092,Tendencia,3.455036707
2017-11-21,0.1704949202,0.02052668155,3.508120138,0.8363904945,0.05227614536,Tendencia,3.509065887
2017-11-22,0.1702999816,0.02042933698,3.558983492,0.8354526831,0.0490579478,Tendencia,3.50339313
2017-11-24,0.1702527991,0.02039352923,3.676647291,0.8353119851,0.03509231524,Tendencia,3.536512541
2017-11-27,0.1702578803,0.02042322128,3.787836157,0.8352675735,0.03431780775,Tendencia,3.543430315
2017-11-28,0.1698700756,0.02038882579,3.733220956,0.8347054955,0.03466785854,Tendencia,3.539981657
2017-11-29,0.186176412,0.02099634013,3.242737161,0.8098371536,0.04234263167,Tendencia,3.394763207
2017-11-30,0.1854394363,0.02106802432,3.101860629,0.7949185027,-0.01095875113,Tendencia,3.421321616
2017-12-01,0.1865634264,0.02130652717,2.903028457,0.7679938155,-0.01819503347,Tendencia,3.386339318
2017-12-04,0.1900710325,0.02162830477,2.663884197,0.7055310161,0.0101380319,Tendencia,3.311271316
2017-12-05,0.1900826552,0.02190785825,2.452082516,0.6490571796,0.006418993983,Tendencia,3.32456363
2017-12-06,0.1915947572,0.0220519775,2.266876333,0.6132571565,0.008714625004,Tendencia,3.372487874
2017-12-07,0.1900180564,0.0220713371,2.11199904,0.5818196139,0.03149498222,Tendencia,3.399772204
2017-12-08,0.1834572946,0.02188600714,2.056503025,0.5614006548,0.07985380454,Tendencia,3.41570053
2017-12-11,0.1842387571,0.02192481939,1.982881211,0.5506700419,0.07685658543,Tendencia,3.447935641
2017-12-12,0.1840095515,0.02198257536,1.903508993,0.5408347101,0.07369940154,Tendencia,3.446009945
2017-12-13,0.1840047605,0.02192602006,1.78575335,0.526990697,0.0754168587,Tendencia,3.440519595
2017-12-14,0.1830352498,0.0219032363,1.705491458,0.5220384086,0.0779208004,Tendencia,3.453268982
2017-12-15,0.1842548119,0.02178544601,1.677997193,0.5306590003,0.07545848643,Reversión,3.496225605
2017-12-18,0.1849113035,0.02179815337,1.636107188,0.5421005789,0.08500058073,Reversión,3.523498582
2017-12-19,0.1861628963,0.02181084872,1.578267468,0.5450214257,0.07460098614,Reversión,3.485529525
2017-12-20,0.1856496182,0.02169314883,1.524213457,0.5386620224,0.07844667804,Reversión,3.476080975
2017-12-21,0.1838712458,0.02156112304,1.396409522,0.5229728804,0.06652300742,Reversión,3.473205781
2017-12-22,0.1740460935,0.02115136027,1.278974134,0.4987546444,0.01707443736,Reversión,3.459104628
2017-12-26,0.1741357695,0.0210616291,1.03221689,0.4688568372,0.03097871082,Reversión,3.443455981
2017-12-27,0.1720819241,0.02089511634,0.7960948054,0.4329059529,0.03161266003,Reversión,3.432761101
2017-12-28,0.1728369433,0.02094379464,0.5745471091,0.4052304912,0.02815901618,Reversión,3.460664975
2017-12-29,0.1731403799,0.02095123181,0.5228584213,0.3639943568,0.01775654216,Reversión,3.425477844
2018-01-02,0.1818142054,0.02108111134,0.4877181012,0.3514924773,-0.01537758584,Reversión,3.522988522
2018-01-03,0.1859300204,0.02125866917,0.5732245224,0.3496248167,0.05174600622,Reversión,3.595283424
2018-01-04,0.185142864,0.02121812773,0.7744706472,0.3482327137,0.04533495573,Reversión,3.599076109
2018-01-05,0.1836395035,0.02114559403,1.024453921,0.3544927221,0.03168279793,Reversión,3.646464475
2018-01-08,0.1878684428,0.02127370758,1.253091871,0.3635244889,0.04586847839,Reversión,3.724679667
2018-01-09,0.1878612036,0.02124531911,1.458014884,0.3726406665,0.03700600527,Reversión,3.712230836
2018-01-10,0.1877230523,0.02115081025,1.663598686,0.3853531591,0.03787331157,Reversión,3.727860876
2018-01-11,0.1880704458,0.02120088716,1.859850695,0.4021992707,0.03767757985,Reversión,3.760524973
2018-01-12,0.1880222736,0.02140097865,2.06474376,0.4207897421,0.03631137532,Reversión,3.762197165
2018-01-16,0.1873509472,0.02168695714,2.289981349,0.4452298025,0.03659637849,Reversión,3.758576789
2018-01-17,0.1872175048,0.02181324944,2.509032252,0.4727546031,0.03398586094,Reversión,3.770526045
2018-01-18,0.1872256597,0.02187717379,2.68522683,0.5008399821,0.03398905167,Reversión,3.77847389
2018-01-19,0.1880832762,0.02186383896,2.839163594,0.5248556153,0.03445258987,Reversión,3.814721701
2018-01-22,0.1913665547,0.02192621934,3.036546186,0.5396925501,0.04330568387,Reversión,3.889813647
2018-01-23,0.2007530482,0.02235986707,3.212026135,0.5447772844,0.08651914439,Reversión,4.009071842
2018-01-24,0.1984796965,0.02246578028,3.546298968,0.5479216145,0.05625419289,Reversión,4.001578283
2018-01-25,0.1983364652,0.02256456335,3.885002712,0.5550499448,0.06428460352,Reversión,4.028211099
2018-01-26,0.1993607316,0.02248398536,4.240024471,0.5560797717,0.07779467304,Reversión,4.094439802
2018-01-29,0.2002462783,0.02268206344,4.63073213,0.5586868175,0.08610920284,Reversión,4.134982029
2018-01-30,0.1817283882,0.02224020753,5.554986559,0.5820349628,0.08924544753,Reversión,4.110839025
2018-01-31,0.1816990303,0.02234551045,6.055149315,0.6068506729,0.09382895345,Reversión,4.123673306
2018-02-01,0.182561979,0.02261919534,6.390883361,0.6348553145,0.09215105728,Reversión,4.079331394
2018-02-02,0.1842422749,0.02298930568,6.579802431,0.6611296696,0.1161453935,Reversión,4.028692603
2018-02-05,0.2057582154,0.02364086522,5.971174367,0.666638841,0.1792491923,Reversión,3.833222181
2018-02-06,0.2137275383,0.02435853143,5.861435942,0.6843000752,0.03190803436,Reversión,3.950959161
2018-02-07,0.2139531247,0.02461225404,5.886164799,0.6994961991,0.0137463786,Reversión,3.931487485
2018-02-08,0.2405279878,0.02545212945,5.164645975,0.6909413989,0.04404588074,Reversión,3.715284961
2018-02-09,0.2430899697,0.02642815031,5.059756759,0.6898860121,-0.02495550475,Reversión,3.780769625
2018-02-12,0.2438960807,0.02660897035,4.983630344,0.6894950009,-0.01379862289,Reversión,3.829971724
2018-02-13,0.2441949485,0.0266944604,4.93762249,0.6930858215,-0.006738940127,Reversión,3.860645101
2018-02-14,0.248440763,0.02689181095,4.869576354,0.7061453014,0.00119856951,Tendencia,3.953153914
2018-02-15,0.2526757737,0.02713260139,4.837935387,0.7219852518,0.03191954997,Tendencia,4.044341579
2018-02-16,0.2524775768,0.02715773488,4.867970822,0.7323298515,0.01856685355,Tendencia,4.022515846
2018-02-20,0.2519340531,0.02730675374,4.897163968,0.7463171762,0.02184414575,Tendencia,4.044502414
2018-02-21,0.2517812236,0.02745652355,4.859288569,0.7571433826,0.02489263237,Tendencia,4.047252424
2018-02-22,0.2520488892,0.02763233861,4.734144401,0.7671227079,0.02268213182,Tendencia,4.071410248
2018-02-23,0.252817453,0.02768174951,4.656834767,0.7845477163,0.02936236202,Tendencia,4.146653869
2018-02-26,0.2543463232,0.02775655423,4.572977997,0.8010231664,0.04417687667,Tendencia,4.20477515
2018-02-27,0.2550538776,0.02785002558,4.437892236,0.8190367513,0.03413092715,Tendencia,4.148444313
2018-02-28,0.2559595524,0.02795873379,4.25102483,0.8346094576,0.0477290847,Tendencia,4.10308959
2018-03-01,0.259853042,0.02832499055,3.99261533,0.8422492388,0.06693796366,Tendencia,4.011064602
2018-03-02,0.2483121313,0.02809367133,3.954580162,0.8394429122,0.04128481767,Tendencia,4.070105362
2018-03-05,0.2493977833,0.02832234475,3.783980738,0.8403018214,0.06641543379,Tendencia,4.127128931
2018-03-06,0.2492579488,0.02826364873,3.681090308,0.8397347238,0.07532505076,Tendencia,4.165649448
2018-03-07,0.2456131404,0.02800077363,3.772347632,0.8372296625,0.05453042809,Tendencia,4.192155491
2018-03-08,0.2455360329,0.0276653738,3.718282596,0.8337508449,0.05484385728,Tendencia,4.181347785
2018-03-09,0.2469905471,0.02763098127,3.709612202,0.8332075868,0.04723220432,Tendencia,4.263593383
2018-03-12,0.2472097761,0.02779631955,3.909094958,0.8335712623,0.05022385427,Tendencia,4.304607777
2018-03-13,0.2484669769,0.02810488398,4.017074391,0.8319942467,0.04262617221,Tendencia,4.247218844
2018-03-14,0.2477490374,0.0281640442,4.127742604,0.8305512898,0.04594369941,Tendencia,4.247196051
2018-03-15,0.2477605918,0.02815899561,4.19997583,0.827755285,0.0487280714,Tendencia,4.241588386
2018-03-16,0.2479528524,0.02814770486,4.18885061,0.8226268441,0.05004549428,Tendencia,4.219809168
2018-03-19,0.2560298297,0.02853681644,3.925491484,0.8053588342,0.06784200208,Tendencia,4.084288496
2018-03-20,0.2551053569,0.02874462515,3.846248088,0.790695361,0.05759453329,Tendencia,4.108999703
2018-03-21,0.2546753578,0.02889916056,3.755298478,0.7768112679,0.05459391994,Tendencia,4.11910607
2018-03-22,0.2599126651,0.02915001611,3.520788201,0.7455144213,0.05795438554,Tendencia,4.003339031
2018-03-23,0.2659998662,0.029481298,3.21595184,0.6927134529,0.1063045737,Tendencia,3.889565133
2018-03-26,0.2737432194,0.0301630808,2.910597116,0.660278347,0.04866262496,Tendencia,4.015333455
2018-03-27,0.2978006561,0.03124551062,2.345242488,0.5795118538,-0.0487439362,Tendencia,3.779350918
2018-03-28,0.3039857767,0.03190417984,1.95749449,0.4694533215,0.04187182587,Tendencia,3.662802446
2018-03-29,0.3110960985,0.0326872681,1.651290372,0.3919285337,-0.004569066399,Tendencia,3.784449616
2018-04-02,0.3217418445,0.03339122787,1.341803075,0.2827347302,-0.05815379049,Tendencia,3.626119637
2018-04-03,0.323432241,0.03389567308,1.066042719,0.1969983486,-0.08320929585,Tendencia,3.696435779
2018-04-04,0.3205922604,0.0343989253,0.8163006341,0.1348214939,-0.05933997302,Tendencia,3.765892969
2018-04-05,0.3204919591,0.03457252202,0.5776499761,0.0927989685,-0.06740841365,Tendencia,3.841683099
2018-04-06,0.3237727684,0.03485798476,0.2855525116,0.04956128545,-0.0842272623,Crisis,3.75327928
2018-04-09,0.3227104706,0.03516862423,0.01175890113,0.02015724049,-0.08162371007,Crisis,3.748420899
2018-04-10,0.3281880367,0.03539642586,0.239020675,0.008647809032,-0.09302832241,Crisis,3.886219096
2018-04-11,0.3281389036,0.03552800792,0.5197639008,0.001500721022,-0.09183644573,Crisis,3.879366962
2018-04-12,0.3283705093,0.03563303068,0.752964233,0.0001181380515,-0.0919314136,Crisis,3.908330128
2018-04-13,0.3279094323,0.0357703781,0.9807463461,0.003190474729,-0.09290072099,Crisis,3.912478259
2018-04-16,0.32800402,0.03570688838,1.210470576,0.01127055343,-0.09288914655,Crisis,3.896971777
2018-04-17,0.3349866653,0.03590818847,1.347006723,0.01886381173,-0.09680455475,Crisis,4.029599601
2018-04-18,0.3349392095,0.03589336485,1.425572141,0.02810363907,-0.09459975152,Crisis,4.035520945
2018-04-19,0.3350526452,0.03607221358,1.508597742,0.038194073,-0.09461864169,Crisis,4.055060303
2018-04-20,0.3358426784,0.03616878964,1.611381401,0.05212052139,-0.09653977785,Crisis,3.994296922
2018-04-23,0.3347199625,0.03623484238,1.664085979,0.06600339187,-0.09366097889,Crisis,3.93791114
2018-04-24,0.3339597894,0.03636194112,1.670743558,0.07910111305,-0.09992202701,Crisis,3.825635606
2018-04-25,0.3341311645,0.03645828668,1.75667486,0.09518396736,-0.09343812172,Crisis,3.803954926
2018-04-26,0.3428193262,0.0368658911,1.599317917,0.0951364626,-0.09768986468,Crisis,3.951999679
2018-04-27,0.3416349612,0.03712595264,1.400359086,0.08561860016,-0.08826039007,Crisis,3.98450539
2018-04-30,0.34121149,0.03702343889,1.267725295,0.07483875496,-0.09587213898,Crisis,3.964284772
2018-05-01,0.3419515562,0.03693833646,1.026469753,0.06181119275,-0.09595068901,Crisis,4.014505725
2018-05-02,0.3419069107,0.03683318691,0.8286401828,0.0493040039,-0.09567944359,Crisis,4.008668158
2018-05-03,0.3415052794,0.03683201714,0.6898478356,0.04245008944,-0.09431808717,Crisis,3.981183966
2018-05-04,0.3434099694,0.03669338727,0.5663336378,0.03338952896,-0.103395809,Crisis,4.06842849
2018-05-07,0.3317118054,0.03600545511,0.4183680924,0.03279337784,-0.1142936245,Crisis,4.147708279
2018-05-08,0.325979976,0.03521800484,0.2286425227,0.02519974064,-0.06657892112,Crisis,4.151771948
2018-05-09,0.3277940733,0.03503373215,0.08719394786,0.01654172397,-0.06075045651,Crisis,4.226132836
2018-05-10,0.3090862069,0.0342202905,0.02717425561,0.01868823844,-0.07504008763,Crisis,4.254643673
2018-05-11,0.3073867493,0.03335101456,0.1304284559,0.01956623776,-0.04465398208,Crisis,4.224937404
2018-05-14,0.3063583175,0.03304939856,0.2354428762,0.01917241494,-0.05027976213,Crisis,4.210572807
2018-05-15,0.308556227,0.03309272385,0.3187408884,0.02179439467,-0.04827067435,Crisis,4.126148765
2018-05-16,0.3048615862,0.03277213329,0.3508049925,0.01943912129,-0.0563003867,Crisis,4.137514984
2018-05-17,0.3013769666,0.03254548212,0.3952193288,0.01393905707,-0.08004922013,Crisis,4.129279487
2018-05-18,0.3018200837,0.03247739692,0.401736155,0.01156135208,-0.07378913861,Crisis,4.08883254
2018-05-21,0.3026494418,0.03247800507,0.4703944629,0.007294628333,-0.07758802366,Crisis,4.139771946
2018-05-22,0.303192278,0.03235645219,0.5588441243,0.004836458505,-0.08226911791,Crisis,4.102129484
2018-05-23,0.305353801,0.03239584745,0.747751779,0.001413277549,-0.08928523284,Crisis,4.180444162
2018-05-24,0.3031123497,0.03236673837,0.976640257,3.712997044e-05,-0.09332123614,Crisis,4.183640342
2018-05-25,0.3018466573,0.03224964841,1.129885168,0.003631114078,-0.1051949223,Crisis,4.193030055
2018-05-29,0.3006556865,0.03227646504,1.252690404,0.01109341959,-0.09776231573,Crisis,4.194256314
2018-05-30,0.3011420437,0.03220713302,1.394560869,0.02256907414,-0.1049661976,Crisis,4.252479707
2018-05-31,0.2978145879,0.03183834218,1.508856532,0.03231160443,-0.1174080841,Crisis,4.26177168
2018-06-01,0.2990781491,0.03152806845,1.650376978,0.05142959521,-0.1030510721,Crisis,4.347561
2018-06-04,0.2988621584,0.03130763051,1.849325678,0.08134579921,-0.1006255793,Crisis,4.403237336
2018-06-05,0.2982908555,0.03126582758,2.007692823,0.1199933904,-0.1054551363,Crisis,4.409186155
2018-06-06,0.2995280238,0.03135021403,2.136796523,0.1704256846,-0.1070132481,Crisis,4.475381016
2018-06-07,0.3003119168,0.03150952914,2.243633583,0.2209938354,-0.1130312195,Crisis,4.425505296
2018-06-08,0.2977242053,0.03138581016,2.348909693,0.289221037,-0.1099827909,Crisis,4.425911516
2018-06-11,0.2978848149,0.03122407266,2.443200734,0.3747001063,-0.1186595514,Crisis,4.473673095
2018-06-12,0.2974269807,0.03094709011,2.566242684,0.4552228735,-0.1088785647,Crisis,4.520508647
2018-06-13,0.2978867098,0.03091333326,2.703738983,0.539017285,-0.1068156989,Crisis,4.557900876
2018-06-14,0.3013384477,0.03102923655,2.899088663,0.6223694749,-0.09907446939,Crisis,4.661720543
2018-06-15,0.3012190491,0.03105817076,3.108866469,0.7000265007,-0.1033418984,Crisis,4.648226606
2018-06-18,0.2951824809,0.03073602489,3.380562665,0.7462490788,-0.1185792504,Crisis,4.701497276
2018-06-19,0.2951320148,0.03076839434,3.606701695,0.7963030797,-0.1188330568,Crisis,4.676109834
2018-06-20,0.2970039035,0.03072462287,3.808040968,0.8451576423,-0.1233344649,Crisis,4.754795384
2018-06-21,0.2931678736,0.03068282309,4.054114629,0.8743177923,-0.1362838461,Crisis,4.683647067
2018-06-22,0.2888920935,0.03051268227,4.217861791,0.8875432581,-0.1730526944,Crisis,4.619857903
2018-06-25,0.2890960612,0.03041719298,4.285894843,0.9088350091,-0.1008696546,Tendencia,4.468384872
2018-06-26,0.2663116335,0.02960847785,4.700359631,0.9089768492,-0.03965943452,Tendencia,4.544517023
2018-06-27,0.2607620342,0.02921257136,4.793441497,0.901075118,-0.1850373296,Tendencia,4.477151678
2018-06-28,0.2537811037,0.02862099107,4.935720622,0.898837422,-0.1427718122,Tendencia,4.541255735
2018-06-29,0.2402918099,0.02801656317,5.159284243,0.8921662427,-0.072484508,Tendencia,4.499594808
2018-07-02,0.2377768781,0.02797181882,5.135305391,0.8864251467,-0.02964717711,Tendencia,4.538680551
2018-07-03,0.2416415534,0.0275255995,4.898090561,0.869022058,-0.05933464417,Tendencia,4.409008052
2018-07-05,0.2403626275,0.02734248896,4.81426521,0.8595394536,-0.1073495934,Tendencia,4.478848761
2018-07-06,0.2376282357,0.02716179973,4.719137199,0.8521968476,-0.06604980556,Tendencia,4.542628994
2018-07-09,0.2399278443,0.02688757787,4.592151445,0.8489695616,-0.06449182724,Tendencia,4.618127377
2018-07-10,0.2284540735,0.02646930952,4.778705155,0.847720654,-0.05553649232,Tendencia,4.631102087
2018-07-11,0.2285297672,0.02635683924,4.689653442,0.844277391,-0.04533654899,Tendencia,4.615223058
2018-07-12,0.2291120843,0.0263378259,4.588227691,0.8434870662,-0.04763152293,Tendencia,4.666275771
2018-07-13,0.2293187929,0.02626455701,4.458521357,0.8406346683,-0.05186498961,Tendencia,4.643029998
2018-07-16,0.2292985765,0.02619397515,4.24743801,0.83514419,-0.04869825978,Tendencia,4.626039956
2018-07-17,0.2195764505,0.02631541502,4.278865887,0.8380752886,-0.03609403779,Tendencia,4.663984297
2018-07-18,0.2196520042,0.02624561576,4.07550525,0.8391794207,-0.03772739983,Tendencia,4.648903211
2018-07-19,0.220769793,0.02608527108,3.851190538,0.8361205405,-0.03036271807,Tendencia,4.592630725
2018-07-20,0.2188944838,0.02599734799,3.593902573,0.8254249419,-0.01877275341,Tendencia,4.572924611
2018-07-23,0.2172313924,0.026003753,3.358579597,0.8090711856,-0.03990078483,Tendencia,4.55355121
2018-07-24,0.2099439432,0.02577886406,3.236736903,0.7958768736,-0.09087072427,Tendencia,4.580354512
2018-07-25,0.2129580444,0.02561639514,3.111694824,0.792912953,-0.1154795536,Tendencia,4.666141093
2018-07-26,0.2098156895,0.02569749024,2.976389064,0.7664493907,-0.1386038226,Tendencia,4.505681851
2018-07-27,0.2113896465,0.02569781196,2.800226663,0.7270512436,-0.09819370463,Tendencia,4.436847694
2018-07-30,0.2188771914,0.02599488339,2.438755327,0.6576695757,-0.04361050082,Tendencia,4.308933729
2018-07-31,0.2178884249,0.02608840659,2.243141539,0.5956525302,-0.05087047655,Tendencia,4.340161559
2018-08-01,0.2180804236,0.02611743896,2.013679014,0.5373382365,-0.04663289039,Tendencia,4.360994705
2018-08-02,0.2332457031,0.02640797187,1.841491432,0.5106842297,-0.03485752894,Tendencia,4.543851429
2018-08-03,0.2290924146,0.02615444082,1.803146438,0.4846185595,-0.02760731928,Tendencia,4.54194009
2018-08-06,0.226963915,0.02612406455,1.746592168,0.4694411423,-0.05765415805,Tendencia,4.595111482
2018-08-07,0.2314716073,0.02651459693,1.636933219,0.4646223599,-0.03988617064,Tendencia,4.699652183
2018-08-08,0.2286913943,0.02651128461,1.587260423,0.4647587634,-0.04311449487,Tendencia,4.695063831
2018-08-09,0.2289833401,0.02661905251,1.514536776,0.4621794854,-0.04732531777,Tendencia,4.653355156
2018-08-10,0.2289307478,0.02657643983,1.385558874,0.4511614647,-0.03727887405,Tendencia,4.622937453
2018-08-13,0.2288343994,0.02668764445,1.268570658,0.4368466034,-0.03915126239,Tendencia,4.619560917
2018-08-14,0.2253220906,0.02654276803,1.164580085,0.4160886496,-0.04843658891,Tendencia,4.627873076
2018-08-15,0.2285612163,0.02684151717,0.958527239,0.3806813606,-0.04684473324,Tendencia,4.538238625
2018-08-16,0.2293850742,0.02696908284,0.7535463593,0.3354031845,-0.02694496113,Tendencia,4.493247639
2018-08-17,0.2354669925,0.02733192231,0.5080912659,0.2612195978,-0.003708396928,Tendencia,4.365941698
2018-08-20,0.234764604,0.02753424506,0.3263519177,0.2000771249,-0.0104249366,Tendencia,4.403150921
2018-08-21,0.2363141129,0.02762142808,0.1805513722,0.1514224332,0.006210903139,Tendencia,4.474851429
2018-08-22,0.2346014245,0.02753368377,0.06384868096,0.1169919118,0.03193718652,Tendencia,4.531954808
2018-08-23,0.2346229829,0.02759744901,0.118268023,0.08278955595,0.03032282086,Tendencia,4.523958153
2018-08-24,0.2374692787,0.02775202777,0.1422528734,0.05985619586,0.02616935345,Tendencia,4.607494218
2018-08-27,0.2383703635,0.02783571464,0.0962019052,0.04184935602,0.0364461278,Tendencia,4.65521649
2018-08-28,0.2369644421,0.02782095096,0.04117718355,0.02659798356,0.0335652509,Crisis,4.631648653
2018-08-29,0.2372834986,0.0278315352,0.1726596371,0.01535135635,0.03064778781,Crisis,4.661879702
2018-08-30,0.2338458633,0.02784494267,0.3148535985,0.009969886018,0.02978481629,Crisis,4.664528367
2018-08-31,0.2326147114,0.02780737528,0.3301002026,0.00663723136,0.01437612265,Crisis,4.643444214
2018-09-04,0.2338269182,0.02793704309,0.3185812023,0.002272695082,0.01920931701,Crisis,4.587881536
2018-09-05,0.2382423433,0.02804302895,0.2238541255,1.877701485e-05,0.04372028084,Crisis,4.462531991
2018-09-06,0.2381242308,0.02820339999,0.0291011521,0.006905511299,0.07508942858,Crisis,4.415700304
2018-09-07,0.2391149815,0.02857748012,0.1846393243,0.02970209945,0.08296026175,Crisis,4.367689905
2018-09-10,0.240126649,0.02873897598,0.3261990363,0.05247194598,0.07047866791,Crisis,4.435023425
2018-09-11,0.2396133242,0.02888668515,0.4235927078,0.06965293787,0.06990736734,Crisis,4.465762164
2018-09-12,0.2391808629,0.02907214122,0.5018921367,0.08030792627,0.06607418613,Crisis,4.483987618
2018-09-13,0.234817894,0.02896917216,0.5689161151,0.07583367014,0.05415923281,Crisis,4.490044883
2018-09-14,0.2348546546,0.0290215028,0.5582804983,0.07033215835,0.05978075289,Crisis,4.506043075
2018-09-17,0.2364351003,0.02910262013,0.537791223,0.06815705056,0.05661637717,Crisis,4.425745261
2018-09-18,0.2363608175,0.02916524725,0.4274722778,0.0654676619,0.05378649897,Crisis,4.445724137
2018-09-19,0.2350105172,0.02927068471,0.3031747263,0.04854923519,0.06449935054,Crisis,4.495235494
2018-09-20,0.2331476254,0.02914843864,0.2409340288,0.037511079,0.08641739046,Crisis,4.506130246
2018-09-21,0.2327056614,0.02910316723,0.2578371371,0.03784995997,0.07080875673,Crisis,4.453964215
2018-09-24,0.2243391554,0.02886399926,0.2918637395,0.05039431617,0.03129075957,Crisis,4.502560449
2018-09-25,0.2222203093,0.02871413342,0.3465683275,0.04963115555,0.08339501305,Crisis,4.535568945
2018-09-26,0.2210961622,0.02856596705,0.431219157,0.05226029784,0.1109705748,Crisis,4.579810146
2018-09-27,0.2197328596,0.02847128139,0.465876922,0.04244687497,0.1350338382,Crisis,4.613700915
2018-09-28,0.2236425682,0.02886346802,0.5748256075,0.05125548198,0.1309974202,Crisis,4.508742797
2018-10-01,0.2339233877,0.02897081082,0.5776231688,0.03570903839,0.06748475055,Crisis,4.668246134
2018-10-02,0.228757004,0.02890783472,0.669226971,0.04593624643,0.04378690975,Crisis,4.599213056
2018-10-03,0.2265638233,0.02880845301,0.6993221156,0.0485248867,0.08168588539,Crisis,4.594030191
2018-10-04,0.2324797211,0.029036473,0.6648120277,0.05999234306,0.06800530522,Crisis,4.457617633
2018-10-05,0.2366431882,0.02941714522,0.6443553909,0.07568959395,0.1065155913,Crisis,4.334364865
2018-10-08,0.2384334711,0.02981675619,0.624328815,0.09568709655,0.1261412385,Crisis,4.269999358
2018-10-09,0.2393151758,0.02998354255,0.636158905,0.1127002564,0.1138311755,Crisis,4.316199258
2018-10-10,0.2624848888,0.03057593927,0.7042953114,0.1384767578,0.06484457236,Crisis,4.078651222
2018-10-11,0.263804267,0.03096830067,0.8667044986,0.1671861897,0.09910942155,Crisis,4.021200051
2018-10-12,0.2721737267,0.03141079005,0.9522208714,0.1908089209,0.07088927705,Crisis,4.15666447
2018-10-15,0.2734844374,0.03107560766,1.089587088,0.2120434406,0.04230578542,Crisis,4.091459355
2018-10-16,0.285371444,0.03149109961,1.067882419,0.2209546148,0.01051321916,Crisis,4.258721323
2018-10-17,0.2845164563,0.03186168881,1.109496542,0.2334380953,0.02188898423,Crisis,4.279889481
2018-10-18,0.2906933149,0.03218351965,1.208298539,0.2592990436,0.01129941297,Crisis,4.151018717
2018-10-19,0.2925265324,0.03240740765,1.361192394,0.2907595534,0.03173779186,Crisis,4.08091189
2018-10-22,0.2924369875,0.03234792308,1.479281544,0.3159866283,0.02803238933,Crisis,4.099857479
2018-10-23,0.2913568831,0.03289375695,1.592916691,0.3254997512,0.02553862716,Crisis,4.156835916
2018-10-24,0.3096446086,0.03321705634,1.749428119,0.3629121985,0.01152511477,Crisis,3.896236056
2018-10-25,0.3259307959,0.03376153102,1.861952434,0.4048572614,-0.1402408527,Crisis,4.103183326
2018-10-26,0.3257464098,0.03433460695,2.148398034,0.4779061819,-0.2034249526,Crisis,3.987046258
2018-10-29,0.3345644834,0.03538961315,2.367034076,0.5400711996,-0.1520895381,Crisis,3.832207642
2018-10-30,0.3368146385,0.03591880986,2.681190189,0.5987274414,-0.178218503,Crisis,3.908920514
2018-10-31,0.3357421364,0.03603141984,2.897644566,0.6207442007,-0.1556377181,Crisis,4.064188792
2018-11-01,0.3391846235,0.0364024647,3.036774689,0.6336264668,-0.1187745555,Crisis,4.162154594
2018-11-02,0.3389103569,0.03654630168,3.140773873,0.642326547,-0.1253452258,Crisis,4.122547701
2018-11-05,0.3363805701,0.03653646314,3.196668753,0.6432875224,-0.1358072156,Crisis,4.083330169
2018-11-06,0.3363981875,0.03668959579,3.191311853,0.6424810089,-0.1390480814,Crisis,4.091410986
2018-11-07,0.3426561205,0.03695069267,3.108504636,0.6277325217,-0.1309783216,Tendencia,4.229630812
2018-11-08,0.3438129376,0.03719945045,2.975198829,0.6225870149,-0.146277302,Tendencia,4.163934071
2018-11-09,0.3457422841,0.03737806295,2.834105408,0.6242011167,-0.1370090343,Tendencia,4.087934437
2018-11-12,0.3562277815,0.03783444218,2.761092866,0.6336240536,-0.1104688676,Tendencia,3.912421365
2018-11-13,0.3549890545,0.03795335663,2.744363804,0.6486185053,-0.1245990453,Tendencia,3.961112334
2018-11-14,0.3544979015,0.03829266701,2.821517582,0.6679569837,-0.1300228264,Tendencia,3.947876118
2018-11-15,0.3508728857,0.03824566163,2.939154321,0.7013465883,-0.1389239645,Tendencia,3.998356184
2018-11-16,0.3589388136,0.03855347256,2.942388941,0.7331169985,-0.145590113,Tendencia,3.843296373
2018-11-19,0.3733443071,0.03912575175,2.921134743,0.7469711542,-0.08560953809,Tendencia,3.63624324
2018-11-20,0.3724712863,0.03999026727,3.022192475,0.7571057387,-0.09602049978,Tendencia,3.635324402
2018-11-21,0.3725832627,0.04034673057,3.152990099,0.7684717513,-0.09719349183,Tendencia,3.61752593
2018-11-23,0.3720294327,0.04048986841,3.163229288,0.7720500125,-0.09807009794,Tendencia,3.561732863
2018-11-26,0.380016111,0.04083162764,3.149521363,0.776937437,-0.1200599011,Tendencia,3.704596314
2018-11-27,0.3798845556,0.04104951064,3.147477799,0.7821502078,-0.1113527069,Tendencia,3.707556281
2018-11-28,0.386952546,0.0414666898,2.957089502,0.7793453873,-0.1039557512,Tendencia,3.846161468
2018-11-29,0.3869509105,0.04157682719,2.861558661,0.7751208331,-0.09952742831,Tendencia,3.846468167
2018-11-30,0.3881227557,0.04177508223,2.817148992,0.7655403455,-0.09751348621,Tendencia,3.906981064
2018-12-03,0.3900263266,0.0420198251,2.794615564,0.7476355306,-0.08478621232,Tendencia,3.995515068
2018-12-04,0.3953203766,0.04233642721,2.805382004,0.7520159896,-0.1157056738,Tendencia,3.8266649
2018-12-06,0.395894672,0.0425094218,2.818117037,0.7540408428,-0.1369763619,Tendencia,3.883902732
2018-12-07,0.4026935663,0.04277973044,2.848296517,0.7693747696,-0.1519399355,Tendencia,3.734708588
2018-12-10,0.4032401828,0.04290702044,2.956438723,0.7731876789,-0.1642484505,Tendencia,3.80435823
2018-12-11,0.4030879169,0.04304158129,3.038939046,0.7744822184,-0.1691440101,Tendencia,3.788514822
2018-12-12,0.403912092,0.04315096926,3.056991228,0.7690190048,-0.1710633723,Tendencia,3.839755536
2018-12-13,0.4040449934,0.04326741762,2.986092609,0.7597637229,-0.1681716241,Tendencia,3.860315089
2018-12-14,0.4069037408,0.04346637981,2.948590824,0.7564060637,-0.1716814881,Tendencia,3.766368182
2018-12-17,0.4096719565,0.04375724774,2.955493145,0.7625787273,-0.153051596,Tendencia,3.654470416
2018-12-18,0.4105251027,0.04381515357,2.980699138,0.7635950689,-0.1599140964,Tendencia,3.705543568
2018-12-19,0.4153765512,0.04435355675,2.936202459,0.7663429777,-0.1725554555,Tendencia,3.581215307
2018-12-20,0.4177370937,0.04484315258,2.834966751,0.7689070986,-0.1587886532,Tendencia,3.50133542
2018-12-21,0.4242933733,0.04554943015,2.75938868,0.7707482261,-0.1398021759,Tendencia,3.36509044
2018-12-24,0.4281623503,0.04590178209,2.7209761,0.7669548006,-0.1136896682,Tendencia,3.261722548
2018-12-26,0.4563928515,0.04693858319,2.430780497,0.7663201202,-0.1550223531,Tendencia,3.520543951
2018-12-27,0.4561379693,0.04740620156,2.373810511,0.7649802995,-0.1514198856,Tendencia,3.499129612
2018-12-28,0.4565379597,0.04775648358,2.296622788,0.7613069766,-0.1551828432,Tendencia,3.541413515
2018-12-31,0.4544569902,0.0475873505,2.301197901,0.7561980853,-0.1480136002,Tendencia,3.564794632
2019-01-02,0.448971611,0.04777297488,2.296592227,0.7510105497,-0.1342477052,Tendencia,3.577439089
2019-01-03,0.4511851047,0.04797497964,2.320251883,0.7499887261,-0.1304219238,Tendencia,3.481659762
2019-01-04,0.4675133876,0.04864858746,2.248108229,0.7324129616,-0.1527633882,Tendencia,3.694908569
2019-01-07,0.4684986684,0.04871728613,2.158625989,0.6946678504,-0.1020341326,Tendencia,3.818135794
2019-01-08,0.4655190034,0.04868268421,2.119988765,0.651600136,-0.1083921727,Tendencia,3.849794819
2019-01-09,0.4647468651,0.04842726194,2.005674971,0.6052283089,-0.1141744644,Tendencia,3.874430591
2019-01-10,0.4645133665,0.0484539468,1.903991467,0.5505120647,-0.1100688488,Tendencia,3.905138867
2019-01-11,0.4515405119,0.04792439027,1.870828315,0.5053018163,-0.099366251,Tendencia,3.934891318
2019-01-14,0.4510382166,0.04768482209,1.828192457,0.4732282514,-0.1186409315,Tendencia,3.898598428
2019-01-15,0.4502033518,0.04759679511,1.739001781,0.4080834616,-0.1152322012,Crisis,4.018555458
2019-01-16,0.4491282627,0.0474353813,1.619614872,0.352934106,-0.1065107179,Crisis,4.01016164
2019-01-17,0.4419094586,0.04708774931,1.434225124,0.2845124605,-0.09589932573,Crisis,4.04203671
2019-01-18,0.4434382948,0.04715392494,1.263324281,0.2300244621,-0.1049295877,Crisis,3.965015574
2019-01-22,0.4436026429,0.04723938971,1.097176405,0.2001479038,-0.09001923598,Crisis,3.843249934
2019-01-23,0.4427105356,0.04714170553,0.9187154602,0.1794849274,-0.09454794566,Crisis,3.807285466
2019-01-24,0.4439883201,0.04719910558,0.6515752964,0.150746881,-0.09587391822,Crisis,3.873755613
2019-01-25,0.44479697,0.04674321467,0.3105607287,0.1128046437,-0.08969286976,Crisis,3.948552614
2019-01-28,0.4317861454,0.04640885035,0.1707153996,0.1066503204,-0.08696395528,Crisis,3.818849749
2019-01-29,0.420457892,0.04574902003,0.004278004223,0.0925113982,-0.003966647444,Crisis,3.741754517
2019-01-30,0.4239365448,0.04520021255,0.1727395117,0.07438056262,0.01181303532,Reversión,3.888375109
2019-01-31,0.4220437151,0.04460317821,0.3554283792,0.05850473345,0.01649010558,Reversión,4.017798185
2019-02-01,0.4203670905,0.04423030752,0.535982088,0.04252308315,0.02787488924,Reversión,3.990073654
2019-02-04,0.41450194,0.04380066659,0.8168698066,0.02027215714,0.007860036056,Reversión,4.065108398
2019-02-05,0.4125727629,0.04351003633,1.02635091,0.003582255599,-0.0082020392,Reversión,4.119970827
2019-02-06,0.4123820544,0.04339116561,1.158926189,0.0002241676427,-0.005087856615,Reversión,4.090484377
2019-02-07,0.4147042712,0.0433375752,1.232955886,0.005399569208,-0.003120434264,Reversión,3.992768503
2019-02-08,0.4146899794,0.04323801107,1.302154184,0.01792570682,-0.00212929324,Reversión,3.988870766
2019-02-11,0.4091490057,0.04295054023,1.397459854,0.04708227106,-0.003784578896,Reversión,3.987827473
2019-02-12,0.4098677215,0.04289546371,1.472023663,0.09162569448,0.008584822609,Reversión,4.06642093
2019-02-13,0.4083371961,0.04266033517,1.553834935,0.1409404127,-0.0002338353946,Reversión,4.048207928
2019-02-14,0.3992122859,0.04225033695,1.582383473,0.1760189508,-0.01984671151,Reversión,4.05256763
2019-02-15,0.3984356713,0.04199459929,1.590404886,0.2209790248,-0.007590978726,Reversión,4.052033004
2019-02-19,0.3984325714,0.04159323587,1.582040415,0.2688513782,-0.006465321619,Reversión,4.065193282
2019-02-20,0.3976261168,0.04133561629,1.619870957,0.329071412,-0.005384469853,Reversión,4.058150026
2019-02-21,0.3912691664,0.04079090085,1.693936342,0.3577254578,0.007863169007,Reversión,3.993957409
2019-02-22,0.3771106717,0.04008277605,1.806509116,0.3613825334,-0.05661939311,Reversión,4.047929822
2019-02-25,0.3772566905,0.03923981855,1.828067574,0.3655308304,-0.06137148276,Reversión,4.069196605
2019-02-26,0.3771365196,0.03889361879,1.808848185,0.3658517098,-0.06214837459,Reversión,4.064545291
2019-02-27,0.3760619993,0.03885788686,1.857270678,0.3614671642,-0.06631625567,Reversión,4.088775181
2019-02-28,0.3674183896,0.03837547303,2.007633636,0.3705571398,-0.04874674561,Crisis,4.08260618
2019-03-01,0.3674902439,0.03837192659,2.034376031,0.3772743913,-0.04805526502,Crisis,4.067418019
2019-03-04,0.3598048652,0.03814066339,2.064110221,0.4033619301,-0.04776077041,Crisis,4.069313874
2019-03-05,0.3598249993,0.03809902093,2.067333893,0.4298218089,-0.04752195576,Crisis,4.077065488
2019-03-06,0.3585425207,0.0379230565,2.044343712,0.4650485584,-0.04728598676,Crisis,4.060168914
2019-03-07,0.3570449847,0.03771471902,1.988230802,0.5117349128,-0.05513886803,Crisis,3.996540467
2019-03-08,0.3470126867,0.03723516158,1.969573482,0.5276230439,-0.02837637198,Crisis,4.014445761
2019-03-11,0.3515235753,0.03709167543,1.975883069,0.5670989821,-0.005482588613,Crisis,4.142120628
2019-03-12,0.3430378957,0.03653653018,2.028791411,0.5795926415,0.009782071631,Crisis,4.136064891
2019-03-13,0.3423711537,0.03629634118,2.072862271,0.6063787676,0.03173806564,Crisis,4.199273389
2019-03-14,0.3426423769,0.03601571288,2.053800328,0.6267033304,0.03068049984,Crisis,4.16573402
2019-03-15,0.3417010804,0.03586976645,2.05470793,0.6526949684,0.03523581847,Crisis,4.146243638
2019-03-18,0.3417732946,0.03587889303,2.041679984,0.6787781695,0.0353026894,Crisis,4.119691922
2019-03-19,0.338692804,0.03578800705,2.042103203,0.6912784467,0.03743611323,Crisis,4.153720495
2019-03-20,0.3360445296,0.03552757746,2.042394703,0.695331558,0.01347592332,Crisis,4.240447295
2019-03-21,0.3361423932,0.03528923476,2.061708879,0.7065227705,0.03473368398,Crisis,4.30215433
2019-03-22,0.334661857,0.03477283044,2.056614321,0.6972065092,0.03583963653,Crisis,4.174717088
2019-03-25,0.331704849,0.03435371859,2.012136721,0.6834329526,0.009025449545,Crisis,4.165465525
2019-03-26,0.3226733272,0.03371668105,1.974573089,0.6783679748,-0.03181621375,Crisis,4.190685909
2019-03-27,0.3168797526,0.03325794414,1.890977,0.6977089847,-0.09401278838,Crisis,4.173278943
2019-03-28,0.2743482786,0.03217545521,2.095768956,0.6891804049,0.01503151225,Crisis,4.186576949
2019-03-29,0.2743700828,0.03153361458,2.018301552,0.6879302323,0.05494020197,Crisis,4.213051903
2019-04-01,0.2765742421,0.03122449449,1.983996911,0.6924607343,0.06236707489,Crisis,4.30238631
2019-04-02,0.2764720536,0.03092978137,1.980697786,0.698784053,0.06247978574,Crisis,4.325738514
2019-04-03,0.2771343824,0.0303316465,1.988633747,0.7082275726,0.06318463874,Crisis,4.36990531
2019-04-04,0.2728803799,0.03018510467,2.000034653,0.7536466749,0.05906382425,Crisis,4.319725413
2019-04-05,0.2441426235,0.02940030139,2.327347895,0.7590575148,0.1736044008,Crisis,4.345980617
2019-04-08,0.2348970548,0.02897786609,2.52783418,0.7593570674,0.06964864051,Crisis,4.336252547
2019-04-09,0.2343154729,0.0285832235,2.552195852,0.7606475931,0.05876800412,Crisis,4.333090555
2019-04-10,0.2342966563,0.02841427709,2.594914745,0.763769252,0.05591994493,Crisis,4.360062393
2019-04-11,0.2338670547,0.02818458595,2.594462259,0.7690203975,0.0522501165,Tendencia,4.344623444
2019-04-12,0.2336836857,0.02802054344,2.611546186,0.7757499458,0.05268328241,Tendencia,4.318334899
2019-04-15,0.2332013029,0.02792749021,2.625732341,0.7745051033,0.06155584607,Tendencia,4.295174005
2019-04-16,0.2267317008,0.02763136106,2.793982373,0.7968342363,0.08083112858,Tendencia,4.356348522
2019-04-17,0.2267786927,0.02762488246,2.85073365,0.815013239,0.08644885683,Tendencia,4.342787208
2019-04-18,0.2262732304,0.02747310863,2.860859517,0.83987878,0.08797818659,Tendencia,4.353362295
2019-04-22,0.2239876652,0.027188463,2.847327694,0.8497091478,0.1010131512,Tendencia,4.398144633
2019-04-23,0.2168002209,0.02683306628,2.995298036,0.8495712,0.05735738177,Tendencia,4.452202407
2019-04-24,0.2170275802,0.0265324924,3.017965543,0.8502334891,0.01413060124,Tendencia,4.40503687
2019-04-25,0.2142678886,0.02656585878,3.074812512,0.8487467631,0.03576806824,Tendencia,4.393180359
2019-04-26,0.2115753167,0.02664314345,3.145904774,0.8470426546,0.01746188452,Tendencia,4.35239927
2019-04-29,0.2018471455,0.02619471052,3.301578859,0.8473930989,0.06982301076,Tendencia,4.389724345
2019-04-30,0.200230124,0.0262498132,3.247277201,0.8574648062,-0.01792311007,Tendencia,4.321011971
2019-05-01,0.1845511059,0.02599570223,3.385574065,0.8441322472,0.08817760401,Tendencia,4.298470104
2019-05-02,0.1727750712,0.02552036533,3.512275477,0.8400992864,-0.05547657038,Tendencia,4.330606554
2019-05-03,0.1773490401,0.02543621319,3.326508805,0.8412784346,-0.006609542381,Tendencia,4.422266184
2019-05-06,0.1739201681,0.02539148638,3.350240512,0.8488885596,-0.01014049132,Tendencia,4.390215578
2019-05-07,0.17805223,0.02557773103,3.15920938,0.8498912516,-0.01051013087,Tendencia,4.287656052
2019-05-08,0.1777667759,0.02546255012,3.036441682,0.8370899014,0.02015935629,Tendencia,4.265865003
2019-05-09,0.1721697081,0.02534176864,2.946950934,0.7978420554,0.002798504923,Tendencia,4.227469889
2019-05-10,0.1724500109,0.0254334971,2.711588968,0.7495281343,0.004421972844,Tendencia,4.206289283
2019-05-13,0.1923581778,0.0258380975,2.130739905,0.6157622243,0.03480861791,Tendencia,4.02705328
2019-05-14,0.1887913377,0.02575373632,1.930556439,0.5166483592,0.0009373468338,Tendencia,4.055111118
2019-05-15,0.1914309181,0.02601664575,1.72210395,0.4494818129,0.02339138092,Tendencia,4.121862626
2019-05-16,0.19178248,0.02602476633,1.497119402,0.3940080963,0.03315592824,Tendencia,4.146192311
2019-05-17,0.1985913983,0.0261714256,1.180181797,0.3056375842,0.01692397955,Tendencia,4.039310311
2019-05-20,0.2021667399,0.0263724096,0.8470239767,0.2077477305,0.06556566834,Tendencia,3.961742915
2019-05-21,0.2030405921,0.02643488486,0.5116783794,0.139553946,0.04641603545,Tendencia,3.999644322
2019-05-22,0.2014956767,0.02648968507,0.08974279614,0.07401903819,0.03506047014,Tendencia,3.960872152
2019-05-23,0.2021974957,0.02680688008,0.3169057076,0.02759594954,0.0712850335,Tendencia,3.897815238
2019-05-24,0.202240795,0.02683124977,0.7219742927,0.004505518233,0.07094265816,Tendencia,3.87577283
2019-05-28,0.202235371,0.02681938012,1.092415007,0.0005587528215,0.07046864706,Tendencia,3.879147433
2019-05-29,0.2032029313,0.02678100608,1.511887045,0.01210358584,0.06890321044,Tendencia,3.834308725
2019-05-30,0.203185861,0.02678017355,1.88101728,0.03595184967,0.068844158,Tendencia,3.831485686
2019-05-31,0.2078423595,0.02670212187,2.237608385,0.07514875859,0.06688027878,Tendencia,3.746470893
2019-06-03,0.2236655306,0.02710725563,2.56686375,0.1287923579,0.1348393078,Reversión,3.591674394
2019-06-04,0.2395793965,0.0274663408,2.843833898,0.1780260457,-0.01749315172,Reversión,3.746017508
2019-06-05,0.2394584301,0.02764743147,3.272611853,0.2322774808,-0.006700051215,Reversión,3.752159539
2019-06-06,0.2389782808,0.02760144293,3.616842225,0.297263418,-0.006871672735,Reversión,3.8036287
2019-06-07,0.240822481,0.02760820222,3.872157688,0.3586095251,0.01479288563,Reversión,3.862711721
2019-06-10,0.2341949389,0.02764125128,4.176957991,0.3932692932,0.0213075025,Reversión,3.920579727
2019-06-11,0.2348216111,0.0277101797,4.326173477,0.4253934958,0.03437304175,Reversión,3.954672392
2019-06-12,0.2354909159,0.02783578949,4.350043129,0.4537735252,0.02370651787,Reversión,3.88479168
2019-06-13,0.235889348,0.02787475962,4.387485054,0.4827502455,0.01782001183,Reversión,3.925673378
2019-06-14,0.2357458208,0.02774777724,4.500178872,0.5154643911,0.01464349264,Reversión,3.9169239
2019-06-17,0.239971247,0.02779151024,4.504762232,0.5416741297,0.01037793206,Tendencia,4.008242467
2019-06-18,0.2411531723,0.02795579733,4.438794556,0.5526891273,0.03796806515,Tendencia,4.066381407
2019-06-19,0.2376562952,0.02775085796,4.364260849,0.5462611903,0.03036399115,Tendencia,4.083324573
2019-06-20,0.2358726895,0.02771187967,4.269999678,0.5302637941,0.008531918621,Tendencia,4.086523619
2019-06-21,0.2284271329,0.02748434835,4.270130543,0.5294002923,0.04214556573,Tendencia,4.10137299
2019-06-24,0.2284834081,0.02727844582,4.071237346,0.5273613406,0.03989473787,Tendencia,4.115183874
2019-06-25,0.2315414581,0.02727042476,3.844028399,0.5338897318,0.03523726686,Tendencia,4.034087245
2019-06-26,0.2320380319,0.02729937238,3.650505515,0.5371239217,0.02339765823,Tendencia,4.068977738
2019-06-27,0.2332090632,0.02741733798,3.380005526,0.5293007068,0.03240578107,Tendencia,4.118203673
2019-06-28,0.2329633717,0.02743637947,3.114912377,0.5145879366,0.03385888282,Tendencia,4.132081732
2019-07-01,0.230587169,0.02756081981,2.751928526,0.4778947889,0.02741291574,Tendencia,4.186626103
2019-07-02,0.2303373075,0.02756358414,2.229836877,0.439774298,0.01789684397,Tendencia,4.183203124
2019-07-03,0.2313445471,0.02755326353,1.780356038,0.3868172032,0.01271255196,Tendencia,4.245321212
2019-07-05,0.230294766,0.02729953446,1.37496986,0.3432187119,0.0182079196,Tendencia,4.231430721
2019-07-08,0.2306943382,0.02732040686,1.017384953,0.305040093,0.02565014604,Tendencia,4.192882539
2019-07-09,0.2313065698,0.02737385878,0.6921456969,0.2635765884,0.02046632319,Tendencia,4.229368653
2019-07-10,0.2339802331,0.02756913575,0.3737129894,0.2142701567,0.03202942798,Tendencia,4.304018722
2019-07-11,0.2337522917,0.0276903636,0.07648324086,0.1658909683,0.03650636739,Tendencia,4.318985314
2019-07-12,0.2340809678,0.02772858519,0.2861540965,0.12121896,0.03994250867,Tendencia,4.349822998
2019-07-15,0.2338565129,0.02775009375,0.6159371149,0.08401276098,0.03985790378,Tendencia,4.3638202
2019-07-16,0.2336365121,0.02760036381,0.9414331606,0.05557553201,0.03689388214,Reversión,4.356194512
2019-07-17,0.2319123277,0.02748138953,1.215980093,0.03107878006,0.04332592593,Reversión,4.34976396
2019-07-18,0.235077569,0.02769675652,1.37190633,0.01672902633,0.04861093731,Reversión,4.265057995
2019-07-19,0.2357542317,0.0278443864,1.509502291,0.00730148138,0.0610291634,Reversión,4.225602576
2019-07-22,0.2350772971,0.02772042742,1.675693107,0.001029147213,0.05538607457,Reversión,4.247206332
2019-07-23,0.2342612396,0.0276621451,1.862388885,0.001162495084,0.04900480152,Reversión,4.278795344
2019-07-24,0.2347121535,0.02779786186,2.043699724,0.01062977255,0.06620246567,Reversión,4.333773167
2019-07-25,0.2417931269,0.02800386337,2.158627755,0.02446833852,0.03566691895,Reversión,4.207365472
2019-07-26,0.2438878402,0.02809753577,2.314497077,0.04627972617,-0.003858591545,Reversión,4.285003769
2019-07-29,0.2433302994,0.02811133917,2.462956781,0.07818888799,-0.001271775535,Reversión,4.274834272
2019-07-30,0.241308983,0.02797520371,2.599409799,0.1117339316,0.008005771866,Reversión,4.273389556
2019-07-31,0.2429028853,0.02811062141,2.621725952,0.1433274016,0.00281137876,Reversión,4.209981666
2019-08-01,0.2440758917,0.02827427265,2.630796137,0.1781488535,0.01908925982,Reversión,4.150637101
2019-08-02,0.2415694625,0.02825381961,2.633963616,0.228737456,0.01790442693,Reversión,4.100886352
2019-08-05,0.2530816896,0.02854648331,2.420723532,0.2563203426,0.05322403686,Reversión,3.943326845
2019-08-06,0.2498650189,0.0283892733,2.380852088,0.2764386093,0.01196863399,Reversión,3.990197667
2019-08-07,0.2496996552,0.02856088873,2.283855685,0.2966685346,0.008978060229,Reversión,3.999276617
2019-08-08,0.2548572722,0.02859577443,2.128731865,0.3304853312,0.01223967399,Reversión,4.107448561
2019-08-09,0.2569173005,0.02850916908,1.955790877,0.3499260079,-0.01848672449,Reversión,4.037661819
2019-08-12,0.2436545017,0.02809871254,1.804420143,0.3259598668,-0.01881501332,Reversión,3.987233345
2019-08-13,0.2464590765,0.02823389131,1.562863495,0.3222167769,-0.01619066665,Reversión,4.066195047
2019-08-14,0.2584109985,0.02840943014,1.220781551,0.2963365748,-0.07455136499,Reversión,3.894665748
2019-08-15,0.2581633314,0.02845587964,0.957532737,0.2761582998,-0.07588161518,Reversión,3.888083869
2019-08-16,0.2572356909,0.02838243751,0.7716481388,0.2582847112,-0.06712389512,Reversión,3.97885186
2019-08-19,0.2604414468,0.02838806603,0.6361068493,0.247808084,-0.0563999243,Reversión,4.090234614
2019-08-20,0.2614559522,0.02831364557,0.4730695083,0.233044401,-0.07017593,Reversión,4.029032405
2019-08-21,0.2607642414,0.02822460099,0.2849826666,0.2147728445,-0.0661066766,Reversión,4.036746126
2019-08-22,0.2588560398,0.02796599153,0.03686581163,0.1884164468,-0.07689185554,Reversión,4.027227641
2019-08-23,0.2675275275,0.02820164178,0.1884105619,0.1418222999,-0.07489579305,Reversión,3.889292187
2019-08-26,0.269148884,0.0281274901,0.4372689381,0.108748343,-0.0996830673,Reversión,3.946755614
2019-08-27,0.2684660435,0.02814519135,0.7051289733,0.07377874403,-0.1045480563,Reversión,3.921228908
2019-08-28,0.2684992254,0.02815305763,0.9682837679,0.04543181204,-0.1063232652,Reversión,3.929993938
2019-08-29,0.2684581462,0.0281862414,1.166463949,0.02405571148,-0.106172169,Reversión,4.016704746
2019-08-30,0.2554244027,0.02764491648,1.427034945,0.004396146841,-0.1721973883,Reversión,4.01818253
2019-09-03,0.241517977,0.02719504269,1.66665171,0.0002424715391,-0.07385335507,Reversión,3.974356708
2019-09-04,0.2423051216,0.02707910058,1.672674104,0.009404049069,-0.08648475908,Reversión,4.013680357
2019-09-05,0.2480303788,0.02722551129,1.606576489,0.02302430167,-0.06802800399,Reversión,4.133419015
2019-09-06,0.246697788,0.02703596751,1.598609051,0.04182467305,-0.09718216953,Reversión,4.09727421
2019-09-09,0.2454053083,0.02678501573,1.641829921,0.05752594651,-0.1159334644,Reversión,4.130415978
2019-09-10,0.2448101029,0.02677155721,1.621877638,0.07311729565,-0.1252020088,Reversión,4.123663516
2019-09-11,0.2437826095,0.02666792542,1.553970576,0.09623231403,-0.1185032204,Reversión,4.18001413
2019-09-12,0.2429230024,0.02668145739,1.530055443,0.1155364858,-0.1066941769,Reversión,4.190380782
2019-09-13,0.2428845388,0.02656418315,1.369641708,0.1405676548,-0.104937625,Reversión,4.192660585
2019-09-16,0.2389001491,0.02637160598,1.218988989,0.1555654008,-0.1008564674,Reversión,4.15921613
2019-09-17,0.2375911192,0.02600616818,1.0919043,0.1547061168,-0.1289972874,Reversión,4.189908559
2019-09-18,0.237733487,0.02605028145,1.053509301,0.1557434461,-0.136176709,Reversión,4.165377492
2019-09-19,0.237730912,0.02595087098,0.9684004512,0.1570654372,-0.1356984117,Reversión,4.163066905
2019-09-20,0.2413542754,0.02619487491,0.9177587978,0.1708078289,-0.1322466038,Reversión,4.075032163
2019-09-23,0.2413544483,0.02633481774,0.8779444621,0.1844838724,-0.1261311697,Reversión,4.061297363
2019-09-24,0.2470829498,0.02660842517,0.8026606154,0.2357062754,-0.1114449237,Reversión,3.927344903
2019-09-25,0.2511026068,0.02676418611,0.7230702574,0.2679840363,-0.1471056634,Reversión,4.02155515
2019-09-26,0.2499940451,0.02681300674,0.6229068459,0.2876124237,-0.1478406801,Reversión,4.032556987
2019-09-27,0.2510608595,0.02704723461,0.5444383856,0.3121137076,-0.1529549091,Reversión,3.984000316
2019-09-30,0.2499136942,0.02684306167,0.5106629666,0.3210161461,-0.1608488037,Reversión,4.00602811
2019-10-01,0.2499097494,0.02698543115,0.4771292603,0.3298873192,-0.161353551,Reversión,4.004349689
2019-10-02,0.2489630473,0.02695298218,0.4175433152,0.3333250092,-0.1620141466,Reversión,3.963821808
2019-10-03,0.2494429212,0.02735271936,0.3714614587,0.3321948375,-0.1655926087,Reversión,3.997103443
2019-10-04,0.2492689301,0.02742411738,0.4092482442,0.3307834301,-0.1614097294,Reversión,4.028398131
2019-10-07,0.2489459551,0.02746233752,0.3995512756,0.3173772898,-0.1530392891,Reversión,4.052398597
2019-10-08,0.2480066557,0.02737019845,0.4253835849,0.3035825722,-0.1707112421,Reversión,3.995833155
2019-10-09,0.248669688,0.02735281325,0.4204049684,0.2796035292,-0.1856908424,Reversión,4.034660669
2019-10-10,0.2492912978,0.02745768705,0.4271284302,0.2423365062,-0.1784410123,Reversión,4.080372569
2019-10-11,0.2503876474,0.02753399709,0.4126393474,0.1931507974,-0.1689749472,Reversión,4.129896669
2019-10-14,0.2508748324,0.02758635934,0.3863730079,0.1398694832,-0.1603058273,Reversión,4.162963083
2019-10-15,0.2540483842,0.02786555926,0.2924999378,0.07843694619,-0.1467371087,Reversión,4.246511078
2019-10-16,0.2510834256,0.02760933522,0.2448633571,0.03761783753,-0.1448744771,Reversión,4.255815661
2019-10-17,0.2509914294,0.02768247018,0.1673473915,0.01139101397,-0.1571319765,Reversión,4.292433242
2019-10-18,0.2555611516,0.02791534695,0.1324967144,0.001783231514,-0.1643514306,Reversión,4.186867334
2019-10-21,0.2559768226,0.02802290325,0.008035578243,0.001756305792,-0.1792517715,Reversión,4.230474262
2019-10-22,0.2563456206,0.02805281719,0.1093732041,0.01686949437,-0.1939380575,Reversión,4.168829681
2019-10-23,0.250032933,0.02758298614,0.3147894666,0.03756435522,-0.1814174969,Reversión,4.198782221
2019-10-24,0.2560868999,0.02763203063,0.5222590858,0.09362915284,-0.1332861182,Reversión,4.33845214
2019-10-25,0.2611934497,0.027933298,0.7637997492,0.1760663883,-0.07454623049,Reversión,4.450415469
2019-10-28,0.2620739408,0.02801184327,1.066044257,0.2724691342,-0.05854047771,Reversión,4.498202506
2019-10-29,0.261984073,0.02784405341,1.30960952,0.3534735107,-0.06838880852,Reversión,4.433268083
2019-10-30,0.2607580244,0.02759927918,1.558352921,0.4178208392,-0.08756669192,Reversión,4.460766801
2019-10-31,0.259671914,0.02756955439,1.819983126,0.4669633808,-0.1015013209,Reversión,4.453913896
2019-11-01,0.248242112,0.0270926081,2.116425247,0.482051251,-0.1416331947,Reversión,4.476104017
2019-11-04,0.2493448302,0.02711017322,2.341183298,0.5036291136,-0.1196091525,Reversión,4.550796526
2019-11-05,0.249429261,0.02685488897,2.549547431,0.5264028495,-0.1249052119,Reversión,4.532761919
2019-11-06,0.243496389,0.02666911254,2.893550408,0.5697870079,-0.1271061954,Reversión,4.535874346
2019-11-07,0.2414200533,0.02670357206,3.167936606,0.5972806111,-0.09891348997,Reversión,4.563449186
2019-11-08,0.2401547652,0.02656936818,3.391888379,0.6153625703,-0.120400218,Reversión,4.572174195
2019-11-11,0.2368991182,0.02633826192,3.635481808,0.6456299936,-0.104093351,Reversión,4.581208238
2019-11-12,0.2218069136,0.02585924009,4.035493301,0.6515787405,-0.05204259609,Reversión,4.61320717
2019-11-13,0.222927355,0.02578060909,4.074419257,0.6556657052,-0.07767148114,Tendencia,4.561130888
2019-11-14,0.2185905141,0.02559233802,4.251702882,0.6684974695,-0.07733606147,Tendencia,4.598269506
2019-11-15,0.2114058682,0.02542248112,4.505582694,0.6966537077,-0.1282217372,Tendencia,4.61372945
2019-11-18,0.2105008984,0.02553451787,4.728543756,0.7146001685,-0.09141472359,Tendencia,4.666017144
2019-11-19,0.2105009806,0.02550731577,4.902619209,0.7326281731,-0.09354705071,Tendencia,4.674960929
2019-11-20,0.21053276,0.02555439531,5.113803208,0.7481748136,-0.09349099424,Tendencia,4.661010244
2019-11-21,0.1991742118,0.02519282981,5.569386601,0.7505736841,-0.1178888167,Tendencia,4.675521523
2019-11-22,0.1978540206,0.02527378575,5.647178495,0.7545584067,-0.07942583819,Tendencia,4.631847105
2019-11-25,0.2005331409,0.02527568997,5.554890083,0.7578670716,-0.08610825794,Tendencia,4.713223244
2019-11-26,0.2008467941,0.02522551122,5.477827739,0.7601919456,-0.09973231597,Tendencia,4.684759908
2019-11-27,0.1966822316,0.02499927169,5.626041648,0.7691003362,-0.1052070466,Tendencia,4.724767316
2019-11-29,0.196981127,0.0247765683,5.613311594,0.7762669887,-0.1071299915,Tendencia,4.699082913
2019-12-02,0.1970174502,0.02485305776,5.573019658,0.7763685168,-0.09820451172,Tendencia,4.647065574
2019-12-03,0.1961627801,0.02485343558,5.54198259,0.7769151471,-0.07840343616,Tendencia,4.62974743
2019-12-04,0.1868791263,0.02454326934,5.734084817,0.7885964933,-0.104384871,Tendencia,4.634328205
2019-12-05,0.1861573999,0.0245420807,5.66961687,0.7935448437,-0.07394217782,Tendencia,4.620302782
2019-12-06,0.1870081747,0.02440114614,5.596530813,0.8044668004,-0.07225281681,Tendencia,4.675899753
2019-12-09,0.1869807857,0.02429617851,5.523251314,0.8130231986,-0.07219097864,Tendencia,4.674336142
2019-12-10,0.184975983,0.02421677106,5.516900975,0.8267128204,-0.06694567835,Tendencia,4.671724251
2019-12-11,0.1859875492,0.02408870465,5.442847008,0.8430490183,-0.07045276019,Tendencia,4.71843313
2019-12-12,0.186283681,0.0242609198,5.377196873,0.8594415937,-0.06687299226,Tendencia,4.743336594
2019-12-13,0.1856963821,0.02424951276,5.364255242,0.8695754272,-0.07086152193,Tendencia,4.729094614
2019-12-16,0.1896228286,0.02441197749,5.255044646,0.885900586,-0.07473458706,Tendencia,4.826343121
2019-12-17,0.1901353728,0.02437610379,5.246275923,0.899169708,-0.05435196214,Tendencia,4.870297138
2019-12-18,0.1917420409,0.02443661822,5.195778325,0.9118374128,-0.04973562514,Tendencia,4.93067611
2019-12-19,0.190892836,0.0242474539,5.229685508,0.9163128994,-0.04126093172,Tendencia,5.02499843
2019-12-20,0.1910121742,0.02417386486,5.257610057,0.9195427889,-0.05946760606,Tendencia,5.048968292
2019-12-23,0.1794191058,0.02373267483,5.586217615,0.9193449438,-0.0981189634,Tendencia,5.068026531
2019-12-24,0.1728869872,0.02329500542,5.857392424,0.9202087573,-0.001486889464,Tendencia,5.069716994
2019-12-26,0.1751056897,0.02313370804,5.814003688,0.9205767608,-0.003807736288,Tendencia,5.141504474
2019-12-27,0.1736474004,0.02291286165,5.891139233,0.9205334481,-0.01931381543,Tendencia,5.119785744
2019-12-30,0.1774274539,0.02301736167,5.709485416,0.9195159346,0.01287722307,Tendencia,5.022329309
2019-12-31,0.1776497173,0.02286755427,5.681306362,0.9186173691,0.01087499941,Tendencia,5.04473684
2020-01-02,0.182429622,0.02287830431,5.607914652,0.9193968013,0.004667196313,Tendencia,5.161173054
2020-01-03,0.1817884967,0.02257800696,5.717652403,0.9198470631,-0.007361384895,Tendencia,5.143204069
2020-01-06,0.1850763088,0.02271501291,5.76135764,0.9197187443,-0.02490379973,Tendencia,5.24117424
2020-01-07,0.1851285626,0.02265817768,5.939729559,0.9193363732,-0.02117983963,Tendencia,5.274459517
2020-01-08,0.1852563502,0.02269599817,6.091440672,0.919762856,-0.01436915801,Tendencia,5.350285742
2020-01-09,0.18425365,0.02273742064,6.295915387,0.9198753186,-0.006118675987,Tendencia,5.357450263
2020-01-10,0.1830451246,0.02262617818,6.51191432,0.9200809784,-0.007032541354,Tendencia,5.335107768
2020-01-13,0.1920294052,0.02277377012,6.432477932,0.9158561857,-0.04460945816,Tendencia,5.502952171
2020-01-14,0.1915478581,0.02283646893,6.650350242,0.9137440226,-0.07580132537,Tendencia,5.479651896
2020-01-15,0.1875673465,0.02259164144,7.016101462,0.9139789058,-0.07292788259,Tendencia,5.451975041
2020-01-16,0.1876551131,0.02260956683,7.171911421,0.9143570193,-0.06940662783,Tendencia,5.471658085
2020-01-17,0.1869190822,0.02241095132,7.340662611,0.9156689937,-0.06830411431,Tendencia,5.484022656
2020-01-21,0.1820672766,0.02224714606,7.635663482,0.9148942941,-0.05597024828,Tendencia,5.552797888
2020-01-22,0.1809156012,0.02231222286,7.726789542,0.9143810696,-0.03746914409,Tendencia,5.563856352
2020-01-23,0.1805332656,0.02228445817,7.785960078,0.913769607,-0.02479924968,Tendencia,5.638041873
2020-01-24,0.1805860366,0.02246015595,7.798540777,0.9140097556,-0.03391716988,Tendencia,5.595705225
2020-01-27,0.174041991,0.02234413595,8.080741772,0.913783412,0.004833837964,Tendencia,5.467327506
2020-01-28,0.1698598892,0.02204967624,8.293202073,0.9175359348,-0.150775705,Tendencia,5.563037556
2020-01-29,0.1688235125,0.02195499915,8.405493635,0.9231033654,-0.1761246919,Tendencia,5.592234966
2020-01-30,0.167581943,0.02232186937,8.620637807,0.9252953382,-0.1581593629,Tendencia,5.649256562
2020-01-31,0.1671428238,0.02264811973,8.780972943,0.9279506756,-0.1600425121,Tendencia,5.641828638
2020-02-03,0.1941814181,0.02319578443,7.716782593,0.9266830316,-0.1698003761,Tendencia,5.920787541
2020-02-04,0.2075088886,0.02398337306,7.476127936,0.9200254899,0.03032863315,Tendencia,6.139392195
2020-02-05,0.2114945213,0.0244189145,7.471285927,0.9240061864,-0.07760542633,Tendencia,5.977429418
2020-02-06,0.2121471635,0.02482282944,7.579175322,0.9266511911,-0.07901251838,Tendencia,6.032482365
2020-02-07,0.2121754182,0.02491170748,7.664895453,0.9296721568,-0.08393920663,Tendencia,6.043717636
2020-02-10,0.2167407402,0.02511538146,7.643005764,0.9317967977,-0.08710891288,Tendencia,6.18239333
2020-02-11,0.2167384828,0.02532045304,7.800965961,0.9348389175,-0.09075970847,Tendencia,6.193811282
2020-02-12,0.2174025158,0.02530261749,7.853817627,0.9378646131,-0.09273551115,Tendencia,6.247798818
2020-02-13,0.2175472173,0.02554672864,7.964380493,0.9418589213,-0.09101384895,Tendencia,6.297984722
2020-02-14,0.2174241537,0.02565822182,8.113448908,0.9434196364,-0.08726459168,Tendencia,6.365243069
2020-02-18,0.2219820039,0.02588287142,8.138218209,0.9442659467,-0.07275922742,Tendencia,6.516808819
2020-02-19,0.2263767715,0.02608305173,8.212936843,0.943843106,-0.04088490499,Tendencia,6.663098044
2020-02-20,0.2262989411,0.02623627378,8.392256162,0.9478759853,-0.06459730133,Tendencia,6.590219964
2020-02-21,0.230386685,0.02643357822,8.361718888,0.9533753956,-0.01971397916,Tendencia,6.447290024
2020-02-24,0.2516762953,0.02705939003,7.621174944,0.9541586801,0.09678722809,Tendencia,6.120148768
2020-02-25,0.2576529702,0.02763212785,7.384092483,0.9490333449,0.200441457,Tendencia,5.950242514
2020-02-26,0.2576715792,0.02790575591,7.394456225,0.9433318097,0.1827531247,Tendencia,6.006582602
2020-02-27,0.2798220065,0.02856290595,6.695350414,0.9214743599,0.1575566434,Tendencia,5.662310985
2020-02-28,0.2807756436,0.02949685663,6.562428856,0.9018891957,0.1173692476,Tendencia,5.736164901
2020-03-02,0.2935856808,0.03019642524,6.219504646,0.8944593393,0.1349407201,Tendencia,5.987008348
2020-03-03,0.2994292031,0.03118088303,5.995950493,0.876219904,0.06461940099,Tendencia,5.807810144
2020-03-04,0.3071285343,0.03147482907,5.67941504,0.8657424241,0.006729310447,Tendencia,6.016411616
2020-03-05,0.3149452257,0.03183312247,5.237146586,0.8430216517,-0.05268810025,Tendencia,5.805448407
2020-03-06,0.317232773,0.03229117795,4.937037458,0.8115265733,-0.01464610065,Tendencia,5.694913946
2020-03-09,0.3512333549,0.03348968724,4.104718567,0.737425303,0.05156036815,Tendencia,5.265288696
2020-03-10,0.3669493287,0.03420943858,3.653617039,0.6923355965,-0.08171301597,Tendencia,5.552067307
2020-03-11,0.3759056242,0.03485274905,3.202544437,0.6236048127,-0.1416501326,Crisis,5.325626058
2020-03-12,0.4244776744,0.03623706195,2.407374018,0.4876466694,-0.01192259454,Crisis,4.800589099
2020-03-13,0.4459742246,0.03774395947,1.930000013,0.4050750274,-0.1535734906,Crisis,5.132416861
2020-03-16,0.5185319178,0.03966305432,1.225337418,0.2541849035,-0.282815097,Crisis,4.453007346
2020-03-17,0.5267385489,0.04121997788,0.7875483121,0.1589561874,-0.3293335011,Crisis,4.659655312
2020-03-18,0.532701401,0.04255036887,0.2939794002,0.07864662458,-0.3492662271,Crisis,4.451154931
2020-03-19,0.5468673092,0.04416842072,0.1810961052,0.03721520178,-0.3774915948,Crisis,4.72935059
2020-03-20,0.547569325,0.04515541715,0.6473070325,0.0108999889,-0.3842570189,Crisis,4.641408417
2020-03-23,0.5481829149,0.04596330311,1.05753534,0.0009772435582,-0.3923562684,Crisis,4.748667216
2020-03-24,0.5733406571,0.04729167622,1.25913667,0.0002530878081,-0.3509491043,Crisis,5.148134414
2020-03-25,0.5737788437,0.04804856903,1.474519479,0.004309933893,-0.3484324433,Crisis,5.087240171
2020-03-26,0.5786650301,0.04886337921,1.659484692,0.01110492234,-0.3508827651,Crisis,5.278121881
2020-03-27,0.5808592104,0.04934043409,1.785692307,0.02229894403,-0.3594764271,Crisis,5.125461067
2020-03-30,0.5842535832,0.04988254011,1.899829799,0.03471044105,-0.3660600432,Crisis,5.28807238
2020-03-31,0.5833528076,0.05027883232,2.089279713,0.05179182683,-0.3629634257,Crisis,5.340795056
2020-04-01,0.5921079842,0.05096740411,2.243701092,0.07950818084,-0.3624281973,Crisis,5.068846963
2020-04-02,0.5903505079,0.05130128433,2.477901303,0.1074021881,-0.3604141477,Crisis,5.087252148
2020-04-03,0.5907074664,0.05182252875,2.663411176,0.1419926993,-0.3605877729,Crisis,5.032103306
2020-04-06,0.6066912738,0.05254489106,2.679234036,0.1617925909,-0.3591474794,Crisis,5.393140216
2020-04-07,0.6066288437,0.05304150205,2.652382089,0.1803352407,-0.3482393638,Crisis,5.418085945
2020-04-08,0.6069045459,0.05312463245,2.673408332,0.1918630564,-0.3482688815,Crisis,5.510402895
2020-04-09,0.6069965496,0.05324567374,2.633536546,0.2022469116,-0.3473781152,Crisis,5.540440407
2020-04-13,0.6148558985,0.05401213808,2.389400546,0.2011438943,-0.3410802074,Crisis,5.812888885
2020-04-14,0.6198902525,0.05452411831,2.181753979,0.177744754,-0.308563661,Crisis,6.106067827
2020-04-15,0.620028026,0.05481728827,1.829862166,0.1558551971,-0.301506407,Crisis,6.153614827
2020-04-16,0.6216776869,0.055369346,1.507551176,0.1319035523,-0.300420765,Crisis,6.296295026
2020-04-17,0.6216508628,0.05564489724,1.149093097,0.1112138468,-0.3008789287,Crisis,6.282650511
2020-04-20,0.6216370044,0.05597798416,0.859006067,0.09329994429,-0.3006032689,Crisis,6.277034857
2020-04-21,0.6270253649,0.05658790987,0.5840074131,0.08375310463,-0.2956969127,Crisis,6.007828506
2020-04-22,0.6312785751,0.05703692547,0.3082826628,0.06893804978,-0.3067415495,Crisis,6.22790896
2020-04-23,0.6307236624,0.05711013266,0.1184083512,0.05428496894,-0.3053557919,Crisis,6.238154182
2020-04-24,0.6310909711,0.0571322852,0.09090766924,0.04121304077,-0.3045095217,Crisis,6.320027557
2020-04-27,0.6300830827,0.05720030148,0.2619108512,0.03131791708,-0.3067658622,Crisis,6.411299634
2020-04-28,0.6319218153,0.05746168703,0.4416144671,0.02457747804,-0.3062334737,Crisis,6.220400445
2020-04-29,0.6377987798,0.05799408856,0.6195861812,0.01547572831,-0.3160249255,Crisis,6.491046639
2020-04-30,0.637970267,0.05813994347,0.8032983918,0.007746049159,-0.3097702522,Crisis,6.572809215
2020-05-01,0.6436534338,0.05839828077,0.9931007664,0.004319229051,-0.3105053279,Crisis,6.292199588
2020-05-04,0.6387915834,0.05813091996,1.236105355,0.0006033168072,-0.3198353008,Crisis,6.479493865
2020-05-05,0.6346414629,0.05752586864,1.509297846,0.0006775906698,-0.3390774331,Crisis,6.521473645
2020-05-06,0.6329199447,0.05708783889,1.704950188,0.005074898373,-0.3319234801,Crisis,6.601456822
2020-05-07,0.6330094035,0.0567991811,1.901751235,0.01424344071,-0.3302758816,Crisis,6.671674346
2020-05-08,0.6337816183,0.05679569016,2.08999752,0.02863871835,-0.3288157175,Crisis,6.776745794
2020-05-11,0.6324783181,0.05664449037,2.295559542,0.05051460419,-0.3278923054,Crisis,6.84907419
2020-05-12,0.6335482925,0.05674004146,2.425488139,0.07567627205,-0.3293667762,Crisis,6.72240059
2020-05-13,0.633522532,0.05723203664,2.501203573,0.1054127536,-0.326412925,Crisis,6.667041723
2020-05-14,0.633876285,0.057262434,2.57994172,0.1424046685,-0.3277432521,Crisis,6.755642861
2020-05-15,0.6347822979,0.05739583204,2.649849344,0.1887844611,-0.3256662615,Crisis,6.890992574
2020-05-18,0.6334448176,0.05737062689,2.751048216,0.2481088031,-0.3259686511,Crisis,6.973376278
2020-05-19,0.6318716785,0.05719731205,2.866133349,0.3214714708,-0.3317356638,Crisis,6.9908547
2020-05-20,0.6328890965,0.05710705986,3.02928913,0.4005471296,-0.3293064609,Crisis,7.137717228
2020-05-21,0.6316077521,0.05710824211,3.146196159,0.4752750487,-0.3347694072,Crisis,7.08003246
2020-05-22,0.6234233729,0.05650075074,3.276567222,0.5328093553,-0.3534938199,Crisis,7.098393646
2020-05-26,0.6214841695,0.0561705998,3.338595862,0.5789640198,-0.3772111631,Crisis,7.006611532
2020-05-27,0.6212596186,0.05631218738,3.375160597,0.6274194913,-0.3752325496,Crisis,6.975364586
2020-05-28,0.6109067264,0.05572956257,3.471263813,0.6545780074,-0.377177632,Crisis,6.907030705
2020-05-29,0.6117370353,0.05496476684,3.477068528,0.6870716954,-0.3803275757,Crisis,7.04924086
2020-06-01,0.6068959809,0.05453781565,3.534471902,0.7349066847,-0.3834765853,Crisis,7.196679617
2020-06-02,0.6039377483,0.05373756701,3.619474045,0.7712612752,-0.3745699321,Crisis,7.192165843
2020-06-03,0.5997226098,0.05328913118,3.689100805,0.818009042,-0.3663751571,Crisis,7.158692327
2020-06-04,0.5962103122,0.05306661589,3.721710306,0.8497991037,-0.3551921369,Crisis,7.062805995
2020-06-05,0.5959624241,0.05279587233,3.725256082,0.8764318389,-0.3710986742,Crisis,7.182797204
2020-06-08,0.5772302579,0.05182121477,3.815883999,0.8846703116,-0.4070467162,Crisis,7.283640316
2020-06-09,0.5681980505,0.05139505605,3.863564025,0.9044100469,-0.3778778503,Crisis,7.425642569
2020-06-10,0.5643752623,0.05110328282,3.867603508,0.915579243,-0.3551610687,Crisis,7.604633207
2020-06-11,0.5359210273,0.05023561997,3.994580215,0.9101563499,-0.4612490919,Crisis,7.27382254
2020-06-12,0.5178240126,0.04927839221,4.088152542,0.9081691872,-0.3971731488,Crisis,7.25027224
2020-06-15,0.4473900485,0.0476619982,4.621412758,0.9063142286,-0.329548593,Crisis,7.416788503
2020-06-16,0.4380117054,0.04633560991,4.605014263,0.9029485001,-0.2801656736,Crisis,7.482145539
2020-06-17,0.4293798377,0.04495863169,4.554873471,0.9064162024,-0.2466588601,Crisis,7.567583515
2020-06-18,0.4107933836,0.04331528102,4.637461034,0.9049940876,-0.1925223474,Crisis,7.578927143
2020-06-19,0.4091820715,0.04229894233,4.49207759,0.9075856827,-0.1628150973,Crisis,7.60873087
2020-06-22,0.4076257728,0.04149009585,4.38938814,0.910741573,-0.1547911971,Crisis,7.720615834
2020-06-23,0.3714801251,0.04020792875,4.730813226,0.9089850876,-0.2027161172,Crisis,7.767056791
2020-06-24,0.3739830812,0.03979230057,4.600921764,0.9047344639,-0.1726700077,Crisis,7.575795211
2020-06-25,0.3676481655,0.03922492074,4.629970637,0.9011855038,-0.1639569188,Crisis,7.69151714
2020-06-26,0.3740821282,0.03927889804,4.445189637,0.8907712913,-0.1428155227,Tendencia,7.345003856
2020-06-29,0.3703874622,0.03913357745,4.384346638,0.8821671657,-0.1318669489,Tendencia,7.476171116
2020-06-30,0.3754017343,0.03898784562,4.229275485,0.8783017404,-0.125117726,Tendencia,7.716608851
2020-07-01,0.3682996271,0.03872840418,4.234901772,0.8854351249,-0.09752259627,Tendencia,7.991853452
2020-07-02,0.3691017161,0.03867403271,4.179245209,0.8964692108,-0.1040435284,Tendencia,8.093274395
2020-07-06,0.3818969421,0.03866341538,4.08170166,0.9151675057,-0.09715291363,Tendencia,8.499538866
2020-07-07,0.3539222459,0.03798657247,4.451148563,0.9198848262,-0.07400078098,Tendencia,8.489086286
2020-07-08,0.3549232747,0.03775983961,4.480148932,0.9247760108,-0.0746155872,Tendencia,8.60877594
2020-07-09,0.3550500579,0.03777054921,4.516213644,0.9264020374,-0.0711907054,Tendencia,8.761036757
2020-07-10,0.3615214759,0.03811267385,4.477834687,0.9230613106,-0.05997283835,Tendencia,9.063136624
2020-07-13,0.3533719463,0.03852525677,4.692486094,0.9214708896,-0.09201538826,Tendencia,8.782088511
2020-07-14,0.3390253158,0.03838762719,5.054193074,0.920168948,-0.1648015369,Tendencia,8.850340385
2020-07-15,0.3387537667,0.03833339613,5.171995498,0.9204546522,-0.173847502,Tendencia,8.816497375
2020-07-16,0.3357349094,0.03808755411,5.320134293,0.9236188636,-0.1711810634,Tendencia,8.769378112
2020-07-17,0.3364120877,0.03802000421,5.368301545,0.9261639802,-0.159254597,Tendencia,8.673921899
2020-07-20,0.3481027584,0.03837879874,5.30466094,0.9270859558,-0.1795787278,Tendencia,9.061968034
2020-07-21,0.3399575202,0.03794803557,5.482843624,0.9271882432,-0.2313050539,Tendencia,8.872264395
2020-07-22,0.3319896975,0.03741494025,5.660874741,0.9277760588,-0.1803176364,Tendencia,8.888707632
2020-07-23,0.3387318179,0.03780669094,5.532320861,0.925762628,-0.167218608,Tendencia,8.589483117
2020-07-24,0.3382540598,0.03805218009,5.56951094,0.922342225,-0.1394347975,Tendencia,8.507366284
2020-07-27,0.342433932,0.03795001958,5.550942446,0.922595021,-0.1539618765,Tendencia,8.765387918
2020-07-28,0.3397583988,0.03771402484,5.685830716,0.9183673982,-0.1659854296,Tendencia,8.583568112
2020-07-29,0.3292439753,0.03717006199,5.969156563,0.9167977148,-0.127600364,Tendencia,8.68312587
2020-07-30,0.3284325735,0.03671061677,6.036371786,0.9161192138,-0.14295688,Tendencia,8.726761901
2020-07-31,0.3176536603,0.0366161382,6.204193191,0.9137411385,-0.1345736954,Tendencia,8.805603887
2020-08-03,0.3128518823,0.03646240874,6.270912055,0.9123636211,-0.0910395079,Tendencia,8.905668301
2020-08-04,0.3128269781,0.03640003114,6.145116562,0.9111795118,-0.09323657341,Tendencia,8.960624436
2020-08-05,0.3118866683,0.03628308079,6.051983359,0.9101029331,-0.09384179546,Tendencia,8.977540803
2020-08-06,0.3133075299,0.03642622418,5.916786174,0.910511481,-0.09723802403,Tendencia,9.14191008
2020-08-07,0.3127275164,0.03671361096,5.770107814,0.9104221801,-0.1091762718,Tendencia,9.027271017
2020-08-10,0.3130498091,0.03684372629,5.51252266,0.908706382,-0.09781463839,Tendencia,8.911547747
2020-08-11,0.3149493701,0.03683646356,5.255045786,0.8987808628,-0.06864905545,Tendencia,8.686049387
2020-08-12,0.3265183514,0.03690909519,4.893165746,0.8957956375,-0.1260508237,Tendencia,9.066959838
2020-08-13,0.3261877673,0.03681096142,4.757349096,0.8939110087,-0.1089868453,Tendencia,9.167380336
2020-08-14,0.3237820771,0.03652565758,4.68224857,0.8928423573,-0.114948534,Tendencia,9.197081979
2020-08-17,0.3294761438,0.03669039329,4.575165591,0.8945702077,-0.1198925466,Tendencia,9.498327137
2020-08-18,0.3315864187,0.03682377445,4.451904753,0.8963478178,-0.1022423497,Tendencia,9.677298969
2020-08-19,0.3293589311,0.0366875861,4.436866523,0.899968346,-0.1075856789,Tendencia,9.594465547
2020-08-20,0.3327243886,0.0367970453,4.376534684,0.9022862895,-0.1096325129,Tendencia,9.833821393
2020-08-21,0.3330341617,0.03681511099,4.445679317,0.9044626859,-0.1090046366,Tendencia,9.90889676
2020-08-24,0.3320386635,0.03698651092,4.545632199,0.9051677343,-0.1121550161,Tendencia,9.921681807
2020-08-25,0.3327404146,0.03661147983,4.572993997,0.9053962917,-0.121550673,Tendencia,10.03760668
2020-08-26,0.3485262431,0.03704933512,4.515584871,0.9024577304,-0.1136314535,Tendencia,10.56728048
2020-08-27,0.3468101658,0.03721289538,4.6575719,0.9018784333,-0.1315010346,Tendencia,10.44885058
2020-08-28,0.3444648791,0.03717758212,4.819090214,0.902569698,-0.1386230219,Tendencia,10.50809724
2020-08-31,0.3485978638,0.03751023256,4.910156732,0.9016629692,-0.134991518,Tendencia,10.78937249
2020-09-01,0.3493748712,0.03784906541,5.038495825,0.9001378455,-0.133069363,Tendencia,10.92466784
2020-09-02,0.3486531541,0.03826670714,5.177088201,0.8983956828,-0.1429249617,Tendencia,11.00454878
2020-09-03,0.3679364764,0.03901172908,4.942982951,0.8976087535,-0.1265831611,Tendencia,10.3312728
2020-09-04,0.3684074381,0.03993970299,4.924437191,0.8950936963,-0.07074118327,Tendencia,10.1572266
2020-09-08,0.3904945631,0.04064529222,4.583144061,0.8783977897,-0.02114298566,Tendencia,9.470535956
2020-09-09,0.3947455385,0.04089977691,4.550401479,0.8722121032,-0.09187237408,Tendencia,9.826851081
2020-09-10,0.3871033233,0.04103018246,4.652933715,0.8565571058,-0.08946084741,Tendencia,9.630660747
2020-09-11,0.3872374748,0.04093508908,4.580830553,0.8381731367,-0.0947861031,Tendencia,9.572514923
2020-09-14,0.3882534668,0.04118563151,4.522927703,0.8262546922,-0.09709496554,Tendencia,9.830165268
2020-09-15,0.3924970281,0.04136360927,4.463437744,0.8199797797,-0.08273517701,Tendencia,10.12604225
2020-09-16,0.3950651536,0.0416283071,4.342629997,0.8075677621,-0.1020479058,Tendencia,9.870666909
2020-09-17,0.3980367531,0.04207459844,4.158366653,0.7867514935,-0.07676025594,Tendencia,9.630616384
2020-09-18,0.3980793173,0.04249609647,4.018659154,0.7630900115,-0.06923988745,Tendencia,9.583499489
2020-09-21,0.3973465809,0.04293946273,3.859239701,0.7417340756,-0.07025851565,Tendencia,9.663979294
2020-09-22,0.3977686905,0.04323861912,3.69063182,0.7230613441,-0.07007503216,Tendencia,9.769882101
2020-09-23,0.4059210633,0.04349878664,3.386006467,0.6829913774,-0.07606359825,Tendencia,9.307035925
2020-09-24,0.4052890641,0.04379809448,3.157990397,0.646213199,-0.0746689833,Tendencia,9.402477877
2020-09-25,0.3992478943,0.04359444367,2.877532671,0.6234853912,-0.05770791474,Tendencia,9.670825759
2020-09-28,0.3993221083,0.04337615575,2.601828247,0.6061363597,-0.03359239087,Tendencia,9.847493859
2020-09-29,0.3942393441,0.04313613227,2.368221157,0.587793789,-0.04327986565,Tendencia,9.897638017
2020-09-30,0.388270899,0.04286992024,2.110156084,0.5715811821,-0.06769076938,Tendencia,9.998910404
2020-10-01,0.3911907184,0.04273889399,1.816937924,0.5628812384,-0.07175604047,Tendencia,10.26907009
2020-10-02,0.3862800192,0.04249857855,1.518279787,0.5455778279,-0.1094037304,Tendencia,9.862781151
2020-10-05,0.3901903476,0.04246701007,1.351772994,0.536687218,-0.1323926551,Tendencia,10.13478226
2020-10-06,0.3913620479,0.04244389993,1.212474131,0.5216498364,-0.1447887107,Tendencia,9.925179667
2020-10-07,0.3923572488,0.04246709309,1.24903205,0.5183570304,-0.1604738752,Tendencia,10.14883975
2020-10-08,0.3863316803,0.04198328123,1.263612356,0.5272258528,-0.1743648357,Tendencia,10.18944985
2020-10-09,0.3822249045,0.04080606225,1.309872906,0.52740073,-0.1493102388,Tendencia,10.32329648
2020-10-12,0.3865721897,0.040610172,1.383404483,0.5356114529,-0.1377070418,Tendencia,10.63229683
2020-10-13,0.3867387393,0.04039494777,1.426794144,0.5424860891,-0.1329359935,Reversión,10.70504928
2020-10-14,0.3868434404,0.04036976167,1.399377833,0.5450619619,-0.1356394468,Reversión,10.63025798
2020-10-15,0.3868605175,0.04029148036,1.400879459,0.5409451084,-0.1348942268,Reversión,10.51294395
2020-10-16,0.377039116,0.0399262646,1.498239533,0.5443274227,-0.1155957392,Reversión,10.39504556
2020-10-19,0.37631005,0.03993365252,1.534568901,0.5332931923,-0.08246057257,Reversión,10.21472106
2020-10-20,0.3763554008,0.03997003473,1.557357545,0.52262832,-0.08362253949,Reversión,10.25005914
2020-10-21,0.3703577589,0.03969760469,1.558606516,0.5020409245,-0.08609705428,Reversión,10.21226162
2020-10-22,0.369866651,0.03940706633,1.623280696,0.4786300844,-0.1008864798,Reversión,10.20493901
2020-10-23,0.3654157244,0.03922324107,1.718395095,0.4619556295,-0.09257541161,Reversión,10.30784637
2020-10-26,0.3642881018,0.03942030766,1.711173459,0.4342435778,-0.07804364352,Reversión,10.15337945
2020-10-27,0.3647184622,0.03940443895,1.68752056,0.4128141331,-0.07837072243,Reversión,10.30155008
2020-10-28,0.3743363417,0.03969470897,1.560005724,0.3684625186,-0.09216660764,Reversión,9.864214463
2020-10-29,0.3784311744,0.03958765412,1.482326899,0.3397915451,-0.1234983626,Reversión,10.15218137
2020-10-30,0.3853881593,0.04018030381,1.302294745,0.2907711104,-0.1513327323,Reversión,9.764585498
2020-11-02,0.3854385486,0.04036151688,1.238817426,0.2474457048,-0.1548469728,Reversión,9.832088785
2020-11-03,0.3883365633,0.04068932819,1.145360785,0.2165956339,-0.1508182773,Reversión,10.0656225
2020-11-04,0.3977071032,0.04118840649,1.142919295,0.2082452975,-0.1212690482,Reversión,10.53522784
2020-11-05,0.4005211798,0.04112819613,1.14492544,0.2035998829,-0.08483474831,Reversión,10.81768575
2020-11-06,0.3997006864,0.04097263637,1.143121682,0.1947643869,-0.09280230477,Reversión,10.82240338
2020-11-09,0.4065445675,0.04146918141,1.024306102,0.1638451295,-0.09942572296,Reversión,10.33602607
2020-11-10,0.3996698686,0.0413937554,0.8790716955,0.1291075029,-0.03864714446,Reversión,10.09640038
2020-11-11,0.4019008914,0.04138623403,0.7341704478,0.1071920198,-0.0622632242,Reversión,10.33739489
2020-11-12,0.4020116913,0.04150579892,0.6023798045,0.08363806094,-0.06642554589,Reversión,10.27822247
2020-11-13,0.3966388079,0.04124510186,0.5182880224,0.06913352717,-0.06771745818,Reversión,10.28128107
2020-11-16,0.3948834679,0.04106502949,0.4647911771,0.06106268131,-0.08264109186,Reversión,10.30979294
2020-11-17,0.3949980052,0.04128195012,0.4498716205,0.05331466815,-0.07822150128,Reversión,10.41074672
2020-11-18,0.3925742145,0.04122943501,0.4619068364,0.05570877289,-0.07034202034,Reversión,10.53616894
2020-11-19,0.3926364319,0.04116208358,0.4938588028,0.06239540081,-0.07261462587,Reversión,10.62463359
2020-11-20,0.3932884567,0.0408070561,0.5121325852,0.06551590945,-0.07475527366,Reversión,10.50359882
2020-11-23,0.3927762182,0.04093497821,0.5277499034,0.07418700374,-0.07626559192,Reversión,10.56649124
2020-11-24,0.3805299688,0.04050237286,0.6517062167,0.1139302048,-0.09085364355,Reversión,10.7822742
2020-11-25,0.3807155511,0.04033700044,0.73920528,0.1575699575,-0.070063485,Reversión,10.91905208
2020-11-27,0.3810693444,0.04020858081,0.9267605382,0.2127104229,-0.06552955175,Reversión,11.02798532
2020-11-30,0.377681862,0.04011467144,1.075290572,0.2945198741,-0.07170990301,Reversión,10.93316149
2020-12-01,0.3794091092,0.0401043228,1.321589453,0.4090504049,-0.08628028726,Reversión,11.17373193
2020-12-02,0.379128826,0.03974356079,1.563984259,0.5494949118,-0.08887557536,Reversión,11.16747386
2020-12-03,0.3588449092,0.03895223363,1.812014378,0.60948476,-0.08174039425,Reversión,11.15664871
2020-12-04,0.3572724703,0.03777668984,1.876568758,0.6510472671,-0.1230034443,Reversión,11.17354352
2020-12-07,0.3333475952,0.03706056681,1.993582613,0.652435897,-0.1778482823,Reversión,11.40787841
2020-12-08,0.3247927563,0.03656298687,2.049331446,0.6672777201,-0.1087221135,Reversión,11.37569307
2020-12-09,0.3291012358,0.03641662057,2.062338094,0.6672711675,-0.0723248192,Reversión,10.9979049
2020-12-10,0.3292409306,0.03628702121,2.159442103,0.6665419986,-0.0854763476,Reversión,11.08269871
2020-12-11,0.3249076578,0.0356816029,2.248341571,0.6727971227,-0.0798269281,Reversión,11.03864518
2020-12-14,0.3214743608,0.03549907785,2.396989492,0.7001449397,-0.112333408,Reversión,11.24549458
2020-12-15,0.3174929616,0.03523555787,2.532634218,0.7105729992,-0.08595476396,Reversión,11.24760556
2020-12-16,0.3137526694,0.03485508117,2.645984084,0.7112483267,-0.1182335682,Tendencia,11.2598311
2020-12-17,0.3142524565,0.03451946075,2.714730579,0.7117056137,-0.1289359485,Tendencia,11.37377417
2020-12-18,0.3141692265,0.03428216873,2.778963966,0.7138007532,-0.1258088471,Tendencia,11.45997977
2020-12-21,0.3144691848,0.03415849674,2.80752019,0.7155037593,-0.1302554082,Tendencia,11.31178214
2020-12-22,0.3003322773,0.03368921136,2.948658348,0.7114621607,-0.1111060303,Tendencia,11.21611663
2020-12-23,0.2998450535,0.03330839256,2.946513362,0.7042888127,-0.0959181615,Tendencia,11.1526131
2020-12-24,0.2944306575,0.03295222816,2.971126917,0.6969259183,-0.1062204431,Tendencia,11.18810516
2020-12-28,0.2940363908,0.03303148201,2.956123484,0.6967368693,-0.1268817992,Tendencia,11.37388231
2020-12-29,0.2940428881,0.03298322668,2.925001022,0.69793778,-0.1271732641,Tendencia,11.43285612
2020-12-30,0.2933371739,0.03293317559,2.932665578,0.7013682806,-0.1284989946,Tendencia,11.44464199
2020-12-31,0.2887054285,0.03281873811,2.959448384,0.7178531972,-0.1401965264,Tendencia,11.53032663
2021-01-04,0.2780836132,0.03285591282,3.004639181,0.7154571575,-0.0982953317,Tendencia,11.44082386
2021-01-05,0.2730924959,0.0326906468,3.032277864,0.7221692908,-0.05086135959,Tendencia,11.53846024
2021-01-06,0.2735362183,0.03278885036,2.937693412,0.713376052,-0.02835076377,Tendencia,11.28347262
2021-01-07,0.2789097372,0.03293185489,2.818099609,0.720371518,-0.04593618818,Tendencia,11.6823962
2021-01-08,0.2804659483,0.03306045498,2.778659204,0.7291871266,-0.02443180035,Tendencia,11.86096433
2021-01-11,0.284225224,0.03342755979,2.770060343,0.7386502272,-0.04353790652,Tendencia,11.54642354
2021-01-12,0.277851836,0.0332650899,2.866818432,0.7660687756,-0.0559657377,Tendencia,11.53948805
2021-01-13,0.2782108816,0.03327019782,2.930287595,0.8005104109,-0.06594560604,Tendencia,11.65298289
2021-01-14,0.2796389865,0.03316040919,2.898650733,0.8225962838,-0.07058794541,Tendencia,11.46947936
2021-01-15,0.2790837417,0.03318202316,2.865776989,0.8322330959,-0.068609776,Tendencia,11.39319808
2021-01-19,0.281029506,0.03309617664,2.829758783,0.8415086432,-0.08429463064,Tendencia,11.6205571
2021-01-20,0.2992280894,0.03352896034,2.693586973,0.8454055835,-0.04596341182,Tendencia,12.25073965
2021-01-21,0.299724087,0.03357576686,2.724772277,0.8494662234,-0.02847874933,Tendencia,12.36450545
2021-01-22,0.2997844396,0.03326021013,2.780680232,0.8536057266,-0.03056985999,Tendencia,12.3056688
2021-01-25,0.3000133573,0.03345211405,2.864924144,0.8570325055,-0.03276825003,Tendencia,12.37830376
2021-01-26,0.2994738533,0.0334131324,2.985349779,0.8630727567,-0.03140558176,Tendencia,12.43480106
2021-01-27,0.3084063695,0.03362531897,2.924364355,0.8612326795,-0.02751312277,Tendencia,11.94020907
2021-01-28,0.3070222583,0.03407419001,2.935209204,0.8616230656,-0.01274641922,Tendencia,11.94121246
2021-01-29,0.2975364641,0.03391551886,2.948429986,0.8497761343,0.01339762662,Tendencia,11.71195064
2021-02-01,0.2980386688,0.03380170077,2.932468719,0.847589245,0.04083018344,Tendencia,12.06854284
2021-02-02,0.2910679571,0.03319062023,2.978379711,0.8514265196,0.1171791064,Tendencia,12.31908675
2021-02-03,0.2907701605,0.03321409562,2.985719815,0.8553292423,0.1261513991,Tendencia,12.34514161
2021-02-04,0.2870420155,0.03296681926,3.034350011,0.855917371,0.1242166889,Tendencia,12.40763413
2021-02-05,0.2715738163,0.03228415571,3.322814916,0.8604707083,0.08558334587,Tendencia,12.45793561
2021-02-08,0.2668318846,0.03213954024,3.445299267,0.8750510977,0.03224093491,Tendencia,12.56974403
2021-02-09,0.266840621,0.03206979015,3.464483314,0.8889946728,0.03427792349,Tendencia,12.5551081
2021-02-10,0.2512467445,0.03155883763,3.735152962,0.8891331507,0.0313137678,Tendencia,12.55387489
2021-02-11,0.247012484,0.03112920807,3.842247171,0.8907434829,-0.05161354888,Tendencia,12.59364663
2021-02-12,0.2423674306,0.03101856762,3.949748439,0.8904156589,-0.0152981873,Tendencia,12.57849806
2021-02-16,0.2421821929,0.0309848078,4.034487009,0.890591479,-0.002339803394,Tendencia,12.61891844
2021-02-17,0.2422872313,0.0310025225,4.126016228,0.8906837598,-0.004266959694,Tendencia,12.57375307
2021-02-18,0.2425853815,0.03100479664,4.145110886,0.88970454,0.0005140485084,Tendencia,12.49050783
2021-02-19,0.2431314573,0.03081073361,3.984683317,0.8840131101,0.01165534216,Tendencia,12.33143478
2021-02-22,0.2491183266,0.03082829485,3.666622581,0.8610324401,0.04107658132,Tendencia,11.965231
2021-02-23,0.2486005822,0.03146925857,3.478502317,0.8386154491,0.03508428491,Tendencia,11.99472176
2021-02-24,0.2495734837,0.0317607527,3.272100479,0.8259679234,0.04113047343,Tendencia,12.18473268
2021-02-25,0.2657502831,0.03215044182,2.799670748,0.7724377296,0.001528894448,Tendencia,11.62371539
2021-02-26,0.2628168437,0.03227153378,2.697536152,0.7231334634,-0.01364356317,Tendencia,11.68674688
2021-03-01,0.2672288086,0.03237456328,2.580603935,0.6991671143,-0.01991116114,Tendencia,12.00585202
2021-03-02,0.2695845272,0.03251358253,2.5109784,0.658135852,-0.05614515081,Tendencia,11.76107551
2021-03-03,0.2781019542,0.03264154472,2.242122846,0.5719425612,-0.007160262947,Tendencia,11.34689965
2021-03-04,0.2762256299,0.03295123436,2.001108897,0.4780223468,0.03283105233,Tendencia,11.17702175
2021-03-05,0.2766134388,0.03335549449,1.747056802,0.4004341796,0.02810971732,Tendencia,11.2590893
2021-03-08,0.2904297603,0.03388520517,1.33861681,0.2816315525,0.01102057678,Tendencia,10.76068509
2021-03-09,0.3192966742,0.0348557097,1.003863212,0.2379731234,-0.1167942857,Tendencia,11.47467283
2021-03-10,0.3166225302,0.03494048371,0.7837564683,0.2035988706,-0.119430526,Tendencia,11.4306746
2021-03-11,0.324207968,0.0352092563,0.593802135,0.190118846,-0.1207009651,Tendencia,11.83045496
2021-03-12,0.318461471,0.03494016247,0.3832408839,0.156237752,-0.143892042,Tendencia,11.67189253
2021-03-15,0.3189532668,0.03480583833,0.177110522,0.1319418858,-0.1435840037,Tendencia,11.80891356
2021-03-16,0.3188677037,0.03493895557,0.02646680125,0.1076369651,-0.1420269962,Reversión,11.82625696
2021-03-17,0.3175582652,0.03505104524,0.2066349589,0.09476213643,-0.1389253087,Reversión,11.96757808
2021-03-18,0.3271361765,0.03533190183,0.4286412281,0.06657211295,-0.1513161182,Reversión,11.4973662
2021-03-19,0.3283964973,0.03545813463,0.6159622493,0.04753021042,-0.1667348686,Reversión,11.66307465
2021-03-22,0.3293400914,0.03566169776,0.7396620363,0.03762530471,-0.1580919824,Reversión,11.85025226
2021-03-23,0.3289978101,0.03552299304,0.7866903993,0.03040196926,-0.1599909954,Reversión,11.86274889
2021-03-24,0.3321375392,0.03553333275,0.8811951374,0.01590071526,-0.1554283755,Reversión,11.55200448
2021-03-25,0.3321632646,0.03571297586,1.039894669,0.004140693552,-0.1493189986,Reversión,11.45143179
2021-03-26,0.3320037658,0.03586566505,1.089787552,2.626374418e-06,-0.1520440293,Reversión,11.47846455
2021-03-29,0.3324274825,0.03603941323,1.134204822,0.003768428511,-0.1508890583,Reversión,11.58145799
2021-03-30,0.3308118477,0.03592417875,1.232538347,0.01172984596,-0.1521919168,Reversión,11.61387355
2021-03-31,0.3342687064,0.03609951016,1.222466888,0.01810722828,-0.1521184332,Reversión,11.89874669
2021-04-01,0.3369650545,0.03624994502,1.101370152,0.02107788825,-0.1323200156,Reversión,12.15214605
2021-04-05,0.3406403299,0.03644463093,0.9016122289,0.01706054263,-0.1125034778,Reversión,12.46872052
2021-04-06,0.3403225969,0.03603664931,0.7406660609,0.01602433128,-0.1129599519,Reversión,12.43776533
2021-04-07,0.3402709854,0.03611135956,0.467477655,0.01243296502,-0.1117573607,Reversión,12.53730487
2021-04-08,0.337908094,0.03575693681,0.3334112653,0.01196206516,-0.1052226302,Reversión,12.6547459
2021-04-09,0.3305451341,0.0353647352,0.1603657558,0.006287015409,-0.07869627535,Reversión,12.71063477
2021-04-12,0.3301072814,0.03536228666,0.02548252786,0.00102375971,-0.09632611852,Reversión,12.87207544
2021-04-13,0.328403448,0.03517070382,0.1533467055,3.485200097e-05,-0.07496740042,Reversión,13.13673942
2021-04-14,0.3315871857,0.03511053532,0.2637985177,0.000555862598,-0.09490896584,Reversión,12.83554688
2021-04-15,0.3339174409,0.03520608669,0.4112768225,0.003412559677,-0.1107259097,Reversión,13.11805517
2021-04-16,0.3324826815,0.0350535338,0.51931481,0.006020707078,-0.1093007493,Reversión,13.07881517
2021-04-19,0.3330827396,0.03508481265,0.6867366573,0.006851969005,-0.112779498,Reversión,12.92182704
2021-04-20,0.3308289891,0.03504366503,0.8354818121,0.0089650493,-0.1036081713,Reversión,12.85831743
2021-04-21,0.3126353471,0.03458280895,1.034687214,0.01828322914,-0.1453508122,Reversión,12.80994806
2021-04-22,0.3142220023,0.03458664618,1.153809222,0.02885307943,-0.1670658285,Reversión,12.57552614
2021-04-23,0.3152449979,0.03464157262,1.351127781,0.04327588414,-0.1736919802,Reversión,12.74593678
2021-04-26,0.3158022854,0.03429098425,1.590089505,0.06460781849,-0.1664696931,Reversión,12.88715746
2021-04-27,0.3164092614,0.03427309698,1.807760888,0.08785561979,-0.1713475554,Reversión,12.74790076
2021-04-28,0.3064529628,0.03384190183,2.048839189,0.09935039988,-0.1725723215,Reversión,12.8196589
2021-04-29,0.3074427407,0.03360597574,2.236661195,0.1142142216,-0.1781966606,Reversión,12.9776646
2021-04-30,0.3050402487,0.03350519286,2.379635946,0.1219626568,-0.1809885922,Reversión,12.98881485
2021-05-03,0.3004038839,0.03331407399,2.492771044,0.1354088836,-0.1578346152,Reversión,12.79387583
2021-05-04,0.2998313959,0.03341684168,2.498442419,0.1511259633,-0.1714521605,Reversión,12.55621464
2021-05-05,0.2999695634,0.03317515241,2.498017819,0.166370953,-0.1682505658,Reversión,12.49319361
2021-05-06,0.3000523628,0.03318390221,2.492635072,0.1874402635,-0.1698609256,Reversión,12.5702528
2021-05-07,0.3002486759,0.03322509412,2.477583775,0.2147439585,-0.1688352949,Reversión,12.65541315
2021-05-10,0.3095923149,0.03340343702,2.325629512,0.2294837626,-0.1756723201,Reversión,12.16444152
2021-05-11,0.3095865673,0.03359424746,2.217464294,0.245057212,-0.1716520379,Reversión,12.17274611
2021-05-12,0.3146698496,0.03364481315,1.982429014,0.2437674886,-0.170096644,Reversión,11.82988768
2021-05-13,0.3146206789,0.03382477144,1.839958899,0.2449240001,-0.1667460614,Reversión,11.8119425
2021-05-14,0.3193365582,0.03398270694,1.657166478,0.2638149527,-0.1649417022,Reversión,12.13518065
2021-05-17,0.3193312292,0.03397860291,1.506296337,0.2849015318,-0.165246151,Reversión,12.09782599
2021-05-18,0.3197741436,0.03399514846,1.365861122,0.2988845828,-0.1637183193,Reversión,11.98722659
2021-05-19,0.3195013412,0.03413238109,1.233893254,0.3087650462,-0.1643724065,Reversión,11.98144287
2021-05-20,0.322152695,0.03418081041,1.126186445,0.3257552296,-0.1660651592,Reversión,12.27185542
2021-05-21,0.3166897026,0.03391725477,1.062491218,0.3206831852,-0.1856314982,Reversión,12.23422993
2021-05-24,0.321349736,0.03347187608,0.9765869237,0.3319619943,-0.1878378854,Reversión,12.56914318
2021-05-25,0.3198056847,0.0331358007,0.8987901193,0.3539607956,-0.1860005565,Reversión,12.59248854
2021-05-26,0.306524673,0.03246544233,0.8519987401,0.3509896943,-0.1661988063,Reversión,12.67247779
2021-05-27,0.3063388638,0.03210958387,0.7583955268,0.3497515551,-0.1661427406,Reversión,12.68474033
2021-05-28,0.3015141414,0.03191400062,0.6707862513,0.3638115632,-0.1731091251,Reversión,12.72936384
2021-06-01,0.2987448205,0.03171824693,0.5577194553,0.3653992697,-0.1524631566,Reversión,12.7333321
2021-06-02,0.2903246187,0.03135473279,0.4635701975,0.3511490952,-0.1961937195,Reversión,12.7379714
2021-06-03,0.290517056,0.03089822446,0.3629254463,0.3228058487,-0.2312716785,Reversión,12.53572872
2021-06-04,0.2934280173,0.03036943944,0.3169784674,0.3062549001,-0.2416879743,Reversión,12.81005018
2021-06-07,0.2799595717,0.0298022057,0.2448142175,0.2848851038,-0.2380758494,Reversión,12.87890646
2021-06-08,0.2465179767,0.02895396981,0.2150173468,0.2721554234,-0.1065835124,Reversión,12.86628077
2021-06-09,0.2465736041,0.02860073758,0.2598399136,0.2544342388,-0.09403567017,Reversión,12.80653938
2021-06-10,0.2374239288,0.02822112677,0.3717693832,0.2537226071,-0.08824038798,Reversión,12.94452934
2021-06-11,0.2359926092,0.02790315625,0.5572531898,0.2473652064,-0.05493446722,Reversión,12.98594207
2021-06-14,0.236399322,0.02782319255,0.7842079601,0.250249019,-0.04310189855,Reversión,13.16297313
2021-06-15,0.237436714,0.02762130726,0.9017129056,0.2474553443,-0.05361185912,Reversión,13.01577988
2021-06-16,0.2362311787,0.02734127204,1.048341756,0.2487422946,-0.05167354996,Reversión,13.01313478
2021-06-17,0.2266474015,0.02718023696,1.274130479,0.2420379225,-0.02442022467,Reversión,13.2844549
2021-06-18,0.2249024772,0.0270451536,1.474371801,0.2369219151,0.006080750894,Reversión,13.24090552
2021-06-21,0.2226260105,0.02681857729,1.616705394,0.2355762527,-0.006136837546,Reversión,13.21848949
2021-06-22,0.224754813,0.02676742903,1.772818252,0.2392034699,-0.009153497637,Reversión,13.42293146
2021-06-23,0.2198733516,0.0265457557,1.89723205,0.2364631611,-0.0006484924517,Reversión,13.5837648
2021-06-24,0.2197807293,0.02634038586,1.986433702,0.2326986761,-0.02463764675,Reversión,13.69379783
2021-06-25,0.2198568345,0.02617878141,2.046033764,0.2269507646,-0.02826093165,Reversión,13.64267517
2021-06-28,0.2241082443,0.0262143445,2.126153064,0.2277489758,-0.03903842269,Reversión,13.96331568
2021-06-29,0.2241379649,0.02605250705,2.22747333,0.2271354051,-0.04913580561,Reversión,13.91665962
2021-06-30,0.2189078536,0.02574224111,2.397310244,0.2306894527,-0.04549708504,Reversión,13.85084975
2021-07-01,0.2150970696,0.02548693718,2.594833809,0.2426094419,-0.08569534181,Reversión,13.93851362
2021-07-02,0.2097271012,0.02522879018,2.929142707,0.2683405143,-0.1271793573,Reversión,14.08358592
2021-07-06,0.2102082403,0.02542473883,3.129830765,0.2926625708,-0.1157014134,Reversión,14.18961135
2021-07-07,0.2101946525,0.02536612851,3.307329082,0.3183219421,-0.1178028946,Reversión,14.07732494
2021-07-08,0.2096971401,0.02553021178,3.491541388,0.3467191142,-0.1144417158,Reversión,13.99342425
2021-07-09,0.2098925313,0.02549222497,3.699788127,0.3782680155,-0.1195699782,Reversión,14.08192746
2021-07-12,0.2104284033,0.02533191957,3.914111634,0.4201480406,-0.1164187723,Reversión,14.28966847
2021-07-13,0.2068631875,0.02522460375,4.203921893,0.475942478,-0.1476790957,Reversión,14.18779501
2021-07-14,0.2020324594,0.02511618942,4.439726094,0.5112483305,-0.1027456511,Reversión,14.10771986
2021-07-15,0.199444115,0.02513491313,4.664029394,0.5586643035,-0.04410181185,Reversión,13.89627202
2021-07-16,0.2021912766,0.02525994674,4.720438725,0.596372134,-0.00698852126,Reversión,13.66176354
2021-07-19,0.2007635186,0.02528227712,4.786591283,0.6236533646,-0.01122138628,Reversión,13.66855652
2021-07-20,0.2010725219,0.02528800254,4.835180568,0.6494254832,-0.01924027049,Reversión,13.77010801
2021-07-21,0.2011727677,0.02513593526,4.90177643,0.673196404,-0.01989291004,Reversión,13.83789188
2021-07-22,0.1981128644,0.02495343333,4.98177787,0.6855712539,-0.02888798616,Reversión,13.91298177
2021-07-23,0.1985333923,0.02506133469,4.984880846,0.7094270221,0.0003504524308,Tendencia,14.12182908
2021-07-26,0.1976869176,0.02512039978,5.01904562,0.741061012,-0.004913864545,Tendencia,14.20991955
2021-07-27,0.1977881539,0.02533246051,5.001521529,0.7605906038,0.001119781105,Tendencia,14.04992348
2021-07-28,0.1987366979,0.02535161481,4.91025609,0.7855035682,-0.006524550226,Tendencia,14.20745573
2021-07-29,0.1972102313,0.0252199559,4.906324001,0.8175947931,-0.01342865013,Tendencia,14.19465149
2021-07-30,0.1988368735,0.02526349406,4.811987498,0.8449037706,-0.009122696419,Tendencia,14.01409745
2021-08-02,0.1968262093,0.02522052698,4.776346582,0.8620081381,-0.01545494971,Tendencia,14.08604907
2021-08-03,0.1933120915,0.02505948305,4.717076019,0.8678056189,-0.05203759045,Tendencia,14.10753224
2021-08-04,0.1938378444,0.02496794322,4.54537278,0.8726959628,-0.06914469678,Tendencia,14.23058176
2021-08-05,0.1946051093,0.02484826088,4.435152322,0.8814705491,-0.0596951497,Tendencia,14.38155679
2021-08-06,0.1949843024,0.02474398679,4.34268819,0.8894540943,-0.07145617016,Tendencia,14.25066907
2021-08-09,0.1789920265,0.02433876549,4.570048907,0.8848953267,-0.05671432141,Tendencia,14.2955049
2021-08-10,0.1794669339,0.0240305696,4.318717485,0.8770652362,-0.07358245616,Tendencia,14.20173601
2021-08-11,0.1708502061,0.0237558725,4.262065545,0.8667502979,-0.07455711058,Tendencia,14.11341
2021-08-12,0.1714867892,0.02350865736,4.018340729,0.8607647089,-0.105472548,Tendencia,14.2197605
2021-08-13,0.162652885,0.02322715185,4.114065915,0.8524264186,-0.09326739102,Tendencia,14.26675868
2021-08-16,0.1629807169,0.02335294722,4.038405589,0.8413787606,-0.07559431666,Tendencia,14.18096377
2021-08-17,0.1656132232,0.02336576358,3.841788684,0.8221811655,-0.05735984344,Tendencia,13.93541017
2021-08-18,0.1656482139,0.02323292381,3.670360122,0.8030731015,-0.04855995805,Tendencia,13.91075368
2021-08-19,0.1594806301,0.02338387398,3.67483932,0.7847692629,-0.04470311811,Tendencia,14.03990022
2021-08-20,0.162545157,0.02343560597,3.490435847,0.7773300679,-0.01081952404,Tendencia,14.26458887
2021-08-23,0.1615984651,0.02338686192,3.44466978,0.7757238086,0.06290182571,Tendencia,14.63455631
2021-08-24,0.1617314258,0.02333948335,3.361498903,0.7744967556,0.07068907688,Tendencia,14.68969833
2021-08-25,0.1614338957,0.02334751268,3.362038728,0.7736734029,0.07147490772,Tendencia,14.74902695
2021-08-26,0.1616599453,0.02332952822,3.287584701,0.771554193,0.07048127117,Tendencia,14.68440811
2021-08-27,0.1654695199,0.02336628629,3.20840651,0.7715498331,0.05239835096,Tendencia,14.94869954
2021-08-30,0.1681102959,0.02345115192,3.257213535,0.7708183256,0.08021519302,Tendencia,15.17058808
2021-08-31,0.1681450025,0.02334723386,3.338529319,0.7703479408,0.07643102028,Tendencia,15.19708373
2021-09-01,0.1655523779,0.02318740533,3.463477703,0.7726942529,0.0707100613,Tendencia,15.28800737
2021-09-02,0.1599498623,0.02302868665,3.634687506,0.7726380055,0.1296642028,Tendencia,15.21474417
2021-09-03,0.1600144132,0.02292087743,3.66037415,0.7722657632,0.120547165,Tendencia,15.30353368
2021-09-07,0.1619095437,0.02292123731,3.724303417,0.7705756896,0.1263186599,Tendencia,15.49312651
2021-09-08,0.1618682364,0.02301503839,3.79668003,0.770905384,0.1090920851,Tendencia,15.42700116
2021-09-09,0.1607729947,0.02294650204,3.922265462,0.7709754279,0.1291011504,Tendencia,15.34572376
2021-09-10,0.1609592307,0.02308648636,4.033357607,0.7707229132,0.1381941351,Tendencia,15.26866638
2021-09-13,0.1587729987,0.02320732863,4.180336085,0.7701011185,0.1450793494,Tendencia,15.21781166
2021-09-14,0.1572595047,0.02317860604,4.273128652,0.7685659569,0.1787526949,Tendencia,15.18222964
2021-09-15,0.1578896794,0.02317593255,4.357796952,0.7686209219,0.1708886622,Tendencia,15.28925204
2021-09-16,0.1522840567,0.02291880827,4.735203706,0.7678654182,0.18270969,Tendencia,15.28654882
2021-09-17,0.1533045033,0.02287773404,4.890228914,0.7637851493,0.2102440575,Tendencia,15.14257426
2021-09-20,0.1632355699,0.02319592505,4.639928251,0.742356744,0.2483058621,Tendencia,14.71729669
2021-09-21,0.160397701,0.02309581571,4.731333456,0.7228916493,0.2351732691,Tendencia,14.76289949
2021-09-22,0.15986268,0.02323387036,4.688476852,0.7120472375,0.2183154705,Tendencia,14.91106739
2021-09-23,0.1601560804,0.02312704781,4.644806847,0.7083334754,0.2183963472,Tendencia,15.05180828
2021-09-24,0.1604911789,0.02315978558,4.595649173,0.7050689036,0.2297916686,Tendencia,15.14795084
2021-09-27,0.1534810752,0.02310825349,4.817073565,0.7112889716,0.2564263501,Tendencia,15.12581639
2021-09-28,0.1642641264,0.02346661266,4.338488784,0.6910744501,0.2782107275,Tendencia,14.68025128
2021-09-29,0.163996225,0.0236633024,4.110181937,0.6674746823,0.2568636581,Tendencia,14.6892617
2021-09-30,0.1635444694,0.02369107623,3.891688218,0.6478297776,0.2625797528,Tendencia,14.71498192
2021-10-01,0.1626849259,0.02372462338,3.686817902,0.6397843563,0.2572717223,Tendencia,14.80595902
2021-10-04,0.1700315495,0.02398783246,3.27014304,0.6078477716,0.2166427928,Tendencia,14.42335719
2021-10-05,0.1752130133,0.02419675844,2.947845801,0.5943051128,0.1305580657,Tendencia,14.74903075
2021-10-06,0.1755320658,0.02409480314,2.676505281,0.5826473414,0.1396825512,Tendencia,14.86655932
2021-10-07,0.1753974361,0.02424026835,2.454817726,0.5781203022,0.1485012402,Tendencia,14.94549157
2021-10-08,0.1730040193,0.02415171742,2.297616147,0.581572828,0.13835629,Tendencia,14.90025023
2021-10-11,0.1729364515,0.0240715002,2.100238577,0.5717297045,0.1585948036,Tendencia,14.80031694
2021-10-12,0.1725979433,0.02403554353,1.907827987,0.5549749646,0.1546455007,Tendencia,14.7763945
2021-10-13,0.1707703949,0.02374338463,1.742589448,0.5357584779,0.1408134606,Tendencia,14.89803073
2021-10-14,0.1704870275,0.02363496163,1.551353591,0.5217191887,0.1180126695,Tendencia,15.13853676
2021-10-15,0.171296181,0.02344753857,1.377259508,0.5116537274,0.1290477178,Tendencia,15.26463814
2021-10-18,0.1750958755,0.02342632954,1.293621064,0.510556604,0.1431625475,Tendencia,15.56385795
2021-10-19,0.1748837822,0.0232304009,1.378390364,0.5104146142,0.1392467879,Tendencia,15.60093227
2021-10-20,0.1751809626,0.02323476939,1.430782562,0.5079983209,0.1367305633,Tendencia,15.48475626
2021-10-21,0.1767184847,0.02317104521,1.505703247,0.5168247529,0.1074734793,Tendencia,15.77880049
2021-10-22,0.1779529979,0.02331703234,1.514499827,0.5243076937,0.06656616422,Tendencia,15.58660137
2021-10-25,0.1847417859,0.02347158924,1.512660272,0.5305423683,0.02737130453,Tendencia,16.01127263
2021-10-26,0.1840476159,0.02386059949,1.615202039,0.5417736139,0.05889793255,Tendencia,16.13705593
2021-10-27,0.1845968962,0.02397204254,1.845914273,0.5518880584,0.06592009337,Tendencia,16.25278744
2021-10-28,0.1860345819,0.0239442296,2.09375352,0.5548014819,0.06926939344,Tendencia,16.53194194
2021-10-29,0.1886057868,0.024070185,2.367552018,0.5573904152,0.09700074494,Tendencia,16.80216695
2021-11-01,0.1894642312,0.02421907062,2.659403014,0.5605691261,0.1061781405,Tendencia,16.95566931
2021-11-02,0.188673869,0.02439083793,3.077274757,0.5693001225,0.1040142405,Tendencia,16.93588671
2021-11-03,0.1903641924,0.0245481824,3.425968685,0.5810859522,0.09146029478,Tendencia,17.2155747
2021-11-04,0.1965303018,0.02513569977,3.710179818,0.5845106294,0.1356020652,Tendencia,17.6642504
2021-11-05,0.1964589307,0.02542557596,4.078818919,0.5930066286,0.1189232244,Tendencia,17.63423821
2021-11-08,0.1961211304,0.02567554892,4.443906653,0.6010118554,0.1225956546,Tendencia,17.57883371
2021-11-09,0.1987177074,0.02618554985,4.705602069,0.6079665047,0.1251082006,Tendencia,17.27691343
2021-11-10,0.1998958018,0.02664537642,4.972663435,0.6153258353,0.1617810015,Tendencia,17.04889505
2021-11-11,0.200245032,0.02686727207,5.248465931,0.6233387668,0.1528406187,Tendencia,17.16434919
2021-11-12,0.201883048,0.02691899168,5.459410992,0.6296593284,0.1571356314,Tendencia,17.40759698
2021-11-15,0.1989329436,0.02696756869,5.741112239,0.6312936239,0.1331776438,Tendencia,17.371829
2021-11-16,0.1993496965,0.02697268291,5.874667673,0.6324268266,0.122005168,Tendencia,17.4878787
2021-11-17,0.1984891862,0.02686732648,6.049082675,0.6342058196,0.1247104454,Tendencia,17.50148504
2021-11-18,0.200117124,0.02714189314,6.241258225,0.6393311203,0.111012508,Tendencia,17.85944971
2021-11-19,0.1951957368,0.02713546791,6.64249991,0.6512109753,0.1007409154,Tendencia,18.10322176
2021-11-22,0.1979334038,0.02762935039,6.792760562,0.6631549467,0.07687309222,Tendencia,17.79853778
2021-11-23,0.1990712449,0.02801740036,6.875511366,0.6739298791,0.1054300254,Tendencia,17.59619424
2021-11-24,0.1997431838,0.02829902733,6.962766844,0.6831600535,0.09551821118,Tendencia,17.75955469
2021-11-26,0.2009552669,0.02844826595,6.973932176,0.6934553773,0.08989341895,Tendencia,17.38476853
2021-11-29,0.205973251,0.02863278916,6.876739808,0.7132829275,0.008701745662,Tendencia,17.85474118
2021-11-30,0.2102899588,0.02901612853,6.703232803,0.7284906722,-0.04652787348,Tendencia,17.47502999
2021-12-01,0.2188807009,0.02957189997,6.317521774,0.7350439308,0.02670339542,Tendencia,16.93428595
2021-12-02,0.2187874012,0.02977847694,6.204004332,0.7394148422,0.02272257925,Tendencia,16.9947691
2021-12-03,0.2252185087,0.03033323963,5.809648164,0.7325045778,0.02005181451,Tendencia,16.5299945
2021-12-06,0.224363457,0.0307427603,5.555508289,0.7341425028,0.001163492657,Tendencia,16.65520752
2021-12-07,0.235400522,0.0310415853,5.103206823,0.7468601109,0.02262016559,Tendencia,17.25266941
2021-12-08,0.2354067118,0.03117835884,4.927173882,0.757405859,0.02707015483,Tendencia,17.34475053
2021-12-09,0.2402659922,0.03134696437,4.655548573,0.7549178294,0.01647739248,Tendencia,16.91880659
2021-12-10,0.2401779455,0.03135150377,4.521993277,0.7493655764,0.01824719922,Tendencia,16.90663082
2021-12-13,0.244916305,0.03169704987,4.232501315,0.7291283361,0.02086528078,Tendencia,16.49942844
2021-12-14,0.2447285068,0.03185206241,3.986936199,0.7075066366,0.03316747127,Tendencia,16.41416859
2021-12-15,0.2512957924,0.03246645469,3.698990905,0.6996447653,0.0214256293,Tendencia,16.88259531
2021-12-16,0.2593451794,0.03294072979,3.316018569,0.6684763611,-0.03943757718,Tendencia,16.3185315
2021-12-17,0.2534933511,0.0327286233,3.077889124,0.6245804918,-0.04242283559,Tendencia,16.21727712
2021-12-20,0.2544619969,0.03294631658,2.671236689,0.5729659984,-0.03410692239,Tendencia,16.03052586
2021-12-21,0.2599699652,0.03311504115,2.244707016,0.5406147433,-0.05549012002,Tendencia,16.48650913
2021-12-22,0.2620756786,0.03337834678,1.954068237,0.519710665,-0.03027716807,Tendencia,16.80101211
2021-12-23,0.2632447771,0.0334226596,1.739907574,0.5059040407,-0.01976401491,Tendencia,17.03522646
2021-12-27,0.2652844968,0.03345042555,1.52501476,0.497079132,-0.008626977059,Tendencia,17.31599679
2021-12-28,0.2588708892,0.03322890061,1.384755037,0.4775748808,-0.02227249281,Tendencia,17.22552432
2021-12-29,0.2590768892,0.03318127566,1.11496344,0.4543999355,-0.02311982403,Tendencia,17.13593331
2021-12-30,0.2592229148,0.0331774528,0.9040684773,0.4278517299,-0.0196923418,Tendencia,17.05558225
2021-12-31,0.2602386943,0.03312425746,0.7646485834,0.3944034027,-0.01263749114,Tendencia,16.83311352
2022-01-03,0.2620658992,0.03309133361,0.6497709988,0.3701273029,-0.03139939755,Tendencia,17.33988539
2022-01-04,0.2605874503,0.0331986617,0.6073791187,0.338597095,-0.0314168753,Tendencia,17.03132358
2022-01-05,0.2733789571,0.0335959879,0.4430305649,0.2829492335,0.01518387309,Reversión,16.31457864
2022-01-06,0.2731830195,0.03385610211,0.2111717133,0.2286771848,0.0197614248,Reversión,16.29516138
2022-01-07,0.2752322276,0.03415608877,0.06916816593,0.1665647345,0.02321228854,Reversión,16.01760856
2022-01-10,0.2750635607,0.03466713356,0.2758980935,0.1109852189,0.01792266994,Reversión,16.0923565
2022-01-11,0.2761449812,0.03481674049,0.4584121452,0.06636897172,0.0183879749,Reversión,16.29051781
2022-01-12,0.2760987797,0.03502551125,0.5544609757,0.03269642882,0.02293582892,Reversión,16.41815045
2022-01-13,0.283543164,0.03546112916,0.6705590976,0.005784280203,0.005475327349,Reversión,15.8256942
2022-01-14,0.2840855948,0.0356661849,0.8477081065,0.000526552619,-0.02103902113,Reversión,16.01715294
2022-01-18,0.2871058275,0.03584096931,0.9592326264,0.01738872343,-0.04372490705,Reversión,15.55974409
2022-01-19,0.2881421397,0.03616915378,1.078741231,0.05982467628,-0.02764783431,Reversión,15.36620913
2022-01-20,0.2898063657,0.03655272599,1.199764813,0.1347550211,-0.01638034808,Reversión,15.10187768
2022-01-21,0.3205683616,0.03752304852,1.356300571,0.2212512733,0.04318356567,Reversión,14.02819062
2022-01-24,0.3196471362,0.03833631949,1.69131816,0.3211130785,0.04588649281,Reversión,14.01468204
2022-01-25,0.3219254478,0.03837099545,2.072101206,0.3931424598,0.05729190551,Reversión,13.5482298
2022-01-26,0.3215765731,0.03859711602,2.504996767,0.4584217062,0.03943121769,Reversión,13.58026246
2022-01-27,0.3221783088,0.03912654968,2.934064996,0.5153029808,0.03368583946,Reversión,13.41489685
2022-01-28,0.3239354526,0.03943523035,3.29574551,0.5636731129,0.01584415584,Reversión,13.73764615
2022-01-31,0.3465161183,0.03998619041,3.329719014,0.5996629761,0.06514394829,Reversión,14.6121194
2022-02-01,0.3482260552,0.04005603905,3.497031607,0.6261879006,0.1005531832,Reversión,14.89713266
2022-02-02,0.3482851744,0.04049272404,3.749714211,0.6511358334,0.1034101307,Reversión,14.94799181
2022-02-03,0.3844203739,0.04158999477,3.690054242,0.6747561661,0.08125316213,Reversión,13.70705237
2022-02-04,0.3864799286,0.04177821843,3.812716192,0.6878936498,-0.0212844096,Reversión,14.15671179
2022-02-07,0.3878491987,0.04195482763,3.962428958,0.7013088117,-0.03519854255,Reversión,13.92497668
2022-02-08,0.3879996325,0.04200565145,4.083267297,0.7142052887,-0.03848380571,Reversión,14.01199367
2022-02-09,0.3904017531,0.0418293541,4.167100768,0.7279238239,-0.0300970431,Reversión,14.39889767
2022-02-10,0.3919102276,0.04167139438,4.324776248,0.7481189201,-0.04903711041,Crisis,14.0870001
2022-02-11,0.4013846409,0.04217108117,4.462879847,0.7667813135,-0.02518970408,Crisis,13.46895794
2022-02-14,0.400850806,0.04227147379,4.612673946,0.7799401652,-0.04286754216,Crisis,13.59938545
2022-02-15,0.4065773666,0.04242731794,4.674853202,0.7892672828,-0.0303995487,Crisis,14.06259747
2022-02-16,0.4064309186,0.04258373923,4.745253594,0.7959759725,-0.03089940717,Crisis,14.00838607
2022-02-17,0.4152573428,0.04288962237,4.741180282,0.8052607505,-0.03068944562,Crisis,13.4117953
2022-02-18,0.4141469802,0.04290828424,4.820618664,0.8099694165,-0.02393616359,Crisis,13.22785009
2022-02-22,0.4154307077,0.04307797035,4.748833356,0.812167893,-0.03113581372,Crisis,12.94645233
2022-02-23,0.4199406276,0.04325353035,4.692575402,0.8145822697,-0.01395431901,Crisis,12.49330321
2022-02-24,0.4311990242,0.04419365811,4.45677433,0.8196492385,-0.05266109696,Crisis,13.12106662
2022-02-25,0.4315012388,0.04424092538,4.323247882,0.821295204,-0.028792476,Crisis,13.28249843
2022-02-28,0.4307064849,0.04436394936,4.173316299,0.8230041963,-0.01614911317,Crisis,13.50237926
2022-03-01,0.429295569,0.04438233214,4.076334401,0.8225325364,-0.01200934258,Crisis,13.2232138
2022-03-02,0.4277534635,0.04428881531,4.093244173,0.8220966497,-0.005885813454,Crisis,13.36918333
2022-03-03,0.4264155511,0.04413476279,4.197978923,0.8293296468,-0.02379847876,Crisis,13.02266126
2022-03-04,0.4275476708,0.04423495205,4.302887755,0.8359529778,-0.01332672572,Crisis,12.81492888
2022-03-07,0.4358233688,0.04434358002,4.252505908,0.8485780425,0.002896833607,Crisis,12.1698187
2022-03-08,0.435602572,0.04454178731,4.336519165,0.8589994138,0.001346104639,Crisis,12.2068859
2022-03-09,0.4395556224,0.04472051372,4.275030281,0.8601356816,-0.0008807394843,Crisis,12.77312142
2022-03-10,0.4394545723,0.04505479238,4.264007747,0.8598179766,-0.007164165123,Crisis,12.74111257
2022-03-11,0.4412237552,0.04525178253,4.338447475,0.8643055991,-0.004107027532,Crisis,12.33969842
2022-03-14,0.4444038855,0.04546633345,4.389330231,0.8688356714,0.00995909442,Crisis,12.01214491
2022-03-15,0.4499163207,0.04565226411,4.306231212,0.8740133965,-0.009623574562,Crisis,12.52355418
2022-03-16,0.4597296907,0.04595946456,4.151931706,0.870846124,0.03740718883,Crisis,13.11870316
2022-03-17,0.4585207155,0.04572280599,4.11408251,0.8558548106,0.06340152965,Crisis,13.42267206
2022-03-18,0.4592971814,0.0456711908,4.029242944,0.8329359274,0.1014558492,Crisis,13.90560036
2022-03-21,0.459140486,0.04571458852,3.882392033,0.8104463676,0.09888572531,Crisis,13.88351851
2022-03-22,0.4619106985,0.04598571027,3.661519733,0.7780271375,0.0976908637,Crisis,14.2688919
2022-03-23,0.459279157,0.04584627158,3.44925456,0.7452254758,0.09629555894,Crisis,14.06556005
2022-03-24,0.4611934216,0.04598470629,3.099855736,0.6964200154,0.07725085953,Crisis,14.46449054
2022-03-25,0.4603551912,0.04597769195,2.841678529,0.6456836899,0.07124552514,Crisis,14.44851561
2022-03-28,0.4616713094,0.04610381217,2.5507123,0.5813859444,0.06603025806,Crisis,14.79498548
2022-03-29,0.4626407014,0.0462041525,2.274442824,0.5089945876,0.07551555289,Crisis,15.02952386
2022-03-30,0.4636230541,0.0462349659,1.989571743,0.4451350717,0.07025899952,Crisis,14.78974268
2022-03-31,0.4650237009,0.04632931665,1.748495731,0.3899807323,0.07416874312,Crisis,14.51417535
2022-04-01,0.4642942481,0.04643986735,1.482004656,0.335698618,0.07263637456,Crisis,14.52602003
2022-04-04,0.4660859894,0.04643546796,1.122200113,0.2642001899,0.08096848064,Crisis,15.054396
2022-04-05,0.4685584484,0.04635252587,0.737655389,0.2086877243,0.06989622483,Crisis,14.60417729
2022-04-06,0.4672364832,0.04638233952,0.4376454569,0.1731845627,0.07668075296,Crisis,14.04581151
2022-04-07,0.4673139436,0.04633506792,0.2078950205,0.1397394098,0.07909264472,Crisis,13.98376436
2022-04-08,0.468248815,0.04623486994,0.009875797542,0.1155609101,0.08008415568,Crisis,13.66834592
2022-04-11,0.4730670953,0.0460486858,0.1991256474,0.0984370699,0.0929665012,Crisis,13.20369086
2022-04-12,0.4726165261,0.04625220334,0.4466733876,0.08037582424,0.09262714219,Crisis,13.11500898
2022-04-13,0.4746350314,0.04641569865,0.6609286729,0.05672048959,0.08759473696,Crisis,13.41960259
2022-04-14,0.4728131064,0.04626450467,0.7608154316,0.0440800714,0.08131147795,Crisis,13.02364143
2022-04-18,0.4725125961,0.04621997316,0.8404225316,0.02888047169,0.08507516989,Crisis,13.13668543
2022-04-19,0.4720259419,0.04630587113,0.8740912321,0.01522631338,0.09793344441,Crisis,13.4844012
2022-04-20,0.5059956859,0.04749089604,0.7544797304,0.01445882611,0.04371922458,Crisis,12.24409322
2022-04-21,0.5086677136,0.04809974683,0.6115704184,0.01792984365,0.07787416397,Crisis,11.8620235
2022-04-22,0.4905610439,0.04751010228,0.4501721514,0.0333045711,0.07389827391,Crisis,11.58855244
2022-04-25,0.4907679194,0.04677797932,0.2246519788,0.04978493649,0.0748965079,Crisis,11.67186159
2022-04-26,0.4997735504,0.04701012233,0.0695548158,0.08200620225,0.06556151913,Crisis,10.99752709
2022-04-27,0.5020000417,0.04679866223,0.4204601113,0.1182098614,0.08527510012,Crisis,10.73653556
2022-04-28,0.5177700969,0.04719516718,0.7343228944,0.1505682198,0.0613651905,Crisis,11.42974793
2022-04-29,0.5264034349,0.04769308238,1.056237706,0.1837558195,0.01203898622,Crisis,10.8214413
2022-05-02,0.5157580836,0.04747446507,1.331004923,0.1970706449,-0.04409211048,Crisis,11.20836593
2022-05-03,0.5143296538,0.04734438344,1.580245016,0.2046280045,-0.06475159916,Crisis,11.24815696
2022-05-04,0.5192491106,0.0475833195,1.840227546,0.2043420172,-0.06235572206,Crisis,11.65102585
2022-05-05,0.5118749784,0.04737936311,2.210965589,0.2326524884,-0.09435117762,Crisis,10.82792122
2022-05-06,0.508723014,0.04720145994,2.506932863,0.2536612142,-0.03787910915,Crisis,10.64936102
2022-05-09,0.5204406596,0.04752336832,2.784059147,0.2816447569,-0.02020352387,Crisis,10.03919845
2022-05-10,0.5214788222,0.04783092124,3.060848906,0.3055611571,-0.03541589513,Crisis,10.2158057
2022-05-11,0.5271755488,0.04827317412,3.282583875,0.3249856707,-0.05439649664,Crisis,9.730590866
2022-05-12,0.5255114561,0.04890144182,3.549415362,0.3472436982,-0.05324223342,Crisis,9.785000351
2022-05-13,0.531292682,0.04906052775,3.779478418,0.3736975182,-0.05152524365,Crisis,10.3599277
2022-05-16,0.5323525501,0.04907459758,4.00743871,0.3983495815,-0.05703304252,Crisis,10.15914752
2022-05-17,0.532075209,0.04909195809,4.21563481,0.4107844974,-0.07268115397,Crisis,10.49399372
2022-05-18,0.5460073876,0.04963690866,4.417018107,0.4286982534,-0.1009791478,Crisis,9.849670118
2022-05-19,0.5394116612,0.04954721703,4.645601797,0.4540580026,-0.1067681036,Crisis,9.897889126
2022-05-20,0.5392586729,0.05000570432,4.791947953,0.4821228596,-0.1138739325,Crisis,9.77794474
2022-05-23,0.5381118019,0.05003289023,4.912405623,0.5131261186,-0.1179881006,Crisis,9.895135253
2022-05-24,0.5433890902,0.05030006633,5.051953208,0.555864335,-0.1349777291,Crisis,9.385562309
2022-05-25,0.537350805,0.04948487079,5.157866366,0.5824818462,-0.1344196782,Crisis,9.666095947
2022-05-26,0.543034006,0.05000284552,5.073212462,0.6009765831,-0.1254782339,Crisis,10.06303969
2022-05-27,0.548081089,0.05006986611,5.041044191,0.6090244451,-0.09999971672,Crisis,10.47189864
2022-05-31,0.5467889455,0.05021655598,4.987566177,0.6186514918,-0.08729152572,Crisis,10.56185028
2022-06-01,0.5469582164,0.05049013079,4.980215817,0.6267026639,-0.08566497819,Crisis,10.42489528
2022-06-02,0.5534663974,0.05085006259,4.884493622,0.6299943007,-0.08693605265,Crisis,10.94219065
2022-06-03,0.5592248168,0.05105120919,4.903361616,0.6443353865,-0.1166290834,Crisis,10.4707499
2022-06-06,0.550558742,0.05083750153,4.952811345,0.6693802946,-0.1328563258,Crisis,10.59004346
2022-06-07,0.5505424489,0.05038977441,4.897336224,0.6922580104,-0.1310904842,Crisis,10.61322569
2022-06-08,0.5426794553,0.05010247834,4.804602663,0.7015622928,-0.1359972293,Crisis,10.63071125
2022-06-09,0.5474390774,0.05023765471,4.662856762,0.7167878766,-0.1387861878,Crisis,10.24691197
2022-06-10,0.5514982074,0.05036207994,4.524355231,0.7454657417,-0.1175518931,Crisis,9.776471114
2022-06-13,0.5636239242,0.0507740232,4.403065661,0.7858287547,-0.08922169931,Crisis,9.151615052
2022-06-14,0.5571648841,0.05062436383,4.485787933,0.8130919542,-0.07914544119,Crisis,9.166847484
2022-06-15,0.5573729664,0.05088247778,4.423687535,0.8246637413,-0.1079056074,Crisis,9.608034301
2022-06-16,0.5643896204,0.05125414754,4.387535983,0.8351194894,-0.156568998,Crisis,9.127187548
2022-06-17,0.5607856982,0.05112945336,4.314389066,0.8380638114,-0.1847967727,Crisis,9.280104063
2022-06-21,0.5625503197,0.05175991645,4.18636668,0.8375826409,-0.1793966282,Crisis,9.487216236
2022-06-22,0.5598643402,0.05169713893,4.055371233,0.8326551385,-0.1779138703,Crisis,9.526090266
2022-06-23,0.5595034022,0.051819737,3.920299236,0.8261675319,-0.1731214039,Crisis,9.622326033
2022-06-24,0.566117759,0.05200649377,3.606237482,0.8075610415,-0.1553304104,Crisis,10.11913358
2022-06-27,0.5666961839,0.05218410773,3.384127246,0.7902914793,-0.1605007147,Crisis,9.989138472
2022-06-28,0.5728484153,0.05263813755,3.214251227,0.7801533435,-0.1568871457,Crisis,9.507199287
2022-06-29,0.5720118278,0.05273250183,3.132028273,0.7702462713,-0.1665059522,Crisis,9.474458498
2022-06-30,0.5727026611,0.05308734088,3.080840621,0.7628369703,-0.1648377851,Crisis,9.272977022
2022-07-01,0.5715336474,0.05325010596,3.028455121,0.7541929657,-0.1680271668,Crisis,9.306096796
2022-07-05,0.5761082393,0.05393615294,2.982774822,0.7389465777,-0.1598289014,Crisis,9.643327493
2022-07-06,0.5715518173,0.05375641062,2.894850996,0.7262478037,-0.1581347916,Crisis,9.681652443
2022-07-07,0.5723176226,0.05382516221,2.78211837,0.7031486215,-0.1410744145,Crisis,10.00470234
2022-07-08,0.5671869229,0.05357969553,2.722508513,0.6767306492,-0.1485297611,Crisis,10.00883615
2022-07-11,0.5742557122,0.05378321613,2.652599593,0.6626966446,-0.150509732,Crisis,9.557142734
2022-07-12,0.5728409576,0.05391119758,2.591766174,0.6498743574,-0.1466945104,Crisis,9.460120012
2022-07-13,0.5688449596,0.05408304786,2.492009264,0.6342210194,-0.1544811321,Crisis,9.49689857
2022-07-14,0.5687804412,0.0539425611,2.295028828,0.6193665435,-0.1560855702,Crisis,9.447769935
2022-07-15,0.5706315874,0.05402428468,2.04976397,0.5975069879,-0.155029565,Crisis,9.756337113
2022-07-18,0.5676366695,0.05421242886,1.895138745,0.5713702662,-0.1422803089,Crisis,9.79814102
2022-07-19,0.5742698415,0.05457353786,1.597700323,0.5275509013,-0.1320397429,Crisis,10.23291318
2022-07-20,0.5761090586,0.05466414993,1.290840582,0.4705235219,-0.1118846491,Crisis,10.5917312
2022-07-21,0.5487210413,0.05367657731,1.096474212,0.3792179559,-0.06830904738,Crisis,10.88349023
2022-07-22,0.5493780206,0.05322325716,0.8955960389,0.312730688,-0.1200170314,Crisis,10.51376021
2022-07-25,0.5479272822,0.05294451232,0.7357521692,0.256458669,-0.1243706233,Crisis,10.39226981
2022-07-26,0.5520249794,0.05300182928,0.6679816641,0.215954103,-0.1168464606,Crisis,10.03551083
2022-07-27,0.5555006519,0.05317646092,0.5530753081,0.1596470416,-0.1372615146,Crisis,10.69360068
2022-07-28,0.5534693991,0.05303928614,0.3900677736,0.1166482034,-0.1550965744,Crisis,10.69119727
2022-07-29,0.5413383404,0.05243216671,0.1653983396,0.05974698163,-0.1386941625,Crisis,11.00261053
2022-08-01,0.5308023274,0.05182628614,0.07056138608,0.02691151787,-0.09560975848,Crisis,11.03467006
2022-08-02,0.5259749693,0.05149588833,0.3224706296,0.004931532899,-0.07143776615,Crisis,11.01528594
2022-08-03,0.5295600249,0.05161105625,0.5542464033,0.001694593989,-0.07416183995,Crisis,11.35634047
2022-08-04,0.5251875216,0.05090200795,0.8185391087,0.03103146359,-0.07105824068,Crisis,11.4857456
2022-08-05,0.507690453,0.05013299497,1.003205546,0.06775506421,-0.04000114787,Crisis,11.235987
2022-08-08,0.5066539689,0.050216027,1.148505826,0.1095107774,-0.05968729303,Crisis,11.20208142
2022-08-09,0.4948002542,0.04971928052,1.337725506,0.1319995602,-0.07670079676,Crisis,11.00324565
2022-08-10,0.5022639681,0.04971577026,1.545594778,0.1708567489,-0.07675273431,Crisis,11.51580333
2022-08-11,0.4937031919,0.04925299614,1.759997399,0.190999817,-0.07454180742,Crisis,11.38738645
2022-08-12,0.4971395728,0.04854928788,1.972385172,0.2172279746,-0.07957689966,Crisis,11.7256693
2022-08-15,0.4833427528,0.04781735431,2.250931013,0.2658437941,-0.0810468701,Crisis,11.82404019
2022-08-16,0.4818930924,0.04756148112,2.456440937,0.3053804819,-0.06291063585,Crisis,11.76399751
2022-08-17,0.4789694664,0.04736231394,2.603655276,0.3562562223,-0.04865596654,Crisis,11.53345154
2022-08-18,0.4631755978,0.04666513994,2.749138082,0.3803790605,-0.01699677045,Crisis,11.61487645
2022-08-19,0.4668430316,0.04657145204,2.71180784,0.3985727574,-0.0176835224,Crisis,11.27097776
2022-08-22,0.4719387558,0.04609647613,2.675978127,0.4000808669,0.00628782312,Crisis,10.8579624
2022-08-23,0.4713418389,0.04578256,2.697986088,0.4053769851,0.009042831528,Crisis,10.87638808
2022-08-24,0.4601473608,0.04506270465,2.814690489,0.3951369854,0.01924403381,Crisis,10.94942211
2022-08-25,0.4586811655,0.04485253344,2.817335575,0.3988947825,0.04945935407,Crisis,11.20774758
2022-08-26,0.462806658,0.04472266479,2.75383959,0.3976776749,0.007941202046,Crisis,10.6322345
2022-08-29,0.4561417127,0.04446429782,2.720048666,0.4091690822,-0.009501580907,Crisis,10.51596203
2022-08-30,0.456776214,0.04443421406,2.627540584,0.418467581,-0.01252354371,Crisis,10.36048333
2022-08-31,0.4560410205,0.0442860249,2.537614756,0.4211402068,-0.0101911549,Crisis,10.35420263
2022-09-01,0.4451145206,0.04407233319,2.478524275,0.4512730287,0.002460551306,Crisis,10.3459173
2022-09-02,0.4383182991,0.04393961335,2.327185156,0.4472342717,0.04644218388,Crisis,10.15090619
2022-09-06,0.4382390935,0.04375343263,2.171479869,0.4441250173,0.0615610588,Crisis,10.04326633
2022-09-07,0.4416187836,0.04380666789,2.033357945,0.4573887658,0.05461947667,Crisis,10.31798294
2022-09-08,0.4417726572,0.04375263559,1.949105927,0.475334181,0.0575350239,Crisis,10.38048725
2022-09-09,0.4400625601,0.04344768842,1.802890156,0.4872805178,0.06278808728,Crisis,10.6964383
2022-09-12,0.4308617567,0.04294072269,1.689584404,0.4824870694,0.03327895799,Crisis,10.80576888
2022-09-13,0.4363919009,0.04304626379,1.347049983,0.4223287028,-0.04698030385,Crisis,10.02028209
2022-09-14,0.4370465012,0.04293274105,1.020188072,0.3697848417,-0.06262684258,Crisis,10.14123675
2022-09-15,0.4263316063,0.04251262619,0.7437334711,0.3280820135,-0.06455417982,Crisis,10.12198662
2022-09-16,0.4144186924,0.04213913433,0.4631323217,0.2753607007,-0.01329753345,Crisis,10.11359336
2022-09-19,0.4137387485,0.0419996523,0.1685221746,0.2323412015,0.003666649702,Crisis,10.2332248
2022-09-20,0.4120095107,0.04130102358,0.07050653368,0.1906888154,-0.006693317407,Crisis,10.1116652
2022-09-21,0.4138429131,0.0413701117,0.2586838837,0.1451603198,-0.00143140678,Crisis,9.910618541
2022-09-22,0.4144223618,0.04135227871,0.4623770375,0.1021416189,0.005635780896,Crisis,9.762939843
2022-09-23,0.4046787194,0.04114303107,0.6981015668,0.06936268862,0.003919897544,Crisis,9.510143142
2022-09-26,0.4042540747,0.04115476281,0.9909752781,0.04013251771,0.02469591021,Crisis,9.425532548
2022-09-27,0.392596219,0.04077031492,1.241286223,0.01490127963,0.01012489067,Crisis,9.447264662
2022-09-28,0.401103839,0.04101534044,1.363273106,0.003568116149,0.007902764979,Crisis,9.836783564
2022-09-29,0.4056015828,0.04108286501,1.524016506,0.0008326254832,-0.03221825513,Crisis,9.474111513
2022-09-30,0.4063019242,0.04114690032,1.709419896,0.01491144986,-0.01828903262,Reversión,9.35619439
2022-10-03,0.3999885643,0.0407748996,1.89869241,0.03847453834,-0.02321002911,Reversión,9.415783731
2022-10-04,0.4041863214,0.04102539538,1.965825855,0.06628760417,-0.0222801193,Reversión,9.691864935
2022-10-05,0.399149745,0.04110844479,2.051474269,0.09376155666,-0.03280249235,Reversión,9.594051012
2022-10-06,0.39915788,0.04108354035,2.166459843,0.1251628505,-0.03361875835,Reversión,9.581199694
2022-10-07,0.4033865612,0.04119152278,2.364211444,0.1900822378,-0.03111453503,Reversión,9.066563973
2022-10-10,0.4029571771,0.04121893808,2.660465939,0.2712255235,-0.03676001405,Reversión,9.02973278
2022-10-11,0.4065484984,0.04120618605,2.982259937,0.3632217155,-0.03307592708,Reversión,8.783780144
2022-10-12,0.4065291673,0.04113203328,3.176246738,0.465387445,-0.03592785032,Reversión,8.825751352
2022-10-13,0.4042401489,0.04174600012,3.366241941,0.5469364783,-0.02912307355,Reversión,9.042428481
2022-10-14,0.4126445854,0.04194320103,3.511746504,0.6292657118,-0.05782457212,Reversión,8.665811232
2022-10-17,0.4197017886,0.0421738042,3.570507749,0.678227112,-0.1179105655,Reversión,9.17388692
2022-10-18,0.4138293732,0.0422308183,3.740575227,0.707172849,-0.1509486293,Reversión,9.196075945
2022-10-19,0.4123290727,0.04230562486,3.807027241,0.7184512114,-0.1772067016,Reversión,9.390917002
2022-10-20,0.4075205132,0.04227004854,3.904853711,0.7464103804,-0.163340603,Reversión,9.269016356
2022-10-21,0.4108867382,0.04259282863,3.866843912,0.7714031654,-0.1794298878,Crisis,9.534806485
2022-10-24,0.4051332588,0.04269074339,3.889418025,0.8171966292,-0.1893944546,Crisis,9.514004357
2022-10-25,0.3903594565,0.04229453997,3.893095148,0.813534897,-0.1443500057,Crisis,9.865136133
2022-10-26,0.3949291536,0.04258154108,3.753108993,0.821037049,-0.1781529418,Crisis,9.569645536
2022-10-27,0.4029319725,0.04304521783,3.711172662,0.8298887922,-0.1397395858,Crisis,9.096482424
2022-10-28,0.403234763,0.04327817553,3.655170869,0.8347783884,-0.1546353785,Crisis,9.172325059
2022-10-31,0.4055550655,0.04335623088,3.58648045,0.8427390547,-0.1590762939,Crisis,8.97299942
2022-11-01,0.4018946105,0.04354277488,3.580509337,0.8446310476,-0.1558444898,Crisis,8.839989125
2022-11-02,0.4107930882,0.0440059108,3.566498841,0.8460173696,-0.1569829505,Crisis,8.450852231
2022-11-03,0.4095110638,0.04412495038,3.654945422,0.8496984782,-0.138377908,Crisis,8.328406246
2022-11-04,0.4100452565,0.04413132096,3.714836981,0.8538859755,-0.1415084238,Crisis,8.419088822
2022-11-07,0.4086646605,0.04427054987,3.692841002,0.8606212257,-0.1372325171,Crisis,8.467071639
2022-11-08,0.3979092808,0.04401915889,3.714967663,0.8604348359,-0.1229560238,Crisis,8.476224594
2022-11-09,0.4013168153,0.04434573162,3.597491505,0.8612430294,-0.1208481833,Crisis,8.235702782
2022-11-10,0.443998767,0.0455232858,3.05367414,0.8468230304,-0.1591172744,Crisis,9.055245172
2022-11-11,0.4486088762,0.04603918991,2.821719845,0.820290446,-0.07131966153,Crisis,9.355455719
2022-11-14,0.4485241978,0.04633304725,2.557456848,0.7939560385,-0.0695133572,Crisis,9.331069857
2022-11-15,0.4490921938,0.04662832049,2.370437545,0.7539816045,-0.06949293546,Crisis,9.542110123
2022-11-16,0.4514480221,0.04680880355,2.203551578,0.7261927638,-0.07651424713,Crisis,9.312261785
2022-11-17,0.4491535953,0.04677007549,2.137837537,0.7042522172,-0.06457032685,Crisis,9.135556822
2022-11-18,0.4437416887,0.0467223241,2.100830136,0.6873414052,-0.08096991816,Crisis,9.029518608
2022-11-21,0.4462000482,0.04695348336,2.10242189,0.6771659969,-0.07469786646,Crisis,8.817790566
2022-11-22,0.4473054604,0.047050196,2.08274184,0.6595958338,-0.08337963627,Crisis,8.968472407
2022-11-23,0.4478650362,0.04700215651,2.086219044,0.6300824359,-0.07648318162,Crisis,9.202657802
2022-11-25,0.4364298957,0.04633433209,2.137679677,0.6054153467,-0.056421309,Crisis,9.106680809
2022-11-28,0.4365882849,0.0464415189,2.063879243,0.5866461293,-0.06516522844,Crisis,8.993610492
2022-11-29,0.4358219339,0.04619620772,2.02704781,0.5723135732,-0.06650170491,Crisis,8.929098218
2022-11-30,0.4588865849,0.04675742913,1.769045767,0.5166303951,-0.07043949069,Crisis,9.570466239
2022-12-01,0.4593042679,0.04644426573,1.57605266,0.454295915,-0.05197111415,Crisis,9.664490157
2022-12-02,0.4577551463,0.04629941008,1.329738314,0.3980241371,-0.05192334157,Crisis,9.667961381
2022-12-05,0.4601785919,0.04637306203,1.088559014,0.3628511293,-0.05576794224,Crisis,9.417976857
2022-12-06,0.4616451999,0.04649078591,0.89060901,0.337067788,-0.03469127448,Crisis,9.107584535
2022-12-07,0.4616318278,0.04645633461,0.7077418156,0.3113533488,-0.03628107209,Crisis,9.054783752
2022-12-08,0.4585460069,0.04650403862,0.4954423726,0.2724915074,-0.04259443547,Crisis,9.18802633
2022-12-09,0.4582437128,0.04672071646,0.2227543151,0.2283279319,-0.04798890212,Crisis,9.242529346
2022-12-12,0.4347276248,0.04612124576,0.1577256098,0.200860824,-0.03365858162,Crisis,9.188442106
2022-12-13,0.4353289549,0.04676066003,0.1101961922,0.162305794,-0.01732984838,Crisis,9.341231962
2022-12-14,0.4357617463,0.0467218454,0.07096575184,0.1300287636,-0.02034695766,Crisis,9.248827713
2022-12-15,0.4433315063,0.04707048105,0.117458669,0.1142098016,-0.01271605193,Crisis,8.871511946
2022-12-16,0.443061089,0.04723014085,0.1252180755,0.09771920067,-0.006971585353,Crisis,8.792164728
2022-12-19,0.4443779132,0.04733568362,0.1299277382,0.08926047769,-0.00151766303,Crisis,8.609156947
2022-12-20,0.4430286029,0.04716772294,0.1386382887,0.08727432586,-0.002126119994,Crisis,8.524816673
2022-12-21,0.4434280075,0.04712462844,0.09761695938,0.08317604813,-0.009965668879,Crisis,8.675045912
2022-12-22,0.4474030042,0.04744801868,0.1421568033,0.09678899243,-0.03115377632,Crisis,8.33287764
2022-12-23,0.4470541753,0.04736234006,0.2358493444,0.1123766885,-0.03649799431,Crisis,8.341818843
2022-12-27,0.4565607341,0.04752589791,0.3519058806,0.1365694343,-0.03757349363,Crisis,7.954765356
2022-12-28,0.4492473469,0.04724833676,0.4428681134,0.1480363063,-0.0377893517,Crisis,7.902087636
2022-12-29,0.4521930606,0.04727481182,0.4908521544,0.160148525,-0.01176856521,Crisis,8.257520613
2022-12-30,0.451560998,0.04708281497,0.6676611201,0.1746639307,-0.01417792617,Crisis,8.286246521
2023-01-03,0.452060754,0.04729499377,0.8718254558,0.1890436387,-0.01355724496,Crisis,8.183596886
2023-01-04,0.4503980927,0.04725150186,1.042765703,0.1867687936,-0.02360941432,Crisis,8.363748783
2023-01-05,0.4514199249,0.04707147084,1.187049616,0.1913694101,-0.02633249383,Crisis,8.211300632
2023-01-06,0.4544847591,0.04747446989,1.238431466,0.1871965753,-0.03496250003,Crisis,8.427915022
2023-01-09,0.4436729305,0.04734029084,1.327842308,0.1944599922,-0.02236959859,Crisis,8.608164649
2023-01-10,0.4451116668,0.04745105252,1.390274121,0.1955953406,-0.01841407709,Crisis,8.765998116
2023-01-11,0.4440208289,0.04729072417,1.460763408,0.1995227736,-0.01222671532,Crisis,8.961901695
2023-01-12,0.444526924,0.04749139927,1.498665038,0.1957328357,-0.005143296677,Crisis,9.066127576
2023-01-13,0.4423379934,0.04679022324,1.549197154,0.1760840309,-0.004871600214,Crisis,9.164363787
2023-01-17,0.4348841876,0.04640646779,1.612572523,0.1719776785,0.01809840002,Crisis,9.256036056
2023-01-18,0.4193190068,0.04593458029,1.61109099,0.1496056639,0.07093577231,Crisis,9.157421714
2023-01-19,0.4196770846,0.04568322211,1.542136208,0.1315997816,0.07294295272,Crisis,9.075026978
2023-01-20,0.4303700465,0.0457685877,1.322298328,0.08915677496,0.05949273582,Crisis,9.548434427
2023-01-23,0.437323959,0.04579404274,1.061973288,0.04702291763,0.1073767091,Crisis,9.939450168
2023-01-24,0.4335641627,0.04540400814,0.8471918409,0.016527708,0.1121071807,Crisis,9.920404149
2023-01-25,0.433554505,0.04529445868,0.5607102111,0.002103873995,0.1150322099,Crisis,9.904205494
2023-01-26,0.4330406982,0.04527109988,0.2101987027,0.004540616469,0.1156760776,Reversión,10.2544839
2023-01-27,0.4343787185,0.04511951877,0.2376139383,0.02906855914,0.1639606293,Reversión,10.60783077
2023-01-30,0.429018637,0.04444812249,0.6171030692,0.05190049493,0.1038936194,Reversión,10.22716552
2023-01-31,0.4305349831,0.04404874322,0.9477601751,0.0836673236,0.09716484207,Reversión,10.43051913
2023-02-01,0.4337917206,0.04432522844,1.292010979,0.1175991541,0.11165215,Reversión,10.78820631
2023-02-02,0.4599601613,0.04513465185,1.648821789,0.1556637232,0.1436018852,Reversión,11.62849306
2023-02-03,0.4540471576,0.04528609072,2.010842446,0.1795023835,0.07772601352,Reversión,11.34684483
2023-02-06,0.4531686071,0.0451114707,2.363711442,0.1983924333,0.06477815449,Reversión,11.30976679
2023-02-07,0.4550874382,0.04488324686,2.692046657,0.2202309291,0.06389086999,Reversión,11.576028
2023-02-08,0.4562851329,0.04496181496,2.967817472,0.2401400979,0.05507591445,Reversión,11.37373931
2023-02-09,0.4568411619,0.04511668286,3.20348176,0.2575520743,0.06202906094,Crisis,11.24501001
2023-02-10,0.4569262693,0.04489400131,3.360045409,0.2638775406,0.0701093612,Crisis,10.92209166
2023-02-13,0.4125468669,0.04379662138,3.947477996,0.2927207057,0.1375382531,Crisis,11.09675955
2023-02-14,0.4096941021,0.0437171667,4.229674614,0.3331385924,0.08977656891,Crisis,11.34802731
2023-02-15,0.4099291447,0.04348411726,4.470110011,0.3728788098,0.09656528628,Crisis,11.43215279
2023-02-16,0.4123806362,0.04332860828,4.67337021,0.415294461,0.0951518684,Crisis,11.06784586
2023-02-17,0.4096350011,0.04329530601,4.928044721,0.4484065955,0.1132895128,Crisis,11.02359821
2023-02-21,0.4120502009,0.04333221407,4.993842731,0.4694353049,0.1045830887,Crisis,10.70103717
2023-02-22,0.4114519527,0.04316024653,5.026370232,0.4865475011,0.09618602544,Crisis,10.73742443
2023-02-23,0.4104147988,0.04342352826,5.074465375,0.4992736765,0.08773344297,Crisis,10.93445787
2023-02-24,0.4107789752,0.04336707914,5.095634865,0.5114127596,0.08860332114,Crisis,10.72504718
2023-02-27,0.4085115177,0.04333342198,5.1221673,0.5325441621,0.07470773725,Crisis,10.88318752
2023-02-28,0.4080085496,0.04348245439,5.064124101,0.5497998535,0.08263845396,Crisis,10.91006427
2023-03-01,0.408372249,0.04344671588,5.035015054,0.5592217174,0.07786918389,Crisis,10.74518466
2023-03-02,0.4081410668,0.04356322584,4.972988186,0.5649666959,0.07626266405,Crisis,10.72299938
2023-03-03,0.3867475839,0.04291953815,5.195023769,0.5963956228,0.09504306853,Crisis,11.04612363
2023-03-06,0.3865064365,0.04287425432,4.994652748,0.6291756163,0.0792561679,Crisis,10.96809277
2023-03-07,0.3872419834,0.04284470797,4.817398992,0.6588805194,0.08299518072,Crisis,10.83720381
2023-03-08,0.3838975872,0.0426798425,4.685954174,0.6794704332,0.08128175839,Crisis,10.89011293
2023-03-09,0.3830116022,0.04276918499,4.417196971,0.681290065,0.05245243358,Crisis,10.56045988
2023-03-10,0.3837806436,0.04289302897,4.145531817,0.6765235134,0.05876286952,Crisis,10.41837001
2023-03-13,0.3828871852,0.04314893081,3.931556802,0.6764581761,0.05965692541,Crisis,10.48848294
2023-03-14,0.3905301301,0.04329505417,3.742345683,0.6865443141,0.06182841196,Crisis,10.89645455
2023-03-15,0.3912072665,0.0433396816,3.605425193,0.6964149767,0.07100124713,Crisis,11.03709125
2023-03-16,0.3963400492,0.04302605606,3.440212899,0.7161258257,0.0816878533,Crisis,11.43305738
2023-03-17,0.3967229502,0.04300575447,3.281483688,0.7292376198,0.07118590319,Crisis,11.28234493
2023-03-20,0.3883262675,0.04259963709,3.240156848,0.7315682929,0.05701630902,Crisis,11.32798832
2023-03-21,0.3925335034,0.04261278891,3.136107491,0.7355292954,0.0420647164,Crisis,11.66807545
2023-03-22,0.3919320483,0.04269103405,3.09385706,0.7316912328,0.01699474437,Crisis,11.46088786
2023-03-23,0.3953814589,0.04287219976,3.044510539,0.7296126144,-0.007188035392,Crisis,11.77992794
2023-03-24,0.393807747,0.04272938707,3.00992312,0.7284349804,-0.00530016419,Crisis,11.78295714
2023-03-27,0.3861671947,0.04222268833,3.026672069,0.7205415291,0.01172343329,Crisis,11.68732178
2023-03-28,0.386743104,0.04215430723,2.938629793,0.7095328409,0.0124671145,Crisis,11.56339599
2023-03-29,0.3779607726,0.04176378209,2.921492374,0.7014399,-0.001439496304,Crisis,11.81512568
2023-03-30,0.3783674869,0.04157904015,2.874761036,0.6959689909,-0.02064897752,Crisis,11.94496062
2023-03-31,0.3712776878,0.04121997624,2.949142405,0.6922082621,-0.002645855058,Crisis,12.25974119
2023-04-03,0.3714944094,0.04126990512,2.900374333,0.687280698,-0.007554727393,Crisis,12.17104179
2023-04-04,0.3706762251,0.04067486008,2.865731219,0.6834300814,-0.005998551487,Crisis,12.15539219
2023-04-05,0.3700457951,0.04045117874,2.837952758,0.6750514163,0.009535646797,Crisis,11.9222547
2023-04-06,0.3688565526,0.04041700876,2.810081959,0.672577019,0.01808368936,Crisis,12.04873695
2023-04-10,0.3650719772,0.03997600318,2.873268968,0.6684628215,0.03305147482,Crisis,12.03395959
2023-04-11,0.3628182538,0.03955565034,2.95237309,0.6618008798,0.02603449468,Crisis,11.95119853
2023-04-12,0.3627002347,0.03939048554,2.987235045,0.6492957048,0.02853693052,Crisis,11.73916064
2023-04-13,0.3647568574,0.03932541165,2.983546083,0.643088304,0.003094752192,Crisis,12.08610491
2023-04-14,0.3640170801,0.03898416773,2.985438594,0.6366867334,-0.003894026446,Crisis,12.09440484
2023-04-17,0.363543738,0.03885980893,2.914264035,0.6285194309,-0.00381437625,Crisis,12.02672779
2023-04-18,0.3630069683,0.03865631628,2.873850189,0.6196026173,-0.002903395603,Crisis,12.00746663
2023-04-19,0.3625786755,0.03855733848,2.810546646,0.6124450178,0.001720036827,Crisis,11.93560401
2023-04-20,0.3645747403,0.0386324557,2.636823092,0.6045045982,0.003696604965,Crisis,11.68415679
2023-04-21,0.3497587465,0.03810320367,2.663876585,0.5901053988,0.02075322373,Crisis,11.78561183
2023-04-24,0.3400824162,0.03770548807,2.615205353,0.5704158449,-0.04151896227,Crisis,11.75189835
2023-04-25,0.3432367733,0.03771835793,2.433548847,0.5360162795,-0.03043562053,Crisis,11.47816991
2023-04-26,0.3432404641,0.03762541546,2.295211359,0.5019044774,-0.03009262346,Crisis,11.49901996
2023-04-27,0.3494435042,0.03787910519,2.229064601,0.4924831706,-0.02610695305,Crisis,12.05348087
2023-04-28,0.3426641493,0.03753338,2.22919051,0.4909015356,-0.05951854592,Crisis,12.09910708
2023-05-01,0.335089672,0.03739402472,2.182046376,0.4798599359,-0.01894043377,Crisis,12.07387977
2023-05-02,0.3335892233,0.03736468996,2.029929052,0.4644191208,0.007181284167,Crisis,11.92872641
2023-05-03,0.3265023964,0.03694468217,1.946153253,0.4560730805,-0.01084150355,Crisis,11.89836639
2023-05-04,0.2870107509,0.03562488792,2.131081328,0.4970274666,-0.1177597112,Crisis,11.86150963
2023-05-05,0.2858440412,0.03504596314,2.12196589,0.5260050683,-0.04434872287,Crisis,12.10446657
2023-05-08,0.2869294747,0.03494977479,2.087976218,0.556067434,-0.03896661316,Crisis,12.2604709
2023-05-09,0.2831987014,0.03460516663,2.104646157,0.6040950786,-0.03765882619,Crisis,12.20231585
2023-05-10,0.2826478452,0.03440442371,2.127705638,0.6397240424,-0.02138674851,Crisis,12.38634174
2023-05-11,0.284160862,0.034191709,2.205605787,0.6681087611,-0.02206434342,Crisis,12.61557191
2023-05-12,0.2791058783,0.03398364343,2.212799257,0.6765215147,-0.05401172734,Crisis,12.48157546
2023-05-15,0.2773621544,0.03379834955,2.212407127,0.6922584644,-0.03399223228,Tendencia,12.52686774
2023-05-16,0.274127018,0.03343595389,2.274783385,0.7225604998,-0.04926638844,Tendencia,12.62916356
2023-05-17,0.2777164762,0.03343906385,2.335458363,0.7583439401,-0.04810437587,Tendencia,12.92538696
2023-05-18,0.2797879195,0.03350811329,2.462500135,0.7677394936,0.0001639094753,Tendencia,13.3921719
2023-05-19,0.2798797925,0.03339171577,2.646427626,0.7777810475,-0.02797700961,Tendencia,13.32025527
2023-05-22,0.274377704,0.03329033083,2.856971116,0.7779304941,-0.04436108242,Tendencia,13.44926948
2023-05-23,0.2755183108,0.03326202201,2.985622034,0.7805652641,-0.05144179204,Tendencia,13.27475716
2023-05-24,0.2731172484,0.03280671535,3.233541602,0.7873308499,-0.05054593628,Tendencia,13.31087152
2023-05-25,0.2836188663,0.03345959129,3.38285753,0.784508201,-0.03236579699,Tendencia,13.88004716
2023-05-26,0.2913376657,0.03380690114,3.516522177,0.7774292748,0.04566186394,Tendencia,14.38565199
2023-05-30,0.2938370599,0.03411862388,3.733584871,0.7702900769,0.0688279873,Tendencia,14.66301705
2023-05-31,0.29265013,0.034096021,3.972554486,0.7669424912,0.05767742105,Tendencia,14.55490638
2023-06-01,0.2965127596,0.03413339741,4.20876502,0.7608909933,0.03880636384,Tendencia,14.90337175
2023-06-02,0.2905326389,0.03400405464,4.623814073,0.7631429525,0.04854129849,Tendencia,14.98553335
2023-06-05,0.2904292059,0.03395603818,4.961254511,0.7651777944,0.06511306416,Tendencia,15.07403529
2023-06-06,0.2894795313,0.03388157145,5.256727691,0.7663972247,0.05479685963,Tendencia,15.10681888
2023-06-07,0.2921812126,0.03423298744,5.417640721,0.7707383872,0.05812810085,Tendencia,14.79843949
2023-06-08,0.2887723765,0.03399959554,5.714904294,0.770531805,0.03793656187,Tendencia,15.10216133
2023-06-09,0.2884322533,0.03395485667,5.92754706,0.7694810034,0.006210335885,Tendencia,15.27564172
2023-06-12,0.2904411789,0.03348880003,6.082703226,0.7676633315,0.01021899833,Tendencia,15.55565629
2023-06-13,0.2820311418,0.03324297568,6.549088838,0.7676695986,0.01727299276,Tendencia,15.82925738
2023-06-14,0.2814846494,0.03312990522,6.86129345,0.7694814116,0.007196558835,Tendencia,15.97908636
2023-06-15,0.2726270615,0.0327820744,7.411759919,0.7778529813,-0.004289152607,Tendencia,16.10292219
2023-06-16,0.2716606181,0.03262511454,7.682161385,0.7842968748,0.02840205808,Tendencia,15.99823626
2023-06-20,0.2734408084,0.0325494266,7.816799737,0.79067499,0.0189055234,Tendencia,16.25568492
2023-06-21,0.2704445227,0.03244921086,8.083355823,0.803207131,0.0041266505,Tendencia,15.89441999
2023-06-22,0.2697919564,0.03235755516,8.269611471,0.8113150645,0.02215650538,Tendencia,16.13398251
2023-06-23,0.264409885,0.03200029217,8.647506273,0.8241480775,0.04729621499,Tendencia,16.01309956
2023-06-26,0.2727425552,0.03233327135,8.518013547,0.8334694315,0.08128257202,Tendencia,15.47742736
2023-06-27,0.2750199334,0.03235023742,8.504474323,0.8415590816,0.04197751453,Tendencia,15.77824013
2023-06-28,0.2746108339,0.03241918163,8.488231697,0.8470883224,0.03267307141,Tendencia,15.89654483
2023-06-29,0.271417414,0.03233641418,8.516087543,0.8547289505,0.04686242263,Tendencia,15.79856735
2023-06-30,0.2737198188,0.0324310311,8.437407621,0.8650249613,0.03030500442,Tendencia,16.12789719
2023-07-03,0.2696378933,0.03237494311,8.538426539,0.8807698263,0.02930293023,Tendencia,16.31870614
2023-07-05,0.2700721939,0.03229196309,8.496376749,0.8940622353,0.04769033304,Tendencia,16.49059142
2023-07-06,0.2713397151,0.03236437535,8.388629043,0.9048901569,0.03691384741,Tendencia,16.27355615
2023-07-07,0.2686147796,0.03219257022,8.384158802,0.9106442169,0.03347019749,Tendencia,16.27627207
2023-07-10,0.2683022556,0.0321560047,8.353218158,0.9160371629,0.04604083283,Tendencia,16.1395133
2023-07-11,0.2685556661,0.03200294229,8.261017213,0.9205317529,0.04706476703,Tendencia,16.23569664
2023-07-12,0.2711790156,0.03206252603,8.097509469,0.9246523237,0.04362425748,Tendencia,16.56092781
2023-07-13,0.2747775457,0.03206929018,7.897660442,0.9273205621,0.04705790672,Tendencia,17.03107678
2023-07-14,0.2684441178,0.03205730583,7.957690377,0.932553305,0.0687672541,Tendencia,16.96884723
2023-07-17,0.2692720553,0.03212576177,7.802272565,0.937452061,0.07412444147,Tendencia,17.1482445
2023-07-18,0.2703387027,0.03219133462,7.640735071,0.9412916555,0.07308659209,Tendencia,17.37522781
2023-07-19,0.270332114,0.0322316167,7.53045571,0.9440294961,0.06572528301,Tendencia,17.39771057
2023-07-20,0.2904086479,0.03271794035,6.771153789,0.9388779039,0.07061741595,Tendencia,16.46888611
2023-07-21,0.2885815843,0.0326100451,6.595784996,0.9285825976,0.1064755335,Tendencia,16.24832904
2023-07-24,0.2883367159,0.03272708706,6.362338336,0.9187677808,0.1111281256,Tendencia,16.35119452
2023-07-25,0.2884129105,0.03262024462,6.147473604,0.9085616553,0.1127472846,Tendencia,16.42278423
2023-07-26,0.2850012385,0.03270502573,6.088789792,0.8988302769,0.1024558236,Tendencia,16.54285576
2023-07-27,0.2849781294,0.03292153644,5.91117925,0.8886637415,0.09760993595,Tendencia,16.54421313
2023-07-28,0.2755907556,0.03252062468,5.999022451,0.8831732677,0.1020543622,Tendencia,17.06984492
2023-07-31,0.2756156137,0.03233073799,5.912401132,0.8775651181,0.1078782367,Tendencia,17.14176974
2023-08-01,0.2759085502,0.03217370834,5.753403681,0.8700336972,0.107791715,Tendencia,17.02711469
2023-08-02,0.280752429,0.0323179355,5.416124938,0.855948622,0.1212175649,Tendencia,16.53993969
2023-08-03,0.2809029294,0.03226539548,5.156021331,0.8429698917,0.1110000933,Tendencia,16.62684911
2023-08-04,0.2814595042,0.03265397712,4.939187596,0.8327408903,0.1074862886,Tendencia,16.78268492
2023-08-07,0.2801704204,0.03263248114,4.796071614,0.8246396372,0.1174208636,Tendencia,17.04189355
2023-08-08,0.2796633723,0.03260178633,4.653858575,0.8135098122,0.1026041312,Tendencia,16.8756682
2023-08-09,0.283981003,0.03277649789,4.374009635,0.7958397645,0.1289633955,Tendencia,16.45178954
2023-08-10,0.2824437361,0.03268152931,4.152575678,0.7779310647,0.1346151287,Tendencia,16.50317835
2023-08-11,0.2813381134,0.03248804506,3.838236101,0.7530160748,0.1283972893,Tendencia,16.27770299
2023-08-14,0.2832738834,0.03255685688,3.519388447,0.7375218988,0.1245106195,Tendencia,16.59753242
2023-08-15,0.2844307558,0.03256027773,3.165802895,0.7179098933,0.108292528,Tendencia,16.37649333
2023-08-16,0.2864915987,0.03251837892,2.744446929,0.6892757322,0.1276425779,Tendencia,16.06541291
2023-08-17,0.2842609796,0.03249090002,2.351459813,0.6472899079,0.1444890151,Tendencia,15.82077628
2023-08-18,0.2753464476,0.03229648554,2.167267491,0.5938965108,0.1244633532,Tendencia,15.70128227
2023-08-21,0.2838084362,0.03257347595,1.939484736,0.5616021578,0.1214493303,Tendencia,16.24784208
2023-08-22,0.2831799583,0.03254834357,1.767546197,0.5264818552,0.1124650171,Tendencia,16.21252304
2023-08-23,0.2858392519,0.03273339235,1.595734821,0.5087883934,0.1120399117,Tendencia,16.59158537
2023-08-24,0.2900255986,0.03303960055,1.360609584,0.4795881364,0.08063939067,Tendencia,16.18177195
2023-08-25,0.2774908677,0.03247008252,1.245047417,0.4449562499,0.07793982938,Tendencia,16.29621593
2023-08-28,0.2682355279,0.03205269856,1.059380551,0.4110014542,0.0107836836,Tendencia,16.42677538
2023-08-29,0.2748778378,0.03202610673,0.8792360472,0.397453989,-0.01067224515,Tendencia,17.01301249
2023-08-30,0.2745700555,0.03190056615,0.7454290248,0.3844306961,0.0002654498116,Tendencia,17.07215269
2023-08-31,0.270556729,0.03161646518,0.7324065434,0.3745847902,0.0121429214,Tendencia,17.15962051
2023-09-01,0.2709479798,0.03166610244,0.6798603953,0.3598825411,0.006753630215,Tendencia,17.00295148
2023-09-05,0.2718436999,0.03165509586,0.6289791619,0.3511330959,-0.0004348273677,Tendencia,17.21560813
2023-09-06,0.2731698941,0.0317062919,0.5101305853,0.3343289871,-0.009317222195,Tendencia,16.98117959
2023-09-07,0.2701029291,0.03145812806,0.408882664,0.3143512617,-0.007112777603,Tendencia,16.97457159
2023-09-08,0.2670384215,0.03127999631,0.3894933924,0.2924177593,0.01687893994,Reversión,16.92167073
2023-09-11,0.2719963497,0.03140032367,0.41325548,0.2865151652,-0.0006208522664,Reversión,17.40031117
2023-09-12,0.2714414225,0.03142443666,0.4671443717,0.2764189646,-0.03508898939,Reversión,17.11940215
2023-09-13,0.2692650961,0.03146316187,0.4932691279,0.275389882,-0.052109539,Reversión,17.18607519
2023-09-14,0.2687005563,0.03128684293,0.5694646292,0.2806544081,-0.05945541405,Reversión,17.24960909
2023-09-15,0.271384072,0.03126438488,0.6575654234,0.2759740185,-0.06453836679,Reversión,16.89509211
2023-09-18,0.2712292086,0.0312646727,0.7776111919,0.2620613008,-0.05460863765,Reversión,16.81719871
2023-09-19,0.2693363772,0.03113805975,0.9342929201,0.2571036748,-0.04797243625,Reversión,16.78729091
2023-09-20,0.269425112,0.03112965124,0.9318825626,0.2155528122,-0.02564931344,Reversión,16.4097246
2023-09-21,0.271920907,0.03106450112,0.897897234,0.1615857904,0.02351484313,Reversión,16.01969033
2023-09-22,0.2717031029,0.03111179229,0.7946691735,0.1078303502,0.03611162425,Reversión,15.93716821
2023-09-25,0.2642424635,0.03077243204,0.768683835,0.05894938157,0.01989585115,Reversión,16.11132909
2023-09-26,0.2634552225,0.03073385691,0.6900289304,0.0213516545,0.04714233988,Reversión,15.8446949
2023-09-27,0.2630340808,0.03070892219,0.5959986743,0.003217704543,0.03855141017,Reversión,15.85875868
2023-09-28,0.2637869216,0.03082896642,0.4143218055,0.0007504613775,0.04170972997,Reversión,16.04447628
2023-09-29,0.2605141719,0.03080806767,0.2501030559,0.00786931282,0.05121513392,Reversión,16.08231014
2023-10-02,0.2619213505,0.03086587599,0.1090993319,0.01435920839,0.03966351368,Reversión,16.37168551
2023-10-03,0.264459264,0.03100434868,0.03338989766,0.02545415712,0.0102341308,Reversión,16.02635483
2023-10-04,0.2665136508,0.03102404071,0.1840293346,0.03725641181,-0.007310615138,Reversión,16.36478121
2023-10-05,0.2665488086,0.03105345359,0.2988885721,0.05227745803,-0.01012436243,Reversión,16.32925348
2023-10-06,0.2689690322,0.03118872014,0.3798665359,0.06515722921,-0.01264728105,Reversión,16.65363381
2023-10-09,0.2687537831,0.03131309201,0.4446078596,0.07486488235,-0.007836674607,Reversión,16.69635126
2023-10-10,0.2657805428,0.03133502846,0.5750396622,0.07215915882,-0.01362470922,Reversión,16.72953698
2023-10-11,0.260281896,0.03117758675,0.6204477512,0.05131433691,-0.04525112627,Reversión,16.88174832
2023-10-12,0.2605967794,0.03105042755,0.6830741485,0.03813365502,-0.0439892982,Reversión,16.75728635
2023-10-13,0.2637114556,0.03114106341,0.7833407289,0.03130158533,-0.03154102109,Reversión,16.37514929
2023-10-16,0.2642439285,0.03100041241,0.7850380486,0.01642494609,-0.06075497391,Reversión,16.63171517
2023-10-17,0.2648009798,0.03112320035,0.7886827344,0.006979934195,-0.06952828783,Reversión,16.48734401
2023-10-18,0.2491552083,0.03069248054,0.9546333006,0.01573441538,-0.05362622606,Reversión,16.00951228
2023-10-19,0.2483346911,0.03121863728,1.000204468,0.02976144712,-0.1188567552,Reversión,16.15027335
2023-10-20,0.2507039961,0.03120638258,0.9911734212,0.05192243317,-0.1230281066,Reversión,15.85437796
2023-10-23,0.2522843072,0.03150626279,0.9369814411,0.06932074174,-0.1403041469,Reversión,16.08840524
2023-10-24,0.2533374839,0.03136806579,0.8829601737,0.07691972375,-0.1279847983,Reversión,16.30816487
2023-10-25,0.2678167015,0.03140827477,0.8238750057,0.1056867886,-0.155955267,Reversión,15.59984156
2023-10-26,0.2658306143,0.03153881359,0.8407616725,0.125568792,-0.08713847869,Reversión,15.17420583
2023-10-27,0.2675475413,0.03189231424,0.8464293058,0.1371082395,-0.124100395,Reversión,15.41254084
2023-10-30,0.2684330627,0.0322100959,0.8448405995,0.1457630433,-0.1070458565,Reversión,15.60955232
2023-10-31,0.2622747992,0.03202141735,0.9435897242,0.1705621961,-0.1153757242,Reversión,15.62911526
2023-11-01,0.2678510611,0.03211427341,0.8854017544,0.176849146,-0.102527255,Reversión,16.06185838
2023-11-02,0.2698845743,0.03193182389,0.8546979173,0.1638779962,-0.07241644819,Reversión,16.36712567
2023-11-03,0.2696952452,0.03187727037,0.7825692235,0.1323702966,-0.06449684793,Reversión,16.60600082
2023-11-06,0.2693172451,0.03184596613,0.7637086166,0.1036442071,-0.05075529415,Reversión,16.71640558
2023-11-07,0.2651970771,0.03165688765,0.7696794409,0.08525937579,-0.06200747966,Reversión,16.86622852
2023-11-08,0.2652351578,0.03147750116,0.7588878459,0.06579362174,-0.05762510769,Reversión,16.93112886
2023-11-09,0.2648571964,0.03156622568,0.8124980456,0.06076195084,-0.05791885534,Reversión,16.73326168
2023-11-10,0.2663034346,0.03150837795,0.7728477821,0.0385588938,-0.05861992578,Reversión,17.13559223
2023-11-13,0.2651962691,0.03148905908,0.675424862,0.02404182443,-0.03709455493,Reversión,17.22982804
2023-11-14,0.2670163433,0.03161338406,0.5843502429,0.01232577754,-0.04720240988,Reversión,17.65292376
2023-11-15,0.2653272877,0.03162143956,0.4849129366,0.006963593369,-0.06594754116,Reversión,17.69992272
2023-11-16,0.264900093,0.03156212773,0.305534601,0.004382976336,-0.07609801444,Reversión,17.71139268
2023-11-17,0.2555918653,0.0312369776,0.122355895,0.000578192773,-0.05989587815,Reversión,17.72408563
2023-11-20,0.2567638927,0.03112025314,0.1468397687,0.0004423434717,-0.05466409804,Reversión,17.94464121
2023-11-21,0.2524721598,0.03086449976,0.4001847736,0.005986186985,-0.05153901516,Reversión,17.93502506
2023-11-22,0.2475942446,0.03061583989,0.5960497454,0.01223611718,-0.01615255422,Reversión,17.92564747
2023-11-24,0.2474356456,0.03031135917,0.9066717627,0.02007371175,-0.006113749328,Reversión,17.82682683
2023-11-27,0.246924061,0.03019040286,1.303672329,0.03081924765,-0.008213931822,Reversión,17.84429076
2023-11-28,0.2369666426,0.02979575986,1.777694744,0.05497722909,-0.02426961805,Reversión,17.99257094
2023-11-29,0.2374164208,0.02980981833,2.139223041,0.08318622392,-0.03604128756,Reversión,17.84703609
2023-11-30,0.2389546976,0.0299462458,2.456661571,0.1134142099,-0.02687058393,Reversión,17.58874866
2023-12-01,0.2384442479,0.02976311187,2.693430489,0.1406413176,-0.01808695359,Reversión,17.50543542
2023-12-04,0.2402166307,0.02983734011,2.821237317,0.1693616846,-0.002548292976,Reversión,17.16938635
2023-12-05,0.2395426111,0.02986518762,2.93975589,0.1964501549,-0.004305284877,Reversión,17.34497353
2023-12-06,0.2405107278,0.02975809214,2.995726736,0.2195222168,-0.01275323696,Reversión,17.15789021
2023-12-07,0.2454220482,0.02988618618,3.020862547,0.2526700433,-0.03089607625,Reversión,17.58039095
2023-12-08,0.2391268373,0.02956373462,3.218511249,0.312080525,-0.01504726588,Reversión,17.68803921
2023-12-11,0.2379944097,0.02966650416,3.346949098,0.3561274238,0.01224038977,Reversión,17.48984677
2023-12-12,0.2384517449,0.0295117614,3.402116926,0.4096382713,0.009817373219,Reversión,17.63580237
2023-12-13,0.2393654462,0.02958449075,3.460183388,0.4737520718,0.01481121628,Reversión,17.83124339
2023-12-14,0.2358590584,0.02964002127,3.489413497,0.5196250572,0.02091679542,Reversión,17.87422935
2023-12-15,0.2363456222,0.02953488054,3.465263779,0.5637186215,0.01329850734,Reversión,18.03279237
2023-12-18,0.2401928421,0.02973619869,3.433845365,0.6096107952,0.02288204547,Reversión,18.42018266
2023-12-19,0.2365393804,0.02953756344,3.503160466,0.6370922225,0.02689258674,Reversión,18.57476227
2023-12-20,0.2333386697,0.02955974415,3.472431194,0.6475457844,-0.02656968976,Reversión,18.31943199
2023-12-21,0.2351610104,0.02939449041,3.397375483,0.6568923003,-0.05712436907,Reversión,18.603222
2023-12-22,0.234219339,0.02927501435,3.369099885,0.6693696344,-0.05751019976,Reversión,18.54766091
2023-12-26,0.2322261808,0.02902219601,3.371006314,0.6749443146,-0.04772872468,Tendencia,18.66708898
2023-12-27,0.2323428227,0.02875262434,3.348507431,0.6801947695,-0.05075396223,Tendencia,18.73776529
2023-12-28,0.2313967346,0.02853313059,3.314665901,0.6874541146,-0.05014688989,Tendencia,18.63958133
2023-12-29,0.2319815366,0.02843127901,3.269046169,0.6922908466,-0.04332859736,Tendencia,18.4799906
2024-01-02,0.2321468663,0.02848101353,3.254344597,0.6970104249,-0.02574952962,Tendencia,18.13776341
2024-01-03,0.229109469,0.0282870396,3.2571665,0.6868592861,0.02012883405,Tendencia,17.96128851
2024-01-04,0.2252875506,0.02819060471,3.348451157,0.6817362048,0.06035094377,Tendencia,17.89970742
2024-01-05,0.2255218735,0.02814048074,3.358064364,0.6771080822,0.06535304455,Tendencia,17.99956456
2024-01-08,0.2289849346,0.02800854076,3.43451109,0.6926274467,0.07804737397,Tendencia,18.50487288
2024-01-09,0.2289825987,0.02800164667,3.492777404,0.7089331602,0.07732872436,Tendencia,18.55136416
2024-01-10,0.2302074121,0.02795478092,3.54063914,0.7281918303,0.07759017644,Tendencia,18.77440995
2024-01-11,0.2295407431,0.02810711103,3.667897455,0.7520939031,0.07783029318,Tendencia,18.82098859
2024-01-12,0.229223125,0.02801119873,3.74622124,0.7689017774,0.08299573705,Tendencia,18.74130008
2024-01-16,0.2247056775,0.02797759226,3.829657851,0.7723318299,0.06925185816,Tendencia,18.69037633
2024-01-17,0.2229437618,0.02802669179,3.861302968,0.7786454652,0.1023341598,Tendencia,18.5604733
2024-01-18,0.2231415671,0.02783277185,3.842650604,0.7829723905,0.1091403701,Tendencia,18.7436588
2024-01-19,0.2175604038,0.02766180742,3.855695187,0.7815058322,0.09312959953,Tendencia,19.02483442
2024-01-22,0.2169329292,0.02700150928,3.75465579,0.7798207756,0.1069564035,Tendencia,18.96729616
2024-01-23,0.214291314,0.0268851272,3.733268272,0.7764330072,0.1183743132,Tendencia,19.10260499
2024-01-24,0.2185770012,0.02700923015,3.616750493,0.7774590477,0.149633634,Tendencia,19.60135245
2024-01-25,0.2175648633,0.02732205311,3.594267167,0.7791903227,0.1119781793,Tendencia,19.43022117
2024-01-26,0.1996066296,0.02683521869,3.810092756,0.7793798457,0.1726837851,Tendencia,19.5017897
2024-01-29,0.1957526888,0.02652643337,3.780720256,0.7917799481,0.03451306741,Tendencia,19.8736186
2024-01-30,0.1937674006,0.02620881571,3.732736777,0.8020621243,0.05840143147,Tendencia,19.72843297
2024-01-31,0.1996804097,0.02613183637,3.513985823,0.8062705067,0.08401111737,Tendencia,19.18994846
2024-02-01,0.2016433649,0.02608208067,3.477355168,0.819248554,0.04627511513,Tendencia,19.46032647
2024-02-02,0.2229380245,0.02678594852,3.325847776,0.8171167194,0.09943418023,Tendencia,20.53099274
2024-02-05,0.2198377252,0.02687734029,3.574134119,0.8141355631,0.02224990274,Tendencia,20.44380659
2024-02-06,0.217981089,0.02698097563,3.795337485,0.8121179187,0.01218834389,Tendencia,20.37983662
2024-02-07,0.2200088873,0.02706201484,3.903136793,0.8073193241,0.001380081595,Tendencia,20.71237236
2024-02-08,0.2192784675,0.02697843164,4.060044599,0.804909946,-0.003730010426,Tendencia,20.71932482
2024-02-09,0.2219859185,0.02708170669,4.15791377,0.7998516546,-0.007742432068,Tendencia,21.08616929
2024-02-12,0.2214568457,0.02706413461,4.273174031,0.7979194325,-0.02262089579,Tendencia,20.90003318
2024-02-13,0.2180597087,0.02708374315,4.45090144,0.8005348635,0.02431148159,Tendencia,20.60091583
2024-02-14,0.2229222441,0.02715244085,4.530083448,0.8023147357,-0.01178587703,Tendencia,21.09116405
2024-02-15,0.2184853268,0.02716823903,4.87382723,0.8111761276,-0.002772523413,Tendencia,21.315738
2024-02-16,0.2192960627,0.02711763088,5.052798293,0.8226776818,-0.01053227033,Tendencia,21.10708361
2024-02-20,0.2219624434,0.02724376143,5.099293056,0.8334124075,0.01141575693,Tendencia,20.74482755
2024-02-21,0.2220072413,0.02729722332,5.209916593,0.8429771818,0.01912576343,Tendencia,20.69623938
2024-02-22,0.2407158411,0.02781367248,4.996970616,0.8562705641,0.001740093444,Tendencia,21.69290337
2024-02-23,0.2409996055,0.02787860299,5.091896414,0.8700816233,-0.02506887016,Tendencia,21.5655592
2024-02-26,0.2409977901,0.02781634953,5.217021192,0.8832132467,-0.02383157482,Tendencia,21.56051835
2024-02-27,0.2410168437,0.02789495896,5.336367869,0.8933944245,-0.02671755155,Tendencia,21.68378547
2024-02-28,0.2413185104,0.02794403046,5.380582708,0.9033348327,-0.0297875177,Tendencia,21.55129092
2024-02-29,0.2421214777,0.02797934338,5.469312966,0.9154792936,-0.03528336262,Tendencia,21.8290412
2024-03-01,0.2436291992,0.02803028538,5.644575681,0.9234793416,-0.02234578105,Tendencia,22.17316533
2024-03-04,0.24339405,0.02818567939,5.775912826,0.9276098274,-0.05214169647,Tendencia,21.87500731
2024-03-05,0.2454597182,0.0283639188,5.657915602,0.9286211634,-0.037968643,Tendencia,21.51232451
2024-03-06,0.2424470649,0.02833486071,5.655280697,0.9268066181,-0.04788729519,Tendencia,21.53431787
2024-03-07,0.2466361261,0.02838709497,5.555278508,0.927289541,-0.04147940626,Tendencia,22.06912666
2024-03-08,0.2476347618,0.02872341645,5.440799443,0.9255615522,-0.06256029911,Tendencia,21.72742026
2024-03-11,0.243495866,0.02881253954,5.441480154,0.9226457487,-0.02275079612,Tendencia,21.51214255
2024-03-12,0.2480461847,0.02906985205,5.253040679,0.9232537602,-0.04624619827,Tendencia,22.03761239
2024-03-13,0.2476297872,0.02896096785,5.172679182,0.9210895907,-0.06059971202,Tendencia,21.8481019
2024-03-14,0.2474119595,0.02914439185,5.125385872,0.9173621907,-0.04719668567,Tendencia,21.70536292
2024-03-15,0.2472173045,0.02915322992,4.998874499,0.9110349664,-0.04039050905,Tendencia,21.48967939
2024-03-18,0.2530871218,0.02936670694,4.778734521,0.909934606,-0.06010082541,Tendencia,22.07425611
2024-03-19,0.2524657824,0.02953112093,4.724071003,0.9090234764,-0.06340420142,Tendencia,22.08323296
2024-03-20,0.2506071278,0.02934083087,4.791801468,0.913055889,-0.07275716695,Tendencia,22.41649235
2024-03-21,0.2500983471,0.02937726582,4.843359432,0.9178412807,-0.08405154643,Tendencia,22.35831299
2024-03-22,0.2493157308,0.02924116027,4.768369346,0.9196085429,-0.08119966701,Tendencia,22.57188168
2024-03-25,0.2473875062,0.02931044093,4.748556129,0.9237044295,-0.06933007225,Tendencia,22.58844531
2024-03-26,0.2473460489,0.02953526305,4.686668596,0.9257693673,-0.06363403672,Tendencia,22.54445627
2024-03-27,0.2472402289,0.02978127155,4.604396016,0.9271763094,-0.05915931447,Tendencia,22.42436342
2024-03-28,0.2475731514,0.02984447453,4.521410239,0.9264986587,-0.05306213453,Tendencia,22.25727782
2024-04-01,0.2479979491,0.03004539203,4.411797587,0.9255158915,-0.05666093272,Tendencia,22.4564598
2024-04-02,0.2480732275,0.03016606316,4.235573604,0.9196670405,-0.06807668318,Tendencia,22.25231286
2024-04-03,0.2461499093,0.029985277,4.137991104,0.9145525221,-0.09227809531,Tendencia,22.48066621
2024-04-04,0.2465507012,0.03027057228,4.01886262,0.9061717762,-0.1209902727,Tendencia,22.21086583
2024-04-05,0.2483737538,0.03050552929,3.902638056,0.9031841698,-0.1394192614,Tendencia,22.55303086
2024-04-08,0.2482930425,0.03059613565,3.758363723,0.9013054564,-0.1374718288,Tendencia,22.65662828
2024-04-09,0.2418666743,0.03062766929,3.780982508,0.8963224897,-0.1436796688,Tendencia,22.63868728
2024-04-10,0.2418188245,0.0306085113,3.735861576,0.8907120072,-0.1439578923,Tendencia,22.62226867
2024-04-11,0.2438214889,0.03064909699,3.637952309,0.8888241149,-0.1470937085,Tendencia,23.06770323
2024-04-12,0.2462292265,0.03049203431,3.528844917,0.8822196739,-0.1669723958,Tendencia,22.66740475
2024-04-15,0.2518234867,0.03084281741,3.341632233,0.8636926266,-0.1196842434,Tendencia,22.06150791
2024-04-16,0.2517650274,0.03072898395,3.260692226,0.8452872831,-0.1140637183,Tendencia,22.064874
2024-04-17,0.2524869051,0.03077696702,3.063542673,0.8211653377,-0.1147021392,Tendencia,21.80444471
2024-04-18,0.2518575081,0.03089943238,2.882528119,0.7916824042,-0.1033350903,Tendencia,21.71180296
2024-04-19,0.2680279703,0.03141763723,2.415634995,0.7075147022,-0.0814381287,Tendencia,20.66450824
2024-04-22,0.2682784677,0.0315915469,2.135981052,0.6305968231,-0.08663853914,Tendencia,20.79959264
2024-04-23,0.2726678797,0.03176000935,1.850544343,0.5783037546,-0.07747296146,Tendencia,21.32763205
2024-04-24,0.2678329978,0.03194812342,1.657315544,0.5294426785,-0.08014622789,Tendencia,21.44120783
2024-04-25,0.2675575721,0.03240062782,1.418713665,0.4725756689,-0.06897744397,Tendencia,21.30669431
2024-04-26,0.2744852519,0.03290881249,1.220652052,0.4408076769,-0.07899949181,Tendencia,21.9642197
